Nom,STOXX® Europe 600 (Gross Return EUR),STOXX® Europe 600 (Price Return EUR),EURO STOXX 50® (Gross Return EUR),EURO STOXX 50® (Price Return EUR),CAC All-Tradable Gross Return,CAC All-Tradable,CAC 40 Gross Return,CAC 40
ISIN,CH0102635015,EU0009658202,CH0102173264,EU0009658145,QS0011131891,FR0003999499,QS0011131834,FR0003500008
Symbole,SXXGR,SXXP,SX5GT,SX5E,CACTR,CACT,PX1GR,CAC
Source,https://stoxx.com/index/sxxgr/?factsheet=true,https://stoxx.com/index/sxxp/?factsheet=true,https://stoxx.com/index/sx5gt/?factsheet=true,https://stoxx.com/index/sx5e/?factsheet=true,https://markets.ft.com/data/indices/tearsheet/summary?s=CACTR%3APAR,https://markets.ft.com/data/indices/tearsheet/summary?s=CACT%3APAR,https://markets.ft.com/data/indices/tearsheet/summary?s=PX1GR%3APAR,https://markets.ft.com/data/indices/tearsheet/summary?s=CAC%3APAR
Date,STOXX_600_Gross_Return,STOXX_600_Price_Return,EURO_STOXX_50_Gross_Return,EURO_STOXX_50_Price_Return,CAC_All_Tradable_Gross_Return,CAC_All_Tradable_Price_Return,CAC_40_Gross_Return,CAC_40_Price_Return
1987-12-31,,,,,,,1000.0,
1988-01-04,,,,,,,984.64,984.64
1988-01-05,,,,,,,1021.59,1021.17
1988-01-06,,,,,,,1028.47,1028.05
1988-01-07,,,,,,,1024.5,1024.08
1988-01-08,,,,,,,1029.64,1029.22
1988-01-11,,,,,,,999.14,998.73
1988-01-12,,,,,,,992.39,991.98
1988-01-13,,,,,,,968.49,967.86
1988-01-14,,,,,,,973.51,972.88
1988-01-15,,,,,,,1008.52,1007.86
1988-01-18,,,,,,,988.23,987.59
1988-01-19,,,,,,,972.62,971.99
1988-01-20,,,,,,,941.25,940.64
1988-01-21,,,,,,,929.27,928.56
1988-01-22,,,,,,,917.86,917.26
1988-01-25,,,,,,,915.99,915.39
1988-01-26,,,,,,,923.99,923.39
1988-01-27,,,,,,,914.58,913.98
1988-01-28,,,,,,,904.24,903.65
1988-01-29,,,,,,,894.4,893.82
1988-02-01,,,,,,,912.94,911.8
1988-02-02,,,,,,,936.25,935.09
1988-02-03,,,,,,,959.15,957.95
1988-02-04,,,,,,,973.15,971.94
1988-02-05,,,,,,,988.11,986.88
1988-02-08,,,,,,,982.86,981.64
1988-02-09,,,,,,,982.18,980.96
1988-02-10,,,,,,,994.13,992.89
1988-02-11,,,,,,,1029.51,1028.23
1988-02-12,,,,,,,1035.71,1034.42
1988-02-15,,,,,,,1046.06,1044.76
1988-02-16,,,,,,,1044.96,1043.66
1988-02-17,,,,,,,1063.95,1062.63
1988-02-18,,,,,,,1083.7,1082.35
1988-02-19,,,,,,,1097.96,1096.59
1988-02-22,,,,,,,1115.54,1114.15
1988-02-23,,,,,,,1097.01,1095.64
1988-02-24,,,,,,,1103.34,1101.97
1988-02-25,,,,,,,1124.02,1122.62
1988-02-26,,,,,,,1110.85,1109.46
1988-02-29,,,,,,,1113.97,1112.58
1988-03-01,,,,,,,1109.96,1108.58
1988-03-02,,,,,,,1094.24,1092.88
1988-03-03,,,,,,,1085.81,1084.45
1988-03-04,,,,,,,1080.86,1079.51
1988-03-07,,,,,,,1076.18,1074.84
1988-03-08,,,,,,,1068.75,1067.42
1988-03-09,,,,,,,1089.03,1087.67
1988-03-10,,,,,,,1082.7,1081.35
1988-03-11,,,,,,,1065.96,1064.64
1988-03-14,,,,,,,1066.25,1064.92
1988-03-15,,,,,,,1059.9,1058.58
1988-03-16,,,,,,,1066.19,1064.86
1988-03-17,,,,,,,1071.87,1070.54
1988-03-18,,,,,,,1088.79,1087.43
1988-03-21,,,,,,,1066.35,1065.03
1988-03-22,,,,,,,1050.94,1049.63
1988-03-23,,,,,,,1055.24,1053.93
1988-03-24,,,,,,,1056.38,1055.06
1988-03-25,,,,,,,1044.02,1042.71
1988-03-28,,,,,,,1016.43,1015.17
1988-03-29,,,,,,,1025.52,1024.24
1988-03-30,,,,,,,1022.64,1021.37
1988-03-31,,,,,,,1018.53,1016.71
1988-04-05,,,,,,,1020.4,1018.57
1988-04-06,,,,,,,1024.72,1022.88
1988-04-07,,,,,,,1037.18,1035.32
1988-04-08,,,,,,,1044.62,1042.75
1988-04-11,,,,,,,1071.96,1070.04
1988-04-12,,,,,,,1079.67,1077.73
1988-04-13,,,,,,,1108.33,1106.35
1988-04-14,,,,,,,1095.74,1093.78
1988-04-15,,,,,,,1094.18,1092.22
1988-04-18,,,,,,,1102.12,1100.15
1988-04-19,,,,,,,1099.52,1097.55
1988-04-20,,,,,,,1100.84,1098.87
1988-04-21,,,,,,,1117.58,1115.58
1988-04-22,,,,,,,1132.02,1129.99
1988-04-25,,,,,,,1109.53,1107.54
1988-04-26,,,,,,,1139.03,1136.98
1988-04-27,,,,,,,1139.44,1137.4
1988-04-28,,,,,,,1139.84,1137.79
1988-04-29,,,,,,,1130.7,1127.54
1988-05-02,,,,,,,1135.25,1131.39
1988-05-03,,,,,,,1136.8,1132.93
1988-05-04,,,,,,,1148.73,1144.82
1988-05-05,,,,,,,1134.43,1130.58
1988-05-06,,,,,,,1137.37,1133.51
1988-05-09,,,,,,,1146.01,1142.12
1988-05-10,,,,,,,1140.9,1137.02
1988-05-11,,,,,,,1119.97,1116.16
1988-05-12,,,,,,,1120.97,1117.16
1988-05-13,,,,,,,1120.97,
1988-05-16,,,,,,,1120.04,1114.71
1988-05-17,,,,,,,1133.85,1128.45
1988-05-18,,,,,,,1122.92,1117.07
1988-05-19,,,,,,,1119.61,1113.77
1988-05-20,,,,,,,1141.66,1135.72
1988-05-24,,,,,,,1147.6,1141.62
1988-05-25,,,,,,,1187.03,1180.84
1988-05-26,,,,,,,1188.03,1181.84
1988-05-27,,,,,,,1205.93,1199.64
1988-05-30,,,,,,,1228.0,1221.6
1988-05-31,,,,,,,1242.26,1235.78
1988-06-01,,,,,,,1255.94,1249.4
1988-06-02,,,,,,,1244.1,1237.62
1988-06-03,,,,,,,1248.95,1242.44
1988-06-06,,,,,,,1264.8,1256.62
1988-06-07,,,,,,,1264.13,1255.95
1988-06-08,,,,,,,1281.05,1271.78
1988-06-09,,,,,,,1305.03,1295.59
1988-06-10,,,,,,,1304.0,1292.43
1988-06-13,,,,,,,1286.21,1271.54
1988-06-14,,,,,,,1302.74,1287.88
1988-06-15,,,,,,,1301.98,1281.68
1988-06-16,,,,,,,1274.91,1254.93
1988-06-17,,,,,,,1279.73,1259.72
1988-06-20,,,,,,,1282.25,1261.77
1988-06-21,,,,,,,1274.21,1253.77
1988-06-22,,,,,,,1294.62,1280.07
1988-06-23,,,,,,,1303.2,1287.93
1988-06-24,,,,,,,1332.04,1316.43
1988-06-27,,,,,,,1325.45,1307.86
1988-06-28,,,,,,,1318.36,1300.87
1988-06-29,,,,,,,1325.02,1307.45
1988-06-30,,,,,,,1340.31,1320.17
1988-07-01,,,,,,,1350.53,1328.52
1988-07-04,,,,,,,1362.16,1338.79
1988-07-05,,,,,,,1377.05,1353.43
1988-07-06,,,,,,,1395.96,1370.18
1988-07-07,,,,,,,1399.19,1371.22
1988-07-08,,,,,,,1402.67,1368.96
1988-07-11,,,,,,,1378.86,1339.64
1988-07-12,,,,,,,1363.88,1324.88
1988-07-13,,,,,,,1344.62,1306.17
1988-07-15,,,,,,,1355.91,1316.43
1988-07-18,,,,,,,1333.78,1293.82
1988-07-19,,,,,,,1314.91,1275.52
1988-07-20,,,,,,,1330.55,1290.69
1988-07-21,,,,,,,1339.99,1299.84
1988-07-22,,,,,,,1340.7,1300.54
1988-07-25,,,,,,,1336.19,1296.16
1988-07-26,,,,,,,1348.66,1308.26
1988-07-27,,,,,,,1349.35,1308.93
1988-07-28,,,,,,,1345.92,1305.6
1988-07-29,,,,,,,1361.62,1320.55
1988-08-01,,,,,,,1370.12,1328.8
1988-08-02,,,,,,,1373.36,1331.93
1988-08-03,,,,,,,1369.09,1327.79
1988-08-04,,,,,,,1368.77,1326.98
1988-08-05,,,,,,,1366.19,1324.48
1988-08-08,,,,,,,1362.93,1321.32
1988-08-09,,,,,,,1364.82,1323.15
1988-08-10,,,,,,,1347.06,1305.94
1988-08-11,,,,,,,1332.87,1292.18
1988-08-12,,,,,,,1336.11,1295.32
1988-08-16,,,,,,,1326.4,1285.91
1988-08-17,,,,,,,1344.56,1303.51
1988-08-18,,,,,,,1344.94,1303.88
1988-08-19,,,,,,,1351.27,1310.02
1988-08-22,,,,,,,1350.44,1308.13
1988-08-23,,,,,,,1334.56,1293.86
1988-08-24,,,,,,,1347.91,1306.67
1988-08-25,,,,,,,1326.93,1284.7
1988-08-26,,,,,,,1321.62,1279.1
1988-08-29,,,,,,,1320.88,1280.26
1988-08-30,,,,,,,1326.86,1286.81
1988-08-31,,,,,,,1333.52,1291.45
1988-09-01,,,,,,,1318.0,1277.51
1988-09-02,,,,,,,1326.62,1287.28
1988-09-05,,,,,,,1330.98,1289.36
1988-09-06,,,,,,,1330.68,1289.86
1988-09-07,,,,,,,1347.74,1305.16
1988-09-08,,,,,,,1344.71,1301.8
1988-09-09,,,,,,,1342.59,1301.37
1988-09-12,,,,,,,1353.95,1311.85
1988-09-13,,,,,,,1377.22,1333.62
1988-09-14,,,,,,,1412.89,1367.67
1988-09-15,,,,,,,1407.79,1365.04
1988-09-16,,,,,,,1408.21,1364.64
1988-09-19,,,,,,,1409.21,1367.33
1988-09-20,,,,,,,1408.76,1365.07
1988-09-21,,,,,,,1433.79,1388.95
1988-09-22,,,,,,,1439.83,1405.95
1988-09-23,,,,,,,1431.28,1386.23
1988-09-26,,,,,,,1447.75,1403.02
1988-09-27,,,,,,,1437.72,1393.55
1988-09-28,,,,,,,1443.1,1398.07
1988-09-29,,,,,,,1461.65,1416.58
1988-09-30,,,,,,,1462.79,1417.32
1988-10-03,,,,,,,1467.38,1420.89
1988-10-04,,,,,,,1477.11,1432.25
1988-10-05,,,,,,,1478.63,1432.32
1988-10-06,,,,,,,1481.42,1434.62
1988-10-07,,,,,,,1484.64,1440.22
1988-10-10,,,,,,,1484.3,1439.49
1988-10-11,,,,,,,1456.74,1411.27
1988-10-12,,,,,,,1452.92,1405.4
1988-10-13,,,,,,,1473.17,1423.55
1988-10-14,,,,,,,1482.62,1436.84
1988-10-17,,,,,,,1462.53,1418.08
1988-10-18,,,,,,,1474.05,1428.15
1988-10-19,,,,,,,1498.05,1451.87
1988-10-20,,,,,,,1496.92,1449.57
1988-10-21,,,,,,,1503.08,1456.11
1988-10-24,,,,,,,1510.45,1463.78
1988-10-25,,,,,,,1514.92,1467.25
1988-10-26,,,,,,,1520.74,1473.84
1988-10-27,,,,,,,1525.81,1476.96
1988-10-28,,,,,,,1543.97,1495.96
1988-11-02,,,,,,,1552.19,1506.67
1988-11-03,,,,,,,1549.25,1499.96
1988-11-04,,,,,,,1552.64,1501.75
1988-11-07,,,,,,,1531.63,1485.15
1988-11-08,,,,,,,1543.28,1496.56
1988-11-09,,,,,,,1534.49,1487.98
1988-11-10,,,,,,,1539.53,1492.35
1988-11-14,,,,,,,1517.66,1492.35
1988-11-15,,,,,,,1515.13,1492.35
1988-11-16,,,,,,,1527.2,1480.57
1988-11-17,,,,,,,1519.33,1470.99
1988-11-18,,,,,,,1518.86,1471.84
1988-11-21,,,,,,,1504.04,1471.58
1988-11-22,,,,,,,1501.55,1455.96
1988-11-23,,,,,,,1517.35,1468.41
1988-11-24,,,,,,,1526.02,1478.0
1988-11-25,,,,,,,1519.35,1469.58
1988-11-28,,,,,,,1514.36,1466.41
1988-11-29,,,,,,,1510.95,1463.67
1988-11-30,,,,,,,1524.75,1480.75
1988-12-01,,,,,,,1521.16,1473.73
1988-12-02,,,,,,,1514.49,1466.84
1988-12-05,,,,,,,1509.99,1462.2
1988-12-06,,,,,,,1515.18,1498.2
1988-12-07,,,,,,,1523.64,1476.36
1988-12-08,,,,,,,1526.78,1476.36
1988-12-09,,,,,,,1544.34,1497.46
1988-12-12,,,,,,,1544.98,1498.2
1988-12-13,,,,,,,1533.74,1486.85
1988-12-14,,,,,,,1531.51,1483.5
1988-12-15,,,,,,,1518.57,1473.1
1988-12-16,,,,,,,1523.13,1475.55
1988-12-19,,,,,,,1525.75,1478.46
1988-12-20,,,,,,,1545.9,1498.71
1988-12-21,,,,,,,1552.73,1505.32
1988-12-22,,,,,,,1576.15,1528.03
1988-12-23,,,,,,,1588.49,1539.99
1988-12-27,,,,,,,1595.5,1546.79
1988-12-28,,,,,,,1594.37,1545.7
1988-12-29,,,,,,,1608.15,1559.05
1988-12-30,,,,,,,1623.5,1573.94
1989-01-03,,,,,,,1620.24,1570.77
1989-01-04,,,,,,,1645.61,1595.37
1989-01-05,,,,,,,1679.39,1627.7
1989-01-06,,,,,,,1695.16,1642.99
1989-01-09,,,,,,,1681.59,1629.84
1989-01-10,,,,,,,1683.54,1631.73
1989-01-11,,,,,,,1670.77,1619.35
1989-01-12,,,,,,,1699.95,1619.35
1989-01-13,,,,,,,1695.64,1643.23
1989-01-16,,,,,,,1696.17,1643.23
1989-01-17,,,,,,,1688.28,1636.1
1989-01-18,,,,,,,1680.89,1628.93
1989-01-19,,,,,,,1696.34,1643.91
1989-01-20,,,,,,,1696.31,1643.87
1989-01-23,,,,,,,1683.08,1631.05
1989-01-24,,,,,,,1697.32,1644.85
1989-01-25,,,,,,,1733.3,1679.72
1989-01-26,,,,,,,1720.6,1667.42
1989-01-27,,,,,,,1730.82,1677.32
1989-01-30,,,,,,,1718.59,1665.76
1989-01-31,,,,,,,1707.78,1654.99
1989-02-01,,,,,,,1711.25,1654.99
1989-02-02,,,,,,,1737.65,1683.26
1989-02-03,,,,,,,1748.19,1693.48
1989-02-06,,,,,,,1726.15,1672.12
1989-02-07,,,,,,,1731.33,1677.14
1989-02-08,,,,,,,1757.09,1702.09
1989-02-09,,,,,,,1748.53,1693.8
1989-02-10,,,,,,,1744.76,1690.15
1989-02-13,,,,,,,1704.29,1650.94
1989-02-14,,,,,,,1697.27,1644.15
1989-02-15,,,,,,,1667.51,1615.32
1989-02-16,,,,,,,1679.79,1627.22
1989-02-17,,,,,,,1664.83,1612.73
1989-02-20,,,,,,,1685.57,1632.82
1989-02-21,,,,,,,1698.66,1645.5
1989-02-22,,,,,,,1677.46,1624.95
1989-02-23,,,,,,,1632.72,1581.62
1989-02-24,,,,,,,1625.03,1574.17
1989-02-27,,,,,,,1590.8,1541.01
1989-02-28,,,,,,,1631.12,1580.07
1989-03-01,,,,,,,1625.54,1574.67
1989-03-02,,,,,,,1634.16,1583.01
1989-03-03,,,,,,,1660.11,1608.15
1989-03-06,,,,,,,1679.59,1627.02
1989-03-07,,,,,,,1669.28,1617.04
1989-03-08,,,,,,,1659.31,1607.37
1989-03-09,,,,,,,1664.22,1612.13
1989-03-10,,,,,,,1654.15,1602.38
1989-03-13,,,,,,,1656.7,1604.85
1989-03-14,,,,,,,1671.31,1619.0
1989-03-15,,,,,,,1685.37,1632.6
1989-03-16,,,,,,,1691.54,1638.6
1989-03-17,,,,,,,1666.18,1614.04
1989-03-20,,,,,,,1655.18,1603.37
1989-03-21,,,,,,,1675.3,1622.87
1989-03-22,,,,,,,1674.25,1621.85
1989-03-23,,,,,,,1677.22,1624.73
1989-03-28,,,,,,,1688.21,1635.38
1989-03-29,,,,,,,1697.01,1643.9
1989-03-30,,,,,,,1693.73,1640.2
1989-03-31,,,,,,,1698.49,1644.81
1989-04-03,,,,,,,1709.81,1655.77
1989-04-04,,,,,,,1720.88,1666.5
1989-04-05,,,,,,,1718.12,1663.82
1989-04-06,,,,,,,1709.72,1655.69
1989-04-07,,,,,,,1703.9,1650.06
1989-04-10,,,,,,,1712.77,1658.64
1989-04-11,,,,,,,1720.57,1666.19
1989-04-12,,,,,,,1729.11,1674.46
1989-04-13,,,,,,,1721.57,1667.16
1989-04-14,,,,,,,1737.88,1682.96
1989-04-17,,,,,,,1747.63,1692.4
1989-04-18,,,,,,,1756.69,1701.18
1989-04-19,,,,,,,1762.35,1706.65
1989-04-20,,,,,,,1750.71,1695.39
1989-04-21,,,,,,,1755.93,1700.44
1989-04-24,,,,,,,1754.11,1698.67
1989-04-25,,,,,,,1744.73,1688.37
1989-04-26,,,,,,,1722.82,1667.17
1989-04-27,,,,,,,1729.74,1673.87
1989-04-28,,,,,,,1736.63,1680.53
1989-05-02,,,,,,,1737.63,1679.85
1989-05-03,,,,,,,1725.88,1668.48
1989-05-05,,,,,,,1734.47,1676.79
1989-05-09,,,,,,,1730.14,1672.61
1989-05-10,,,,,,,1718.07,1660.93
1989-05-11,,,,,,,1712.7,1655.74
1989-05-12,,,,,,,1731.86,1674.27
1989-05-16,,,,,,,1724.12,1666.79
1989-05-17,,,,,,,1712.86,1674.27
1989-05-18,,,,,,,1715.6,1658.02
1989-05-19,,,,,,,1732.93,1674.77
1989-05-22,,,,,,,1737.25,1678.94
1989-05-23,,,,,,,1735.43,1678.94
1989-05-24,,,,,,,1748.27,1677.19
1989-05-25,,,,,,,1775.74,1689.6
1989-05-26,,,,,,,1780.68,1720.92
1989-05-29,,,,,,,1782.72,1720.92
1989-05-30,,,,,,,1784.86,1722.87
1989-05-31,,,,,,,1791.89,1729.65
1989-06-01,,,,,,,1800.96,1738.02
1989-06-02,,,,,,,1828.24,1764.35
1989-06-05,,,,,,,1833.46,1764.63
1989-06-06,,,,,,,1824.84,1755.56
1989-06-07,,,,,,,1824.73,1755.16
1989-06-08,,,,,,,1830.52,1760.73
1989-06-09,,,,,,,1827.99,1760.73
1989-06-12,,,,,,,1823.23,1751.04
1989-06-13,,,,,,,1822.39,1749.81
1989-06-14,,,,,,,1819.22,1745.65
1989-06-15,,,,,,,1813.25,1739.74
1989-06-16,,,,,,,1795.05,1722.28
1989-06-19,,,,,,,1793.46,1718.74
1989-06-20,,,,,,,1817.96,1739.56
1989-06-21,,,,,,,1815.9,1737.59
1989-06-22,,,,,,,1817.42,1739.04
1989-06-23,,,,,,,1839.7,1760.36
1989-06-26,,,,,,,1841.15,1760.1
1989-06-27,,,,,,,1839.45,1758.48
1989-06-28,,,,,,,1833.09,1752.4
1989-06-29,,,,,,,1811.74,1731.99
1989-06-30,,,,,,,1810.91,1727.86
1989-07-03,,,,,,,1825.34,1737.45
1989-07-04,,,,,,,1837.33,1741.59
1989-07-05,,,,,,,1832.66,1737.16
1989-07-06,,,,,,,1834.08,1737.57
1989-07-07,,,,,,,1827.72,1729.09
1989-07-10,,,,,,,1830.14,1728.31
1989-07-11,,,,,,,1858.08,1754.46
1989-07-12,,,,,,,1852.8,1749.47
1989-07-13,,,,,,,1859.36,1755.18
1989-07-17,,,,,,,1873.16,1766.42
1989-07-18,,,,,,,1863.59,1757.4
1989-07-19,,,,,,,1872.33,1765.65
1989-07-20,,,,,,,1880.87,1773.7
1989-07-21,,,,,,,1889.31,1781.65
1989-07-24,,,,,,,1893.37,1785.48
1989-07-25,,,,,,,1899.37,1791.15
1989-07-26,,,,,,,1900.1,1791.83
1989-07-27,,,,,,,1925.57,1815.85
1989-07-28,,,,,,,1934.47,1824.24
1989-07-31,,,,,,,1924.13,1814.19
1989-08-01,,,,,,,1940.5,1829.63
1989-08-02,,,,,,,1940.2,1828.64
1989-08-03,,,,,,,1935.41,1825.46
1989-08-04,,,,,,,1928.4,1816.92
1989-08-07,,,,,,,1915.42,1804.69
1989-08-08,,,,,,,1929.33,1805.0
1989-08-09,,,,,,,1932.57,1817.8
1989-08-10,,,,,,,1930.03,1821.0
1989-08-11,,,,,,,1940.49,1828.31
1989-08-16,,,,,,,1940.29,1828.12
1989-08-17,,,,,,,1937.89,1825.86
1989-08-18,,,,,,,1926.03,1810.71
1989-08-21,,,,,,,1926.89,1815.5
1989-08-22,,,,,,,1918.03,1807.15
1989-08-23,,,,,,,1928.49,1817.0
1989-08-24,,,,,,,1958.76,1845.53
1989-08-25,,,,,,,1980.52,1866.03
1989-08-28,,,,,,,1967.74,1853.98
1989-08-29,,,,,,,1969.02,1855.19
1989-08-30,,,,,,,1973.82,1859.71
1989-08-31,,,,,,,1991.02,1875.92
1989-09-01,,,,,,,2000.87,1885.2
1989-09-04,,,,,,,2014.95,1896.46
1989-09-05,,,,,,,2012.77,1896.42
1989-09-06,,,,,,,2007.44,1892.04
1989-09-07,,,,,,,2026.99,1907.83
1989-09-08,,,,,,,2026.49,1909.34
1989-09-11,,,,,,,2018.13,1901.46
1989-09-12,,,,,,,2016.28,1899.72
1989-09-13,,,,,,,2018.32,1901.64
1989-09-14,,,,,,,2005.56,1889.62
1989-09-15,,,,,,,2008.27,1891.58
1989-09-18,,,,,,,2008.84,1892.71
1989-09-19,,,,,,,2010.68,1894.44
1989-09-20,,,,,,,2011.39,1895.11
1989-09-21,,,,,,,2013.79,1897.37
1989-09-22,,,,,,,2031.49,1914.05
1989-09-25,,,,,,,2023.43,1906.46
1989-09-26,,,,,,,2037.47,1919.69
1989-09-27,,,,,,,2049.07,1926.03
1989-09-28,,,,,,,2050.84,1932.28
1989-09-29,,,,,,,2023.07,1906.12
1989-10-02,,,,,,,1991.36,1876.24
1989-10-03,,,,,,,2019.46,1902.72
1989-10-04,,,,,,,2026.17,1909.04
1989-10-05,,,,,,,2036.12,1918.41
1989-10-06,,,,,,,2061.6,1938.01
1989-10-09,,,,,,,2061.73,1942.54
1989-10-10,,,,,,,2082.1,1961.74
1989-10-11,,,,,,,2046.25,1927.95
1989-10-12,,,,,,,2051.39,1932.8
1989-10-13,,,,,,,2049.77,1931.27
1989-10-16,,,,,,,1920.85,1913.31
1989-10-17,,,,,,,1916.48,1805.69
1989-10-18,,,,,,,1940.29,1828.13
1989-10-19,,,,,,,1990.09,1875.05
1989-10-20,,,,,,,1978.71,1864.32
1989-10-23,,,,,,,1980.0,1865.54
1989-10-24,,,,,,,1945.33,1832.88
1989-10-25,,,,,,,1938.89,1826.81
1989-10-26,,,,,,,1927.41,1815.99
1989-10-27,,,,,,,1876.77,1768.27
1989-10-30,,,,,,,1915.74,1804.99
1989-10-31,,,,,,,1931.15,1819.51
1989-11-02,,,,,,,1932.29,1820.58
1989-11-03,,,,,,,1918.98,1808.04
1989-11-06,,,,,,,1892.32,1782.92
1989-11-07,,,,,,,1879.63,1770.97
1989-11-08,,,,,,,1894.05,1784.55
1989-11-09,,,,,,,1911.6,1801.09
1989-11-10,,,,,,,1932.02,1820.33
1989-11-13,,,,,,,1931.15,1819.51
1989-11-14,,,,,,,1925.85,1814.52
1989-11-15,,,,,,,1928.09,1816.63
1989-11-16,,,,,,,1942.3,1830.01
1989-11-17,,,,,,,1950.41,1837.66
1989-11-20,,,,,,,1947.06,1834.5
1989-11-21,,,,,,,1937.2,1825.21
1989-11-22,,,,,,,1949.91,1837.19
1989-11-23,,,,,,,1956.68,1843.56
1989-11-24,,,,,,,1972.1,1858.09
1989-11-27,,,,,,,1978.16,1863.81
1989-11-28,,,,,,,1974.38,1860.24
1989-11-29,,,,,,,1987.18,1872.3
1989-11-30,,,,,,,2007.05,1890.43
1989-12-01,,,,,,,2038.16,1919.72
1989-12-04,,,,,,,2058.72,1939.09
1989-12-05,,,,,,,2058.9,1939.26
1989-12-06,,,,,,,2081.23,1960.29
1989-12-07,,,,,,,2086.89,1965.63
1989-12-08,,,,,,,2101.39,1979.29
1989-12-11,,,,,,,2092.69,1971.09
1989-12-12,,,,,,,2093.66,1972.01
1989-12-13,,,,,,,2081.37,1960.42
1989-12-14,,,,,,,2075.2,1954.62
1989-12-15,,,,,,,2069.68,1949.42
1989-12-18,,,,,,,2065.78,1945.74
1989-12-19,,,,,,,2051.21,1932.02
1989-12-20,,,,,,,2071.69,1951.31
1989-12-21,,,,,,,2098.79,1976.83
1989-12-22,,,,,,,2103.61,1981.37
1989-12-26,,,,,,,2099.49,1977.49
1989-12-27,,,,,,,2108.16,1985.66
1989-12-28,,,,,,,2122.14,1998.83
1989-12-29,,,,,,,2124.53,2001.08
1990-01-02,,,,,,,2111.55,1988.85
1990-01-03,,,,,,,2102.03,1979.89
1990-01-04,,,,,,,2130.67,2006.42
1990-01-05,,,,,,,2117.86,1994.36
1990-01-08,,,,,,,2090.87,1968.95
1990-01-09,,,,,,,2092.29,1970.28
1990-01-10,,,,,,,2092.39,1970.38
1990-01-11,,,,,,,2116.3,1992.89
1990-01-12,,,,,,,2090.56,1968.65
1990-01-15,,,,,,,2084.44,1962.89
1990-01-16,,,,,,,2055.04,1935.21
1990-01-17,,,,,,,2074.09,1953.14
1990-01-18,,,,,,,2054.52,1934.72
1990-01-19,,,,,,,2045.21,1925.95
1990-01-22,,,,,,,2034.45,1915.82
1990-01-23,,,,,,,2030.78,1912.36
1990-01-24,,,,,,,1998.25,1881.73
1990-01-25,,,,,,,2010.47,1893.23
1990-01-26,,,,,,,2003.58,1886.75
1990-01-29,,,,,,,2022.65,1904.71
1990-01-30,,,,,,,2009.19,1892.03
1990-01-31,,,,,,,1999.63,1882.88
1990-02-01,,,,,,,2013.33,1895.53
1990-02-02,,,,,,,2044.32,1924.7
1990-02-05,,,,,,,2045.85,1926.14
1990-02-06,,,,,,,2035.43,1916.33
1990-02-07,,,,,,,2013.02,1895.24
1990-02-08,,,,,,,2023.94,1905.51
1990-02-09,,,,,,,2016.23,1898.25
1990-02-12,,,,,,,1983.46,1867.4
1990-02-13,,,,,,,1960.12,1845.43
1990-02-14,,,,,,,1969.21,1853.99
1990-02-15,,,,,,,1972.26,1856.86
1990-02-16,,,,,,,1987.41,1871.12
1990-02-19,,,,,,,1952.26,1838.03
1990-02-20,,,,,,,1933.28,1820.16
1990-02-21,,,,,,,1915.89,1803.79
1990-02-22,,,,,,,1951.07,1836.91
1990-02-23,,,,,,,1915.72,1803.62
1990-02-26,,,,,,,1916.22,1804.1
1990-02-27,,,,,,,1938.82,1825.38
1990-02-28,,,,,,,1964.63,1849.68
1990-03-01,,,,,,,1946.32,1832.44
1990-03-02,,,,,,,1976.1,1860.48
1990-03-05,,,,,,,1990.92,1874.43
1990-03-06,,,,,,,1988.66,1872.3
1990-03-07,,,,,,,1997.45,1880.57
1990-03-08,,,,,,,2037.19,1917.99
1990-03-09,,,,,,,2040.5,1921.11
1990-03-12,,,,,,,2031.45,1912.59
1990-03-13,,,,,,,2043.89,1924.3
1990-03-14,,,,,,,2067.33,1946.37
1990-03-15,,,,,,,2086.56,1964.47
1990-03-16,,,,,,,2080.55,1958.82
1990-03-19,,,,,,,2057.34,1936.96
1990-03-20,,,,,,,2045.05,1925.39
1990-03-21,,,,,,,2057.57,1937.18
1990-03-22,,,,,,,2033.07,1914.11
1990-03-23,,,,,,,2057.81,1937.4
1990-03-26,,,,,,,2086.23,1964.16
1990-03-27,,,,,,,2066.9,1945.96
1990-03-28,,,,,,,2059.85,1939.33
1990-03-29,,,,,,,2068.95,1947.23
1990-03-30,,,,,,,2095.05,1971.79
1990-04-02,,,,,,,2068.9,1947.18
1990-04-03,,,,,,,2109.67,1985.55
1990-04-04,,,,,,,2126.61,2001.49
1990-04-05,,,,,,,2154.84,2028.06
1990-04-06,,,,,,,2199.29,2069.89
1990-04-09,,,,,,,2214.16,2083.9
1990-04-10,,,,,,,2205.12,2075.38
1990-04-11,,,,,,,2234.57,2103.1
1990-04-12,,,,,,,2248.98,2116.66
1990-04-17,,,,,,,2259.27,2126.34
1990-04-18,,,,,,,2229.88,2098.68
1990-04-19,,,,,,,2228.21,2097.12
1990-04-20,,,,,,,2262.43,2129.32
1990-04-23,,,,,,,2220.4,2089.77
1990-04-24,,,,,,,2232.76,2101.4
1990-04-25,,,,,,,2222.31,2091.57
1990-04-26,,,,,,,2203.02,2072.16
1990-04-27,,,,,,,2196.77,2066.27
1990-04-30,,,,,,,2175.71,2046.46
1990-05-02,,,,,,,2198.28,2066.03
1990-05-03,,,,,,,2233.32,2098.95
1990-05-04,,,,,,,2237.24,2102.64
1990-05-07,,,,,,,2255.53,2119.83
1990-05-09,,,,,,,2238.36,2103.69
1990-05-10,,,,,,,2239.83,2104.56
1990-05-11,,,,,,,2226.3,2091.85
1990-05-14,,,,,,,2224.48,2090.14
1990-05-15,,,,,,,2204.59,2070.67
1990-05-16,,,,,,,2204.62,2070.7
1990-05-17,,,,,,,2240.01,2103.94
1990-05-18,,,,,,,2235.99,2100.17
1990-05-21,,,,,,,2227.53,2092.21
1990-05-22,,,,,,,2251.78,2115.0
1990-05-23,,,,,,,2260.67,2123.34
1990-05-25,,,,,,,2249.03,2111.9
1990-05-28,,,,,,,2251.68,2114.39
1990-05-29,,,,,,,2260.94,2123.09
1990-05-30,,,,,,,2258.51,2120.8
1990-05-31,,,,,,,2244.35,2107.51
1990-06-01,,,,,,,2223.68,2087.6
1990-06-05,,,,,,,2206.55,2069.43
1990-06-06,,,,,,,2183.84,2045.43
1990-06-07,,,,,,,2189.55,2050.45
1990-06-08,,,,,,,2160.99,2021.41
1990-06-11,,,,,,,2145.97,2002.38
1990-06-12,,,,,,,2149.66,2005.82
1990-06-13,,,,,,,2170.84,2025.59
1990-06-14,,,,,,,2176.03,2028.08
1990-06-15,,,,,,,2158.84,2011.87
1990-06-18,,,,,,,2133.58,1988.33
1990-06-19,,,,,,,2150.36,2000.14
1990-06-20,,,,,,,2154.15,2003.66
1990-06-21,,,,,,,2158.79,2007.98
1990-06-22,,,,,,,2184.32,2031.73
1990-06-25,,,,,,,2195.08,2040.08
1990-06-26,,,,,,,2210.05,2053.4
1990-06-27,,,,,,,2192.37,2036.96
1990-06-28,,,,,,,2193.93,2038.41
1990-06-29,,,,,,,2195.4,2035.03
1990-07-02,,,,,,,2206.05,2029.54
1990-07-03,,,,,,,2208.7,2031.98
1990-07-04,,,,,,,2191.25,2015.93
1990-07-05,,,,,,,2175.07,1999.98
1990-07-06,,,,,,,2177.17,2001.9
1990-07-09,,,,,,,2165.29,1990.17
1990-07-10,,,,,,,2138.72,1963.02
1990-07-11,,,,,,,2146.96,1970.58
1990-07-12,,,,,,,2151.96,1975.18
1990-07-13,,,,,,,2177.2,1998.34
1990-07-16,,,,,,,2198.7,2015.59
1990-07-17,,,,,,,2203.71,2019.5
1990-07-18,,,,,,,2214.74,2029.6
1990-07-19,,,,,,,2207.87,2023.31
1990-07-20,,,,,,,2215.82,2030.6
1990-07-23,,,,,,,2171.57,1990.04
1990-07-24,,,,,,,2177.65,1995.61
1990-07-25,,,,,,,2180.89,1998.58
1990-07-26,,,,,,,2165.38,1984.37
1990-07-27,,,,,,,2145.1,1965.79
1990-07-30,,,,,,,2133.72,1955.35
1990-07-31,,,,,,,2145.42,1965.57
1990-08-01,,,,,,,2139.91,1960.07
1990-08-02,,,,,,,2094.47,1918.45
1990-08-03,,,,,,,2040.97,1869.45
1990-08-06,,,,,,,1936.54,1773.79
1990-08-07,,,,,,,1978.08,1811.84
1990-08-08,,,,,,,1918.31,1757.09
1990-08-09,,,,,,,1943.17,1779.86
1990-08-10,,,,,,,1943.13,1769.87
1990-08-13,,,,,,,1878.91,1721.01
1990-08-14,,,,,,,1869.11,1712.03
1990-08-16,,,,,,,1881.54,1723.41
1990-08-17,,,,,,,1817.76,1665.0
1990-08-20,,,,,,,1759.81,1611.92
1990-08-21,,,,,,,1688.41,1546.51
1990-08-22,,,,,,,1731.81,1586.27
1990-08-23,,,,,,,1695.87,1553.35
1990-08-24,,,,,,,1765.82,1617.42
1990-08-27,,,,,,,1855.67,1699.72
1990-08-28,,,,,,,1834.77,1680.58
1990-08-29,,,,,,,1854.52,1698.66
1990-08-30,,,,,,,1881.34,1723.23
1990-08-31,,,,,,,1845.25,1690.17
1990-09-03,,,,,,,1794.85,1644.01
1990-09-04,,,,,,,1769.65,1620.93
1990-09-05,,,,,,,1788.64,1638.32
1990-09-06,,,,,,,1757.18,1609.51
1990-09-07,,,,,,,1767.72,1619.16
1990-09-10,,,,,,,1814.23,1661.76
1990-09-11,,,,,,,1805.69,1653.94
1990-09-12,,,,,,,1799.31,1648.09
1990-09-13,,,,,,,1797.32,1646.27
1990-09-14,,,,,,,1763.1,1614.93
1990-09-17,,,,,,,1751.18,1604.02
1990-09-18,,,,,,,1724.89,1579.93
1990-09-19,,,,,,,1714.36,1570.28
1990-09-20,,,,,,,1681.95,1540.6
1990-09-21,,,,,,,1685.15,1543.53
1990-09-24,,,,,,,1640.68,1502.8
1990-09-25,,,,,,,1621.67,1485.39
1990-09-26,,,,,,,1636.72,1499.17
1990-09-27,,,,,,,1663.77,1523.95
1990-09-28,,,,,,,1628.63,1491.76
1990-10-01,,,,,,,1682.18,1540.81
1990-10-02,,,,,,,1717.26,1572.94
1990-10-03,,,,,,,1711.3,1567.48
1990-10-04,,,,,,,1695.2,1552.74
1990-10-05,,,,,,,1694.32,1551.93
1990-10-08,,,,,,,1731.69,1586.16
1990-10-09,,,,,,,1693.81,1551.46
1990-10-10,,,,,,,1681.43,1540.12
1990-10-11,,,,,,,1683.22,1541.76
1990-10-12,,,,,,,1720.28,1575.7
1990-10-15,,,,,,,1745.61,1598.91
1990-10-16,,,,,,,1748.89,1601.92
1990-10-17,,,,,,,1764.27,1616.0
1990-10-18,,,,,,,1798.84,1647.67
1990-10-19,,,,,,,1795.6,1644.7
1990-10-22,,,,,,,1790.42,1639.95
1990-10-23,,,,,,,1829.96,1676.17
1990-10-24,,,,,,,1820.22,1667.24
1990-10-25,,,,,,,1797.01,1645.99
1990-10-26,,,,,,,1767.09,1618.58
1990-10-29,,,,,,,1777.26,1627.9
1990-10-30,,,,,,,1761.64,1613.59
1990-10-31,,,,,,,1796.56,1645.57
1990-11-02,,,,,,,1784.79,1634.8
1990-11-05,,,,,,,1769.25,1620.57
1990-11-06,,,,,,,1761.53,1613.49
1990-11-07,,,,,,,1728.75,1583.46
1990-11-08,,,,,,,1713.89,1569.86
1990-11-09,,,,,,,1717.14,1572.83
1990-11-12,,,,,,,1743.89,1597.34
1990-11-13,,,,,,,1757.86,1610.13
1990-11-14,,,,,,,1745.85,1599.13
1990-11-15,,,,,,,1744.64,1598.02
1990-11-16,,,,,,,1760.02,1612.1
1990-11-19,,,,,,,1783.54,1633.65
1990-11-20,,,,,,,1782.99,1633.15
1990-11-21,,,,,,,1776.25,1626.97
1990-11-22,,,,,,,1790.13,1639.68
1990-11-23,,,,,,,1790.53,1640.06
1990-11-26,,,,,,,1754.7,1607.24
1990-11-27,,,,,,,1753.26,1605.92
1990-11-28,,,,,,,1748.16,1601.25
1990-11-29,,,,,,,1754.51,1607.06
1990-11-30,,,,,,,1753.15,1605.12
1990-12-03,,,,,,,1796.56,1644.87
1990-12-04,,,,,,,1798.38,1646.53
1990-12-05,,,,,,,1813.57,1660.44
1990-12-06,,,,,,,1849.7,1693.52
1990-12-07,,,,,,,1846.63,1690.71
1990-12-10,,,,,,,1829.48,1675.01
1990-12-11,,,,,,,1819.14,1665.54
1990-12-12,,,,,,,1821.66,1667.85
1990-12-13,,,,,,,1812.43,1659.4
1990-12-14,,,,,,,1786.35,1635.52
1990-12-17,,,,,,,1754.36,1606.23
1990-12-18,,,,,,,1738.44,1591.65
1990-12-19,,,,,,,1735.89,1589.32
1990-12-20,,,,,,,1695.92,1552.72
1990-12-21,,,,,,,1708.2,1563.97
1990-12-24,,,,,,,,1563.97
1990-12-26,,,,,,,1678.62,1536.89
1990-12-27,,,,,,,1669.9,1528.9
1990-12-28,,,,,,1000.0,1657.91,1517.93
1990-12-31,,,,,,,,1517.93
1991-01-02,,,,,,988.97,1643.9,1505.1
1991-01-03,,,,,,1002.64,1681.48,1539.5
1991-01-04,,,,,,1006.68,1690.39,1547.66
1991-01-07,,,,,,990.47,1648.75,1507.87
1991-01-08,,,,,,985.08,1643.18,1502.77
1991-01-09,,,,,,1005.1,1697.21,1552.19
1991-01-10,,,,,,981.6,1647.9,1507.09
1991-01-11,,,,,,975.73,1634.61,1494.94
1991-01-14,,,,,,950.59,1576.34,1441.17
1991-01-15,,,,,,958.74,1593.94,1457.27
1991-01-16,,,,,,958.36,1594.49,1457.77
1991-01-17,,,,,,1011.6,1706.82,1560.47
1991-01-18,,,,,,1006.15,1706.61,1560.27
1991-01-21,,,,,,1001.45,1699.27,1553.57
1991-01-22,,,,,,996.47,1693.88,1548.64
1991-01-23,,,,,,985.6,1665.16,1522.39
1991-01-24,,,,,,1000.96,1699.49,1553.77
1991-01-25,,,,,,1005.84,1709.59,1563.0
1991-01-28,,,,,,1007.21,1712.53,1565.69
1991-01-29,,,,,,1000.87,1700.28,1554.49
1991-01-30,,,,,,1015.36,1730.86,1582.45
1991-01-31,,,,,,1016.86,1729.08,1580.67
1991-02-01,,,,,,1017.15,1726.25,1578.08
1991-02-04,,,,,,1019.19,1730.24,1581.73
1991-02-05,,,,,,1032.29,1757.21,1606.38
1991-02-06,,,,,,1029.87,1748.16,1598.11
1991-02-07,,,,,,1032.64,1748.54,1598.22
1991-02-08,,,,,,1046.11,1775.38,1622.75
1991-02-11,,,,,,1053.96,1791.29,1637.29
1991-02-12,,,,,,1049.83,1779.2,1626.24
1991-02-13,,,,,,1055.28,1789.7,1635.84
1991-02-14,,,,,,1066.13,1808.12,1652.68
1991-02-15,,,,,,1075.11,1827.49,1670.39
1991-02-18,,,,,,1088.98,1854.38,1694.96
1991-02-19,,,,,,1093.87,1860.91,1700.93
1991-02-20,,,,,,1089.75,1852.31,1693.07
1991-02-21,,,,,,1099.56,1870.53,1709.72
1991-02-22,,,,,,1108.04,1878.36,1716.88
1991-02-25,,,,,,1125.31,1909.31,1745.17
1991-02-26,,,,,,1111.17,1873.36,1712.31
1991-02-27,,,,,,1119.69,1893.83,1731.02
1991-02-28,,,,,,1136.18,1925.31,1759.79
1991-03-01,,,,,,1130.75,1911.08,1746.79
1991-03-04,,,,,,1141.34,1932.91,1766.74
1991-03-05,,,,,,1159.53,1969.99,1800.63
1991-03-06,,,,,,1172.97,1992.28,1821.01
1991-03-07,,,,,,1178.32,2004.15,1831.85
1991-03-08,,,,,,1179.55,2000.09,1828.14
1991-03-11,,,,,,1164.0,1965.69,1796.7
1991-03-12,,,,,,1165.36,1964.35,1795.48
1991-03-13,,,,,,1155.85,1948.7,1781.17
1991-03-14,,,,,,1171.23,1987.69,1816.81
1991-03-15,,,,,,1163.69,1969.83,1800.49
1991-03-18,,,,,,1152.58,1945.13,1777.91
1991-03-19,,,,,,1135.44,1904.72,1740.97
1991-03-20,,,,,,1137.93,1917.02,1752.22
1991-03-21,,,,,,1147.8,1937.92,1771.32
1991-03-22,,,,,,1144.9,1938.82,1772.14
1991-03-25,,,,,,1145.48,1940.36,1773.55
1991-03-26,,,,,,1145.13,1942.7,1775.09
1991-03-27,,,,,,1155.66,1966.75,1797.06
1991-03-28,,,,,,1164.87,1987.87,1816.36
1991-04-02,,,,,,1170.66,1999.63,1827.1
1991-04-03,,,,,,1184.52,2026.76,1851.89
1991-04-04,,,,,,1180.22,2009.6,1836.21
1991-04-05,,,,,,1187.36,2026.56,1851.71
1991-04-08,,,,,,1185.39,2022.03,1847.57
1991-04-09,,,,,,1185.04,2020.27,1845.96
1991-04-10,,,,,,1170.6,1988.48,1816.92
1991-04-11,,,,,,1175.13,1997.98,1825.6
1991-04-12,,,,,,1175.26,1993.43,1821.43
1991-04-15,,,,,,1176.47,1994.43,1822.35
1991-04-16,,,,,,1167.06,1973.15,1802.91
1991-04-17,,,,,,1177.62,2002.2,1829.45
1991-04-18,,,,,,1170.39,1987.19,1815.74
1991-04-19,,,,,,1160.39,1960.25,1791.12
1991-04-22,,,,,,1148.77,1934.07,1767.2
1991-04-23,,,,,,1155.48,1950.08,1781.83
1991-04-24,,,,,,1154.82,1950.3,1782.03
1991-04-25,,,,,,1151.64,1946.15,1777.01
1991-04-26,,,,,,1150.43,1943.59,1774.67
1991-04-29,,,,,,1159.03,1968.43,1797.35
1991-04-30,,,,,,1152.33,1948.53,1779.18
1991-05-02,,,,,,1171.47,1997.87,1824.23
1991-05-03,,,,,,1176.43,2006.72,1832.31
1991-05-06,,,,,,1174.68,2002.84,1828.77
1991-05-07,,,,,,1174.86,2004.38,1830.18
1991-05-10,,,,,,1184.7,2026.39,1850.27
1991-05-13,,,,,,1177.1,2009.06,1834.45
1991-05-14,,,,,,1162.65,1977.43,1804.96
1991-05-15,,,,,,1160.95,1974.21,1802.63
1991-05-16,,,,,,1171.21,2000.15,1826.31
1991-05-17,,,,,,1171.25,2000.86,1826.96
1991-05-21,,,,,,1170.2,2008.2,1833.09
1991-05-22,,,,,,1168.99,2006.05,1831.13
1991-05-23,,,,,,1162.04,1986.97,1813.71
1991-05-24,,,,,,1157.25,1977.24,1804.83
1991-05-27,,,,,,1155.04,1973.61,1801.52
1991-05-28,,,,,,1156.64,1980.51,1807.81
1991-05-29,,,,,,1163.76,2000.11,1825.16
1991-05-30,,,,,,1167.54,2013.19,1837.09
1991-05-31,,,,,,1178.75,2040.25,1861.78
1991-06-03,,,,,,1182.35,2048.4,1865.66
1991-06-04,,,,,,1176.87,2033.25,1851.29
1991-06-05,,,,,,1181.57,2046.03,1862.92
1991-06-06,,,,,,1183.25,2052.55,1863.92
1991-06-07,,,,,,1179.1,2041.11,1852.51
1991-06-10,,,,,,1174.98,2038.73,1846.25
1991-06-11,,,,,,1186.66,2070.27,1874.81
1991-06-12,,,,,,1175.02,2041.88,1849.11
1991-06-13,,,,,,1172.89,2042.16,1847.24
1991-06-14,,,,,,1176.44,2054.45,1858.17
1991-06-17,,,,,,1169.68,2039.72,1844.85
1991-06-18,,,,,,1162.75,2028.26,1830.63
1991-06-19,,,,,,1146.53,1992.32,1798.19
1991-06-20,,,,,,1141.65,1987.29,1793.65
1991-06-21,,,,,,1147.45,2001.67,1806.63
1991-06-24,,,,,,1133.52,1967.32,1775.63
1991-06-25,,,,,,1133.22,1967.22,1775.53
1991-06-26,,,,,,1125.55,1950.58,1760.52
1991-06-27,,,,,,1127.93,1958.86,1767.99
1991-06-28,,,,,,1118.77,1938.74,1747.62
1991-07-01,,,,,,1128.08,1977.86,1772.81
1991-07-02,,,,,,1119.82,1966.12,1750.47
1991-07-03,,,,,,1105.0,1930.28,1718.02
1991-07-04,,,,,,1100.32,1922.33,1708.05
1991-07-05,,,,,,1105.79,1939.32,1723.14
1991-07-08,,,,,,1099.77,1929.36,1714.3
1991-07-09,,,,,,1108.63,1952.31,1734.45
1991-07-10,,,,,,1119.56,1980.61,1757.38
1991-07-11,,,,,,1119.43,1976.84,1754.03
1991-07-12,,,,,,1121.89,1977.14,1754.29
1991-07-15,,,,,,1123.14,1985.91,1759.77
1991-07-16,,,,,,1122.43,1981.97,1755.51
1991-07-17,,,,,,1123.07,1984.91,1758.11
1991-07-18,,,,,,1122.09,1984.26,1757.54
1991-07-19,,,,,,1122.67,1991.04,1763.54
1991-07-22,,,,,,1120.5,1990.18,1762.78
1991-07-23,,,,,,1120.87,1997.13,1768.93
1991-07-24,,,,,,1132.75,2007.44,1778.07
1991-07-25,,,,,,1133.87,2010.35,1780.01
1991-07-26,,,,,,1129.06,1996.93,1767.66
1991-07-29,,,,,,1124.49,1985.91,1757.9
1991-07-30,,,,,,1123.75,1984.42,1756.59
1991-07-31,,,,,,1121.59,1982.92,1754.73
1991-08-01,,,,,,1126.16,1996.57,1766.81
1991-08-02,,,,,,1125.5,1996.25,1766.52
1991-08-05,,,,,,1122.69,1991.39,1762.22
1991-08-06,,,,,,1121.04,1988.35,1759.53
1991-08-07,,,,,,1130.64,2014.23,1782.44
1991-08-08,,,,,,1133.48,2022.21,1789.5
1991-08-09,,,,,,1131.63,2015.48,1783.54
1991-08-12,,,,,,1130.13,2011.91,1780.38
1991-08-13,,,,,,1140.76,2044.07,1808.84
1991-08-14,,,,,,1147.38,2057.03,1820.31
1991-08-19,,,,,,1075.74,1907.0,1687.54
1991-08-20,,,,,,1097.46,1949.97,1725.57
1991-08-21,,,,,,1129.04,2026.02,1792.87
1991-08-22,,,,,,1142.47,2055.7,1819.13
1991-08-23,,,,,,1151.98,2071.88,1833.45
1991-08-26,,,,,,1164.28,2094.4,1853.38
1991-08-27,,,,,,1164.25,2090.21,1849.67
1991-08-28,,,,,,1166.78,2092.65,1851.83
1991-08-29,,,,,,1171.0,2099.32,1857.74
1991-08-30,,,,,,1174.19,2106.7,1864.26
1991-09-02,,,,,,1174.56,2105.85,1863.52
1991-09-03,,,,,,1180.94,2116.78,1873.18
1991-09-04,,,,,,1176.47,2102.81,1860.82
1991-09-05,,,,,,1182.02,2111.67,1868.67
1991-09-06,,,,,,1178.86,2102.32,1860.39
1991-09-09,,,,,,1176.07,2097.23,1855.88
1991-09-10,,,,,,1168.18,2079.81,1840.47
1991-09-11,,,,,,1169.71,2082.17,1842.56
1991-09-12,,,,,,1178.7,2103.2,1861.17
1991-09-13,,,,,,1187.61,2120.18,1876.19
1991-09-16,,,,,,1188.2,2122.52,1878.26
1991-09-17,,,,,,1189.07,2122.7,1878.42
1991-09-18,,,,,,1183.29,2112.51,1869.41
1991-09-19,,,,,,1185.69,2124.89,1880.36
1991-09-20,,,,,,1188.97,2130.68,1885.49
1991-09-23,,,,,,1190.96,2133.92,1888.35
1991-09-24,,,,,,1190.94,2130.39,1885.23
1991-09-25,,,,,,1188.58,2122.14,1877.93
1991-09-26,,,,,,1185.18,2120.51,1876.49
1991-09-27,,,,,,1188.46,2128.78,1883.8
1991-09-30,,,,,,1188.41,2125.15,1880.59
1991-10-01,,,,,,1192.47,2132.81,1887.37
1991-10-02,,,,,,1190.33,2122.51,1878.25
1991-10-03,,,,,,1184.85,2109.92,1867.11
1991-10-04,,,,,,1177.05,2092.73,1851.91
1991-10-07,,,,,,1171.22,2083.33,1843.58
1991-10-08,,,,,,1171.63,2088.45,1848.11
1991-10-09,,,,,,1169.49,2083.16,1843.43
1991-10-10,,,,,,1168.55,2083.4,1843.64
1991-10-11,,,,,,1163.95,2072.29,1833.82
1991-10-14,,,,,,1162.14,2071.8,1833.38
1991-10-15,,,,,,1174.79,2098.36,1856.89
1991-10-16,,,,,,1178.76,2105.72,1863.4
1991-10-17,,,,,,1176.32,2096.77,1855.47
1991-10-18,,,,,,1177.87,2106.62,1864.2
1991-10-21,,,,,,1169.62,2086.02,1845.97
1991-10-22,,,,,,1165.58,2075.65,1836.79
1991-10-23,,,,,,1163.87,2068.39,1830.36
1991-10-24,,,,,,1164.26,2069.8,1831.61
1991-10-25,,,,,,1165.86,2073.4,1834.8
1991-10-28,,,,,,1174.76,2092.92,1852.07
1991-10-29,,,,,,1174.65,2094.53,1853.5
1991-10-30,,,,,,1178.77,2103.92,1861.8
1991-10-31,,,,,,1178.29,2098.12,1856.67
1991-11-04,,,,,,1172.22,2080.99,1841.51
1991-11-05,,,,,,1174.68,2087.09,1846.91
1991-11-06,,,,,,1169.67,2074.83,1836.06
1991-11-07,,,,,,1170.5,2077.66,1838.57
1991-11-08,,,,,,1179.1,2099.11,1857.55
1991-11-11,,,,,,,,1857.55
1991-11-12,,,,,,1179.17,2100.12,1858.44
1991-11-13,,,,,,1174.78,2086.96,1846.79
1991-11-14,,,,,,1186.09,2111.53,1868.53
1991-11-15,,,,,,1184.78,2105.5,1863.2
1991-11-18,,,,,,1158.1,2043.42,1808.27
1991-11-19,,,,,,1137.37,1994.63,1765.09
1991-11-20,,,,,,1136.4,1992.82,1763.49
1991-11-21,,,,,,1136.57,1995.68,1766.02
1991-11-22,,,,,,1124.35,1967.72,1741.28
1991-11-25,,,,,,1124.3,1969.95,1743.25
1991-11-26,,,,,,1135.49,1999.02,1768.97
1991-11-27,,,,,,1131.64,1986.46,1757.86
1991-11-28,,,,,,1130.35,1983.1,1754.88
1991-11-29,,,,,,1122.67,1966.76,1739.7
1991-12-02,,,,,,1106.42,1931.8,1708.78
1991-12-03,,,,,,1111.81,1946.98,1722.21
1991-12-04,,,,,,1109.01,1937.63,1713.93
1991-12-05,,,,,,1101.82,1925.53,1703.23
1991-12-06,,,,,,1091.44,1905.73,1685.72
1991-12-09,,,,,,1076.56,1880.46,1663.37
1991-12-10,,,,,,1059.34,1850.57,1636.93
1991-12-11,,,,,,1061.56,1860.32,1645.56
1991-12-12,,,,,,1077.7,1889.79,1671.62
1991-12-13,,,,,,1089.71,1908.61,1688.27
1991-12-16,,,,,,1092.07,1918.26,1696.8
1991-12-17,,,,,,1097.91,1935.13,1711.73
1991-12-18,,,,,,1094.65,1928.84,1706.17
1991-12-19,,,,,,1083.03,1904.0,1684.19
1991-12-20,,,,,,1065.69,1863.66,1648.5
1991-12-23,,,,,,1058.13,1846.77,1633.57
1991-12-24,,,,,,1088.49,1920.85,1699.1
1991-12-26,,,,,,1100.02,1947.28,1722.48
1991-12-27,,,,,,1101.62,1945.22,1720.65
1991-12-30,,,,,,1111.56,1969.2,1741.86
1991-12-31,,,,,,1126.41,1996.1,1765.66
1992-01-02,,,,,,1118.68,1978.3,1749.91
1992-01-03,,,,,,1129.99,2001.35,1770.3
1992-01-06,,,,,,1140.02,2020.87,1787.57
1992-01-07,,,,,,1134.85,2010.88,1778.73
1992-01-08,,,,,,1136.78,2018.69,1785.64
1992-01-09,,,,,,1162.16,2073.21,1833.86
1992-01-10,,,,,,1167.49,2077.25,1837.44
1992-01-13,,,,,,1160.32,2062.38,1824.29
1992-01-14,,,,,,1169.65,2084.45,1843.81
1992-01-15,,,,,,1186.24,2118.16,1873.63
1992-01-16,,,,,,1182.72,2103.51,1860.19
1992-01-17,,,,,,1183.26,2103.24,1859.95
1992-01-20,,,,,,1183.62,2109.91,1865.85
1992-01-21,,,,,,1185.97,2112.25,1867.91
1992-01-22,,,,,,1176.56,2082.17,1841.32
1992-01-23,,,,,,1176.34,2079.2,1838.69
1992-01-24,,,,,,1180.97,2091.9,1849.92
1992-01-27,,,,,,1191.73,2113.78,1869.27
1992-01-28,,,,,,1201.78,2137.9,1890.6
1992-01-29,,,,,,1196.89,2125.51,1879.64
1992-01-30,,,,,,1193.37,2119.07,1873.94
1992-01-31,,,,,,1192.98,2120.8,1875.25
1992-02-03,,,,,,1185.26,2100.32,1856.98
1992-02-04,,,,,,1184.56,2099.74,1856.48
1992-02-05,,,,,,1188.71,2110.27,1865.79
1992-02-06,,,,,,1186.4,2104.42,1860.61
1992-02-07,,,,,,1188.88,2105.55,1861.61
1992-02-10,,,,,,1188.72,2110.01,1865.55
1992-02-11,,,,,,1188.07,2108.32,1864.06
1992-02-12,,,,,,1188.32,2105.54,1861.6
1992-02-13,,,,,,1195.12,2122.36,1876.47
1992-02-14,,,,,,1188.47,2109.51,1865.11
1992-02-17,,,,,,1194.83,2128.69,1882.07
1992-02-18,,,,,,1206.25,2162.78,1912.21
1992-02-19,,,,,,1209.22,2166.4,1915.41
1992-02-20,,,,,,1226.88,2206.9,1951.22
1992-02-21,,,,,,1233.83,2219.52,1962.37
1992-02-24,,,,,,1240.68,2235.52,1976.52
1992-02-25,,,,,,1230.05,2209.51,1953.53
1992-02-26,,,,,,1242.16,2240.93,1981.31
1992-02-27,,,,,,1246.97,2245.24,1985.12
1992-02-28,,,,,,1247.56,2243.27,1983.38
1992-03-02,,,,,,1245.37,2239.08,1979.67
1992-03-03,,,,,,1248.9,2243.72,1983.77
1992-03-04,,,,,,1253.9,2248.6,1988.09
1992-03-05,,,,,,1247.66,2231.58,1973.04
1992-03-06,,,,,,1246.47,2224.64,1966.91
1992-03-09,,,,,,1250.66,2235.25,1976.28
1992-03-10,,,,,,1259.3,2255.15,1993.88
1992-03-11,,,,,,1249.59,2225.91,1968.02
1992-03-12,,,,,,1236.0,2196.19,1941.75
1992-03-13,,,,,,1238.02,2202.19,1947.05
1992-03-16,,,,,,1229.0,2182.02,1929.22
1992-03-17,,,,,,1235.39,2198.27,1943.59
1992-03-18,,,,,,1231.23,2180.84,1928.18
1992-03-19,,,,,,1228.49,2173.84,1921.99
1992-03-20,,,,,,1227.48,2170.6,1919.12
1992-03-23,,,,,,1212.14,2131.52,1884.57
1992-03-24,,,,,,1215.71,2144.74,1896.26
1992-03-25,,,,,,1231.82,2180.95,1928.28
1992-03-26,,,,,,1235.82,2188.28,1934.75
1992-03-27,,,,,,1233.19,2175.6,1923.54
1992-03-30,,,,,,1240.63,2198.45,1943.75
1992-03-31,,,,,,1240.49,2197.66,1942.43
1992-04-01,,,,,,1234.33,2181.41,1928.07
1992-04-02,,,,,,1241.8,2197.11,1941.95
1992-04-03,,,,,,1243.87,2198.0,1942.73
1992-04-06,,,,,,1257.67,2234.25,1974.77
1992-04-07,,,,,,1256.96,2234.93,1975.38
1992-04-08,,,,,,1224.59,2158.11,1907.48
1992-04-09,,,,,,1235.78,2199.02,1943.64
1992-04-10,,,,,,1251.16,2233.44,1974.06
1992-04-13,,,,,,1244.86,2221.24,1963.27
1992-04-14,,,,,,1249.65,2231.45,1972.31
1992-04-15,,,,,,1258.62,2252.25,1990.69
1992-04-16,,,,,,1254.49,2238.14,1978.21
1992-04-21,,,,,,1253.28,2240.57,1980.36
1992-04-22,,,,,,1254.91,2244.32,1983.68
1992-04-23,,,,,,1252.69,2238.06,1978.14
1992-04-24,,,,,,1256.59,2245.71,1984.91
1992-04-27,,,,,,1260.43,2257.95,1995.72
1992-04-28,,,,,,1263.92,2271.54,2006.62
1992-04-29,,,,,,1278.65,2305.61,2036.72
1992-04-30,,,,,,1276.9,2299.3,2031.14
1992-05-04,,,,,,1285.03,2311.16,2041.62
1992-05-05,,,,,,1287.92,2317.18,2046.93
1992-05-06,,,,,,1288.93,2317.42,2047.15
1992-05-07,,,,,,1297.45,2335.82,2063.4
1992-05-11,,,,,,1305.29,2351.76,2077.49
1992-05-12,,,,,,1298.17,2336.08,2063.63
1992-05-13,,,,,,1293.55,2324.23,2053.17
1992-05-14,,,,,,1277.15,2283.29,2017.0
1992-05-15,,,,,,1277.01,2291.16,2023.95
1992-05-18,,,,,,1289.31,2322.5,2051.64
1992-05-19,,,,,,1277.11,2290.83,2023.13
1992-05-20,,,,,,1280.44,2299.56,2030.84
1992-05-21,,,,,,1272.86,2283.7,2016.83
1992-05-22,,,,,,1287.04,2315.73,2045.12
1992-05-25,,,,,,1287.93,2319.53,2046.25
1992-05-26,,,,,,1281.93,2300.64,2029.58
1992-05-27,,,,,,1275.32,2283.07,2014.09
1992-05-29,,,,,,1283.83,2304.84,2033.29
1992-06-01,,,,,,1277.31,2293.41,2017.4
1992-06-02,,,,,,1280.68,2301.9,2024.87
1992-06-03,,,,,,1267.64,2265.23,1992.61
1992-06-04,,,,,,1267.42,2267.8,1994.87
1992-06-05,,,,,,1260.62,2259.61,1981.58
1992-06-09,,,,,,1251.1,2240.97,1962.23
1992-06-10,,,,,,1246.53,2231.87,1953.73
1992-06-11,,,,,,1234.04,2205.5,1928.84
1992-06-12,,,,,,1233.71,2205.41,1928.29
1992-06-15,,,,,,1225.54,2194.0,1918.14
1992-06-16,,,,,,1229.69,2209.18,1931.41
1992-06-17,,,,,,1217.33,2186.95,1908.84
1992-06-18,,,,,,1208.15,2167.43,1891.8
1992-06-19,,,,,,1216.61,2197.27,1913.92
1992-06-22,,,,,,1201.78,2164.95,1885.77
1992-06-23,,,,,,1204.27,2176.47,1895.8
1992-06-24,,,,,,1205.22,2180.88,1899.64
1992-06-25,,,,,,1214.14,2204.65,1920.34
1992-06-26,,,,,,1209.8,2200.29,1915.31
1992-06-29,,,,,,1205.51,2194.7,1907.3
1992-06-30,,,,,,1202.44,2189.0,1900.63
1992-07-01,,,,,,1190.29,2172.85,1880.92
1992-07-02,,,,,,1186.99,2174.84,1873.52
1992-07-03,,,,,,1191.26,2188.6,1883.64
1992-07-06,,,,,,1181.79,2177.15,1868.52
1992-07-07,,,,,,1184.59,2189.46,1879.09
1992-07-08,,,,,,1169.71,2152.95,1847.75
1992-07-09,,,,,,1175.72,2169.37,1861.84
1992-07-10,,,,,,1175.26,2168.93,1859.44
1992-07-15,,,,,,1170.67,2161.71,1853.26
1992-07-16,,,,,,1165.8,2159.35,1851.23
1992-07-17,,,,,,1141.53,2101.67,1801.78
1992-07-20,,,,,,1120.45,2063.14,1767.9
1992-07-21,,,,,,1121.56,2057.04,1762.67
1992-07-22,,,,,,1104.5,2015.98,1727.49
1992-07-23,,,,,,1107.15,2024.24,1734.56
1992-07-24,,,,,,1106.86,2024.31,1734.62
1992-07-27,,,,,,1116.26,2048.5,1755.35
1992-07-28,,,,,,1124.49,2064.43,1769.0
1992-07-29,,,,,,1140.37,2102.52,1801.63
1992-07-30,,,,,,1131.29,2080.27,1782.57
1992-07-31,,,,,,1119.91,2048.33,1754.67
1992-08-03,,,,,,1129.56,2083.08,1784.44
1992-08-04,,,,,,1131.83,2086.8,1787.63
1992-08-05,,,,,,1135.07,2098.88,1797.98
1992-08-06,,,,,,1133.01,2094.05,1793.84
1992-08-07,,,,,,1127.91,2074.71,1777.27
1992-08-10,,,,,,1118.13,2048.97,1755.22
1992-08-11,,,,,,1110.33,2028.64,1737.8
1992-08-12,,,,,,1105.2,2019.59,1730.05
1992-08-13,,,,,,1099.87,2010.61,1722.36
1992-08-14,,,,,,1113.2,2046.92,1753.46
1992-08-17,,,,,,1116.06,2051.41,1757.31
1992-08-18,,,,,,1106.14,2027.37,1736.72
1992-08-19,,,,,,1103.73,2024.44,1734.21
1992-08-20,,,,,,1098.98,2012.73,1724.18
1992-08-21,,,,,,1106.38,2036.08,1744.18
1992-08-24,,,,,,1079.81,1972.5,1689.71
1992-08-25,,,,,,1068.42,1946.83,1667.72
1992-08-26,,,,,,1066.35,1946.92,1667.8
1992-08-27,,,,,,1076.35,1969.99,1687.56
1992-08-28,,,,,,1076.89,1969.95,1687.53
1992-08-31,,,,,,1077.19,1966.86,1684.88
1992-09-01,,,,,,1071.59,1954.43,1674.23
1992-09-02,,,,,,1084.73,1997.83,1711.41
1992-09-03,,,,,,1115.17,2078.43,1780.46
1992-09-04,,,,,,1113.49,2076.71,1778.98
1992-09-07,,,,,,1114.55,2077.08,1779.3
1992-09-08,,,,,,1108.51,2058.83,1763.67
1992-09-09,,,,,,1103.12,2050.78,1756.77
1992-09-10,,,,,,1107.94,2071.11,1774.18
1992-09-11,,,,,,1119.76,2103.57,1801.99
1992-09-14,,,,,,1158.18,2187.17,1873.6
1992-09-15,,,,,,1141.13,2143.44,1836.15
1992-09-16,,,,,,1147.39,2171.02,1859.78
1992-09-17,,,,,,1145.03,2162.81,1852.74
1992-09-18,,,,,,1163.73,2198.06,1882.94
1992-09-21,,,,,,1137.04,2131.66,1826.06
1992-09-22,,,,,,1137.56,2139.55,1832.81
1992-09-23,,,,,,1133.12,2135.02,1828.93
1992-09-24,,,,,,1133.82,2135.68,1829.5
1992-09-25,,,,,,1138.62,2152.06,1843.53
1992-09-28,,,,,,1105.43,2066.52,1770.26
1992-09-29,,,,,,1088.97,2021.79,1731.93
1992-09-30,,,,,,1091.14,2027.39,1736.73
1992-10-01,,,,,,1086.24,2012.53,1724.0
1992-10-02,,,,,,1067.38,1965.06,1683.34
1992-10-05,,,,,,1028.32,1880.66,1611.04
1992-10-06,,,,,,1027.11,1882.38,1612.51
1992-10-07,,,,,,1044.67,1930.98,1654.15
1992-10-08,,,,,,1054.38,1954.0,1673.86
1992-10-09,,,,,,1048.09,1934.71,1657.34
1992-10-12,,,,,,1046.82,1932.04,1655.05
1992-10-13,,,,,,1059.38,1967.1,1685.09
1992-10-14,,,,,,1052.02,1947.07,1667.93
1992-10-15,,,,,,1041.85,1926.16,1650.02
1992-10-16,,,,,,1046.74,1942.7,1664.18
1992-10-19,,,,,,1049.63,1960.06,1679.06
1992-10-20,,,,,,1074.27,2021.0,1731.26
1992-10-21,,,,,,1071.36,2010.47,1722.24
1992-10-22,,,,,,1075.29,2020.39,1730.74
1992-10-23,,,,,,1090.6,2062.04,1766.41
1992-10-26,,,,,,1095.48,2067.08,1770.74
1992-10-27,,,,,,1097.64,2071.46,1774.48
1992-10-28,,,,,,1087.84,2042.71,1749.86
1992-10-29,,,,,,1080.55,2020.54,1730.87
1992-10-30,,,,,,1083.46,2034.0,1742.4
1992-11-03,,,,,,1104.54,2085.99,1786.93
1992-11-04,,,,,,1111.93,2105.99,1804.07
1992-11-05,,,,,,1112.76,2106.73,1804.7
1992-11-06,,,,,,1108.59,2093.8,1793.62
1992-11-09,,,,,,1105.67,2085.66,1786.65
1992-11-10,,,,,,1111.1,2099.45,1798.46
1992-11-12,,,,,,1121.64,2126.36,1821.51
1992-11-13,,,,,,1112.78,2097.51,1796.8
1992-11-16,,,,,,1099.7,2069.41,1772.73
1992-11-17,,,,,,1095.81,2059.73,1764.44
1992-11-18,,,,,,1094.25,2053.58,1759.17
1992-11-19,,,,,,1076.56,2010.58,1722.33
1992-11-20,,,,,,1075.72,2012.74,1724.18
1992-11-23,,,,,,1055.01,1955.05,1674.77
1992-11-24,,,,,,1075.99,2008.57,1720.61
1992-11-25,,,,,,1075.48,2008.99,1720.97
1992-11-26,,,,,,1084.01,2030.83,1739.68
1992-11-27,,,,,,1086.86,2042.48,1749.66
1992-11-30,,,,,,1096.69,2068.66,1771.37
1992-12-01,,,,,,1106.78,2093.09,1792.29
1992-12-02,,,,,,1103.22,2082.63,1783.33
1992-12-03,,,,,,1109.43,2101.42,1799.43
1992-12-04,,,,,,1102.88,2080.7,1781.68
1992-12-07,,,,,,1107.04,2088.79,1788.61
1992-12-08,,,,,,1097.06,2062.25,1765.88
1992-12-09,,,,,,1107.71,2091.77,1791.16
1992-12-10,,,,,,1099.46,2066.45,1769.48
1992-12-11,,,,,,1094.11,2053.86,1758.7
1992-12-14,,,,,,1084.26,2029.99,1738.26
1992-12-15,,,,,,1085.21,2037.61,1744.79
1992-12-16,,,,,,1079.3,2028.16,1736.69
1992-12-17,,,,,,1078.57,2026.45,1735.23
1992-12-18,,,,,,1091.09,2055.52,1760.12
1992-12-21,,,,,,1102.0,2086.08,1786.29
1992-12-22,,,,,,1117.86,2130.55,1824.37
1992-12-23,,,,,,1117.59,2126.75,1821.11
1992-12-24,,,,,,1133.14,2165.84,1854.59
1992-12-28,,,,,,1135.81,2169.27,1857.53
1992-12-29,,,,,,1141.08,2184.17,1870.28
1992-12-30,,,,,,1137.35,2170.72,1858.77
1992-12-31,,,,,,1140.14,2169.57,1857.78
1993-01-04,,,,,,1132.29,2152.4,1843.08
1993-01-05,,,,,,1137.31,2161.39,1850.78
1993-01-06,,,,,,1143.37,2171.72,1859.63
1993-01-07,,,,,,1137.83,2154.03,1844.47
1993-01-08,,,,,,1144.92,2163.55,1852.63
1993-01-11,,,,,,1129.39,2119.12,1814.58
1993-01-12,,,,,,1123.38,2098.31,1796.76
1993-01-13,,,,,,1116.66,2081.69,1782.53
1993-01-14,,,,,,1128.1,2106.79,1803.54
1993-01-15,,,,,,1141.42,2134.29,1827.08
1993-01-18,,,,,,1146.9,2146.5,1837.54
1993-01-19,,,,,,1147.06,2146.74,1837.74
1993-01-20,,,,,,1140.42,2124.64,1818.82
1993-01-21,,,,,,1137.72,2116.88,1812.18
1993-01-22,,,,,,1142.97,2126.51,1820.42
1993-01-25,,,,,,1125.26,2079.17,1779.9
1993-01-26,,,,,,1128.87,2093.95,1792.55
1993-01-27,,,,,,1123.17,2076.19,1777.35
1993-01-28,,,,,,1123.62,2080.04,1780.64
1993-01-29,,,,,,1120.21,2070.47,1772.21
1993-02-01,,,,,,1126.62,2086.65,1785.9
1993-02-02,,,,,,1127.96,2088.3,1787.31
1993-02-03,,,,,,1144.59,2131.33,1824.14
1993-02-04,,,,,,1160.97,2166.67,1854.38
1993-02-05,,,,,,1189.54,2229.52,1908.18
1993-02-08,,,,,,1189.34,2225.5,1904.73
1993-02-09,,,,,,1183.95,2213.02,1894.05
1993-02-10,,,,,,1183.41,2212.16,1893.32
1993-02-11,,,,,,1191.17,2226.47,1905.57
1993-02-12,,,,,,1195.85,2233.95,1911.97
1993-02-15,,,,,,1193.32,2219.37,1899.49
1993-02-16,,,,,,1182.53,2194.46,1878.17
1993-02-17,,,,,,1194.63,2225.77,1904.97
1993-02-18,,,,,,1208.21,2250.95,1926.52
1993-02-19,,,,,,1216.02,2263.4,1937.17
1993-02-22,,,,,,1229.65,2289.17,1959.23
1993-02-23,,,,,,1223.38,2271.87,1944.13
1993-02-24,,,,,,1225.93,2282.69,1953.39
1993-02-25,,,,,,1222.97,2272.46,1944.64
1993-02-26,,,,,,1240.82,2318.12,1983.71
1993-03-01,,,,,,1250.32,2335.75,1998.8
1993-03-02,,,,,,1252.45,2338.9,2001.5
1993-03-03,,,,,,1250.34,2331.6,1995.24
1993-03-04,,,,,,1246.6,2321.67,1986.75
1993-03-05,,,,,,1252.51,2331.45,1995.12
1993-03-08,,,,,,1259.65,2342.13,2004.26
1993-03-09,,,,,,1265.96,2348.48,2009.69
1993-03-10,,,,,,1260.94,2328.3,1992.42
1993-03-11,,,,,,1258.57,2324.23,1988.94
1993-03-12,,,,,,1246.86,2296.47,1965.18
1993-03-15,,,,,,1258.22,2320.83,1986.03
1993-03-16,,,,,,1254.32,2308.23,1975.25
1993-03-17,,,,,,1251.25,2298.92,1967.28
1993-03-18,,,,,,1251.5,2294.52,1963.52
1993-03-19,,,,,,1251.28,2293.55,1962.69
1993-03-22,,,,,,1238.51,2266.2,1939.28
1993-03-23,,,,,,1245.4,2281.28,1952.18
1993-03-24,,,,,,1246.67,2284.07,1954.57
1993-03-25,,,,,,1270.36,2338.75,2001.36
1993-03-26,,,,,,1285.01,2367.96,2025.78
1993-03-29,,,,,,1290.75,2377.41,2033.86
1993-03-30,,,,,,1291.82,2379.81,2035.91
1993-03-31,,,,,,1291.16,2374.51,2031.38
1993-04-01,,,,,,1280.84,2344.72,2005.89
1993-04-02,,,,,,1273.76,2327.1,1990.82
1993-04-05,,,,,,1266.43,2308.23,1974.68
1993-04-06,,,,,,1273.45,2332.38,1995.33
1993-04-07,,,,,,1267.85,2319.08,1983.96
1993-04-08,,,,,,1271.89,2322.47,1986.86
1993-04-13,,,,,,1288.1,2358.97,2018.08
1993-04-14,,,,,,1288.0,2355.87,2015.43
1993-04-15,,,,,,1275.58,2324.54,1988.63
1993-04-16,,,,,,1273.95,2322.28,1986.69
1993-04-19,,,,,,1265.49,2301.49,1968.91
1993-04-20,,,,,,1254.03,2278.6,1949.33
1993-04-21,,,,,,1244.49,2258.21,1931.89
1993-04-22,,,,,,1250.13,2272.91,1944.46
1993-04-23,,,,,,1238.63,2240.32,1916.58
1993-04-26,,,,,,1236.2,2234.52,1911.62
1993-04-27,,,,,,1241.07,2252.98,1927.41
1993-04-28,,,,,,1247.63,2270.63,1942.51
1993-04-29,,,,,,1236.31,2244.96,1920.55
1993-04-30,,,,,,1242.4,2267.86,1939.03
1993-05-03,,,,,,1241.31,2265.45,1936.97
1993-05-04,,,,,,1234.77,2249.85,1923.63
1993-05-05,,,,,,1235.16,2253.03,1926.34
1993-05-06,,,,,,1234.95,2246.18,1920.49
1993-05-07,,,,,,1216.09,2197.15,1878.57
1993-05-10,,,,,,1213.71,2196.25,1877.21
1993-05-11,,,,,,1203.46,2169.7,1854.52
1993-05-12,,,,,,1209.71,2190.94,1872.67
1993-05-13,,,,,,1214.26,2199.43,1879.93
1993-05-14,,,,,,1201.1,2166.45,1851.74
1993-05-17,,,,,,1192.6,2148.32,1835.72
1993-05-18,,,,,,1198.59,2160.81,1846.4
1993-05-19,,,,,,1193.56,2149.56,1836.78
1993-05-24,,,,,,1204.42,2178.34,1861.37
1993-05-25,,,,,,1220.45,2214.44,1891.09
1993-05-26,,,,,,1222.13,2213.67,1890.43
1993-05-27,,,,,,1229.36,2230.24,1904.59
1993-05-28,,,,,,1221.31,2211.64,1888.7
1993-06-01,,,,,,1212.61,2198.15,1872.8
1993-06-02,,,,,,1214.3,2201.71,1875.84
1993-06-03,,,,,,1209.65,2193.74,1867.92
1993-06-04,,,,,,1205.32,2184.07,1859.69
1993-06-07,,,,,,1217.87,2223.64,1887.86
1993-06-08,,,,,,1220.99,2230.46,1893.65
1993-06-09,,,,,,1236.59,2257.15,1915.23
1993-06-10,,,,,,1235.1,2253.24,1911.22
1993-06-11,,,,,,1238.86,2264.11,1920.43
1993-06-14,,,,,,1237.24,2265.83,1916.84
1993-06-15,,,,,,1228.08,2244.13,1897.86
1993-06-16,,,,,,1237.19,2270.3,1918.81
1993-06-17,,,,,,1230.77,2248.42,1900.31
1993-06-18,,,,,,1236.6,2262.56,1910.29
1993-06-21,,,,,,1244.44,2284.92,1929.17
1993-06-22,,,,,,1247.76,2292.16,1935.28
1993-06-23,,,,,,1249.46,2300.6,1942.41
1993-06-24,,,,,,1260.61,2325.34,1963.3
1993-06-25,,,,,,1260.26,2333.47,1960.84
1993-06-28,,,,,,1273.59,2369.3,1990.95
1993-06-29,,,,,,1268.79,2356.82,1977.5
1993-06-30,,,,,,1269.34,2351.61,1971.87
1993-07-01,,,,,,1266.55,2339.08,1960.15
1993-07-02,,,,,,1258.8,2326.04,1941.15
1993-07-05,,,,,,1250.73,2313.87,1925.44
1993-07-06,,,,,,1255.28,2325.5,1935.12
1993-07-07,,,,,,1258.75,2336.99,1943.73
1993-07-08,,,,,,1275.9,2381.64,1980.37
1993-07-09,,,,,,1277.94,2388.91,1985.7
1993-07-12,,,,,,1279.01,2398.72,1992.22
1993-07-13,,,,,,1279.95,2397.44,1991.15
1993-07-15,,,,,,1268.34,2363.63,1963.08
1993-07-16,,,,,,1273.79,2377.91,1974.93
1993-07-19,,,,,,1274.6,2387.12,1981.7
1993-07-20,,,,,,1270.27,2371.16,1968.44
1993-07-21,,,,,,1262.51,2345.97,1947.53
1993-07-22,,,,,,1270.1,2367.88,1965.72
1993-07-23,,,,,,1283.83,2403.2,1995.04
1993-07-26,,,,,,1291.39,2416.67,2006.22
1993-07-27,,,,,,1289.16,2406.89,1998.11
1993-07-28,,,,,,1285.62,2396.56,1989.53
1993-07-29,,,,,,1308.3,2452.53,2036.0
1993-07-30,,,,,,1331.92,2514.73,2085.88
1993-08-02,,,,,,1356.35,2566.76,2129.03
1993-08-03,,,,,,1350.01,2544.51,2110.58
1993-08-04,,,,,,1349.33,2533.4,2101.36
1993-08-05,,,,,,1357.21,2550.2,2115.3
1993-08-06,,,,,,1376.22,2591.83,2149.83
1993-08-09,,,,,,1371.32,2578.2,2138.52
1993-08-10,,,,,,1373.43,2579.72,2139.78
1993-08-11,,,,,,1389.96,2613.01,2167.39
1993-08-12,,,,,,1392.08,2606.35,2161.87
1993-08-13,,,,,,1386.59,2589.63,2148.0
1993-08-17,,,,,,1380.51,2575.51,2136.29
1993-08-18,,,,,,1393.06,2605.0,2160.75
1993-08-19,,,,,,1384.46,2579.02,2139.2
1993-08-20,,,,,,1378.4,2565.75,2128.2
1993-08-23,,,,,,1369.81,2545.47,2111.37
1993-08-24,,,,,,1375.82,2559.97,2123.4
1993-08-25,,,,,,1395.32,2603.26,2159.31
1993-08-26,,,,,,1402.73,2620.5,2173.61
1993-08-27,,,,,,1408.61,2632.88,2183.88
1993-08-30,,,,,,1418.94,2659.15,2205.67
1993-08-31,,,,,,1422.67,2672.2,2216.49
1993-09-01,,,,,,1412.06,2642.59,2191.93
1993-09-02,,,,,,1408.46,2634.38,2185.12
1993-09-03,,,,,,1394.29,2599.38,2156.09
1993-09-06,,,,,,1395.98,2601.64,2157.96
1993-09-07,,,,,,1386.6,2576.72,2137.29
1993-09-08,,,,,,1381.36,2567.25,2129.44
1993-09-09,,,,,,1372.66,2542.31,2108.75
1993-09-10,,,,,,1374.79,2541.86,2108.38
1993-09-13,,,,,,1380.54,2554.75,2119.07
1993-09-14,,,,,,1387.59,2572.92,2134.14
1993-09-15,,,,,,1361.25,2505.85,2078.51
1993-09-16,,,,,,1359.39,2502.4,2075.64
1993-09-17,,,,,,1369.56,2531.16,2099.5
1993-09-20,,,,,,1372.36,2540.63,2107.36
1993-09-21,,,,,,1367.04,2525.0,2094.39
1993-09-22,,,,,,1358.01,2507.6,2079.96
1993-09-23,,,,,,1350.17,2480.56,2057.53
1993-09-24,,,,,,1367.77,2522.84,2092.6
1993-09-27,,,,,,1377.11,2542.14,2108.61
1993-09-28,,,,,,1383.93,2555.83,2119.97
1993-09-29,,,,,,1386.63,2564.07,2126.8
1993-09-30,,,,,,1380.54,2549.39,2114.63
1993-10-01,,,,,,1383.04,2551.92,2116.72
1993-10-04,,,,,,1387.49,2566.31,2128.66
1993-10-05,,,,,,1402.69,2602.61,2158.77
1993-10-06,,,,,,1406.29,2609.47,2164.46
1993-10-07,,,,,,1399.4,2588.91,2147.41
1993-10-08,,,,,,1403.01,2599.73,2156.38
1993-10-11,,,,,,1394.64,2578.44,2138.72
1993-10-12,,,,,,1387.43,2564.13,2126.85
1993-10-13,,,,,,1388.78,2564.65,2127.28
1993-10-14,,,,,,1382.5,2548.49,2113.88
1993-10-15,,,,,,1396.16,2579.09,2139.26
1993-10-18,,,,,,1399.13,2586.0,2144.99
1993-10-19,,,,,,1399.13,2588.81,2147.32
1993-10-20,,,,,,1401.12,2591.66,2149.68
1993-10-21,,,,,,1424.54,2651.98,2199.72
1993-10-22,,,,,,1444.64,2690.73,2231.86
1993-10-25,,,,,,1443.55,2685.75,2227.73
1993-10-26,,,,,,1438.26,2664.82,2210.37
1993-10-27,,,,,,1429.87,2642.7,2192.02
1993-10-28,,,,,,1431.23,2647.48,2195.98
1993-10-29,,,,,,1428.11,2630.56,2181.95
1993-11-02,,,,,,1424.82,2615.81,2169.71
1993-11-03,,,,,,1425.34,2617.55,2171.16
1993-11-04,,,,,,1409.44,2575.13,2135.97
1993-11-05,,,,,,1381.29,2508.86,2081.01
1993-11-08,,,,,,1384.08,2513.42,2084.79
1993-11-09,,,,,,1398.02,2547.3,2112.89
1993-11-10,,,,,,1384.56,2516.48,2087.33
1993-11-12,,,,,,1387.94,2527.96,2096.85
1993-11-15,,,,,,1397.03,2553.34,2117.9
1993-11-16,,,,,,1398.0,2550.86,2115.67
1993-11-17,,,,,,1412.44,2589.62,2147.99
1993-11-18,,,,,,1413.99,2591.64,2149.67
1993-11-19,,,,,,1410.92,2586.29,2145.23
1993-11-22,,,,,,1379.53,2510.8,2082.61
1993-11-23,,,,,,1374.67,2497.36,2071.47
1993-11-24,,,,,,1375.1,2496.33,2070.61
1993-11-25,,,,,,1399.03,2553.94,2118.4
1993-11-26,,,,,,1401.36,2556.62,2120.62
1993-11-29,,,,,,1399.87,2555.03,2119.3
1993-11-30,,,,,,1395.17,2544.68,2110.09
1993-12-01,,,,,,1416.53,2597.61,2153.98
1993-12-02,,,,,,1420.73,2605.41,2160.45
1993-12-03,,,,,,1432.85,2639.12,2188.4
1993-12-06,,,,,,1433.37,2637.12,2186.74
1993-12-07,,,,,,1429.88,2624.31,2176.12
1993-12-08,,,,,,1444.74,2659.52,2205.31
1993-12-09,,,,,,1449.45,2666.86,2211.4
1993-12-10,,,,,,1445.86,2650.85,2198.13
1993-12-13,,,,,,1449.16,2648.66,2196.31
1993-12-14,,,,,,1432.25,2600.65,2156.5
1993-12-15,,,,,,1434.01,2608.04,2162.63
1993-12-16,,,,,,1437.01,2605.18,2160.26
1993-12-17,,,,,,1455.05,2648.82,2196.44
1993-12-20,,,,,,1467.85,2681.42,2223.47
1993-12-21,,,,,,1467.18,2672.23,2215.86
1993-12-22,,,,,,1471.77,2684.22,2225.79
1993-12-23,,,,,,1482.21,2704.99,2243.02
1993-12-24,,,,,,1486.37,2715.19,2251.48
1993-12-27,,,,,,1503.76,2745.42,2276.55
1993-12-28,,,,,,1498.85,2731.06,2264.64
1993-12-29,,,,,,1509.35,2751.87,2281.89
1993-12-30,,,,,,1510.72,2751.05,2281.22
1993-12-31,,,,,,1506.09,2735.38,2268.22
1994-01-03,,,,,,1517.39,2762.32,2290.56
1994-01-04,,,,,,1511.83,2742.76,2274.34
1994-01-05,,,,,,1504.29,2712.87,2249.55
1994-01-06,,,,,,1518.6,2743.62,2275.06
1994-01-07,,,,,,1538.72,2782.81,2307.55
1994-01-10,,,,,,1546.91,2794.51,2317.25
1994-01-11,,,,,,1559.03,2811.48,2331.33
1994-01-12,,,,,,1530.84,2751.87,2281.9
1994-01-13,,,,,,1515.52,2716.59,2252.19
1994-01-14,,,,,,1520.82,2728.73,2262.25
1994-01-17,,,,,,1509.81,2695.6,2234.78
1994-01-18,,,,,,1515.62,2710.76,2247.35
1994-01-19,,,,,,1530.14,2743.71,2274.67
1994-01-20,,,,,,1521.45,2723.37,2257.81
1994-01-21,,,,,,1513.88,2706.68,2243.97
1994-01-24,,,,,,1526.49,2743.49,2274.49
1994-01-25,,,,,,1533.6,2748.14,2278.34
1994-01-26,,,,,,1539.01,2752.97,2282.35
1994-01-27,,,,,,1541.33,2751.29,2280.95
1994-01-28,,,,,,1560.6,2790.15,2313.17
1994-01-31,,,,,,1573.38,2815.97,2334.36
1994-02-01,,,,,,1572.29,2812.44,2331.29
1994-02-02,,,,,,1585.2,2842.17,2355.93
1994-02-03,,,,,,1568.53,2801.23,2321.99
1994-02-04,,,,,,1572.68,2809.88,2329.17
1994-02-07,,,,,,1545.16,2759.08,2287.06
1994-02-08,,,,,,1554.55,2774.51,2299.85
1994-02-09,,,,,,1552.73,2777.18,2302.06
1994-02-10,,,,,,1549.43,2770.8,2296.77
1994-02-11,,,,,,1534.11,2744.65,2275.09
1994-02-14,,,,,,1516.76,2706.12,2243.16
1994-02-15,,,,,,1522.18,2723.99,2257.97
1994-02-16,,,,,,1527.44,2731.65,2264.32
1994-02-17,,,,,,1534.28,2751.99,2281.18
1994-02-18,,,,,,1520.36,2716.53,2251.78
1994-02-21,,,,,,1500.4,2672.39,2215.2
1994-02-22,,,,,,1506.61,2686.3,2226.73
1994-02-23,,,,,,1519.18,2716.78,2252.0
1994-02-24,,,,,,1500.76,2664.05,2208.29
1994-02-25,,,,,,1494.31,2652.75,2198.92
1994-02-28,,,,,,1510.66,2699.97,2238.06
1994-03-01,,,,,,1485.28,2633.69,2183.12
1994-03-02,,,,,,1459.88,2587.29,2144.66
1994-03-03,,,,,,1467.13,2599.06,2154.41
1994-03-04,,,,,,1478.48,2628.34,2178.69
1994-03-07,,,,,,1500.52,2678.04,2219.89
1994-03-08,,,,,,1499.04,2673.88,2216.43
1994-03-09,,,,,,1490.18,2653.61,2199.64
1994-03-10,,,,,,1483.52,2635.46,2184.58
1994-03-11,,,,,,1472.43,2623.78,2174.91
1994-03-14,,,,,,1487.63,2672.18,2215.02
1994-03-15,,,,,,1508.19,2724.65,2258.52
1994-03-16,,,,,,1501.47,2705.57,2242.71
1994-03-17,,,,,,1504.4,2711.77,2247.84
1994-03-18,,,,,,1491.38,2679.8,2221.34
1994-03-21,,,,,,1478.99,2657.3,2202.69
1994-03-22,,,,,,1478.5,2654.87,2200.68
1994-03-23,,,,,,1478.41,2654.26,2200.17
1994-03-24,,,,,,1452.96,2596.82,2152.56
1994-03-25,,,,,,1447.55,2577.6,2136.62
1994-03-28,,,,,,1451.45,2587.08,2144.49
1994-03-29,,,,,,1438.46,2561.7,2123.44
1994-03-30,,,,,,1418.37,2514.6,2083.87
1994-03-31,,,,,,1419.69,2512.28,2081.94
1994-04-05,,,,,,1426.47,2534.37,2100.25
1994-04-06,,,,,,1442.15,2568.12,2128.22
1994-04-07,,,,,,1435.57,2557.68,2119.57
1994-04-08,,,,,,1432.84,2551.9,2114.77
1994-04-11,,,,,,1447.36,2588.71,2145.28
1994-04-12,,,,,,1448.99,2592.66,2148.55
1994-04-13,,,,,,1450.32,2597.26,2152.36
1994-04-14,,,,,,1443.38,2581.19,2139.05
1994-04-15,,,,,,1450.29,2605.98,2159.59
1994-04-18,,,,,,1449.03,2606.55,2160.06
1994-04-19,,,,,,1430.23,2577.49,2135.98
1994-04-20,,,,,,1411.42,2537.34,2102.71
1994-04-21,,,,,,1402.99,2524.36,2091.95
1994-04-22,,,,,,1425.06,2576.52,2135.17
1994-04-25,,,,,,1418.99,2553.72,2116.29
1994-04-26,,,,,,1427.2,2572.82,2130.91
1994-04-27,,,,,,1436.35,2592.64,2147.32
1994-04-28,,,,,,1440.33,2596.17,2150.25
1994-04-29,,,,,,1445.4,2615.14,2165.96
1994-05-02,,,,,,1455.54,2639.61,2186.23
1994-05-03,,,,,,1452.88,2630.87,2178.99
1994-05-04,,,,,,1431.93,2585.7,2141.57
1994-05-05,,,,,,1438.25,2611.1,2162.62
1994-05-06,,,,,,1434.83,2605.79,2158.22
1994-05-09,,,,,,1422.97,2583.09,2139.42
1994-05-10,,,,,,1435.56,2613.95,2164.98
1994-05-11,,,,,,1440.92,2628.15,2176.74
1994-05-13,,,,,,1447.84,2640.54,2187.0
1994-05-16,,,,,,1448.3,2645.43,2187.7
1994-05-17,,,,,,1450.78,2654.47,2195.17
1994-05-18,,,,,,1448.14,2640.95,2183.99
1994-05-19,,,,,,1441.0,2619.17,2165.35
1994-05-20,,,,,,1432.82,2607.17,2155.43
1994-05-24,,,,,,1417.26,2580.43,2133.32
1994-05-25,,,,,,1395.85,2521.27,2084.41
1994-05-26,,,,,,1397.97,2530.92,2091.89
1994-05-27,,,,,,1378.63,2481.04,2050.67
1994-05-30,,,,,,1379.81,2485.47,2052.51
1994-05-31,,,,,,1365.51,2458.1,2029.9
1994-06-01,,,,,,1337.2,2397.28,1979.68
1994-06-02,,,,,,1347.97,2430.82,2007.38
1994-06-03,,,,,,1367.89,2472.43,2041.74
1994-06-06,,,,,,1367.23,2475.22,2037.15
1994-06-07,,,,,,1360.66,2458.92,2023.74
1994-06-08,,,,,,1372.03,2486.95,2046.81
1994-06-09,,,,,,1361.98,2466.0,2028.39
1994-06-10,,,,,,1358.21,2457.88,2020.72
1994-06-13,,,,,,1332.6,2412.08,1977.66
1994-06-14,,,,,,1336.77,2429.55,1991.99
1994-06-15,,,,,,1332.96,2400.14,1964.06
1994-06-16,,,,,,1306.06,2373.03,1942.81
1994-06-17,,,,,,1300.98,2364.65,1935.95
1994-06-20,,,,,,1277.24,2324.46,1903.04
1994-06-21,,,,,,1270.51,2309.48,1890.78
1994-06-22,,,,,,1281.81,2341.56,1917.04
1994-06-23,,,,,,1292.19,2368.4,1939.02
1994-06-24,,,,,,1280.28,2329.32,1907.02
1994-06-27,,,,,,1280.72,2346.29,1911.6
1994-06-28,,,,,,1292.15,2365.37,1925.76
1994-06-29,,,,,,1298.25,2382.45,1936.33
1994-06-30,,,,,,1278.69,2329.34,1892.0
1994-07-01,,,,,,1268.47,2311.26,1872.86
1994-07-04,,,,,,1265.36,2315.35,1866.18
1994-07-05,,,,,,1269.27,2333.23,1878.73
1994-07-06,,,,,,1274.53,2345.96,1888.99
1994-07-07,,,,,,1288.66,2386.0,1920.75
1994-07-08,,,,,,1289.97,2386.04,1920.78
1994-07-11,,,,,,1303.92,2422.02,1949.75
1994-07-12,,,,,,1299.73,2412.49,1942.08
1994-07-13,,,,,,1317.09,2454.06,1974.59
1994-07-18,,,,,,1344.97,2516.87,2025.13
1994-07-19,,,,,,1360.71,2550.67,2052.33
1994-07-20,,,,,,1359.66,2540.97,2043.72
1994-07-21,,,,,,1362.65,2553.48,2053.78
1994-07-22,,,,,,1358.34,2538.1,2041.41
1994-07-25,,,,,,1369.19,2561.01,2059.84
1994-07-26,,,,,,1380.14,2582.15,2076.84
1994-07-27,,,,,,1370.32,2555.85,2055.69
1994-07-28,,,,,,1367.47,2553.05,2053.43
1994-07-29,,,,,,1381.16,2580.45,2074.99
1994-08-01,,,,,,1380.95,2573.72,2069.58
1994-08-02,,,,,,1404.71,2632.98,2117.23
1994-08-03,,,,,,1405.17,2630.29,2115.07
1994-08-04,,,,,,1398.18,2607.14,2096.45
1994-08-05,,,,,,1403.31,2620.35,2107.07
1994-08-08,,,,,,1401.36,2619.44,2106.34
1994-08-09,,,,,,1385.45,2579.82,2074.48
1994-08-10,,,,,,1378.65,2566.99,2064.17
1994-08-11,,,,,,1365.87,2535.61,2038.93
1994-08-12,,,,,,1346.84,2495.83,2006.95
1994-08-16,,,,,,1349.4,2502.55,2012.35
1994-08-17,,,,,,1360.22,2530.69,2034.98
1994-08-18,,,,,,1349.38,2500.3,2010.54
1994-08-19,,,,,,1344.9,2488.85,2001.33
1994-08-22,,,,,,1328.68,2453.16,1972.63
1994-08-23,,,,,,1338.99,2487.98,2000.63
1994-08-24,,,,,,1339.94,2495.02,2006.29
1994-08-25,,,,,,1354.57,2520.18,2026.52
1994-08-26,,,,,,1372.5,2565.22,2062.74
1994-08-29,,,,,,1380.84,2580.8,2075.27
1994-08-30,,,,,,1373.97,2562.27,2060.37
1994-08-31,,,,,,1378.35,2573.1,2069.08
1994-09-01,,,,,,1364.46,2530.61,2034.91
1994-09-02,,,,,,1358.42,2512.53,2020.37
1994-09-05,,,,,,1346.1,2484.95,1998.2
1994-09-06,,,,,,1327.71,2439.25,1961.45
1994-09-07,,,,,,1328.37,2442.68,1964.2
1994-09-08,,,,,,1338.72,2466.55,1983.4
1994-09-09,,,,,,1322.89,2423.55,1948.83
1994-09-12,,,,,,1329.15,2445.9,1966.79
1994-09-13,,,,,,1328.58,2449.1,1969.36
1994-09-14,,,,,,1321.28,2428.67,1952.94
1994-09-15,,,,,,1331.1,2458.97,1977.3
1994-09-16,,,,,,1303.78,2393.41,1924.59
1994-09-19,,,,,,1301.82,2391.27,1922.87
1994-09-20,,,,,,1294.88,2386.78,1919.25
1994-09-21,,,,,,1280.23,2359.33,1897.18
1994-09-22,,,,,,1278.47,2362.05,1899.37
1994-09-23,,,,,,1291.75,2396.84,1927.35
1994-09-26,,,,,,1279.47,2366.21,1902.72
1994-09-27,,,,,,1278.42,2364.42,1901.28
1994-09-28,,,,,,1279.66,2368.99,1904.95
1994-09-29,,,,,,1262.98,2333.21,1876.18
1994-09-30,,,,,,1267.69,2337.04,1879.25
1994-10-03,,,,,,1251.82,2304.19,1852.83
1994-10-04,,,,,,1262.63,2333.15,1876.12
1994-10-05,,,,,,1238.08,2280.42,1833.72
1994-10-06,,,,,,1241.06,2292.44,1843.38
1994-10-07,,,,,,1245.61,2308.6,1856.38
1994-10-10,,,,,,1267.51,2360.75,1898.32
1994-10-11,,,,,,1278.5,2386.5,1919.02
1994-10-12,,,,,,1280.32,2385.41,1918.14
1994-10-13,,,,,,1298.09,2432.1,1955.68
1994-10-14,,,,,,1288.05,2403.92,1933.02
1994-10-17,,,,,,1274.44,2370.84,1906.42
1994-10-18,,,,,,1268.76,2361.12,1898.6
1994-10-19,,,,,,1256.64,2333.4,1876.31
1994-10-20,,,,,,1251.21,2322.28,1867.37
1994-10-21,,,,,,1237.88,2290.84,1842.09
1994-10-24,,,,,,1238.73,2290.21,1841.59
1994-10-25,,,,,,1227.86,2268.86,1824.42
1994-10-26,,,,,,1231.77,2277.72,1831.54
1994-10-27,,,,,,1243.52,2310.76,1858.11
1994-10-28,,,,,,1266.92,2369.93,1905.69
1994-11-02,,,,,,1252.89,2330.03,1905.69
1994-11-03,,,,,,1270.46,2376.7,1911.13
1994-11-04,,,,,,1281.87,2402.22,1931.65
1994-11-07,,,,,,1269.46,2370.41,1906.07
1994-11-08,,,,,,1277.12,2389.64,1921.54
1994-11-09,,,,,,1291.58,2417.4,1943.86
1994-11-10,,,,,,1293.15,2422.99,1948.35
1994-11-14,,,,,,1291.71,2413.95,1941.08
1994-11-15,,,,,,1299.76,2430.67,1954.53
1994-11-16,,,,,,1297.66,2425.28,1950.2
1994-11-17,,,,,,1284.58,2397.09,1927.53
1994-11-18,,,,,,1280.81,2395.8,1926.5
1994-11-21,,,,,,1280.62,2397.46,1927.83
1994-11-22,,,,,,1271.08,2377.04,1911.41
1994-11-23,,,,,,1259.44,2354.25,1893.09
1994-11-24,,,,,,1283.06,2405.97,1934.68
1994-11-25,,,,,,1288.38,2419.92,1945.89
1994-11-28,,,,,,1292.91,2427.99,1952.38
1994-11-29,,,,,,1286.84,2412.56,1939.97
1994-11-30,,,,,,1303.53,2458.45,1975.94
1994-12-01,,,,,,1299.84,2443.53,1963.95
1994-12-02,,,,,,1305.9,2466.87,1982.71
1994-12-05,,,,,,1302.63,2455.59,1973.65
1994-12-06,,,,,,1297.85,2449.74,1968.95
1994-12-07,,,,,,1298.32,2450.84,1969.84
1994-12-08,,,,,,1290.13,2431.24,1954.09
1994-12-09,,,,,,1282.34,2409.96,1936.99
1994-12-12,,,,,,1271.33,2387.97,1919.32
1994-12-13,,,,,,1267.82,2385.22,1917.11
1994-12-14,,,,,,1270.93,2401.28,1930.02
1994-12-15,,,,,,1270.11,2402.62,1931.1
1994-12-16,,,,,,1266.23,2393.99,1924.16
1994-12-19,,,,,,1267.07,2398.88,1928.09
1994-12-20,,,,,,1262.42,2394.69,1924.72
1994-12-21,,,,,,1270.47,2414.81,1940.89
1994-12-22,,,,,,1277.15,2428.7,1952.05
1994-12-23,,,,,,1276.06,2425.96,1949.85
1994-12-26,,,,,,1285.89,2446.76,1966.57
1994-12-27,,,,,,1279.81,2433.58,1955.98
1994-12-28,,,,,,1266.29,2398.56,1927.83
1994-12-29,,,,,,1252.28,2356.66,1894.15
1994-12-30,,,,,,1250.66,2340.49,1881.15
1995-01-03,,,,,,1252.58,2346.41,1885.91
1995-01-04,,,,,,1258.62,2366.17,1901.79
1995-01-05,,,,,,1242.83,2328.52,1871.53
1995-01-06,,,,,,1249.39,2347.03,1886.4
1995-01-09,,,,,,1239.01,2319.44,1864.22
1995-01-10,,,,,,1233.51,2313.18,1859.19
1995-01-11,,,,,,1228.88,2300.66,1849.13
1995-01-12,,,,,,1226.43,2294.91,1844.06
1995-01-13,,,,,,1228.85,2307.26,1853.98
1995-01-16,,,,,,1237.8,2330.69,1872.81
1995-01-17,,,,,,1228.94,2310.94,1856.94
1995-01-18,,,,,,1228.34,2315.09,1860.27
1995-01-19,,,,,,1216.78,2286.27,1837.11
1995-01-20,,,,,,1202.37,2256.68,1813.33
1995-01-23,,,,,,1178.82,2206.29,1772.84
1995-01-24,,,,,,1180.78,2215.41,1780.17
1995-01-25,,,,,,1192.07,2243.15,1802.46
1995-01-26,,,,,,1204.09,2272.8,1826.28
1995-01-27,,,,,,1200.7,2257.68,1814.13
1995-01-30,,,,,,1200.07,2256.8,1813.43
1995-01-31,,,,,,1191.14,2237.76,1797.9
1995-02-01,,,,,,1207.05,2275.12,1827.78
1995-02-02,,,,,,1202.04,2260.58,1816.1
1995-02-03,,,,,,1215.41,2293.36,1842.43
1995-02-06,,,,,,1232.91,2330.31,1872.11
1995-02-07,,,,,,1232.9,2328.23,1870.44
1995-02-08,,,,,,1223.85,2303.92,1850.91
1995-02-09,,,,,,1236.43,2333.2,1874.44
1995-02-10,,,,,,1235.43,2326.93,1869.4
1995-02-13,,,,,,1225.01,2303.17,1850.31
1995-02-14,,,,,,1225.89,2310.36,1856.09
1995-02-15,,,,,,1228.98,2317.59,1861.9
1995-02-16,,,,,,1216.19,2284.11,1835.0
1995-02-17,,,,,,1210.1,2268.51,1822.47
1995-02-20,,,,,,1197.97,2243.32,1802.24
1995-02-21,,,,,,1197.8,2247.52,1805.62
1995-02-22,,,,,,1196.99,2245.96,1804.37
1995-02-23,,,,,,1208.51,2274.14,1827.01
1995-02-24,,,,,,1199.51,2247.67,1805.74
1995-02-27,,,,,,1196.14,2243.23,1802.17
1995-02-28,,,,,,1184.73,2211.71,1776.85
1995-03-01,,,,,,1198.46,2250.93,1808.36
1995-03-02,,,,,,1198.76,2249.67,1807.35
1995-03-03,,,,,,1192.77,2234.59,1795.24
1995-03-06,,,,,,1181.54,2207.22,1773.25
1995-03-07,,,,,,1168.86,2176.55,1748.61
1995-03-08,,,,,,1170.4,2186.7,1756.76
1995-03-09,,,,,,1157.1,2149.75,1727.07
1995-03-10,,,,,,1164.44,2169.71,1743.1
1995-03-13,,,,,,1154.41,2143.19,1721.8
1995-03-14,,,,,,1175.48,2201.93,1768.99
1995-03-15,,,,,,1162.38,2164.1,1738.6
1995-03-16,,,,,,1182.15,2222.8,1785.76
1995-03-17,,,,,,1185.4,2226.63,1788.83
1995-03-20,,,,,,1197.38,2254.93,1811.57
1995-03-21,,,,,,1198.15,2257.68,1813.78
1995-03-22,,,,,,1198.04,2262.9,1817.98
1995-03-23,,,,,,1187.48,2235.12,1795.66
1995-03-24,,,,,,1198.5,2262.04,1817.29
1995-03-27,,,,,,1210.94,2285.46,1836.1
1995-03-28,,,,,,1210.9,2286.82,1837.19
1995-03-29,,,,,,1216.31,2305.77,1852.42
1995-03-30,,,,,,1236.87,2356.9,1893.0
1995-03-31,,,,,,1223.3,2315.16,1859.48
1995-04-03,,,,,,1225.19,2320.79,1864.0
1995-04-04,,,,,,1235.93,2344.16,1882.77
1995-04-05,,,,,,1233.4,2331.89,1872.92
1995-04-06,,,,,,1242.05,2353.36,1890.16
1995-04-07,,,,,,1248.05,2366.06,1900.36
1995-04-10,,,,,,1239.0,2341.86,1880.92
1995-04-11,,,,,,1234.54,2327.41,1869.31
1995-04-12,,,,,,1233.96,2330.68,1871.93
1995-04-13,,,,,,1237.98,2342.15,1881.14
1995-04-18,,,,,,1226.18,2310.48,1855.7
1995-04-19,,,,,,1233.43,2334.39,1874.9
1995-04-20,,,,,,1236.46,2343.23,1882.0
1995-04-21,,,,,,1259.18,2400.96,1928.37
1995-04-24,,,,,,1256.1,2388.69,1918.51
1995-04-25,,,,,,1271.78,2424.51,1945.93
1995-04-26,,,,,,1271.79,2420.01,1942.32
1995-04-27,,,,,,1265.97,2405.86,1930.96
1995-04-28,,,,,,1260.96,2390.29,1918.46
1995-05-02,,,,,,1271.32,2413.21,1936.85
1995-05-03,,,,,,1289.13,2455.85,1971.07
1995-05-04,,,,,,1278.85,2424.85,1946.19
1995-05-05,,,,,,1269.92,2401.46,1927.41
1995-05-09,,,,,,1302.19,2477.78,1988.67
1995-05-10,,,,,,1310.02,2487.75,1996.67
1995-05-11,,,,,,1313.91,2497.02,2003.62
1995-05-12,,,,,,1322.3,2514.03,2017.27
1995-05-15,,,,,,1309.68,2485.64,1991.53
1995-05-16,,,,,,1313.54,2497.8,2001.27
1995-05-17,,,,,,1315.72,2502.05,2004.68
1995-05-18,,,,,,1308.21,2483.45,1989.78
1995-05-19,,,,,,1295.96,2456.11,1965.46
1995-05-22,,,,,,1302.37,2473.71,1979.54
1995-05-23,,,,,,1299.22,2455.93,1965.31
1995-05-24,,,,,,1299.74,2450.13,1960.67
1995-05-26,,,,,,1280.06,2398.14,1919.07
1995-05-29,,,,,,1282.95,2409.08,1927.82
1995-05-30,,,,,,1282.66,2408.43,1927.3
1995-05-31,,,,,,1291.97,2434.24,1947.95
1995-06-01,,,,,,1298.42,2452.38,1960.8
1995-06-02,,,,,,1303.41,2469.05,1971.3
1995-06-06,,,,,,1302.68,2481.39,1965.94
1995-06-07,,,,,,1307.94,2492.43,1974.69
1995-06-08,,,,,,1295.57,2462.77,1951.19
1995-06-09,,,,,,1270.73,2394.87,1897.02
1995-06-12,,,,,,1272.12,2408.42,1907.75
1995-06-13,,,,,,1277.23,2427.41,1922.79
1995-06-14,,,,,,1264.27,2390.63,1893.65
1995-06-15,,,,,,1276.52,2427.55,1920.7
1995-06-16,,,,,,1268.53,2407.64,1904.95
1995-06-19,,,,,,1273.26,2427.46,1918.43
1995-06-20,,,,,,1260.5,2399.24,1896.12
1995-06-21,,,,,,1262.0,2410.46,1902.75
1995-06-22,,,,,,1271.43,2438.92,1925.21
1995-06-23,,,,,,1258.19,2400.74,1895.07
1995-06-26,,,,,,1261.85,2410.08,1902.44
1995-06-27,,,,,,1249.72,2383.51,1877.67
1995-06-28,,,,,,1242.09,2369.93,1865.45
1995-06-29,,,,,,1240.68,2374.37,1861.9
1995-06-30,,,,,,1239.86,2371.28,1858.82
1995-07-03,,,,,,1248.53,2404.73,1879.68
1995-07-04,,,,,,1253.44,2420.6,1889.44
1995-07-05,,,,,,1263.04,2447.79,1907.76
1995-07-06,,,,,,1254.61,2425.13,1889.49
1995-07-07,,,,,,1284.14,2503.82,1950.8
1995-07-10,,,,,,1283.29,2503.24,1949.39
1995-07-11,,,,,,1288.98,2518.56,1961.32
1995-07-12,,,,,,1288.79,2519.0,1961.66
1995-07-13,,,,,,1282.29,2501.87,1948.32
1995-07-17,,,,,,1281.24,2505.96,1951.5
1995-07-18,,,,,,1272.22,2477.06,1928.99
1995-07-19,,,,,,1271.67,2480.96,1931.18
1995-07-20,,,,,,1258.79,2448.53,1905.94
1995-07-21,,,,,,1259.01,2452.96,1908.85
1995-07-24,,,,,,1267.72,2479.57,1929.56
1995-07-25,,,,,,1275.12,2494.7,1941.34
1995-07-26,,,,,,1274.75,2496.23,1942.53
1995-07-27,,,,,,1276.63,2503.11,1947.88
1995-07-28,,,,,,1271.43,2483.71,1932.78
1995-07-31,,,,,,1265.77,2467.34,1920.04
1995-08-01,,,,,,1264.82,2464.47,1917.81
1995-08-02,,,,,,1284.28,2518.72,1960.03
1995-08-03,,,,,,1278.99,2506.89,1950.83
1995-08-04,,,,,,1282.72,2514.93,1957.08
1995-08-07,,,,,,1280.0,2506.3,1950.37
1995-08-08,,,,,,1283.41,2511.81,1954.66
1995-08-09,,,,,,1277.99,2497.77,1943.74
1995-08-10,,,,,,1280.06,2504.81,1949.22
1995-08-11,,,,,,1279.33,2500.94,1946.21
1995-08-16,,,,,,1290.02,2531.99,1970.37
1995-08-17,,,,,,1287.66,2528.01,1967.27
1995-08-18,,,,,,1290.07,2533.52,1971.56
1995-08-21,,,,,,1289.47,2550.07,1984.44
1995-08-22,,,,,,1286.36,2522.98,1963.36
1995-08-23,,,,,,1282.54,2515.35,1957.42
1995-08-24,,,,,,1274.3,2491.9,1939.17
1995-08-25,,,,,,1275.96,2490.15,1937.81
1995-08-28,,,,,,1251.84,2428.77,1890.05
1995-08-29,,,,,,1255.36,2440.92,1899.51
1995-08-30,,,,,,1266.12,2469.08,1921.43
1995-08-31,,,,,,1248.83,2420.19,1883.39
1995-09-01,,,,,,1250.73,2418.01,1881.69
1995-09-04,,,,,,1259.41,2442.21,1900.52
1995-09-05,,,,,,1259.98,2444.73,1902.48
1995-09-06,,,,,,1251.83,2421.98,1884.77
1995-09-07,,,,,,1239.8,2392.33,1861.7
1995-09-08,,,,,,1234.09,2383.59,1854.9
1995-09-11,,,,,,1239.81,2402.59,1869.68
1995-09-12,,,,,,1242.9,2407.58,1873.56
1995-09-13,,,,,,1255.85,2439.28,1898.23
1995-09-14,,,,,,1255.7,2431.76,1892.37
1995-09-15,,,,,,1251.0,2415.83,1879.97
1995-09-18,,,,,,1245.36,2405.25,1871.74
1995-09-19,,,,,,1248.56,2419.08,1882.5
1995-09-20,,,,,,1238.81,2395.04,1863.79
1995-09-21,,,,,,1232.83,2382.36,1853.92
1995-09-22,,,,,,1201.01,2301.1,1790.69
1995-09-25,,,,,,1203.7,2313.81,1800.58
1995-09-26,,,,,,1213.22,2334.01,1816.3
1995-09-27,,,,,,1200.0,2302.55,1791.82
1995-09-28,,,,,,1187.76,2271.4,1767.58
1995-09-29,,,,,,1198.64,2298.09,1788.35
1995-10-02,,,,,,1197.09,2288.27,1780.71
1995-10-03,,,,,,1207.72,2313.96,1800.7
1995-10-04,,,,,,1208.66,2318.03,1803.87
1995-10-05,,,,,,1206.93,2313.47,1800.32
1995-10-06,,,,,,1209.21,2325.36,1809.57
1995-10-09,,,,,,1197.32,2294.69,1785.71
1995-10-10,,,,,,1192.91,2284.72,1777.96
1995-10-11,,,,,,1199.27,2305.88,1794.43
1995-10-12,,,,,,1205.33,2317.85,1803.75
1995-10-13,,,,,,1211.88,2334.92,1817.03
1995-10-16,,,,,,1199.41,2300.82,1790.49
1995-10-17,,,,,,1194.37,2287.0,1779.74
1995-10-18,,,,,,1190.99,2275.34,1770.66
1995-10-19,,,,,,1182.44,2258.17,1757.3
1995-10-20,,,,,,1169.05,2236.86,1740.72
1995-10-23,,,,,,1155.11,2211.7,1721.14
1995-10-24,,,,,,1156.31,2215.64,1724.21
1995-10-25,,,,,,1176.6,2266.92,1764.12
1995-10-26,,,,,,1172.22,2254.07,1754.12
1995-10-27,,,,,,1164.8,2238.99,1742.38
1995-10-30,,,,,,1190.83,2307.04,1795.34
1995-10-31,,,,,,1200.36,2331.03,1814.01
1995-11-02,,,,,,1208.19,2349.96,1828.74
1995-11-03,,,,,,1209.79,2354.27,1832.1
1995-11-06,,,,,,1204.83,2342.11,1822.64
1995-11-07,,,,,,1221.67,2386.72,1857.35
1995-11-08,,,,,,1226.7,2398.26,1866.33
1995-11-09,,,,,,1220.2,2380.65,1852.63
1995-11-10,,,,,,1216.13,2364.19,1839.82
1995-11-13,,,,,,1215.67,2362.15,1839.82
1995-11-14,,,,,,1216.27,2362.11,1838.21
1995-11-15,,,,,,1233.71,2409.61,1875.18
1995-11-16,,,,,,1253.66,2448.11,1905.14
1995-11-17,,,,,,1248.51,2429.32,1890.52
1995-11-20,,,,,,1243.19,2417.6,1881.4
1995-11-21,,,,,,1237.31,2406.71,1872.93
1995-11-22,,,,,,1237.83,2409.97,1875.47
1995-11-23,,,,,,1234.28,2399.23,1867.11
1995-11-24,,,,,,1248.55,2429.86,1890.95
1995-11-27,,,,,,1247.15,2428.33,1889.76
1995-11-28,,,,,,1237.72,2403.38,1870.34
1995-11-29,,,,,,1230.93,2386.67,1857.33
1995-11-30,,,,,,1215.23,2350.54,1828.28
1995-12-01,,,,,,1212.04,2341.06,1820.91
1995-12-04,,,,,,1182.68,2281.86,1774.86
1995-12-05,,,,,,1202.7,2333.31,1814.87
1995-12-06,,,,,,1213.74,2358.87,1834.75
1995-12-07,,,,,,1219.0,2374.36,1846.8
1995-12-08,,,,,,1225.56,2386.62,1856.33
1995-12-11,,,,,,1219.78,2377.95,1849.59
1995-12-12,,,,,,1218.69,2377.11,1848.94
1995-12-13,,,,,,1208.28,2357.59,1833.76
1995-12-14,,,,,,1229.28,2410.59,1874.98
1995-12-15,,,,,,1224.28,2390.37,1859.25
1995-12-18,,,,,,1203.15,2340.52,1820.47
1995-12-19,,,,,,1195.86,2327.33,1810.21
1995-12-20,,,,,,1205.15,2354.32,1831.2
1995-12-21,,,,,,1204.7,2358.41,1834.38
1995-12-22,,,,,,1226.56,2408.53,1873.37
1995-12-26,,,,,,1225.05,2399.92,1866.67
1995-12-27,,,,,,1230.22,2413.25,1877.03
1995-12-28,,,,,,1232.92,2415.86,1879.06
1995-12-29,,,,,,1232.86,2406.75,1871.97
1996-01-02,,,,,,1250.16,2453.56,1908.38
1996-01-03,,,,,,1269.16,2498.02,1942.96
1996-01-04,,,,,,1268.14,2482.91,1931.21
1996-01-05,,,,,,1262.91,2465.57,1917.72
1996-01-08,,,,,,1263.96,2464.08,1916.56
1996-01-09,,,,,,1267.11,2463.73,1916.29
1996-01-10,,,,,,1262.13,2455.79,1910.11
1996-01-11,,,,,,1255.44,2440.6,1897.85
1996-01-12,,,,,,1262.73,2453.13,1907.59
1996-01-15,,,,,,1270.25,2474.75,1924.4
1996-01-16,,,,,,1284.6,2510.38,1952.1
1996-01-17,,,,,,1292.7,2528.25,1966.0
1996-01-18,,,,,,1292.31,2520.61,1960.06
1996-01-19,,,,,,1297.44,2526.04,1964.28
1996-01-22,,,,,,1293.94,2513.36,1954.42
1996-01-23,,,,,,1284.22,2487.2,1934.08
1996-01-24,,,,,,1289.88,2502.5,1945.97
1996-01-25,,,,,,1295.43,2507.92,1950.19
1996-01-26,,,,,,1303.57,2529.2,1966.73
1996-01-29,,,,,,1309.44,2547.13,1980.68
1996-01-30,,,,,,1322.9,2576.01,2003.13
1996-01-31,,,,,,1336.56,2599.03,2021.03
1996-02-01,,,,,,1338.17,2603.14,2024.09
1996-02-02,,,,,,1337.73,2600.72,2022.21
1996-02-05,,,,,,1320.54,2553.62,1985.59
1996-02-06,,,,,,1323.62,2557.32,1988.47
1996-02-07,,,,,,1325.02,2550.66,1983.29
1996-02-08,,,,,,1313.17,2515.77,1956.16
1996-02-09,,,,,,1316.88,2521.54,1960.65
1996-02-12,,,,,,1320.86,2530.57,1967.67
1996-02-13,,,,,,1328.95,2550.71,1983.33
1996-02-14,,,,,,1318.04,2516.05,1956.38
1996-02-15,,,,,,1322.84,2526.11,1964.21
1996-02-16,,,,,,1319.38,2511.05,1952.5
1996-02-19,,,,,,1312.33,2494.63,1939.74
1996-02-20,,,,,,1309.78,2485.14,1932.36
1996-02-21,,,,,,1310.48,2490.97,1936.9
1996-02-22,,,,,,1320.69,2512.01,1953.26
1996-02-23,,,,,,1338.17,2542.4,1976.89
1996-02-26,,,,,,1331.32,2521.87,1960.93
1996-02-27,,,,,,1340.31,2539.35,1974.52
1996-02-28,,,,,,1354.91,2568.12,1996.89
1996-02-29,,,,,,1355.08,2560.25,1990.77
1996-03-01,,,,,,1371.09,2594.23,2017.19
1996-03-04,,,,,,1372.31,2591.81,2015.31
1996-03-05,,,,,,1366.62,2574.61,2001.94
1996-03-06,,,,,,1368.07,2579.69,2005.89
1996-03-07,,,,,,1368.95,2582.44,2008.03
1996-03-08,,,,,,1351.92,2540.55,1975.46
1996-03-11,,,,,,1336.24,2506.38,1948.89
1996-03-12,,,,,,1330.24,2484.75,1932.07
1996-03-13,,,,,,1336.59,2500.47,1944.3
1996-03-14,,,,,,1344.94,2523.76,1962.41
1996-03-15,,,,,,1341.15,2507.96,1950.12
1996-03-18,,,,,,1348.02,2527.12,1965.02
1996-03-19,,,,,,1347.77,2529.93,1967.2
1996-03-20,,,,,,1346.36,2533.26,1969.79
1996-03-21,,,,,,1350.71,2542.39,1976.89
1996-03-22,,,,,,1350.55,2539.13,1974.35
1996-03-25,,,,,,1368.75,2577.04,2003.83
1996-03-26,,,,,,1369.07,2582.34,2007.95
1996-03-27,,,,,,1382.39,2611.35,2030.51
1996-03-28,,,,,,1378.39,2597.8,2019.97
1996-03-29,,,,,,1392.96,2629.7,2044.77
1996-04-01,,,,,,1401.52,2644.35,2055.63
1996-04-02,,,,,,1407.66,2663.37,2070.41
1996-04-03,,,,,,1404.99,2655.13,2064.0
1996-04-04,,,,,,1410.74,2669.24,2074.96
1996-04-09,,,,,,1412.1,2677.92,2081.71
1996-04-10,,,,,,1420.1,2693.65,2093.94
1996-04-11,,,,,,1408.64,2666.09,2072.52
1996-04-12,,,,,,1408.5,2668.95,2074.74
1996-04-15,,,,,,1412.25,2676.44,2080.56
1996-04-16,,,,,,1420.33,2698.02,2097.34
1996-04-17,,,,,,1411.34,2669.44,2075.12
1996-04-18,,,,,,1417.34,2683.38,2085.96
1996-04-19,,,,,,1421.9,2691.73,2092.45
1996-04-22,,,,,,1435.38,2722.72,2116.54
1996-04-23,,,,,,1433.29,2716.85,2111.98
1996-04-24,,,,,,1440.73,2729.87,2122.1
1996-04-25,,,,,,1436.97,2724.53,2116.35
1996-04-26,,,,,,1449.7,2752.87,2138.36
1996-04-29,,,,,,1446.26,2743.12,2130.78
1996-04-30,,,,,,1453.88,2763.73,2146.79
1996-05-02,,,,,,1452.3,2754.48,2136.8
1996-05-03,,,,,,1439.61,2726.87,2115.38
1996-05-06,,,,,,1427.29,2694.7,2090.42
1996-05-07,,,,,,1424.3,2686.08,2083.74
1996-05-09,,,,,,1424.35,2688.23,2085.41
1996-05-10,,,,,,1436.52,2726.12,2114.8
1996-05-13,,,,,,1431.8,2714.05,2100.85
1996-05-14,,,,,,1441.38,2742.04,2122.08
1996-05-15,,,,,,1444.2,2745.34,2124.64
1996-05-17,,,,,,1451.06,2761.2,2136.91
1996-05-20,,,,,,1444.42,2744.5,2120.59
1996-05-21,,,,,,1451.51,2756.3,2129.71
1996-05-22,,,,,,1439.36,2722.37,2103.49
1996-05-23,,,,,,1444.26,2736.55,2114.45
1996-05-24,,,,,,1448.97,2740.69,2117.65
1996-05-28,,,,,,1456.83,2760.42,2132.9
1996-05-29,,,,,,1449.92,2739.97,2117.1
1996-05-30,,,,,,1444.35,2728.77,2108.44
1996-05-31,,,,,,1445.67,2730.87,2110.06
1996-06-03,,,,,,1450.26,2752.22,2121.1
1996-06-04,,,,,,1447.69,2739.11,2111.0
1996-06-05,,,,,,1449.53,2744.75,2115.35
1996-06-06,,,,,,1457.56,2767.93,2133.22
1996-06-07,,,,,,1441.96,2727.94,2101.99
1996-06-10,,,,,,1451.27,2757.55,2120.84
1996-06-11,,,,,,1455.44,2779.21,2137.5
1996-06-12,,,,,,1455.47,2780.69,2137.29
1996-06-13,,,,,,1449.86,2766.26,2126.2
1996-06-14,,,,,,1442.59,2752.21,2111.78
1996-06-17,,,,,,1443.36,2757.25,2113.04
1996-06-18,,,,,,1440.16,2761.11,2107.94
1996-06-19,,,,,,1436.33,2752.4,2100.7
1996-06-20,,,,,,1422.32,2721.45,2077.08
1996-06-21,,,,,,1422.64,2730.75,2084.18
1996-06-24,,,,,,1432.75,2748.37,2097.63
1996-06-25,,,,,,1444.13,2780.81,2118.43
1996-06-26,,,,,,1440.71,2777.36,2113.28
1996-06-27,,,,,,1441.2,2776.79,2112.85
1996-06-28,,,,,,1448.4,2797.3,2123.7
1996-07-01,,,,,,1445.82,2795.32,2118.75
1996-07-02,,,,,,1442.11,2786.16,2111.8
1996-07-03,,,,,,1442.3,2792.42,2113.98
1996-07-04,,,,,,1449.08,2811.37,2126.81
1996-07-05,,,,,,1435.94,2774.97,2098.79
1996-07-08,,,,,,1423.02,2749.88,2079.06
1996-07-09,,,,,,1421.75,2746.58,2076.57
1996-07-10,,,,,,1424.41,2754.33,2081.85
1996-07-11,,,,,,1419.23,2743.5,2073.66
1996-07-12,,,,,,1403.78,2715.09,2050.55
1996-07-15,,,,,,1391.04,2687.24,2029.51
1996-07-16,,,,,,1363.19,2635.66,1989.51
1996-07-17,,,,,,1367.7,2643.08,1995.11
1996-07-18,,,,,,1373.97,2659.17,2007.26
1996-07-19,,,,,,1369.0,2640.06,1992.83
1996-07-22,,,,,,1350.95,2597.0,1960.33
1996-07-23,,,,,,1360.39,2626.01,1982.23
1996-07-24,,,,,,1342.94,2588.75,1954.1
1996-07-25,,,,,,1356.14,2616.0,1974.67
1996-07-26,,,,,,1350.75,2600.35,1962.86
1996-07-29,,,,,,1350.5,2598.02,1961.1
1996-07-30,,,,,,1352.95,2607.81,1968.49
1996-07-31,,,,,,1365.47,2644.11,1995.89
1996-08-01,,,,,,1373.58,2662.67,2009.9
1996-08-02,,,,,,1382.69,2680.56,2023.41
1996-08-05,,,,,,1377.89,2667.01,2013.19
1996-08-06,,,,,,1370.54,2648.66,1999.34
1996-08-07,,,,,,1368.11,2645.22,1996.74
1996-08-08,,,,,,1370.26,2646.12,1997.42
1996-08-09,,,,,,1367.24,2635.67,1989.54
1996-08-12,,,,,,1361.18,2620.61,1978.17
1996-08-13,,,,,,1363.06,2623.78,1980.57
1996-08-14,,,,,,1361.55,2622.39,1979.52
1996-08-19,,,,,,1362.57,2631.26,1986.21
1996-08-20,,,,,,1378.08,2675.04,2019.26
1996-08-21,,,,,,1365.24,2650.38,2000.64
1996-08-22,,,,,,1373.6,2673.06,2017.76
1996-08-23,,,,,,1376.09,2677.12,2020.82
1996-08-26,,,,,,1376.44,2676.59,2020.42
1996-08-27,,,,,,1375.37,2673.37,2017.99
1996-08-28,,,,,,1370.23,2653.38,2002.9
1996-08-29,,,,,,1356.18,2619.81,1977.56
1996-08-30,,,,,,1353.5,2610.6,1970.61
1996-09-02,,,,,,1357.62,2619.04,1976.98
1996-09-03,,,,,,1352.3,2611.69,1971.43
1996-09-04,,,,,,1361.55,2629.37,1984.77
1996-09-05,,,,,,1368.39,2644.56,1996.23
1996-09-06,,,,,,1373.77,2655.84,2004.75
1996-09-09,,,,,,1381.37,2676.45,2020.3
1996-09-10,,,,,,1392.31,2705.35,2042.12
1996-09-11,,,,,,1390.64,2699.97,2038.06
1996-09-12,,,,,,1404.06,2736.15,2065.37
1996-09-13,,,,,,1411.59,2756.02,2080.37
1996-09-16,,,,,,1414.41,2763.73,2086.19
1996-09-17,,,,,,1410.94,2756.66,2080.86
1996-09-18,,,,,,1407.22,2745.9,2072.73
1996-09-19,,,,,,1409.1,2758.62,2082.33
1996-09-20,,,,,,1406.34,2754.82,2079.46
1996-09-23,,,,,,1397.81,2738.43,2067.09
1996-09-24,,,,,,1406.77,2757.52,2081.5
1996-09-25,,,,,,1419.41,2786.54,2103.41
1996-09-26,,,,,,1417.59,2787.51,2104.14
1996-09-27,,,,,,1418.3,2791.36,2107.05
1996-09-30,,,,,,1430.13,2825.48,2132.81
1996-10-01,,,,,,1426.77,2812.76,2123.21
1996-10-02,,,,,,1436.97,2837.44,2141.84
1996-10-03,,,,,,1435.43,2829.83,2136.09
1996-10-04,,,,,,1441.56,2851.83,2152.69
1996-10-07,,,,,,1441.42,2850.31,2151.55
1996-10-08,,,,,,1447.31,2863.54,2161.54
1996-10-09,,,,,,1441.26,2843.89,2146.71
1996-10-10,,,,,,1435.01,2829.21,2135.63
1996-10-11,,,,,,1441.98,2844.44,2147.12
1996-10-14,,,,,,1440.58,2839.81,2143.62
1996-10-15,,,,,,1456.33,2872.48,2168.28
1996-10-16,,,,,,1452.67,2859.55,2158.52
1996-10-17,,,,,,1456.69,2868.58,2165.33
1996-10-18,,,,,,1468.67,2894.95,2185.23
1996-10-21,,,,,,1466.9,2888.32,2180.22
1996-10-22,,,,,,1463.55,2882.22,2175.61
1996-10-23,,,,,,1448.63,2846.78,2148.86
1996-10-24,,,,,,1449.94,2850.44,2151.62
1996-10-25,,,,,,1456.15,2864.76,2162.43
1996-10-28,,,,,,1453.17,2848.81,2150.39
1996-10-29,,,,,,1439.71,2816.16,2125.74
1996-10-30,,,,,,1439.61,2814.86,2124.76
1996-10-31,,,,,,1447.8,2835.73,2140.51
1996-11-04,,,,,,1450.84,2837.9,2142.15
1996-11-05,,,,,,1472.3,2897.73,2187.32
1996-11-06,,,,,,1485.43,2932.25,2213.37
1996-11-07,,,,,,1485.87,2930.19,2211.81
1996-11-08,,,,,,1485.45,2921.43,2205.2
1996-11-12,,,,,,1497.11,2953.13,2229.13
1996-11-13,,,,,,1491.66,2937.31,2217.19
1996-11-14,,,,,,1491.05,2938.62,2218.18
1996-11-15,,,,,,1502.55,2967.97,2240.33
1996-11-18,,,,,,1496.72,2952.71,2228.81
1996-11-19,,,,,,1502.34,2967.61,2240.05
1996-11-20,,,,,,1500.71,2958.79,2233.39
1996-11-21,,,,,,1502.89,2959.03,2233.57
1996-11-22,,,,,,1512.7,2988.04,2255.47
1996-11-25,,,,,,1526.96,3016.75,2277.14
1996-11-26,,,,,,1526.31,3014.03,2275.08
1996-11-27,,,,,,1523.72,3008.32,2270.77
1996-11-28,,,,,,1534.41,3034.21,2290.31
1996-11-29,,,,,,1548.88,3069.07,2315.66
1996-12-02,,,,,,1551.97,3073.01,2318.63
1996-12-03,,,,,,1570.25,3113.41,2349.11
1996-12-04,,,,,,1548.88,3059.78,2308.65
1996-12-05,,,,,,1541.49,3038.38,2292.5
1996-12-06,,,,,,1509.48,2969.75,2240.72
1996-12-09,,,,,,1520.15,2989.78,2255.84
1996-12-10,,,,,,1520.09,2983.89,2251.4
1996-12-11,,,,,,1498.62,2933.36,2213.28
1996-12-12,,,,,,1499.05,2931.81,2212.11
1996-12-13,,,,,,1493.43,2920.29,2203.41
1996-12-16,,,,,,1504.99,2947.29,2222.57
1996-12-17,,,,,,1490.75,2909.01,2193.7
1996-12-18,,,,,,1503.51,2942.42,2218.89
1996-12-19,,,,,,1519.76,2981.95,2248.7
1996-12-20,,,,,,1537.42,3021.51,2278.53
1996-12-23,,,,,,1541.73,3033.32,2287.44
1996-12-24,,,,,,1544.91,3036.11,2289.55
1996-12-26,,,,,,1552.09,3054.95,2303.75
1996-12-27,,,,,,1554.13,3059.19,2306.95
1996-12-30,,,,,,1561.32,3074.68,2318.63
1996-12-31,,,,,,1561.66,3070.84,2315.73
1997-01-02,,,,,,1533.19,2992.92,2256.97
1997-01-03,,,,,,1547.46,3027.12,2282.76
1997-01-06,,,,,,1563.24,3058.82,2306.67
1997-01-07,,,,,,1563.25,3052.21,2301.69
1997-01-08,,,,,,1581.07,3091.9,2331.62
1997-01-09,,,,,,1589.81,3115.05,2349.08
1997-01-10,,,,,,1580.1,3086.44,2327.5
1997-01-13,,,,,,1599.28,3131.23,2361.27
1997-01-14,,,,,,1622.69,3186.01,2402.14
1997-01-15,,,,,,1618.77,3167.23,2387.98
1997-01-16,,,,,,1631.61,3193.48,2407.77
1997-01-17,,,,,,1641.69,3216.47,2425.1
1997-01-20,,,,,,1633.62,3191.27,2406.1
1997-01-21,,,,,,1632.31,3196.29,2409.88
1997-01-22,,,,,,1652.08,3239.5,2442.46
1997-01-23,,,,,,1663.61,3264.42,2461.25
1997-01-24,,,,,,1646.85,3223.43,2430.34
1997-01-27,,,,,,1652.22,3229.83,2435.17
1997-01-28,,,,,,1676.99,3292.95,2482.76
1997-01-29,,,,,,1667.85,3269.4,2465.01
1997-01-30,,,,,,1684.66,3319.86,2503.06
1997-01-31,,,,,,1693.44,3337.76,2516.56
1997-02-03,,,,,,1691.3,3327.34,2508.55
1997-02-04,,,,,,1687.96,3320.07,2503.07
1997-02-05,,,,,,1708.89,3370.71,2541.25
1997-02-06,,,,,,1716.13,3393.5,2558.43
1997-02-07,,,,,,1736.25,3445.35,2597.52
1997-02-10,,,,,,1736.62,3442.5,2595.37
1997-02-11,,,,,,1733.04,3424.89,2582.09
1997-02-12,,,,,,1746.49,3447.75,2599.33
1997-02-13,,,,,,1761.06,3486.32,2628.41
1997-02-14,,,,,,1759.75,3485.0,2627.42
1997-02-17,,,,,,1762.3,3494.37,2634.48
1997-02-18,,,,,,1755.49,3471.87,2617.52
1997-02-19,,,,,,1743.73,3441.68,2594.76
1997-02-20,,,,,,1733.86,3415.79,2575.24
1997-02-21,,,,,,1726.71,3399.34,2562.84
1997-02-24,,,,,,1732.4,3405.99,2567.85
1997-02-25,,,,,,1755.1,3458.87,2607.72
1997-02-26,,,,,,1752.8,3451.51,2602.17
1997-02-27,,,,,,1768.15,3487.63,2629.4
1997-02-28,,,,,,1758.66,3458.65,2607.55
1997-03-03,,,,,,1754.43,3448.98,2600.26
1997-03-04,,,,,,1780.52,3517.19,2651.69
1997-03-05,,,,,,1789.17,3536.42,2666.19
1997-03-06,,,,,,1808.69,3579.83,2698.92
1997-03-07,,,,,,1812.63,3592.24,2708.28
1997-03-10,,,,,,1815.36,3593.48,2709.21
1997-03-11,,,,,,1807.15,3562.89,2686.15
1997-03-12,,,,,,1781.6,3503.94,2641.7
1997-03-13,,,,,,1773.62,3491.21,2632.1
1997-03-14,,,,,,1778.88,3509.14,2645.62
1997-03-17,,,,,,1750.67,3433.22,2588.38
1997-03-18,,,,,,1739.29,3414.07,2573.95
1997-03-19,,,,,,1749.05,3444.34,2596.77
1997-03-20,,,,,,1724.62,3387.25,2553.72
1997-03-21,,,,,,1745.04,3431.57,2587.13
1997-03-24,,,,,,1739.87,3421.15,2579.28
1997-03-25,,,,,,1762.63,3480.79,2624.25
1997-03-26,,,,,,1776.73,3513.25,2648.73
1997-03-27,,,,,,1783.23,3523.8,2656.68
1997-04-01,,,,,,1738.66,3425.19,2581.82
1997-04-02,,,,,,1712.22,3356.82,2530.28
1997-04-03,,,,,,1702.05,3335.91,2514.52
1997-04-04,,,,,,1704.63,3340.49,2517.97
1997-04-07,,,,,,1733.5,3412.58,2572.31
1997-04-08,,,,,,1738.59,3421.46,2579.0
1997-04-09,,,,,,1759.17,3472.61,2617.55
1997-04-10,,,,,,1755.34,3459.9,2607.97
1997-04-11,,,,,,1740.77,3415.58,2574.56
1997-04-14,,,,,,1734.31,3404.39,2566.13
1997-04-15,,,,,,1763.84,3476.69,2620.63
1997-04-16,,,,,,1765.62,3477.14,2620.97
1997-04-17,,,,,,1761.06,3469.46,2615.18
1997-04-18,,,,,,1722.61,3379.75,2547.56
1997-04-21,,,,,,1705.91,3346.73,2522.67
1997-04-22,,,,,,1700.69,3336.12,2514.67
1997-04-23,,,,,,1712.17,3361.29,2533.64
1997-04-24,,,,,,1718.66,3369.5,2539.83
1997-04-25,,,,,,1716.38,3364.76,2536.26
1997-04-28,,,,,,1723.89,3385.76,2550.25
1997-04-29,,,,,,1750.14,3455.61,2602.86
1997-04-30,,,,,,1767.83,3504.2,2639.46
1997-05-02,,,,,,1777.93,3525.25,2655.31
1997-05-05,,,,,,1786.32,3552.46,2672.84
1997-05-06,,,,,,1775.53,3524.67,2651.93
1997-05-07,,,,,,1770.47,3513.21,2643.31
1997-05-09,,,,,,1765.29,3500.72,2633.91
1997-05-12,,,,,,1793.81,3579.38,2693.09
1997-05-13,,,,,,1808.5,3614.59,2719.58
1997-05-14,,,,,,1834.58,3694.14,2774.63
1997-05-15,,,,,,1834.01,3695.97,2776.01
1997-05-16,,,,,,1838.29,3706.98,2784.28
1997-05-20,,,,,,1819.29,3670.75,2751.11
1997-05-21,,,,,,1837.34,3717.78,2786.35
1997-05-22,,,,,,1813.68,3658.14,2741.65
1997-05-23,,,,,,1824.38,3686.49,2762.9
1997-05-26,,,,,,1759.09,3542.17,2654.74
1997-05-27,,,,,,1773.77,3576.32,2680.34
1997-05-28,,,,,,1720.88,3446.67,2583.17
1997-05-29,,,,,,1721.23,3443.09,2579.24
1997-05-30,,,,,,1721.15,3449.37,2583.94
1997-06-02,,,,,,1725.58,3475.39,2601.45
1997-06-03,,,,,,1742.4,3515.22,2624.49
1997-06-04,,,,,,1747.83,3529.79,2635.37
1997-06-05,,,,,,1781.26,3606.61,2690.85
1997-06-06,,,,,,1795.19,3644.67,2719.25
1997-06-09,,,,,,1779.31,3601.02,2686.2
1997-06-10,,,,,,1766.44,3571.5,2664.18
1997-06-11,,,,,,1780.43,3617.16,2696.19
1997-06-12,,,,,,1811.67,3703.13,2760.27
1997-06-13,,,,,,1835.23,3772.84,2808.52
1997-06-16,,,,,,1829.72,3756.81,2795.87
1997-06-17,,,,,,1811.76,3712.11,2762.6
1997-06-18,,,,,,1806.17,3708.59,2751.74
1997-06-19,,,,,,1801.19,3692.35,2739.69
1997-06-20,,,,,,1811.27,3715.81,2757.1
1997-06-23,,,,,,1814.11,3722.69,2762.2
1997-06-24,,,,,,1828.59,3753.09,2784.76
1997-06-25,,,,,,1873.73,3865.94,2867.44
1997-06-26,,,,,,1885.73,3912.92,2893.64
1997-06-27,,,,,,1884.88,3917.04,2891.04
1997-06-30,,,,,,1871.39,3872.62,2858.26
1997-07-01,,,,,,1912.22,3997.5,2944.04
1997-07-02,,,,,,1896.29,3952.23,2909.45
1997-07-03,,,,,,1911.48,3989.62,2936.98
1997-07-04,,,,,,1914.71,3988.12,2934.48
1997-07-07,,,,,,1925.24,4007.05,2947.66
1997-07-08,,,,,,1918.35,3982.78,2929.81
1997-07-09,,,,,,1928.23,4011.4,2950.56
1997-07-10,,,,,,1915.58,3983.04,2929.09
1997-07-11,,,,,,1921.38,4002.16,2941.59
1997-07-15,,,,,,1926.77,4014.56,2950.7
1997-07-16,,,,,,1949.73,4065.32,2988.01
1997-07-17,,,,,,1933.27,4026.65,2958.59
1997-07-18,,,,,,1890.32,3915.18,2876.69
1997-07-21,,,,,,1884.77,3911.69,2874.12
1997-07-22,,,,,,1909.96,3975.67,2921.13
1997-07-23,,,,,,1953.4,4087.82,3003.53
1997-07-24,,,,,,1940.9,4047.0,2973.53
1997-07-25,,,,,,1967.74,4118.33,3025.94
1997-07-28,,,,,,1967.58,4113.24,3022.2
1997-07-29,,,,,,1969.61,4115.18,3023.63
1997-07-30,,,,,,1996.02,4177.34,3069.3
1997-07-31,,,,,,2003.43,4186.01,3075.67
1997-08-01,,,,,,1990.56,4150.31,3049.44
1997-08-04,,,,,,1962.36,4072.69,2992.41
1997-08-05,,,,,,1956.6,4061.39,2984.1
1997-08-06,,,,,,1980.24,4133.51,3037.09
1997-08-07,,,,,,1990.35,4159.71,3056.34
1997-08-08,,,,,,1960.87,4077.95,2996.27
1997-08-11,,,,,,1950.14,4060.48,2983.44
1997-08-12,,,,,,1956.86,4081.08,2998.57
1997-08-13,,,,,,1917.44,3979.64,2924.04
1997-08-14,,,,,,1918.0,3976.64,2921.84
1997-08-18,,,,,,1886.47,3906.26,2870.13
1997-08-19,,,,,,1922.55,3996.12,2936.16
1997-08-20,,,,,,1947.06,4054.79,2979.27
1997-08-21,,,,,,1937.41,4024.79,2957.23
1997-08-22,,,,,,1905.75,3952.66,2904.23
1997-08-25,,,,,,1904.04,3944.95,2898.57
1997-08-26,,,,,,1885.95,3905.07,2869.26
1997-08-27,,,,,,1887.38,3908.39,2871.7
1997-08-28,,,,,,1864.52,3849.47,2828.41
1997-08-29,,,,,,1835.83,3770.64,2770.49
1997-09-01,,,,,,1852.8,3818.75,2805.84
1997-09-02,,,,,,1911.96,3975.69,2921.15
1997-09-03,,,,,,1911.33,3971.29,2917.92
1997-09-04,,,,,,1914.44,3983.63,2926.99
1997-09-05,,,,,,1913.1,3980.25,2924.51
1997-09-08,,,,,,1918.79,4002.55,2940.89
1997-09-09,,,,,,1909.46,3973.74,2919.72
1997-09-10,,,,,,1886.06,3912.29,2874.57
1997-09-11,,,,,,1864.54,3870.14,2843.6
1997-09-12,,,,,,1858.97,3857.17,2834.07
1997-09-15,,,,,,1888.69,3945.03,2898.62
1997-09-16,,,,,,1907.71,4002.1,2940.55
1997-09-17,,,,,,1915.74,4006.79,2944.0
1997-09-18,,,,,,1936.71,4053.57,2978.37
1997-09-19,,,,,,1937.04,4051.95,2977.18
1997-09-22,,,,,,1957.28,4106.76,3017.45
1997-09-23,,,,,,1946.6,4079.24,2997.23
1997-09-24,,,,,,1961.46,4115.36,3023.77
1997-09-25,,,,,,1951.65,4090.33,3005.38
1997-09-26,,,,,,1943.46,4063.46,2985.63
1997-09-29,,,,,,1944.14,4067.99,2988.96
1997-09-30,,,,,,1956.52,4094.26,3008.26
1997-10-01,,,,,,1979.85,4157.78,3054.93
1997-10-02,,,,,,1976.51,4153.89,3052.07
1997-10-03,,,,,,1996.3,4210.97,3094.01
1997-10-06,,,,,,1987.95,4189.16,3077.98
1997-10-07,,,,,,1981.27,4170.71,3064.42
1997-10-08,,,,,,1962.88,4115.81,3024.08
1997-10-09,,,,,,1927.82,4029.49,2960.65
1997-10-10,,,,,,1924.4,4021.95,2955.11
1997-10-13,,,,,,1950.24,4084.39,3000.98
1997-10-14,,,,,,1951.69,4090.6,3005.54
1997-10-15,,,,,,1942.79,4072.39,2992.16
1997-10-16,,,,,,1941.25,4073.35,2992.87
1997-10-17,,,,,,1919.73,4025.92,2958.02
1997-10-20,,,,,,1911.8,4010.53,2946.71
1997-10-21,,,,,,1931.64,4069.3,2989.89
1997-10-22,,,,,,1915.26,4025.98,2958.06
1997-10-23,,,,,,1854.4,3888.26,2856.87
1997-10-24,,,,,,1851.58,3877.59,2849.03
1997-10-27,,,,,,1804.2,3769.54,2769.64
1997-10-28,,,,,,1723.5,3608.52,2651.33
1997-10-29,,,,,,1825.46,3835.36,2818.0
1997-10-30,,,,,,1782.12,3728.48,2739.47
1997-10-31,,,,,,1782.81,3728.24,2739.3
1997-11-03,,,,,,1808.81,3794.47,2787.96
1997-11-04,,,,,,1804.77,3776.69,2774.9
1997-11-05,,,,,,1828.89,3841.37,2822.42
1997-11-06,,,,,,1810.0,3786.11,2781.82
1997-11-07,,,,,,1765.26,3674.36,2699.71
1997-11-12,,,,,,1763.58,3670.13,2696.6
1997-11-13,,,,,,1763.35,3675.66,2700.66
1997-11-14,,,,,,1760.91,3669.37,2696.04
1997-11-17,,,,,,1800.27,3774.1,2772.99
1997-11-18,,,,,,1805.99,3787.19,2782.61
1997-11-19,,,,,,1807.44,3798.01,2790.56
1997-11-20,,,,,,1823.35,3839.7,2821.19
1997-11-21,,,,,,1845.57,3894.83,2861.7
1997-11-24,,,,,,1815.31,3814.23,2802.48
1997-11-25,,,,,,1809.37,3792.15,2786.26
1997-11-26,,,,,,1824.34,3826.71,2811.65
1997-11-27,,,,,,1836.77,3850.34,2829.01
1997-11-28,,,,,,1853.75,3891.42,2859.19
1997-12-01,,,,,,1884.17,3973.32,2918.48
1997-12-02,,,,,,1884.57,3965.98,2913.09
1997-12-03,,,,,,1883.6,3951.36,2902.35
1997-12-04,,,,,,1893.56,3967.83,2914.45
1997-12-05,,,,,,1893.72,3961.89,2910.09
1997-12-08,,,,,,1905.41,3992.35,2932.47
1997-12-09,,,,,,1918.22,4029.01,2959.4
1997-12-10,,,,,,1905.62,3991.95,2932.18
1997-12-11,,,,,,1849.97,3850.73,2828.45
1997-12-12,,,,,,1850.3,3853.19,2830.26
1997-12-15,,,,,,1850.96,3864.1,2838.27
1997-12-16,,,,,,1884.98,3964.72,2912.18
1997-12-17,,,,,,1875.64,3938.95,2893.25
1997-12-18,,,,,,1876.22,3940.65,2894.5
1997-12-19,,,,,,1840.82,3843.17,2822.9
1997-12-22,,,,,,1863.25,3906.93,2869.73
1997-12-23,,,,,,1858.14,3891.14,2858.13
1997-12-24,,,,,,1869.33,3912.86,2874.08
1997-12-26,,,,,,1870.79,3909.04,2871.27
1997-12-29,,,,,,1907.79,4001.87,2939.46
1997-12-30,,,,,,1928.99,4050.9,2975.47
1997-12-31,,,,,,1944.91,4082.82,2998.91
1998-01-02,,,,,,1968.03,4138.95,3040.14
1998-01-05,,,,,,1986.63,4183.47,3072.84
1998-01-06,,,,,,1970.84,4135.67,3037.73
1998-01-07,,,,,,1957.01,4093.46,3006.73
1998-01-08,,,,,,1932.36,4022.96,2954.94
1998-01-09,,,,,,1912.85,3975.13,2919.81
1998-01-12,,,,,,1873.1,3897.17,2862.54
1998-01-13,,,,,,1901.72,3952.16,2902.93
1998-01-14,,,,,,1913.42,3975.13,2919.8
1998-01-15,,,,,,1919.99,3993.12,2932.75
1998-01-16,,,,,,1945.04,4052.13,2976.09
1998-01-19,,,,,,1952.13,4066.92,2986.95
1998-01-20,,,,,,1963.36,4096.04,3008.34
1998-01-21,,,,,,1956.77,4082.11,2998.11
1998-01-22,,,,,,1951.72,4069.14,2988.59
1998-01-23,,,,,,1939.52,4038.58,2966.15
1998-01-26,,,,,,1959.62,4085.31,3000.47
1998-01-27,,,,,,1985.95,4155.49,3052.02
1998-01-28,,,,,,2004.74,4204.84,3088.26
1998-01-29,,,,,,2027.04,4266.87,3133.82
1998-01-30,,,,,,2050.28,4319.05,3172.14
1998-02-02,,,,,,2060.01,4340.16,3187.5
1998-02-03,,,,,,2061.72,4341.43,3188.43
1998-02-04,,,,,,2049.66,4311.24,3166.26
1998-02-05,,,,,,2062.05,4343.02,3189.6
1998-02-06,,,,,,2076.95,4379.87,3216.66
1998-02-09,,,,,,2081.62,4385.7,3220.94
1998-02-10,,,,,,2090.25,4405.88,3235.76
1998-02-11,,,,,,2094.27,4411.65,3240.0
1998-02-12,,,,,,2064.08,4328.19,3178.7
1998-02-13,,,,,,2068.29,4340.48,3187.73
1998-02-16,,,,,,2088.0,4391.39,3225.12
1998-02-17,,,,,,2117.71,4466.73,3280.45
1998-02-18,,,,,,2119.97,4468.44,3281.71
1998-02-19,,,,,,2104.02,4426.12,3250.63
1998-02-20,,,,,,2110.98,4442.28,3262.5
1998-02-23,,,,,,2124.2,4457.24,3273.48
1998-02-24,,,,,,2120.13,4442.46,3262.63
1998-02-25,,,,,,2167.5,4558.98,3348.2
1998-02-26,,,,,,2196.33,4625.46,3397.03
1998-02-27,,,,,,2211.98,4659.35,3421.92
1998-03-02,,,,,,2227.17,4693.09,3446.7
1998-03-03,,,,,,2212.46,4649.75,3414.87
1998-03-04,,,,,,2196.48,4604.07,3381.32
1998-03-05,,,,,,2202.72,4623.79,3395.8
1998-03-06,,,,,,2253.3,4742.83,3483.22
1998-03-09,,,,,,2277.62,4800.87,3525.85
1998-03-10,,,,,,2275.99,4794.96,3521.51
1998-03-11,,,,,,2288.03,4819.36,3539.43
1998-03-12,,,,,,2284.99,4801.85,3526.57
1998-03-13,,,,,,2298.45,4820.45,3540.23
1998-03-16,,,,,,2331.05,4899.47,3598.26
1998-03-17,,,,,,2367.32,4985.76,3661.63
1998-03-18,,,,,,2362.13,4973.35,3652.52
1998-03-19,,,,,,2382.2,5022.59,3688.68
1998-03-20,,,,,,2380.85,5022.9,3688.91
1998-03-23,,,,,,2373.6,5010.95,3680.13
1998-03-24,,,,,,2405.19,5090.49,3738.54
1998-03-25,,,,,,2451.31,5199.65,3818.71
1998-03-26,,,,,,2431.45,5152.09,3783.78
1998-03-27,,,,,,2449.19,5188.11,3810.23
1998-03-30,,,,,,2444.04,5174.5,3800.23
1998-03-31,,,,,,2482.03,5277.42,3875.81
1998-04-01,,,,,,2489.99,5287.63,3883.31
1998-04-02,,,,,,2520.54,5359.21,3935.88
1998-04-03,,,,,,2520.51,5353.96,3932.02
1998-04-06,,,,,,2550.18,5428.48,3986.75
1998-04-07,,,,,,2508.49,5314.81,3903.27
1998-04-08,,,,,,2491.37,5274.78,3873.87
1998-04-09,,,,,,2504.41,5302.84,3894.48
1998-04-14,,,,,,2494.75,5266.32,3867.66
1998-04-15,,,,,,2503.97,5289.4,3884.61
1998-04-16,,,,,,2484.42,5236.74,3845.94
1998-04-17,,,,,,2492.5,5258.5,3861.58
1998-04-20,,,,,,2508.11,5291.33,3885.69
1998-04-21,,,,,,2496.85,5256.9,3860.4
1998-04-22,,,,,,2486.93,5222.41,3835.07
1998-04-23,,,,,,2478.87,5204.79,3822.13
1998-04-24,,,,,,2462.49,5151.97,3783.34
1998-04-27,,,,,,2405.43,5021.7,3685.83
1998-04-28,,,,,,2448.34,5146.23,3777.23
1998-04-29,,,,,,2429.61,5087.24,3733.93
1998-04-30,,,,,,2506.94,5287.5,3880.92
1998-05-04,,,,,,2564.82,5414.66,3974.25
1998-05-05,,,,,,2553.07,5374.69,3944.91
1998-05-06,,,,,,2558.42,5378.14,3947.45
1998-05-07,,,,,,2534.08,5322.16,3906.36
1998-05-11,,,,,,2593.17,5480.67,4017.24
1998-05-12,,,,,,2577.59,5439.86,3987.33
1998-05-13,,,,,,2594.11,5488.56,4019.76
1998-05-14,,,,,,2591.62,5477.93,4011.98
1998-05-15,,,,,,2583.1,5448.23,3990.23
1998-05-18,,,,,,2559.43,5386.89,3945.31
1998-05-19,,,,,,2576.09,5440.42,3980.84
1998-05-20,,,,,,2611.68,5532.1,4047.92
1998-05-22,,,,,,2613.19,5534.64,4049.78
1998-05-25,,,,,,2651.06,5615.17,4108.71
1998-05-26,,,,,,2656.97,5631.11,4115.88
1998-05-27,,,,,,2603.9,5503.19,4017.37
1998-05-28,,,,,,2607.12,5502.3,4014.92
1998-05-29,,,,,,2625.01,5538.27,4041.16
1998-06-02,,,,,,2654.95,5602.2,4086.98
1998-06-03,,,,,,2690.38,5690.65,4149.37
1998-06-04,,,,,,2675.92,5650.04,4119.03
1998-06-05,,,,,,2710.65,5742.21,4185.05
1998-06-08,,,,,,2722.63,5776.26,4204.58
1998-06-09,,,,,,2723.08,5772.53,4201.86
1998-06-10,,,,,,2722.28,5782.11,4208.6
1998-06-11,,,,,,2684.52,5691.43,4141.61
1998-06-12,,,,,,2632.41,5570.97,4050.76
1998-06-15,,,,,,2602.08,5514.38,4005.33
1998-06-16,,,,,,2603.07,5525.33,4013.28
1998-06-17,,,,,,2650.61,5648.94,4092.92
1998-06-18,,,,,,2630.49,5601.69,4052.27
1998-06-19,,,,,,2617.65,5567.2,4027.32
1998-06-22,,,,,,2607.37,5555.2,4018.64
1998-06-23,,,,,,2626.64,5619.34,4065.04
1998-06-24,,,,,,2659.69,5704.06,4126.33
1998-06-25,,,,,,2698.74,5811.17,4203.81
1998-06-26,,,,,,2702.23,5827.61,4215.7
1998-06-29,,,,,,2723.07,5880.23,4248.24
1998-06-30,,,,,,2700.52,5822.28,4203.45
1998-07-01,,,,,,2733.75,5906.61,4260.68
1998-07-02,,,,,,2729.23,5896.84,4252.09
1998-07-03,,,,,,2757.2,5971.16,4304.38
1998-07-06,,,,,,2759.17,5980.48,4311.1
1998-07-07,,,,,,2769.64,6010.98,4333.09
1998-07-08,,,,,,2773.67,6020.8,4339.91
1998-07-09,,,,,,2764.86,5992.03,4319.18
1998-07-10,,,,,,2727.27,5905.79,4256.35
1998-07-15,,,,,,2775.75,6029.76,4344.3
1998-07-16,,,,,,2783.32,6048.96,4358.13
1998-07-17,,,,,,2799.73,6091.08,4388.48
1998-07-20,,,,,,2790.86,6063.92,4368.91
1998-07-21,,,,,,2764.51,5998.92,4322.08
1998-07-22,,,,,,2709.19,5857.4,4220.12
1998-07-23,,,,,,2713.7,5879.29,4235.89
1998-07-24,,,,,,2692.91,5836.98,4205.41
1998-07-27,,,,,,2654.99,5745.53,4139.53
1998-07-28,,,,,,2649.29,5721.68,4122.35
1998-07-29,,,,,,2654.1,5745.05,4139.19
1998-07-30,,,,,,2686.02,5826.18,4197.64
1998-07-31,,,,,,2679.78,5797.96,4177.31
1998-08-03,,,,,,2630.27,5683.76,4095.03
1998-08-04,,,,,,2601.84,5618.32,4047.88
1998-08-05,,,,,,2557.23,5519.11,3976.4
1998-08-06,,,,,,2550.61,5508.27,3968.59
1998-08-07,,,,,,2594.16,5609.99,4041.88
1998-08-10,,,,,,2538.86,5467.82,3939.45
1998-08-11,,,,,,2479.46,5338.08,3845.98
1998-08-12,,,,,,2534.27,5476.49,3945.7
1998-08-13,,,,,,2533.54,5484.8,3951.69
1998-08-14,,,,,,2557.47,5544.79,3994.91
1998-08-17,,,,,,2548.84,5529.38,3983.81
1998-08-18,,,,,,2621.16,5722.91,4123.25
1998-08-19,,,,,,2625.44,5726.34,4125.72
1998-08-20,,,,,,2605.81,5673.28,4087.49
1998-08-21,,,,,,2527.64,5473.67,3943.68
1998-08-24,,,,,,2516.2,5465.0,3937.43
1998-08-25,,,,,,2570.03,5592.54,4029.32
1998-08-26,,,,,,2503.65,5431.32,3913.17
1998-08-27,,,,,,2405.28,5198.8,3745.64
1998-08-28,,,,,,2386.85,5147.91,3708.97
1998-08-31,,,,,,2358.58,5068.63,3651.85
1998-09-01,,,,,,2340.88,5060.91,3646.29
1998-09-02,,,,,,2390.05,5176.64,3729.67
1998-09-03,,,,,,2337.43,5061.15,3646.46
1998-09-04,,,,,,2359.88,5122.62,3690.75
1998-09-07,,,,,,2399.99,5129.0,3695.35
1998-09-08,,,,,,2418.27,5279.44,3803.74
1998-09-09,,,,,,2400.39,5221.69,3762.13
1998-09-10,,,,,,2301.55,4981.88,3589.35
1998-09-11,,,,,,2290.95,4966.6,3578.34
1998-09-14,,,,,,2368.36,5156.01,3714.81
1998-09-15,,,,,,2361.13,5132.67,3698.0
1998-09-16,,,,,,2376.34,5176.14,3729.32
1998-09-17,,,,,,2257.23,4892.91,3525.26
1998-09-18,,,,,,2217.88,4809.58,3465.22
1998-09-21,,,,,,2135.97,4639.46,3342.65
1998-09-22,,,,,,2146.89,4646.86,3347.98
1998-09-23,,,,,,2187.61,4752.07,3423.78
1998-09-24,,,,,,2176.16,4692.88,3381.13
1998-09-25,,,,,,2132.64,4594.97,3310.59
1998-09-28,,,,,,2147.25,4632.52,3337.64
1998-09-29,,,,,,2147.84,4631.7,3337.05
1998-09-30,,,,,,2074.12,4438.64,3197.95
1998-10-01,,,,,,1977.44,4216.65,3038.01
1998-10-02,,,,,,1961.03,4218.21,3039.14
1998-10-05,,,,,,1926.93,4135.97,2979.89
1998-10-06,,,,,,2012.56,4353.32,3136.48
1998-10-07,,,,,,1993.61,4299.48,3097.69
1998-10-08,,,,,,1914.78,4108.33,2959.97
1998-10-09,,,,,,1982.45,4292.83,3092.9
1998-10-12,,,,,,2078.7,4529.37,3263.32
1998-10-13,,,,,,2090.98,4550.92,3278.85
1998-10-14,,,,,,2136.58,4665.0,3361.04
1998-10-15,,,,,,2144.28,4666.69,3362.26
1998-10-16,,,,,,2164.77,4705.33,3390.1
1998-10-19,,,,,,2168.58,4712.61,3395.35
1998-10-20,,,,,,2224.12,4847.47,3492.52
1998-10-21,,,,,,2202.86,4775.66,3440.78
1998-10-22,,,,,,2195.18,4748.1,3420.92
1998-10-23,,,,,,2179.01,4710.4,3393.76
1998-10-26,,,,,,2209.65,4787.74,3449.48
1998-10-27,,,,,,2268.96,4928.3,3550.75
1998-10-28,,,,,,2238.49,4848.98,3493.6
1998-10-29,,,,,,2235.7,4834.87,3483.43
1998-10-30,,,,,,2264.11,4889.7,3522.93
1998-11-02,,,,,,2297.17,4954.48,3569.6
1998-11-03,,,,,,2306.63,4973.97,3583.64
1998-11-04,,,,,,2364.13,5113.49,3684.16
1998-11-05,,,,,,2318.75,4991.38,3596.18
1998-11-06,,,,,,2316.28,4980.91,3588.63
1998-11-09,,,,,,2314.16,4976.32,3585.32
1998-11-10,,,,,,2286.55,4920.0,3544.74
1998-11-12,,,,,,2291.75,4941.51,3560.23
1998-11-13,,,,,,2294.37,4944.29,3562.23
1998-11-16,,,,,,2325.58,5027.04,3621.85
1998-11-17,,,,,,2309.23,4998.89,3601.57
1998-11-18,,,,,,2312.95,5014.06,3612.5
1998-11-19,,,,,,2361.83,5144.89,3706.76
1998-11-20,,,,,,2415.61,5278.05,3802.7
1998-11-23,,,,,,2436.41,5337.89,3845.81
1998-11-24,,,,,,2436.29,5328.96,3839.38
1998-11-25,,,,,,2441.94,5343.48,3849.84
1998-11-26,,,,,,2483.79,5434.66,3915.53
1998-11-27,,,,,,2502.88,5483.81,3950.94
1998-11-30,,,,,,2444.69,5334.52,3843.38
1998-12-01,,,,,,2360.98,5120.51,3688.34
1998-12-02,,,,,,2339.58,5067.16,3649.91
1998-12-03,,,,,,2370.45,5158.46,3715.67
1998-12-04,,,,,,2384.42,5190.27,3738.59
1998-12-07,,,,,,2399.69,5235.57,3771.22
1998-12-08,,,,,,2396.41,5227.5,3765.41
1998-12-09,,,,,,2398.46,5237.49,3772.61
1998-12-10,,,,,,2384.19,5201.9,3746.97
1998-12-11,,,,,,2354.59,5130.73,3695.7
1998-12-14,,,,,,2333.98,5085.63,3663.21
1998-12-15,,,,,,2339.37,5100.27,3673.76
1998-12-16,,,,,,2358.22,5147.07,3707.47
1998-12-17,,,,,,2381.58,5207.74,3751.17
1998-12-18,,,,,,2354.23,5125.44,3691.89
1998-12-21,,,,,,2411.14,5280.27,3803.41
1998-12-22,,,,,,2422.21,5303.95,3820.47
1998-12-23,,,,,,2457.08,5376.07,3872.42
1998-12-28,,,,,,2459.77,5377.02,3873.1
1998-12-29,,,,,,2471.02,5402.01,3891.1
1998-12-30,,,,,,2500.01,5473.6,3942.66
1999-01-04,,,,,,2611.37,5757.98,4147.5
1999-01-05,,,,,,2641.1,5831.95,4200.78
1999-01-06,,,,,,2697.48,5962.51,4294.82
1999-01-07,,,,,,2661.58,5873.45,4230.67
1999-01-08,,,,,,2669.99,5893.92,4245.42
1999-01-11,,,,,,2645.67,5833.5,4201.9
1999-01-12,,,,,,2592.03,5693.0,4100.7
1999-01-13,,,,,,2507.84,5495.88,3958.72
1999-01-14,,,,,,2526.15,5549.46,3997.06
1999-01-15,,,,,,2560.45,5629.64,4054.81
1999-01-18,,,,,,2615.93,5764.13,4151.68
1999-01-19,,,,,,2593.77,5714.57,4115.99
1999-01-20,,,,,,2625.44,5817.33,4190.01
1999-01-21,,,,,,2607.66,5767.38,4154.03
1999-01-22,,,,,,2536.71,5580.36,4019.33
1999-01-25,,,,,,2552.67,5624.05,4050.8
1999-01-26,,,,,,2563.98,5652.48,4071.28
1999-01-27,,,,,,2582.03,5689.72,4098.1
1999-01-28,,,,,,2637.57,5830.74,4199.67
1999-01-29,,,,,,2669.66,5903.12,4251.8
1999-02-01,,,,,,2698.33,5975.68,4303.92
1999-02-02,,,,,,2667.46,5891.88,4243.57
1999-02-03,,,,,,2637.29,5815.89,4188.84
1999-02-04,,,,,,2623.49,5786.15,4167.42
1999-02-05,,,,,,2610.4,5758.21,4147.3
1999-02-08,,,,,,2618.27,5767.54,4154.02
1999-02-09,,,,,,2555.62,5607.14,4038.49
1999-02-10,,,,,,2532.14,5556.37,4001.93
1999-02-11,,,,,,2565.28,5654.13,4072.34
1999-02-12,,,,,,2564.52,5637.5,4060.36
1999-02-15,,,,,,2563.79,5644.21,4065.19
1999-02-16,,,,,,2562.46,5626.33,4052.32
1999-02-17,,,,,,2526.96,5533.54,3985.49
1999-02-18,,,,,,2551.43,5608.4,4039.41
1999-02-19,,,,,,2595.7,5734.85,4130.48
1999-02-22,,,,,,2623.68,5783.97,4165.86
1999-02-23,,,,,,2647.06,5842.41,4207.95
1999-02-24,,,,,,2651.54,5850.39,4213.7
1999-02-25,,,,,,2621.51,5765.5,4152.56
1999-02-26,,,,,,2587.0,5682.73,4092.94
1999-03-01,,,,,,2553.72,5598.19,4032.05
1999-03-02,,,,,,2561.97,5621.21,4048.63
1999-03-03,,,,,,2541.6,5559.47,4004.16
1999-03-04,,,,,,2583.2,5676.49,4087.99
1999-03-05,,,,,,2635.48,5817.53,4189.56
1999-03-08,,,,,,2633.64,5798.66,4175.97
1999-03-09,,,,,,2625.55,5776.2,4159.8
1999-03-10,,,,,,2628.02,5779.68,4162.31
1999-03-11,,,,,,2646.13,5810.33,4184.38
1999-03-12,,,,,,2642.8,5797.34,4175.03
1999-03-15,,,,,,2645.49,5811.34,4185.12
1999-03-16,,,,,,2648.52,5813.04,4186.35
1999-03-17,,,,,,2637.14,5790.35,4170.01
1999-03-18,,,,,,2627.4,5765.85,4152.37
1999-03-19,,,,,,2661.26,5859.27,4219.65
1999-03-22,,,,,,2650.21,5827.9,4197.06
1999-03-23,,,,,,2586.52,5664.61,4079.47
1999-03-24,,,,,,2569.82,5635.01,4058.16
1999-03-25,,,,,,2619.14,5744.5,4137.01
1999-03-26,,,,,,2609.82,5714.93,4115.71
1999-03-29,,,,,,2632.05,5767.61,4153.65
1999-03-30,,,,,,2627.11,5751.41,4141.98
1999-03-31,,,,,,2659.74,5829.04,4197.88
1999-04-01,,,,,,2674.97,5873.43,4229.85
1999-04-06,,,,,,2711.52,5977.07,4304.48
1999-04-07,,,,,,2718.67,5995.89,4318.04
1999-04-08,,,,,,2726.65,6013.46,4330.7
1999-04-09,,,,,,2747.49,6058.51,4363.14
1999-04-12,,,,,,2743.43,6047.21,4355.0
1999-04-13,,,,,,2752.27,6064.44,4367.41
1999-04-14,,,,,,2744.03,6039.23,4349.26
1999-04-15,,,,,,2724.67,5985.61,4310.64
1999-04-16,,,,,,2719.57,5972.1,4300.91
1999-04-19,,,,,,2760.87,6083.65,4379.34
1999-04-20,,,,,,2692.87,5908.52,4253.27
1999-04-21,,,,,,2712.36,5961.76,4291.6
1999-04-22,,,,,,2715.23,5962.11,4291.85
1999-04-23,,,,,,2700.82,5922.05,4262.43
1999-04-26,,,,,,2718.28,5952.58,4284.4
1999-04-27,,,,,,2781.01,6100.58,4390.92
1999-04-28,,,,,,2775.07,6079.46,4374.7
1999-04-29,,,,,,2773.72,6075.06,4371.53
1999-04-30,,,,,,2799.45,6122.06,4405.35
1999-05-03,,,,,,2822.9,6174.16,4442.84
1999-05-04,,,,,,2823.22,6168.2,4438.55
1999-05-05,,,,,,2782.15,6070.39,4368.17
1999-05-06,,,,,,2768.11,6021.85,4333.24
1999-05-07,,,,,,2747.39,5961.15,4289.56
1999-05-10,,,,,,2772.79,6049.45,4347.15
1999-05-11,,,,,,2777.87,6053.39,4349.98
1999-05-12,,,,,,2781.01,6066.19,4354.79
1999-05-13,,,,,,2815.85,6151.29,4415.88
1999-05-14,,,,,,2772.68,6023.07,4323.83
1999-05-17,,,,,,2727.28,5918.75,4248.94
1999-05-18,,,,,,2762.24,6007.62,4312.74
1999-05-19,,,,,,2797.26,6100.11,4375.91
1999-05-20,,,,,,2826.53,6164.23,4421.91
1999-05-21,,,,,,2816.06,6135.63,4398.13
1999-05-25,,,,,,2801.68,6101.66,4373.78
1999-05-26,,,,,,2801.13,6108.74,4376.68
1999-05-27,,,,,,2776.04,6038.62,4326.44
1999-05-28,,,,,,2768.16,6027.95,4315.04
1999-05-31,,,,,,2789.0,6078.59,4351.29
1999-06-01,,,,,,2769.08,6035.77,4313.69
1999-06-02,,,,,,2768.5,6038.08,4315.34
1999-06-03,,,,,,2792.78,6096.02,4354.52
1999-06-04,,,,,,2792.0,6081.64,4344.25
1999-06-07,,,,,,2826.38,6168.21,4404.24
1999-06-08,,,,,,2833.35,6175.77,4407.58
1999-06-09,,,,,,2843.65,6197.56,4422.39
1999-06-10,,,,,,2820.62,6141.63,4380.99
1999-06-11,,,,,,2824.03,6152.4,4385.83
1999-06-14,,,,,,2818.85,6135.77,4372.39
1999-06-15,,,,,,2841.26,6203.96,4418.18
1999-06-16,,,,,,2871.95,6293.23,4481.75
1999-06-17,,,,,,2887.94,6345.11,4508.77
1999-06-18,,,,,,2907.98,6397.04,4539.56
1999-06-21,,,,,,2919.13,6404.83,4545.09
1999-06-22,,,,,,2907.58,6394.9,4538.04
1999-06-23,,,,,,2881.82,6315.45,4481.66
1999-06-24,,,,,,2857.39,6248.58,4434.21
1999-06-25,,,,,,2846.72,6224.17,4416.89
1999-06-28,,,,,,2869.06,6296.32,4465.23
1999-06-29,,,,,,2890.28,6350.75,4503.83
1999-06-30,,,,,,2910.2,6402.5,4536.61
1999-07-01,,,,,,2955.07,6508.8,4609.26
1999-07-02,,,,,,2959.47,6527.46,4620.67
1999-07-05,,,,,,2999.61,6636.48,4697.84
1999-07-06,,,,,,2992.04,6628.95,4692.51
1999-07-07,,,,,,2977.53,6586.52,4662.2
1999-07-08,,,,,,2966.75,6542.63,4631.13
1999-07-09,,,,,,2977.15,6567.51,4647.83
1999-07-12,,,,,,2983.93,6589.07,4662.28
1999-07-13,,,,,,2941.66,6495.43,4594.65
1999-07-15,,,,,,2982.24,6595.83,4665.67
1999-07-16,,,,,,2980.11,6583.28,4656.79
1999-07-19,,,,,,2961.96,6539.24,4618.75
1999-07-20,,,,,,2922.14,6439.51,4548.31
1999-07-21,,,,,,2892.62,6372.92,4501.27
1999-07-22,,,,,,2881.95,6356.36,4489.57
1999-07-23,,,,,,2854.72,6286.82,4440.45
1999-07-26,,,,,,2827.21,6223.76,4395.91
1999-07-27,,,,,,2842.82,6266.52,4426.12
1999-07-28,,,,,,2848.5,6270.19,4428.71
1999-07-29,,,,,,2787.5,6097.03,4306.4
1999-07-30,,,,,,2830.47,6204.14,4382.06
1999-08-02,,,,,,2821.74,6198.2,4377.87
1999-08-03,,,,,,2809.65,6165.46,4354.75
1999-08-04,,,,,,2800.61,6125.04,4326.2
1999-08-05,,,,,,2753.39,6003.99,4240.7
1999-08-06,,,,,,2746.41,5979.83,4223.64
1999-08-09,,,,,,2785.14,6077.89,4292.9
1999-08-10,,,,,,2755.54,6010.56,4245.35
1999-08-11,,,,,,2768.68,6043.97,4268.95
1999-08-12,,,,,,2824.28,6180.89,4365.66
1999-08-13,,,,,,2866.27,6278.04,4434.28
1999-08-16,,,,,,2878.5,6312.68,4458.75
1999-08-17,,,,,,2892.94,6342.42,4479.75
1999-08-18,,,,,,2896.45,6341.72,4479.26
1999-08-19,,,,,,2859.64,6242.1,4408.9
1999-08-20,,,,,,2890.16,6331.44,4472.0
1999-08-23,,,,,,2899.78,6353.18,4487.35
1999-08-24,,,,,,2927.16,6428.29,4540.4
1999-08-25,,,,,,2983.08,6554.05,4629.23
1999-08-26,,,,,,2986.69,6554.25,4629.37
1999-08-27,,,,,,2994.31,6573.14,4642.71
1999-08-30,,,,,,3002.0,6594.0,4657.44
1999-08-31,,,,,,2963.63,6497.42,4589.22
1999-09-01,,,,,,2988.05,6559.94,4633.38
1999-09-02,,,,,,2945.74,6442.74,4550.6
1999-09-03,,,,,,3010.96,6615.14,4672.37
1999-09-06,,,,,,3016.71,6609.01,4668.04
1999-09-07,,,,,,3026.92,6625.84,4679.93
1999-09-08,,,,,,3026.34,6626.81,4680.61
1999-09-09,,,,,,3047.96,6678.93,4717.42
1999-09-10,,,,,,3065.5,6718.66,4745.48
1999-09-13,,,,,,3051.35,6678.03,4716.78
1999-09-14,,,,,,3038.14,6650.58,4697.39
1999-09-15,,,,,,3016.25,6600.51,4662.02
1999-09-16,,,,,,3002.89,6570.12,4640.55
1999-09-17,,,,,,3006.05,6575.46,4644.32
1999-09-20,,,,,,3023.53,6626.67,4680.49
1999-09-21,,,,,,2983.25,6531.02,4612.93
1999-09-22,,,,,,2960.02,6467.57,4568.12
1999-09-23,,,,,,2979.88,6514.46,4601.24
1999-09-24,,,,,,2945.6,6428.99,4540.87
1999-09-27,,,,,,2980.24,6507.9,4596.6
1999-09-28,,,,,,2953.19,6433.32,4543.92
1999-09-29,,,,,,2940.8,6420.81,4535.08
1999-09-30,,,,,,2970.34,6500.58,4591.42
1999-10-01,,,,,,2951.67,6442.74,4550.57
1999-10-04,,,,,,2987.5,6517.32,4603.24
1999-10-05,,,,,,3009.83,6599.28,4661.13
1999-10-06,,,,,,3029.55,6642.58,4691.72
1999-10-07,,,,,,3059.94,6714.14,4742.26
1999-10-08,,,,,,3048.57,6685.36,4721.93
1999-10-11,,,,,,3045.56,6685.96,4722.35
1999-10-12,,,,,,3014.3,6595.62,4658.54
1999-10-13,,,,,,2986.5,6516.77,4602.85
1999-10-14,,,,,,2980.84,6489.55,4583.63
1999-10-15,,,,,,2941.97,6405.72,4524.42
1999-10-18,,,,,,2916.06,6364.49,4495.3
1999-10-19,,,,,,2967.98,6500.27,4591.2
1999-10-20,,,,,,2960.8,6481.34,4577.83
1999-10-21,,,,,,2974.25,6516.11,4602.39
1999-10-22,,,,,,3020.01,6622.87,4677.8
1999-10-25,,,,,,3020.31,6610.81,4669.28
1999-10-26,,,,,,3045.49,6663.63,4706.59
1999-10-27,,,,,,3030.75,6647.29,4695.05
1999-10-28,,,,,,3053.55,6723.14,4748.62
1999-10-29,,,,,,3123.05,6921.36,4888.62
1999-11-02,,,,,,3134.6,6935.38,4898.52
1999-11-03,,,,,,3146.65,6962.74,4917.84
1999-11-04,,,,,,3165.81,6999.42,4943.74
1999-11-05,,,,,,3181.48,7044.95,4975.9
1999-11-08,,,,,,3189.31,7071.67,4994.77
1999-11-09,,,,,,3191.22,7075.62,4997.56
1999-11-10,,,,,,3224.55,7152.46,5051.83
1999-11-11,,,,,,3267.31,7266.08,5132.08
1999-11-12,,,,,,3273.98,7279.43,5141.51
1999-11-15,,,,,,3294.0,7331.27,5178.13
1999-11-16,,,,,,3302.22,7349.5,5191.01
1999-11-17,,,,,,3294.37,7331.4,5178.23
1999-11-18,,,,,,3335.41,7427.82,5246.33
1999-11-19,,,,,,3341.13,7451.74,5263.23
1999-11-22,,,,,,3281.4,7288.54,5147.96
1999-11-23,,,,,,3283.14,7295.49,5152.87
1999-11-24,,,,,,3304.56,7347.18,5189.38
1999-11-25,,,,,,3401.13,7578.27,5352.6
1999-11-26,,,,,,3426.54,7641.12,5396.99
1999-11-29,,,,,,3414.94,7608.44,5373.91
1999-11-30,,,,,,3395.85,7562.72,5341.62
1999-12-01,,,,,,3418.82,7620.26,5381.41
1999-12-02,,,,,,3415.18,7581.72,5354.19
1999-12-03,,,,,,3482.37,7742.95,5468.05
1999-12-06,,,,,,3510.02,7802.31,5509.97
1999-12-07,,,,,,3527.76,7837.07,5534.51
1999-12-08,,,,,,3511.92,7769.96,5487.12
1999-12-09,,,,,,3547.16,7857.04,5548.62
1999-12-10,,,,,,3518.69,7761.42,5481.1
1999-12-13,,,,,,3549.52,7838.83,5535.76
1999-12-14,,,,,,3564.58,7879.49,5564.47
1999-12-15,,,,,,3538.15,7830.86,5530.13
1999-12-16,,,,,,3543.62,7845.06,5540.16
1999-12-17,,,,,,3530.45,7791.6,5502.4
1999-12-20,,,,,,3543.51,7818.09,5521.11
1999-12-21,,,,,,3548.93,7829.61,5529.24
1999-12-22,,,,,,3605.14,7959.96,5621.29
1999-12-23,,,,,,3662.99,8115.81,5731.35
1999-12-24,,,,,,3743.67,8287.36,5852.5
1999-12-27,,,,,,3738.96,8261.83,5834.47
1999-12-28,,,,,,3734.3,8251.37,5827.08
1999-12-29,,,,,,3742.83,8266.48,5837.75
1999-12-30,,,,,,3810.86,8437.21,5958.32
2000-01-03,,,,,,3799.47,8379.22,5917.37
2000-01-04,,,,,,3650.17,8031.8,5672.02
2000-01-05,,,,,,3527.24,7759.47,5479.7
2000-01-06,,,,,,3512.81,7717.57,5450.11
2000-01-07,,,,,,3573.98,7844.31,5539.61
2000-01-10,,,,,,3650.63,7995.13,5646.12
2000-01-11,,,,,,3632.91,7949.51,5613.9
2000-01-12,,,,,,3608.7,7905.05,5582.5
2000-01-13,,,,,,3641.12,7976.9,5633.24
2000-01-14,,,,,,3733.72,8195.25,5787.44
2000-01-17,,,,,,3765.69,8273.62,5842.78
2000-01-18,,,,,,3666.0,8033.13,5672.95
2000-01-19,,,,,,3649.81,7999.87,5649.46
2000-01-20,,,,,,3684.32,8085.23,5709.74
2000-01-21,,,,,,3664.02,8044.99,5681.32
2000-01-24,,,,,,3664.77,8058.5,5690.86
2000-01-25,,,,,,3613.7,7926.3,5597.5
2000-01-26,,,,,,3648.76,7995.42,5646.32
2000-01-27,,,,,,3674.47,8054.93,5688.35
2000-01-28,,,,,,3697.75,8115.39,5731.05
2000-01-31,,,,,,3650.78,8014.51,5659.81
2000-02-01,,,,,,3711.68,8175.59,5773.42
2000-02-02,,,,,,3814.51,8421.2,5946.86
2000-02-03,,,,,,3926.83,8708.39,6149.67
2000-02-04,,,,,,3993.43,8886.88,6275.72
2000-02-07,,,,,,3953.78,8784.72,6203.58
2000-02-08,,,,,,4010.88,8917.94,6297.66
2000-02-09,,,,,,4000.1,8881.04,6271.6
2000-02-10,,,,,,3959.71,8790.29,6207.52
2000-02-11,,,,,,4011.08,8902.85,6287.01
2000-02-14,,,,,,4004.78,8876.38,6268.32
2000-02-15,,,,,,3905.83,8627.59,6092.63
2000-02-16,,,,,,3884.68,8561.95,6046.27
2000-02-17,,,,,,3943.09,8715.86,6154.96
2000-02-18,,,,,,3886.73,8585.25,6062.72
2000-02-21,,,,,,3821.37,8450.1,5967.28
2000-02-22,,,,,,3820.65,8444.47,5963.31
2000-02-23,,,,,,3873.29,8540.67,6031.25
2000-02-24,,,,,,3912.76,8607.98,6078.78
2000-02-25,,,,,,3979.95,8763.55,6188.64
2000-02-28,,,,,,3931.09,8641.89,6102.73
2000-02-29,,,,,,3981.26,8766.83,6190.96
2000-03-01,,,,,,4037.01,8859.39,6256.32
2000-03-02,,,,,,4159.49,9172.67,6477.55
2000-03-03,,,,,,4183.26,9225.14,6514.11
2000-03-06,,,,,,4217.91,9270.28,6545.98
2000-03-07,,,,,,4151.86,9122.81,6441.85
2000-03-08,,,,,,4090.64,8985.62,6344.97
2000-03-09,,,,,,4138.23,9096.73,6423.43
2000-03-10,,,,,,4189.47,9219.73,6510.28
2000-03-13,,,,,,4073.69,8974.24,6336.93
2000-03-14,,,,,,4078.44,8993.24,6350.35
2000-03-15,,,,,,3971.31,8764.65,6188.94
2000-03-16,,,,,,3989.61,8863.2,6258.53
2000-03-17,,,,,,4033.9,8927.99,6304.28
2000-03-20,,,,,,4070.51,8996.3,6352.51
2000-03-21,,,,,,4030.58,8951.49,6320.87
2000-03-22,,,,,,4005.2,8892.61,6279.29
2000-03-23,,,,,,3983.21,8877.06,6268.31
2000-03-24,,,,,,4039.39,9012.95,6364.26
2000-03-27,,,,,,4110.98,9135.58,6450.85
2000-03-28,,,,,,4160.36,9239.6,6524.3
2000-03-29,,,,,,4139.74,9212.95,6505.48
2000-03-30,,,,,,4007.55,8941.52,6313.82
2000-03-31,,,,,,4000.27,8902.19,6286.05
2000-04-03,,,,,,3891.9,8681.58,6130.27
2000-04-04,,,,,,3931.79,8811.4,6221.94
2000-04-05,,,,,,3818.77,8549.4,6036.94
2000-04-06,,,,,,3948.79,8814.33,6224.02
2000-04-07,,,,,,4002.7,8933.32,6308.04
2000-04-10,,,,,,4037.67,9017.54,6364.9
2000-04-11,,,,,,3968.7,8870.93,6261.42
2000-04-12,,,,,,3956.08,8838.75,6238.7
2000-04-13,,,,,,3963.24,8875.08,6264.34
2000-04-14,,,,,,3839.43,8593.67,6065.71
2000-04-17,,,,,,3821.45,8586.34,6060.54
2000-04-18,,,,,,3872.49,8709.45,6147.44
2000-04-19,,,,,,3890.67,8736.4,6166.46
2000-04-20,,,,,,3935.09,8832.81,6234.51
2000-04-25,,,,,,3980.17,8963.84,6320.29
2000-04-26,,,,,,4032.42,9063.95,6390.87
2000-04-27,,,,,,3951.21,8861.13,6247.86
2000-04-28,,,,,,4051.24,9104.88,6419.72
2000-05-02,,,,,,4137.95,9307.25,6562.41
2000-05-03,,,,,,4068.41,9127.47,6435.65
2000-05-04,,,,,,4103.04,9207.19,6491.74
2000-05-05,,,,,,4138.73,9283.8,6545.76
2000-05-08,,,,,,4127.13,9239.35,6514.42
2000-05-09,,,,,,4045.8,9049.37,6369.61
2000-05-10,,,,,,3981.02,8898.39,6263.34
2000-05-11,,,,,,4042.72,9073.74,6380.13
2000-05-12,,,,,,4088.22,9172.08,6449.27
2000-05-15,,,,,,4057.67,9092.93,6392.27
2000-05-16,,,,,,4151.18,9327.81,6557.39
2000-05-17,,,,,,4092.51,9179.39,6453.05
2000-05-18,,,,,,4088.77,9183.16,6451.97
2000-05-19,,,,,,3932.78,8818.91,6196.05
2000-05-22,,,,,,3853.84,8673.91,6094.17
2000-05-23,,,,,,3877.65,8751.33,6148.32
2000-05-24,,,,,,3793.62,8578.46,6027.1
2000-05-25,,,,,,3873.92,8724.43,6129.66
2000-05-26,,,,,,3870.31,8733.69,6129.15
2000-05-29,,,,,,3917.98,8841.95,6205.13
2000-05-30,,,,,,3987.14,9018.56,6325.49
2000-05-31,,,,,,4047.43,9166.8,6426.26
2000-06-01,,,,,,4145.69,9414.21,6599.71
2000-06-02,,,,,,4193.01,9521.82,6673.52
2000-06-05,,,,,,4184.97,9509.14,6656.26
2000-06-06,,,,,,4151.95,9414.51,6589.77
2000-06-07,,,,,,4101.35,9284.12,6498.5
2000-06-08,,,,,,4122.83,9320.06,6523.66
2000-06-09,,,,,,4136.58,9360.02,6549.05
2000-06-13,,,,,,4123.15,9336.85,6532.84
2000-06-14,,,,,,4168.62,9467.83,6608.1
2000-06-15,,,,,,4112.55,9334.19,6512.98
2000-06-16,,,,,,4090.55,9252.9,6456.26
2000-06-19,,,,,,4117.41,9322.99,6505.16
2000-06-20,,,,,,4142.61,9394.3,6554.92
2000-06-21,,,,,,4102.68,9302.35,6490.76
2000-06-22,,,,,,4093.55,9291.38,6474.88
2000-06-23,,,,,,4125.32,9392.5,6545.35
2000-06-26,,,,,,4150.47,9451.2,6586.26
2000-06-27,,,,,,4142.81,9425.13,6568.09
2000-06-28,,,,,,4160.3,9482.34,6607.96
2000-06-29,,,,,,4038.42,9185.1,6400.82
2000-06-30,,,,,,4069.4,9250.71,6446.54
2000-07-03,,,,,,4101.8,9348.98,6508.47
2000-07-04,,,,,,4090.37,9329.3,6494.77
2000-07-05,,,,,,4080.06,9283.23,6462.7
2000-07-06,,,,,,4074.96,9270.7,6453.97
2000-07-07,,,,,,4139.24,9431.59,6565.97
2000-07-10,,,,,,4098.6,9319.94,6487.42
2000-07-11,,,,,,4098.38,9324.15,6490.35
2000-07-12,,,,,,4124.77,9391.9,6536.51
2000-07-13,,,,,,4148.24,9440.54,6570.36
2000-07-17,,,,,,4182.19,9510.78,6619.25
2000-07-18,,,,,,4132.33,9360.33,6514.54
2000-07-19,,,,,,4118.98,9332.41,6495.11
2000-07-20,,,,,,4151.35,9431.07,6563.77
2000-07-21,,,,,,4102.24,9287.89,6464.12
2000-07-24,,,,,,4118.69,9343.14,6502.57
2000-07-25,,,,,,4109.55,9287.59,6463.91
2000-07-26,,,,,,4125.04,9329.38,6493.0
2000-07-27,,,,,,4131.48,9356.0,6511.53
2000-07-28,,,,,,4070.87,9218.34,6415.72
2000-07-31,,,,,,4142.82,9400.49,6542.49
2000-08-01,,,,,,4138.45,9385.83,6532.29
2000-08-02,,,,,,4133.6,9382.41,6529.91
2000-08-03,,,,,,4035.0,9130.99,6354.93
2000-08-04,,,,,,4098.71,9283.9,6461.35
2000-08-07,,,,,,4131.06,9366.79,6519.04
2000-08-08,,,,,,4136.37,9386.04,6532.44
2000-08-09,,,,,,4159.03,9440.27,6570.18
2000-08-10,,,,,,4154.79,9429.29,6562.54
2000-08-11,,,,,,4152.5,9415.58,6553.0
2000-08-14,,,,,,4186.42,9496.56,6609.36
2000-08-15,,,,,,4200.11,9535.72,6636.61
2000-08-16,,,,,,4227.67,9603.93,6684.08
2000-08-17,,,,,,4201.79,9533.89,6635.34
2000-08-18,,,,,,4180.22,9475.0,6594.35
2000-08-21,,,,,,4167.31,9442.35,6571.63
2000-08-22,,,,,,4143.87,9359.14,6513.71
2000-08-23,,,,,,4137.09,9341.88,6501.7
2000-08-24,,,,,,4116.77,9284.74,6461.93
2000-08-25,,,,,,4198.98,9476.1,6595.11
2000-08-28,,,,,,4218.86,9504.7,6615.02
2000-08-29,,,,,,4232.33,9531.96,6633.99
2000-08-30,,,,,,4231.2,9532.86,6634.62
2000-08-31,,,,,,4229.21,9519.64,6625.42
2000-09-01,,,,,,4334.65,9790.11,6813.66
2000-09-04,,,,,,4390.68,9946.25,6922.33
2000-09-05,,,,,,4357.76,9852.03,6856.76
2000-09-06,,,,,,4317.86,9765.87,6796.79
2000-09-07,,,,,,4331.66,9819.99,6834.46
2000-09-08,,,,,,4263.42,9631.62,6703.36
2000-09-11,,,,,,4246.61,9592.21,6675.01
2000-09-12,,,,,,4252.54,9624.96,6697.8
2000-09-13,,,,,,4178.32,9439.72,6568.89
2000-09-14,,,,,,4223.38,9538.9,6637.91
2000-09-15,,,,,,4201.94,9505.48,6614.65
2000-09-18,,,,,,4147.77,9372.88,6522.38
2000-09-19,,,,,,4144.25,9383.75,6529.95
2000-09-20,,,,,,4073.59,9204.82,6405.43
2000-09-21,,,,,,3978.29,8988.32,6254.77
2000-09-22,,,,,,3981.37,8993.79,6258.58
2000-09-25,,,,,,4035.48,9105.45,6336.28
2000-09-26,,,,,,4010.12,9044.78,6294.06
2000-09-27,,,,,,4019.13,9081.76,6319.79
2000-09-28,,,,,,4008.29,9069.17,6311.03
2000-09-29,,,,,,3984.03,9005.37,6266.63
2000-10-02,,,,,,4026.2,9124.09,6349.24
2000-10-03,,,,,,4054.19,9197.65,6400.43
2000-10-04,,,,,,3992.09,9047.76,6296.13
2000-10-05,,,,,,4018.88,9103.78,6335.12
2000-10-06,,,,,,3969.77,8993.54,6258.41
2000-10-09,,,,,,3880.66,8780.36,6110.06
2000-10-10,,,,,,3897.99,8828.13,6143.3
2000-10-11,,,,,,3782.56,8559.14,5956.12
2000-10-12,,,,,,3796.91,8608.83,5990.7
2000-10-13,,,,,,3828.28,8714.47,6064.21
2000-10-16,,,,,,3845.03,8748.71,6088.04
2000-10-17,,,,,,3833.7,8718.68,6067.15
2000-10-18,,,,,,3757.92,8532.15,5937.35
2000-10-19,,,,,,3841.13,8717.71,6066.48
2000-10-20,,,,,,3889.86,8836.92,6149.44
2000-10-23,,,,,,3912.77,8884.19,6182.34
2000-10-24,,,,,,3995.49,9087.39,6323.74
2000-10-25,,,,,,3964.69,9021.52,6277.9
2000-10-26,,,,,,3926.22,8921.67,6208.42
2000-10-27,,,,,,3966.66,9008.62,6268.93
2000-10-30,,,,,,3981.55,9048.73,6296.84
2000-10-31,,,,,,4039.9,9193.61,6397.66
2000-11-01,,,,,,4048.64,9209.97,6409.05
2000-11-02,,,,,,4047.22,9197.41,6400.31
2000-11-03,,,,,,4048.54,9195.41,6398.92
2000-11-06,,,,,,4027.92,9128.33,6352.24
2000-11-07,,,,,,4043.64,9176.94,6386.07
2000-11-08,,,,,,4016.85,9105.02,6336.03
2000-11-09,,,,,,3974.61,9011.79,6271.15
2000-11-10,,,,,,3901.87,8834.08,6147.49
2000-11-13,,,,,,3830.92,8676.36,6037.73
2000-11-14,,,,,,3939.8,8946.87,6225.98
2000-11-15,,,,,,3987.7,9055.8,6301.78
2000-11-16,,,,,,3975.97,9028.9,6283.06
2000-11-17,,,,,,3907.43,8854.82,6161.92
2000-11-20,,,,,,3829.95,8653.45,6021.79
2000-11-21,,,,,,3859.75,8738.57,6081.02
2000-11-22,,,,,,3783.25,8542.67,5944.7
2000-11-23,,,,,,3843.73,8698.36,6053.04
2000-11-24,,,,,,3887.38,8831.44,6145.65
2000-11-27,,,,,,3910.73,8868.34,6171.33
2000-11-28,,,,,,3852.25,8721.61,6069.22
2000-11-29,,,,,,3844.93,8709.29,6060.65
2000-11-30,,,,,,3769.69,8518.78,5928.08
2000-12-01,,,,,,3769.94,8520.59,5928.5
2000-12-04,,,,,,3688.12,8323.71,5791.51
2000-12-05,,,,,,3805.89,8616.02,5994.89
2000-12-06,,,,,,3809.57,8602.15,5985.24
2000-12-07,,,,,,3802.33,8601.36,5984.69
2000-12-08,,,,,,3781.68,8536.15,5939.32
2000-12-11,,,,,,3857.93,8735.29,6077.88
2000-12-12,,,,,,3840.58,8691.85,6047.66
2000-12-13,,,,,,3791.62,8569.16,5962.29
2000-12-14,,,,,,3758.3,8487.75,5905.65
2000-12-15,,,,,,3712.8,8392.74,5839.54
2000-12-18,,,,,,3740.1,8461.65,5887.49
2000-12-19,,,,,,3781.67,8564.22,5958.86
2000-12-20,,,,,,3671.09,8287.46,5766.3
2000-12-21,,,,,,3659.34,8276.85,5758.92
2000-12-22,,,,,,3680.79,8312.51,5783.73
2000-12-27,,,,,,3725.53,8418.04,5857.15
2000-12-28,,,,,,3763.55,8509.23,5920.6
2000-12-29,,,,,,3771.25,8517.6,5926.42
2001-01-02,,,,,,3698.68,8334.32,5798.9
2001-01-03,,,,,,3620.07,8169.26,5684.05
2001-01-04,,,,,,3692.46,8358.89,5815.99
2001-01-05,,,,,,3662.12,8275.57,5758.02
2001-01-08,,,,,,3642.08,8239.33,5732.8
2001-01-09,,,,,,3605.11,8139.29,5663.19
2001-01-10,,,,,,3599.79,8125.14,5653.35
2001-01-11,,,,,,3631.14,8196.18,5702.78
2001-01-12,,,,,,3711.21,8385.27,5834.34
2001-01-15,,,,,,3714.41,8383.89,5833.38
2001-01-16,,,,,,3670.64,8280.83,5761.67
2001-01-17,,,,,,3743.27,8456.77,5884.09
2001-01-18,,,,,,3734.77,8422.38,5860.16
2001-01-19,,,,,,3736.03,8401.64,5845.73
2001-01-22,,,,,,3753.86,8454.86,5882.76
2001-01-23,,,,,,3729.6,8393.02,5839.73
2001-01-24,,,,,,3761.13,8480.1,5900.32
2001-01-25,,,,,,3781.27,8529.48,5934.68
2001-01-26,,,,,,3775.81,8516.45,5925.62
2001-01-29,,,,,,3755.68,8462.24,5887.9
2001-01-30,,,,,,3774.64,8504.28,5917.15
2001-01-31,,,,,,3820.16,8621.18,5998.49
2001-02-01,,,,,,3767.89,8479.22,5899.72
2001-02-02,,,,,,3730.81,8373.8,5826.37
2001-02-05,,,,,,3729.43,8369.66,5823.49
2001-02-06,,,,,,3747.07,8411.14,5852.35
2001-02-07,,,,,,3693.86,8267.12,5752.14
2001-02-08,,,,,,3706.72,8297.76,5773.46
2001-02-09,,,,,,3667.94,8209.95,5712.36
2001-02-12,,,,,,3693.25,8277.68,5759.48
2001-02-13,,,,,,3679.11,8248.29,5739.03
2001-02-14,,,,,,3624.44,8112.05,5644.23
2001-02-15,,,,,,3665.55,8198.72,5704.53
2001-02-16,,,,,,3604.34,8041.48,5595.13
2001-02-19,,,,,,3598.17,8026.56,5584.75
2001-02-20,,,,,,3580.41,7974.81,5548.74
2001-02-21,,,,,,3536.05,7867.92,5474.37
2001-02-22,,,,,,3518.5,7836.47,5452.48
2001-02-23,,,,,,3447.92,7650.15,5322.84
2001-02-26,,,,,,3501.14,7782.75,5415.1
2001-02-27,,,,,,3515.18,7815.31,5437.76
2001-02-28,,,,,,3472.34,7714.3,5367.48
2001-03-01,,,,,,3449.82,7676.73,5341.34
2001-03-02,,,,,,3423.14,7605.71,5291.92
2001-03-05,,,,,,3469.39,7716.24,5368.83
2001-03-06,,,,,,3523.87,7844.2,5457.28
2001-03-07,,,,,,3541.03,7882.15,5483.68
2001-03-08,,,,,,3515.11,7817.44,5438.66
2001-03-09,,,,,,3475.4,7717.15,5368.89
2001-03-12,,,,,,3396.14,7535.33,5242.4
2001-03-13,,,,,,3361.22,7455.51,5186.87
2001-03-14,,,,,,3309.89,7352.92,5115.5
2001-03-15,,,,,,3342.55,7442.26,5177.66
2001-03-16,,,,,,3296.11,7337.49,5104.77
2001-03-19,,,,,,3262.84,7256.76,5048.6
2001-03-20,,,,,,3310.68,7385.83,5138.4
2001-03-21,,,,,,3233.4,7221.05,5023.76
2001-03-22,,,,,,3107.94,6935.09,4824.82
2001-03-23,,,,,,3188.0,7116.64,4951.13
2001-03-26,,,,,,3286.84,7366.27,5124.8
2001-03-27,,,,,,3355.56,7525.53,5235.6
2001-03-28,,,,,,3310.52,7403.11,5150.43
2001-03-29,,,,,,3311.1,7413.87,5157.92
2001-03-30,,,,,,3330.61,7446.25,5180.45
2001-04-02,,,,,,3340.41,7489.42,5210.48
2001-04-03,,,,,,3218.63,7192.64,5004.0
2001-04-04,,,,,,3247.61,7290.13,5071.82
2001-04-05,,,,,,3304.26,7414.81,5158.56
2001-04-06,,,,,,3291.92,7387.71,5139.71
2001-04-09,,,,,,3313.84,7450.25,5183.22
2001-04-10,,,,,,3401.08,7662.99,5331.23
2001-04-11,,,,,,3422.88,7706.54,5361.53
2001-04-12,,,,,,3430.17,7722.6,5372.71
2001-04-17,,,,,,3407.21,7676.99,5340.98
2001-04-18,,,,,,3508.77,7912.87,5505.08
2001-04-19,,,,,,3497.04,7876.9,5480.05
2001-04-20,,,,,,3478.38,7832.76,5449.34
2001-04-23,,,,,,3450.78,7757.31,5396.85
2001-04-24,,,,,,3467.94,7796.95,5424.43
2001-04-25,,,,,,3459.12,7773.11,5407.84
2001-04-26,,,,,,3503.77,7879.31,5481.73
2001-04-27,,,,,,3559.8,8014.76,5575.97
2001-04-30,,,,,,3600.33,8106.84,5640.03
2001-05-02,,,,,,3565.93,8022.55,5572.91
2001-05-03,,,,,,3505.56,7859.72,5457.07
2001-05-04,,,,,,3500.28,7857.53,5455.55
2001-05-07,,,,,,3526.2,7928.59,5498.52
2001-05-08,,,,,,3541.22,7955.14,5516.93
2001-05-09,,,,,,3524.96,7929.16,5492.08
2001-05-10,,,,,,3585.96,8097.3,5606.46
2001-05-11,,,,,,3570.12,8050.72,5567.25
2001-05-14,,,,,,3522.15,7948.2,5487.72
2001-05-15,,,,,,3553.64,8029.9,5544.13
2001-05-16,,,,,,3541.99,7998.85,5522.69
2001-05-17,,,,,,3587.73,8100.18,5592.65
2001-05-18,,,,,,3611.29,8167.86,5638.24
2001-05-21,,,,,,3619.89,8187.85,5652.04
2001-05-22,,,,,,3645.72,8249.06,5693.47
2001-05-23,,,,,,3613.78,8160.74,5630.74
2001-05-24,,,,,,3626.63,8198.03,5656.47
2001-05-25,,,,,,3586.93,8095.56,5581.94
2001-05-28,,,,,,3601.89,8130.92,5606.32
2001-05-29,,,,,,3567.89,8065.14,5542.27
2001-05-30,,,,,,3512.41,7922.53,5444.27
2001-05-31,,,,,,3514.79,7937.88,5454.19
2001-06-01,,,,,,3500.51,7909.67,5432.71
2001-06-05,,,,,,3546.48,8039.77,5516.27
2001-06-06,,,,,,3532.16,8018.22,5496.49
2001-06-07,,,,,,3509.55,7955.35,5453.39
2001-06-08,,,,,,3502.39,7943.26,5439.93
2001-06-11,,,,,,3484.56,7925.74,5418.47
2001-06-12,,,,,,3418.35,7769.92,5311.94
2001-06-13,,,,,,3438.3,7830.91,5353.63
2001-06-14,,,,,,3402.68,7765.64,5297.07
2001-06-15,,,,,,3366.68,7687.6,5243.84
2001-06-18,,,,,,3319.86,7565.1,5160.28
2001-06-19,,,,,,3341.24,7622.46,5199.41
2001-06-20,,,,,,3317.37,7580.06,5170.49
2001-06-21,,,,,,3294.97,7527.98,5134.97
2001-06-22,,,,,,3325.09,7599.37,5183.67
2001-06-25,,,,,,3337.95,7643.44,5213.46
2001-06-26,,,,,,3266.59,7463.51,5090.73
2001-06-27,,,,,,3248.54,7415.11,5057.72
2001-06-28,,,,,,3290.63,7526.3,5133.56
2001-06-29,,,,,,3344.76,7660.84,5225.33
2001-07-02,,,,,,3384.84,7769.3,5296.51
2001-07-03,,,,,,3334.06,7636.21,5205.78
2001-07-04,,,,,,3316.97,7591.26,5175.13
2001-07-05,,,,,,3284.08,7516.0,5123.83
2001-07-06,,,,,,3211.53,7333.42,4999.36
2001-07-09,,,,,,3227.3,7374.51,5027.37
2001-07-10,,,,,,3204.35,7295.35,4973.4
2001-07-11,,,,,,3169.46,7209.21,4914.68
2001-07-12,,,,,,3197.46,7277.79,4961.43
2001-07-13,,,,,,3231.25,7371.39,5025.24
2001-07-16,,,,,,3229.59,7367.75,5022.76
2001-07-17,,,,,,3200.9,7302.88,4978.54
2001-07-18,,,,,,3143.3,7140.0,4867.5
2001-07-19,,,,,,3176.26,7232.26,4930.39
2001-07-20,,,,,,3148.35,7159.36,4880.7
2001-07-23,,,,,,3166.95,7205.16,4911.92
2001-07-24,,,,,,3134.04,7122.55,4855.6
2001-07-25,,,,,,3084.69,7001.64,4773.17
2001-07-26,,,,,,3121.81,7102.77,4842.12
2001-07-27,,,,,,3191.12,7286.17,4967.15
2001-07-30,,,,,,3231.67,7385.12,5033.71
2001-07-31,,,,,,3259.26,7461.12,5085.51
2001-08-01,,,,,,3277.17,7500.68,5112.48
2001-08-02,,,,,,3269.67,7465.8,5088.7
2001-08-03,,,,,,3237.34,7381.56,5031.29
2001-08-06,,,,,,3256.16,7432.84,5066.25
2001-08-07,,,,,,3247.35,7411.38,5051.62
2001-08-08,,,,,,3211.23,7315.45,4986.23
2001-08-09,,,,,,3152.72,7171.77,4888.3
2001-08-10,,,,,,3128.2,7109.73,4846.02
2001-08-13,,,,,,3168.08,7218.78,4920.35
2001-08-14,,,,,,3193.12,7280.82,4962.64
2001-08-15,,,,,,3177.26,7238.76,4933.97
2001-08-16,,,,,,3146.01,7163.43,4882.62
2001-08-17,,,,,,3087.94,7009.02,4777.37
2001-08-20,,,,,,3092.18,7029.65,4791.43
2001-08-21,,,,,,3118.43,7093.38,4834.87
2001-08-22,,,,,,3104.43,7060.03,4812.14
2001-08-23,,,,,,3103.63,7056.16,4809.5
2001-08-24,,,,,,3163.74,7213.24,4916.56
2001-08-27,,,,,,3160.32,7197.44,4905.79
2001-08-28,,,,,,3109.66,7065.3,4815.72
2001-08-29,,,,,,3121.41,7093.42,4834.89
2001-08-30,,,,,,3045.83,6901.2,4703.87
2001-08-31,,,,,,3036.98,6879.89,4689.34
2001-09-03,,,,,,2996.78,6792.53,4629.8
2001-09-04,,,,,,3019.91,6857.35,4673.98
2001-09-05,,,,,,2960.1,6707.09,4571.56
2001-09-06,,,,,,2898.81,6573.86,4480.75
2001-09-07,,,,,,2857.67,6475.21,4413.51
2001-09-10,,,,,,2833.76,6431.53,4383.74
2001-09-11,,,,,,2630.36,5956.19,4059.75
2001-09-12,,,,,,2647.01,6036.16,4114.26
2001-09-13,,,,,,2644.84,6035.58,4113.87
2001-09-14,,,,,,2516.48,5735.73,3909.49
2001-09-17,,,,,,2567.25,5891.2,4015.46
2001-09-18,,,,,,2542.03,5824.7,3970.18
2001-09-19,,,,,,2495.22,5705.56,3888.93
2001-09-20,,,,,,2397.25,5484.39,3738.18
2001-09-21,,,,,,2335.29,5359.23,3652.87
2001-09-24,,,,,,2460.95,5664.86,3861.19
2001-09-25,,,,,,2495.86,5725.98,3902.85
2001-09-26,,,,,,2544.18,5832.61,3975.53
2001-09-27,,,,,,2558.83,5887.92,4013.23
2001-09-28,,,,,,2597.47,5984.44,4079.02
2001-10-01,,,,,,2557.59,5875.21,4004.57
2001-10-02,,,,,,2573.0,5934.02,4044.66
2001-10-03,,,,,,2557.44,5904.07,4024.25
2001-10-04,,,,,,2660.09,6155.75,4195.8
2001-10-05,,,,,,2645.47,6110.21,4164.76
2001-10-08,,,,,,2649.76,6121.14,4172.21
2001-10-09,,,,,,2656.55,6128.12,4176.97
2001-10-10,,,,,,2740.5,6337.05,4319.38
2001-10-11,,,,,,2757.34,6353.63,4330.68
2001-10-12,,,,,,2763.82,6362.72,4336.88
2001-10-15,,,,,,2693.72,6182.31,4213.91
2001-10-16,,,,,,2748.14,6321.07,4308.49
2001-10-17,,,,,,2809.89,6472.22,4411.51
2001-10-18,,,,,,2763.73,6364.5,4338.09
2001-10-19,,,,,,2726.01,6257.11,4264.89
2001-10-22,,,,,,2770.1,6369.2,4341.29
2001-10-23,,,,,,2838.14,6357.14,4455.76
2001-10-24,,,,,,2860.06,6582.01,4486.35
2001-10-25,,,,,,2800.37,6423.71,4378.45
2001-10-26,,,,,,2864.03,6570.68,4478.63
2001-10-29,,,,,,2809.97,6430.73,4383.24
2001-10-30,,,,,,2728.88,6238.08,4251.93
2001-10-31,,,,,,2779.68,6369.18,4341.29
2001-11-01,,,,,,2793.61,6406.81,4366.94
2001-11-02,,,,,,2795.09,6410.42,4369.4
2001-11-05,,,,,,2862.22,6580.51,4485.34
2001-11-06,,,,,,2849.77,6545.81,4461.69
2001-11-07,,,,,,2870.96,6592.14,4493.27
2001-11-08,,,,,,2921.16,6709.17,4573.04
2001-11-09,,,,,,2886.86,6622.96,4514.28
2001-11-12,,,,,,2809.02,6420.94,4376.58
2001-11-13,,,,,,2920.47,6698.37,4565.68
2001-11-14,,,,,,2936.51,6712.17,4575.09
2001-11-15,,,,,,2947.96,6715.39,4577.28
2001-11-16,,,,,,2953.77,6730.1,4587.3
2001-11-19,,,,,,3003.12,6837.48,4660.49
2001-11-20,,,,,,2957.76,6739.23,4593.52
2001-11-21,,,,,,2936.35,6685.69,4557.03
2001-11-22,,,,,,2962.08,6748.44,4599.8
2001-11-23,,,,,,2946.92,6710.32,4573.82
2001-11-26,,,,,,2944.63,6696.48,4564.38
2001-11-27,,,,,,2904.87,6581.22,4485.82
2001-11-28,,,,,,2876.4,6522.07,4445.5
2001-11-29,,,,,,2878.37,6522.61,4445.87
2001-11-30,,,,,,2894.97,6566.9,4476.06
2001-12-03,,,,,,2885.3,6548.97,4463.84
2001-12-04,,,,,,2925.16,6646.12,4529.24
2001-12-05,,,,,,3018.17,6863.75,4677.55
2001-12-06,,,,,,3022.73,6866.44,4679.38
2001-12-07,,,,,,3003.51,6812.97,4642.94
2001-12-10,,,,,,2955.05,6685.83,4556.29
2001-12-11,,,,,,2953.24,6679.45,4551.94
2001-12-12,,,,,,2927.57,6618.9,4510.68
2001-12-13,,,,,,2863.79,6472.14,4410.66
2001-12-14,,,,,,2824.28,6368.48,4340.02
2001-12-17,,,,,,2905.68,6581.48,4485.17
2001-12-18,,,,,,2899.7,6574.04,4480.1
2001-12-19,,,,,,2893.02,6556.17,4467.92
2001-12-20,,,,,,2870.28,6495.71,4426.72
2001-12-21,,,,,,2908.57,6602.27,4499.34
2001-12-24,,,,,,2908.71,6606.32,4502.1
2001-12-27,,,,,,2958.11,6737.0,4591.16
2001-12-28,,,,,,2981.35,6786.03,4624.58
2002-01-02,,,,,,2959.07,6721.25,4580.44
2002-01-03,,,,,,3021.36,6889.1,4681.2
2002-01-04,,,,,,3028.35,6871.43,4682.79
2002-01-07,,,,,,2995.51,6772.75,4615.54
2002-01-08,,,,,,2966.39,6703.12,4568.09
2002-01-09,,,,,,2982.41,6730.89,4587.01
2002-01-10,,,,,,2941.35,6625.99,4515.52
2002-01-11,,,,,,2963.86,6683.47,4554.69
2002-01-14,,,,,,2907.89,6535.68,4453.97
2002-01-15,,,,,,2941.99,6630.26,4518.42
2002-01-16,,,,,,2891.36,6493.9,4425.5
2002-01-17,,,,,,2916.44,6567.48,4475.64
2002-01-18,,,,,,2901.3,6528.16,4448.85
2002-01-21,,,,,,2885.4,6491.41,4423.8
2002-01-22,,,,,,2900.08,6525.04,4446.72
2002-01-23,,,,,,2900.53,6531.04,4450.81
2002-01-24,,,,,,2933.3,6615.06,4508.07
2002-01-25,,,,,,2921.11,6580.2,4484.31
2002-01-28,,,,,,2953.21,6663.63,4541.16
2002-01-29,,,,,,2919.11,6568.17,4476.1
2002-01-30,,,,,,2877.81,6467.18,4407.27
2002-01-31,,,,,,2911.95,6547.3,4461.87
2002-02-01,,,,,,2910.14,6538.05,4455.56
2002-02-04,,,,,,2876.94,6452.92,4397.54
2002-02-05,,,,,,2823.08,6321.16,4307.75
2002-02-06,,,,,,2803.92,6271.36,4273.81
2002-02-07,,,,,,2814.94,6303.41,4295.65
2002-02-08,,,,,,2817.81,6308.39,4299.04
2002-02-11,,,,,,2849.62,6387.88,4353.21
2002-02-12,,,,,,2839.38,6365.49,4337.95
2002-02-13,,,,,,2854.59,6404.38,4364.45
2002-02-14,,,,,,2893.66,6499.56,4429.31
2002-02-15,,,,,,2863.9,6422.81,4377.0
2002-02-18,,,,,,2847.91,6378.86,4347.05
2002-02-19,,,,,,2794.27,6245.78,4256.36
2002-02-20,,,,,,2782.54,6220.3,4238.99
2002-02-21,,,,,,2811.59,6291.08,4287.22
2002-02-22,,,,,,2785.86,6229.42,4245.2
2002-02-25,,,,,,2823.99,6317.82,4305.44
2002-02-26,,,,,,2850.1,6369.79,4340.86
2002-02-27,,,,,,2898.93,6492.83,4424.71
2002-02-28,,,,,,2920.27,6549.0,4462.99
2002-03-01,,,,,,2936.33,6583.37,4486.42
2002-03-04,,,,,,3012.17,6760.96,4607.44
2002-03-05,,,,,,2996.49,6722.79,4580.75
2002-03-06,,,,,,3003.56,6733.64,4588.14
2002-03-07,,,,,,3027.72,6775.26,4616.5
2002-03-08,,,,,,3034.94,6793.76,4629.11
2002-03-11,,,,,,3014.3,6731.59,4586.75
2002-03-12,,,,,,2989.61,6678.61,4550.65
2002-03-13,,,,,,2978.06,6639.17,4523.77
2002-03-14,,,,,,2991.97,6673.03,4546.84
2002-03-15,,,,,,3016.33,6733.92,4588.33
2002-03-18,,,,,,3044.35,6788.93,4625.81
2002-03-19,,,,,,3053.99,6816.99,4644.93
2002-03-20,,,,,,3032.02,6756.62,4603.8
2002-03-21,,,,,,3019.04,6721.54,4579.9
2002-03-22,,,,,,3030.58,6753.34,4601.57
2002-03-25,,,,,,3022.14,6733.95,4588.36
2002-03-26,,,,,,3044.09,6792.24,4628.07
2002-03-27,,,,,,3043.29,6785.09,4623.2
2002-03-28,,,,,,3081.9,6880.22,4688.02
2002-04-02,,,,,,3048.85,6791.15,4627.33
2002-04-03,,,,,,3048.25,6798.39,4632.26
2002-04-04,,,,,,2994.36,6660.5,4538.31
2002-04-05,,,,,,2984.42,6627.32,4515.7
2002-04-08,,,,,,2935.11,6504.3,4431.88
2002-04-09,,,,,,2955.86,6551.31,4463.91
2002-04-10,,,,,,2990.64,6636.32,4521.83
2002-04-11,,,,,,2944.49,6518.48,4441.54
2002-04-12,,,,,,2960.73,6557.74,4468.29
2002-04-15,,,,,,2980.44,6607.93,4502.49
2002-04-16,,,,,,3036.62,6749.18,4598.74
2002-04-17,,,,,,3035.97,6747.07,4597.3
2002-04-18,,,,,,3034.97,6734.64,4588.83
2002-04-19,,,,,,3042.57,6760.45,4606.42
2002-04-22,,,,,,3016.49,6693.91,4559.46
2002-04-23,,,,,,3015.06,6698.45,4562.55
2002-04-24,,,,,,2993.7,6647.72,4528.0
2002-04-25,,,,,,2952.99,6551.84,4455.99
2002-04-26,,,,,,2952.04,6549.03,4453.08
2002-04-29,,,,,,2936.56,6520.05,4430.38
2002-04-30,,,,,,2954.25,6570.54,4462.74
2002-05-02,,,,,,2928.2,6517.95,4421.56
2002-05-03,,,,,,2889.81,6421.09,4354.92
2002-05-06,,,,,,2899.82,6440.12,4367.26
2002-05-07,,,,,,2857.07,6338.8,4296.4
2002-05-08,,,,,,2921.57,6497.58,4404.02
2002-05-09,,,,,,2915.07,6472.26,4386.86
2002-05-10,,,,,,2883.83,6388.14,4329.84
2002-05-13,,,,,,2905.09,6467.41,4375.39
2002-05-14,,,,,,2949.71,6584.24,4447.12
2002-05-15,,,,,,2964.12,6626.98,4471.27
2002-05-16,,,,,,2960.89,6619.7,4466.36
2002-05-17,,,,,,2949.57,6620.16,4442.94
2002-05-20,,,,,,2927.9,6557.29,4400.75
2002-05-21,,,,,,2925.7,6554.99,4399.2
2002-05-22,,,,,,2882.38,6453.26,4326.29
2002-05-23,,,,,,2887.49,6476.09,4341.59
2002-05-24,,,,,,2883.31,6469.89,4337.43
2002-05-27,,,,,,2894.69,6504.62,4360.71
2002-05-28,,,,,,2882.29,6473.09,4339.57
2002-05-29,,,,,,2877.21,6467.32,4334.85
2002-05-30,,,,,,2834.58,6355.86,4260.14
2002-05-31,,,,,,2846.81,6381.15,4274.64
2002-06-03,,,,,,2818.85,6318.94,4227.15
2002-06-04,,,,,,2722.34,6101.13,4065.88
2002-06-05,,,,,,2728.85,6121.58,4079.51
2002-06-06,,,,,,2741.25,6149.6,4098.18
2002-06-07,,,,,,2695.11,6035.87,4020.27
2002-06-10,,,,,,2698.56,6044.51,4024.94
2002-06-11,,,,,,2742.73,6171.3,4109.37
2002-06-12,,,,,,2680.16,6014.21,4004.76
2002-06-13,,,,,,2646.11,5942.99,3957.33
2002-06-14,,,,,,2573.22,5774.56,3843.07
2002-06-17,,,,,,2667.96,6025.93,4010.36
2002-06-18,,,,,,2668.46,6018.21,4004.93
2002-06-19,,,,,,2628.78,5914.0,3935.58
2002-06-20,,,,,,2562.68,5758.46,3832.07
2002-06-21,,,,,,2547.17,5709.57,3799.53
2002-06-24,,,,,,2465.92,5518.11,3669.24
2002-06-25,,,,,,2520.94,5664.22,3766.4
2002-06-26,,,,,,2474.6,5566.06,3701.13
2002-06-27,,,,,,2501.52,5630.32,3742.78
2002-06-28,,,,,,2590.53,5863.81,3897.99
2002-07-01,,,,,,2593.36,5874.9,3897.37
2002-07-02,,,,,,2496.09,5631.13,3735.66
2002-07-03,,,,,,2425.1,5461.8,3623.33
2002-07-04,,,,,,2464.64,5573.05,3697.13
2002-07-05,,,,,,2562.97,5823.51,3863.28
2002-07-08,,,,,,2561.49,5816.07,3858.35
2002-07-09,,,,,,2539.43,5756.77,3819.01
2002-07-10,,,,,,2451.51,5511.62,3656.38
2002-07-11,,,,,,2365.63,5294.14,3512.1
2002-07-12,,,,,,2367.73,5296.02,3513.34
2002-07-15,,,,,,2260.04,5010.21,3323.74
2002-07-16,,,,,,2251.17,5001.27,3317.81
2002-07-17,,,,,,2323.97,5186.78,3440.88
2002-07-18,,,,,,2366.32,5296.56,3513.71
2002-07-19,,,,,,2259.65,5010.65,3324.04
2002-07-22,,,,,,2159.69,4747.84,3149.69
2002-07-23,,,,,,2113.29,4627.95,3070.16
2002-07-24,,,,,,2067.7,4557.9,3023.69
2002-07-25,,,,,,2139.81,4747.88,3149.72
2002-07-26,,,,,,2150.46,4782.31,3172.56
2002-07-29,,,,,,2263.22,5118.86,3395.83
2002-07-30,,,,,,2273.04,5094.77,3379.85
2002-07-31,,,,,,2295.01,5148.33,3415.38
2002-08-01,,,,,,2198.93,4885.04,3240.71
2002-08-02,,,,,,2197.16,4892.06,3245.37
2002-08-05,,,,,,2128.94,4696.12,3115.38
2002-08-06,,,,,,2212.43,4951.49,3284.79
2002-08-07,,,,,,2203.99,4929.97,3270.51
2002-08-08,,,,,,2265.21,5107.75,3388.45
2002-08-09,,,,,,2299.23,5197.43,3447.94
2002-08-12,,,,,,2252.29,5071.56,3364.44
2002-08-13,,,,,,2267.84,5110.44,3390.23
2002-08-14,,,,,,2184.83,4885.21,3240.81
2002-08-15,,,,,,2258.3,5087.51,3375.01
2002-08-16,,,,,,2257.73,5086.13,3374.09
2002-08-19,,,,,,2323.75,5265.39,3493.01
2002-08-20,,,,,,2299.73,5186.42,3440.62
2002-08-21,,,,,,2329.54,5253.63,3485.21
2002-08-22,,,,,,2394.72,5415.5,3592.6
2002-08-23,,,,,,2358.42,5315.25,3526.09
2002-08-26,,,,,,2327.52,5232.63,3471.28
2002-08-27,,,,,,2381.69,5382.19,3570.5
2002-08-28,,,,,,2298.86,5154.94,3419.74
2002-08-29,,,,,,2274.15,5022.33,3331.77
2002-08-30,,,,,,2266.84,5074.24,3366.21
2002-09-02,,,,,,2215.12,4933.38,3272.76
2002-09-03,,,,,,2129.54,4713.06,3126.6
2002-09-04,,,,,,2148.11,4776.52,3168.7
2002-09-05,,,,,,2126.94,4732.34,3139.39
2002-09-06,,,,,,2186.48,4894.06,3246.67
2002-09-09,,,,,,2159.33,4823.44,3199.82
2002-09-10,,,,,,2216.19,4973.91,3299.64
2002-09-11,,,,,,2272.13,5120.7,3397.02
2002-09-12,,,,,,2186.56,4886.78,3241.84
2002-09-13,,,,,,2136.68,4757.63,3156.17
2002-09-16,,,,,,2122.2,4736.19,3141.95
2002-09-17,,,,,,2108.33,4692.3,3112.83
2002-09-18,,,,,,2038.25,4523.69,3000.98
2002-09-19,,,,,,1988.9,4412.45,2927.18
2002-09-20,,,,,,1967.26,4357.64,2890.82
2002-09-23,,,,,,1904.43,4212.16,2794.31
2002-09-24,,,,,,1867.0,4134.54,2742.81
2002-09-25,,,,,,1887.33,4198.72,2785.38
2002-09-26,,,,,,1989.98,4464.14,2961.46
2002-09-27,,,,,,1984.08,4447.65,2950.52
2002-09-30,,,,,,1881.93,4186.76,2777.45
2002-10-01,,,,,,1904.54,4263.81,2828.56
2002-10-02,,,,,,1964.51,4433.06,2940.84
2002-10-03,,,,,,1921.49,4312.77,2861.04
2002-10-04,,,,,,1868.4,4169.36,2765.9
2002-10-07,,,,,,1842.8,4120.6,2733.56
2002-10-08,,,,,,1819.48,4061.31,2694.23
2002-10-09,,,,,,1794.47,4004.35,2656.45
2002-10-10,,,,,,1851.89,4158.23,2758.53
2002-10-11,,,,,,1941.31,4374.9,2902.27
2002-10-14,,,,,,1929.94,4349.28,2885.27
2002-10-15,,,,,,2049.22,4651.91,3086.03
2002-10-16,,,,,,2040.63,4624.29,3067.7
2002-10-17,,,,,,2115.39,4798.22,3183.08
2002-10-18,,,,,,2108.1,4758.89,3156.99
2002-10-21,,,,,,2107.83,4758.8,3156.93
2002-10-22,,,,,,2089.01,4704.65,3121.01
2002-10-23,,,,,,2011.72,4510.53,2992.23
2002-10-24,,,,,,2060.03,4635.5,3075.13
2002-10-25,,,,,,2048.47,4607.98,3056.88
2002-10-28,,,,,,2089.42,4704.41,3120.85
2002-10-29,,,,,,2001.68,4469.64,2965.11
2002-10-30,,,,,,2069.58,4649.19,3084.22
2002-10-31,,,,,,2110.28,4748.41,3150.04
2002-11-01,,,,,,2090.31,4687.32,3109.51
2002-11-04,,,,,,2157.88,4851.86,3218.67
2002-11-05,,,,,,2168.8,4895.16,3247.39
2002-11-06,,,,,,2149.57,4843.11,3212.86
2002-11-07,,,,,,2090.84,4690.65,3111.72
2002-11-08,,,,,,2057.37,4609.94,3058.18
2002-11-11,,,,,,2050.45,4603.18,3053.7
2002-11-12,,,,,,2059.0,4619.67,3064.64
2002-11-13,,,,,,2042.17,4574.71,3034.81
2002-11-14,,,,,,2107.33,4746.24,3148.6
2002-11-15,,,,,,2115.75,4767.02,3162.39
2002-11-18,,,,,,2143.41,4836.49,3208.47
2002-11-19,,,,,,2123.0,4789.4,3177.23
2002-11-20,,,,,,2110.26,4753.63,3153.5
2002-11-21,,,,,,2195.42,4959.65,3290.17
2002-11-22,,,,,,2207.11,4983.18,3305.78
2002-11-25,,,,,,2203.14,4967.95,3295.68
2002-11-26,,,,,,2158.95,4846.61,3215.19
2002-11-27,,,,,,2216.99,4995.19,3313.76
2002-11-28,,,,,,2233.21,5019.66,3329.99
2002-11-29,,,,,,2233.3,5014.63,3326.65
2002-12-02,,,,,,2220.42,4972.59,3298.76
2002-12-03,,,,,,2171.3,4858.46,3222.26
2002-12-04,,,,,,2155.07,4824.65,3199.84
2002-12-05,,,,,,2131.06,4761.63,3158.04
2002-12-06,,,,,,2100.52,4803.43,3185.77
2002-12-09,,,,,,2099.55,4697.68,3115.63
2002-12-10,,,,,,2113.71,4738.57,3142.75
2002-12-11,,,,,,2140.32,4809.95,3190.09
2002-12-12,,,,,,2109.81,4730.56,3137.43
2002-12-13,,,,,,2073.65,4639.22,3076.85
2002-12-16,,,,,,2126.27,4785.48,3173.85
2002-12-17,,,,,,2104.72,4732.34,3138.61
2002-12-18,,,,,,2064.55,4640.03,3077.39
2002-12-19,,,,,,2050.74,4605.08,3054.21
2002-12-20,,,,,,2065.97,4648.26,3082.85
2002-12-23,,,,,,2064.69,4655.45,3087.62
2002-12-24,,,,,,2062.36,4645.9,3081.28
2002-12-27,,,,,,2023.11,4541.18,3011.83
2002-12-30,,,,,,2030.59,4561.24,3025.14
2002-12-31,,,,,,2053.26,4619.7,3063.91
2003-01-02,,,,,,2131.26,4817.39,3195.02
2003-01-03,,,,,,2131.61,4806.62,3187.88
2003-01-06,,,,,,2144.75,4840.38,3210.27
2003-01-07,,,,,,2116.34,4766.07,3160.99
2003-01-08,,,,,,2074.67,4665.2,3094.09
2003-01-09,,,,,,2103.29,4752.96,3152.29
2003-01-10,,,,,,2110.58,4764.78,3160.13
2003-01-13,,,,,,2117.36,4779.39,3169.82
2003-01-14,,,,,,2122.88,4785.74,3174.03
2003-01-15,,,,,,2098.92,4726.38,3134.66
2003-01-16,,,,,,2103.18,4738.34,3142.59
2003-01-17,,,,,,2050.7,4609.18,3056.93
2003-01-20,,,,,,2030.25,4553.6,3020.07
2003-01-21,,,,,,2013.86,4511.87,2992.39
2003-01-22,,,,,,1974.27,4419.88,2931.38
2003-01-23,,,,,,1968.44,4399.66,2917.97
2003-01-24,,,,,,1957.35,4370.45,2898.6
2003-01-27,,,,,,1892.84,4215.42,2795.78
2003-01-28,,,,,,1894.6,4221.88,2800.07
2003-01-29,,,,,,1912.65,4282.16,2840.05
2003-01-30,,,,,,1958.48,4393.85,2914.13
2003-01-31,,,,,,1970.65,4429.66,2937.88
2003-02-03,,,,,,1984.43,4459.68,2957.79
2003-02-04,,,,,,1929.01,4317.52,2863.5
2003-02-05,,,,,,1939.98,4349.37,2884.62
2003-02-06,,,,,,1910.71,4276.34,2836.18
2003-02-07,,,,,,1886.86,4216.75,2796.66
2003-02-10,,,,,,1867.57,4179.96,2772.26
2003-02-11,,,,,,1907.83,4284.87,2841.84
2003-02-12,,,,,,1864.49,4177.49,2770.62
2003-02-13,,,,,,1855.77,4159.45,2758.65
2003-02-14,,,,,,1895.39,4263.63,2827.75
2003-02-17,,,,,,1928.34,4345.6,2882.12
2003-02-18,,,,,,1959.43,4430.8,2938.63
2003-02-19,,,,,,1914.86,4311.02,2859.19
2003-02-20,,,,,,1883.25,4228.54,2804.49
2003-02-21,,,,,,1893.04,4266.75,2829.83
2003-02-24,,,,,,1868.22,4200.08,2785.61
2003-02-25,,,,,,1804.96,4045.93,2683.37
2003-02-26,,,,,,1788.75,4008.53,2658.57
2003-02-27,,,,,,1820.6,4094.83,2715.8
2003-02-28,,,,,,1847.04,4152.54,2754.07
2003-03-03,,,,,,1850.53,4164.88,2762.25
2003-03-04,,,,,,1798.2,4036.41,2676.34
2003-03-05,,,,,,1783.27,4004.33,2655.07
2003-03-06,,,,,,1771.33,3973.36,2634.53
2003-03-07,,,,,,1734.08,3883.43,2574.91
2003-03-10,,,,,,1697.17,3790.98,2513.61
2003-03-11,,,,,,1683.8,3760.54,2493.42
2003-03-12,,,,,,1630.06,3624.23,2403.04
2003-03-13,,,,,,1717.29,3852.98,2554.71
2003-03-14,,,,,,1828.32,4132.45,2740.01
2003-03-17,,,,,,1882.08,4270.78,2831.73
2003-03-18,,,,,,1866.53,4215.21,2794.89
2003-03-19,,,,,,1895.36,4279.74,2837.68
2003-03-20,,,,,,1868.54,4215.12,2794.83
2003-03-21,,,,,,1926.98,4359.68,2890.68
2003-03-24,,,,,,1831.03,4112.59,2726.85
2003-03-25,,,,,,1867.86,4216.57,2795.79
2003-03-26,,,,,,1865.84,4204.15,2787.56
2003-03-27,,,,,,1827.04,4106.54,2722.84
2003-03-28,,,,,,1830.34,4121.86,2733.0
2003-03-31,,,,,,1762.24,3949.11,2618.46
2003-04-01,,,,,,1773.79,3974.11,2635.04
2003-04-02,,,,,,1836.57,4138.27,2743.88
2003-04-03,,,,,,1862.98,4205.85,2788.69
2003-04-04,,,,,,1890.82,4280.16,2837.96
2003-04-07,,,,,,1954.53,4427.53,2935.68
2003-04-08,,,,,,1929.36,4363.92,2893.51
2003-04-09,,,,,,1926.25,4355.65,2888.03
2003-04-10,,,,,,1880.77,4235.83,2808.58
2003-04-11,,,,,,1900.26,4280.42,2838.14
2003-04-14,,,,,,1919.59,4335.98,2874.98
2003-04-15,,,,,,1951.46,4406.17,2921.52
2003-04-16,,,,,,1940.09,4366.41,2895.16
2003-04-17,,,,,,1940.55,4376.48,2898.61
2003-04-22,,,,,,1950.27,4406.93,2914.6
2003-04-23,,,,,,1983.77,4479.62,2962.67
2003-04-24,,,,,,1950.84,4399.06,2903.04
2003-04-25,,,,,,1929.31,4344.06,2866.74
2003-04-28,,,,,,1979.81,4470.47,2949.57
2003-04-29,,,,,,1977.67,4457.18,2940.8
2003-04-30,,,,,,1986.93,4478.01,2953.67
2003-05-02,,,,,,1991.07,4499.95,2963.12
2003-05-05,,,,,,2012.54,4550.22,2996.22
2003-05-06,,,,,,2050.7,4646.75,3057.56
2003-05-07,,,,,,2036.31,4604.47,3023.96
2003-05-08,,,,,,1986.0,4475.36,2939.17
2003-05-09,,,,,,2000.74,4519.1,2967.89
2003-05-12,,,,,,1997.37,4512.4,2962.63
2003-05-13,,,,,,2000.07,4513.93,2963.63
2003-05-14,,,,,,2003.57,4511.19,2961.83
2003-05-15,,,,,,2022.65,4566.72,2995.98
2003-05-16,,,,,,2023.08,4595.26,2994.87
2003-05-19,,,,,,1946.33,4399.51,2867.29
2003-05-20,,,,,,1950.91,4419.94,2877.26
2003-05-21,,,,,,1949.75,4429.44,2881.2
2003-05-22,,,,,,1965.04,4463.37,2903.27
2003-05-23,,,,,,1963.44,4453.98,2897.16
2003-05-26,,,,,,1956.6,4436.09,2885.52
2003-05-27,,,,,,1961.91,4452.16,2891.47
2003-05-28,,,,,,1997.13,4544.86,2949.61
2003-05-29,,,,,,2010.79,4575.02,2969.18
2003-05-30,,,,,,2025.34,4609.79,2991.75
2003-06-02,,,,,,2057.68,4707.87,3048.32
2003-06-03,,,,,,2048.56,4694.81,3039.41
2003-06-04,,,,,,2064.95,4736.48,3063.85
2003-06-05,,,,,,2050.69,4690.44,3034.07
2003-06-06,,,,,,2089.0,4785.03,3093.21
2003-06-09,,,,,,2068.02,4726.27,3055.23
2003-06-10,,,,,,2081.3,4772.43,3083.85
2003-06-11,,,,,,2103.52,4831.31,3121.9
2003-06-12,,,,,,2121.19,4890.24,3152.16
2003-06-13,,,,,,2096.41,4826.34,3108.94
2003-06-16,,,,,,2133.14,4928.1,3174.49
2003-06-17,,,,,,2150.75,4968.87,3200.75
2003-06-18,,,,,,2154.49,4989.33,3213.93
2003-06-19,,,,,,2125.81,4919.28,3164.91
2003-06-20,,,,,,2137.76,4958.45,3190.11
2003-06-23,,,,,,2096.86,4852.65,3119.24
2003-06-24,,,,,,2083.97,4827.92,3103.34
2003-06-25,,,,,,2089.83,4836.25,3108.7
2003-06-26,,,,,,2086.75,4828.1,3103.46
2003-06-27,,,,,,2092.64,4838.43,3109.02
2003-06-30,,,,,,2078.89,4799.65,3084.1
2003-07-01,,,,,,2036.81,4689.01,3013.0
2003-07-02,,,,,,2076.95,4791.84,3079.07
2003-07-03,,,,,,2085.55,4812.06,3092.09
2003-07-04,,,,,,2075.2,4781.42,3072.4
2003-07-07,,,,,,2141.39,4952.32,3182.19
2003-07-08,,,,,,2141.94,4945.75,3177.97
2003-07-09,,,,,,2122.33,4886.51,3139.93
2003-07-10,,,,,,2096.9,4821.69,3098.28
2003-07-11,,,,,,2120.07,4883.93,3138.27
2003-07-14,,,,,,2151.74,4964.8,3190.23
2003-07-15,,,,,,2147.09,4947.85,3179.33
2003-07-16,,,,,,2132.59,4903.32,3150.72
2003-07-17,,,,,,2119.33,4870.08,3129.37
2003-07-18,,,,,,2120.19,4869.83,3129.21
2003-07-21,,,,,,2094.05,4794.9,3081.06
2003-07-22,,,,,,2098.02,4812.89,3092.62
2003-07-23,,,,,,2098.04,4807.9,3089.41
2003-07-24,,,,,,2136.63,4912.87,3156.86
2003-07-25,,,,,,2111.29,4838.88,3109.32
2003-07-28,,,,,,2144.95,4925.42,3164.93
2003-07-29,,,,,,2132.26,4890.33,3142.39
2003-07-30,,,,,,2148.52,4937.21,3172.51
2003-07-31,,,,,,2171.84,4995.98,3210.27
2003-08-01,,,,,,2150.43,4932.73,3169.63
2003-08-04,,,,,,2135.07,4889.73,3142.0
2003-08-05,,,,,,2161.99,4960.71,3187.61
2003-08-06,,,,,,2125.16,4865.06,3126.15
2003-08-07,,,,,,2124.46,4871.92,3130.56
2003-08-08,,,,,,2144.81,4926.28,3165.49
2003-08-11,,,,,,2157.2,4961.81,3188.32
2003-08-12,,,,,,2169.81,4992.8,3208.23
2003-08-13,,,,,,2171.31,4992.54,3208.06
2003-08-14,,,,,,2201.68,5076.02,3261.7
2003-08-15,,,,,,2211.97,5103.28,3279.21
2003-08-18,,,,,,2225.35,5137.31,3301.08
2003-08-19,,,,,,2234.47,5152.28,3310.7
2003-08-20,,,,,,2217.92,5105.04,3280.34
2003-08-21,,,,,,2236.77,5145.62,3306.42
2003-08-22,,,,,,2253.11,5180.75,3328.99
2003-08-25,,,,,,2228.77,5122.19,3291.36
2003-08-26,,,,,,2209.33,5068.23,3256.69
2003-08-27,,,,,,2223.52,5104.53,3280.02
2003-08-28,,,,,,2248.65,5171.35,3322.95
2003-08-29,,,,,,2244.6,5153.4,3311.42
2003-09-01,,,,,,2274.84,5226.69,3358.52
2003-09-02,,,,,,2279.37,5235.12,3363.93
2003-09-03,,,,,,2317.96,5326.7,3422.78
2003-09-04,,,,,,2312.13,5307.9,3410.69
2003-09-05,,,,,,2301.24,5279.97,3392.75
2003-09-08,,,,,,2312.68,5306.38,3409.72
2003-09-09,,,,,,2290.58,5252.76,3375.26
2003-09-10,,,,,,2259.21,5180.31,3328.71
2003-09-11,,,,,,2270.67,5210.72,3348.25
2003-09-12,,,,,,2258.16,5170.74,3322.56
2003-09-15,,,,,,2270.0,5195.33,3338.36
2003-09-16,,,,,,2297.46,5270.1,3386.41
2003-09-17,,,,,,2304.63,5281.8,3393.93
2003-09-18,,,,,,2316.34,5314.62,3415.01
2003-09-19,,,,,,2291.2,5250.22,3373.64
2003-09-22,,,,,,2236.87,5109.1,3282.95
2003-09-23,,,,,,2227.32,5082.77,3266.04
2003-09-24,,,,,,2227.3,5079.27,3263.78
2003-09-25,,,,,,2205.84,5027.53,3230.54
2003-09-26,,,,,,2194.82,5006.09,3216.76
2003-09-29,,,,,,2178.64,4962.43,3188.71
2003-09-30,,,,,,2146.06,4878.83,3134.99
2003-10-01,,,,,,2176.26,4966.01,3191.01
2003-10-02,,,,,,2179.95,4969.02,3192.94
2003-10-03,,,,,,2244.91,5129.97,3296.36
2003-10-06,,,,,,2239.95,5106.62,3281.36
2003-10-07,,,,,,2223.82,5065.22,3254.75
2003-10-08,,,,,,2223.15,5055.66,3248.61
2003-10-09,,,,,,2268.16,5174.52,3324.99
2003-10-10,,,,,,2257.19,5145.16,3306.12
2003-10-13,,,,,,2287.43,5229.54,3360.34
2003-10-14,,,,,,2279.39,5205.5,3344.9
2003-10-15,,,,,,2300.03,5252.32,3374.98
2003-10-16,,,,,,2289.1,5225.1,3357.49
2003-10-17,,,,,,2287.04,5219.23,3353.72
2003-10-20,,,,,,2290.22,5227.13,3358.8
2003-10-21,,,,,,2294.13,5234.15,3363.3
2003-10-22,,,,,,2258.0,5139.83,3302.7
2003-10-23,,,,,,2234.92,5080.05,3264.29
2003-10-24,,,,,,2239.2,5083.13,3266.27
2003-10-27,,,,,,2262.12,5145.88,3306.59
2003-10-28,,,,,,2290.22,5216.79,3352.15
2003-10-29,,,,,,2300.53,5239.83,3366.95
2003-10-30,,,,,,2312.69,5271.58,3387.36
2003-10-31,,,,,,2306.75,5249.55,3373.2
2003-11-03,,,,,,2348.67,5352.06,3439.07
2003-11-04,,,,,,2341.31,5329.87,3424.81
2003-11-05,,,,,,2323.04,5280.75,3393.25
2003-11-06,,,,,,2332.86,5310.22,3412.18
2003-11-07,,,,,,2358.36,5373.93,3453.13
2003-11-10,,,,,,2342.17,5330.45,3425.19
2003-11-11,,,,,,2330.05,5300.67,3406.05
2003-11-12,,,,,,2333.98,5308.45,3411.05
2003-11-13,,,,,,2335.67,5310.79,3412.55
2003-11-14,,,,,,2354.46,5366.89,3448.6
2003-11-17,,,,,,2300.89,5227.91,3359.3
2003-11-18,,,,,,2297.15,5217.99,3352.92
2003-11-19,,,,,,2288.68,5203.13,3343.38
2003-11-20,,,,,,2284.36,5173.57,3324.39
2003-11-21,,,,,,2308.99,5238.52,3366.12
2003-11-24,,,,,,2338.64,5310.0,3412.05
2003-11-25,,,,,,2344.73,5319.49,3418.15
2003-11-26,,,,,,2342.71,5314.88,3415.19
2003-11-27,,,,,,2351.52,5340.52,3431.66
2003-11-28,,,,,,2348.03,5329.83,3424.79
2003-12-01,,,,,,2389.08,5431.71,3490.26
2003-12-02,,,,,,2379.43,5403.09,3471.86
2003-12-03,,,,,,2394.39,5449.88,3501.93
2003-12-04,,,,,,2391.1,5442.33,3496.55
2003-12-05,,,,,,2365.66,5380.98,3457.14
2003-12-08,,,,,,2350.66,5346.38,3434.91
2003-12-09,,,,,,2361.06,5379.39,3456.12
2003-12-10,,,,,,2346.74,5352.51,3438.85
2003-12-11,,,,,,2363.63,5397.72,3467.9
2003-12-12,,,,,,2365.93,5401.93,3470.6
2003-12-15,,,,,,2378.45,5432.78,3490.42
2003-12-16,,,,,,2370.17,5426.84,3486.6
2003-12-17,,,,,,2366.09,5416.36,3479.87
2003-12-18,,,,,,2379.95,5452.69,3503.21
2003-12-19,,,,,,2378.95,5450.87,3502.04
2003-12-22,,,,,,2374.18,5441.55,3496.06
2003-12-23,,,,,,2377.09,5447.82,3500.09
2003-12-24,,,,,,2382.59,5463.72,3510.3
2003-12-29,,,,,,2388.4,5480.05,3520.79
2003-12-30,,,,,,2395.06,5493.11,3529.18
2003-12-31,,,,,,2411.51,5537.81,3557.9
2004-01-02,,,,,,2438.15,5598.36,3596.8
2004-01-05,,,,,,2446.38,5616.24,3608.29
2004-01-06,,,,,,2440.71,5596.84,3595.82
2004-01-07,,,,,,2426.52,5546.55,3563.51
2004-01-08,,,,,,2448.77,5592.02,3592.73
2004-01-09,,,,,,2437.68,5564.12,3574.8
2004-01-12,,,,,,2420.54,5541.23,3560.1
2004-01-13,,,,,,2429.99,5566.96,3576.18
2004-01-14,,,,,,2455.14,5623.58,3612.55
2004-01-15,,,,,,2464.06,5646.03,3626.97
2004-01-16,,,,,,2491.15,5715.8,3671.8
2004-01-19,,,,,,2503.35,5744.1,3689.97
2004-01-20,,,,,,2486.76,5697.73,3660.19
2004-01-21,,,,,,2497.19,5722.93,3676.38
2004-01-22,,,,,,2508.19,5752.86,3695.6
2004-01-23,,,,,,2509.79,5749.37,3693.36
2004-01-26,,,,,,2499.53,5721.92,3675.72
2004-01-27,,,,,,2516.13,5755.69,3697.42
2004-01-28,,,,,,2519.6,5770.27,3706.79
2004-01-29,,,,,,2495.59,5701.03,3662.3
2004-01-30,,,,,,2483.28,5663.87,3638.44
2004-02-02,,,,,,2498.37,5705.26,3665.02
2004-02-03,,,,,,2480.59,5663.53,3638.21
2004-02-04,,,,,,2457.41,5615.82,3607.57
2004-02-05,,,,,,2461.63,5620.09,3610.31
2004-02-06,,,,,,2471.34,5642.51,3624.72
2004-02-09,,,,,,2499.06,5703.24,3663.73
2004-02-10,,,,,,2505.25,5710.59,3668.45
2004-02-11,,,,,,2511.53,5725.23,3677.85
2004-02-12,,,,,,2518.7,5731.0,3681.56
2004-02-13,,,,,,2502.12,5680.84,3649.34
2004-02-16,,,,,,2519.04,5725.57,3678.07
2004-02-17,,,,,,2535.1,5765.65,3703.82
2004-02-18,,,,,,2538.88,5773.76,3709.02
2004-02-19,,,,,,2567.68,5852.05,3759.32
2004-02-20,,,,,,2550.99,5811.51,3733.28
2004-02-23,,,,,,2552.21,5808.2,3731.15
2004-02-24,,,,,,2525.12,5733.93,3683.44
2004-02-25,,,,,,2534.08,5763.8,3702.63
2004-02-26,,,,,,2541.91,5782.26,3714.49
2004-02-27,,,,,,2552.28,5799.31,3725.44
2004-03-01,,,,,,2567.98,5835.79,3748.87
2004-03-02,,,,,,2591.07,5892.59,3785.36
2004-03-03,,,,,,2577.03,5850.79,3758.51
2004-03-04,,,,,,2588.13,5880.35,3776.94
2004-03-05,,,,,,2580.49,5855.7,3761.11
2004-03-08,,,,,,2594.38,5887.26,3781.38
2004-03-09,,,,,,2567.91,5818.21,3737.03
2004-03-10,,,,,,2573.17,5851.0,3758.09
2004-03-11,,,,,,2501.84,5677.15,3646.43
2004-03-12,,,,,,2509.48,5701.05,3661.78
2004-03-15,,,,,,2448.81,5564.13,3573.84
2004-03-16,,,,,,2455.87,5586.25,3588.04
2004-03-17,,,,,,2502.91,5692.12,3656.04
2004-03-18,,,,,,2464.88,5589.26,3589.98
2004-03-19,,,,,,2475.12,5625.55,3613.28
2004-03-22,,,,,,2426.01,5510.23,3539.22
2004-03-23,,,,,,2427.44,5511.32,3539.91
2004-03-24,,,,,,2416.5,5477.91,3518.45
2004-03-25,,,,,,2453.08,5558.79,3570.4
2004-03-26,,,,,,2466.05,5593.02,3592.39
2004-03-29,,,,,,2493.47,5658.08,3634.18
2004-03-30,,,,,,2485.23,5636.16,3620.1
2004-03-31,,,,,,2493.48,5644.15,3625.23
2004-04-01,,,,,,2522.04,5713.82,3669.98
2004-04-02,,,,,,2562.51,5822.7,3739.91
2004-04-05,,,,,,2588.46,5886.97,3781.2
2004-04-06,,,,,,2562.67,5832.34,3746.11
2004-04-07,,,,,,2558.7,5814.36,3734.56
2004-04-08,,,,,,2560.95,5823.01,3740.11
2004-04-13,,,,,,2580.53,5876.84,3774.69
2004-04-14,,,,,,2551.07,5809.48,3731.43
2004-04-15,,,,,,2543.98,5795.98,3722.76
2004-04-16,,,,,,2557.3,5840.87,3751.59
2004-04-19,,,,,,2554.44,5828.17,3743.43
2004-04-20,,,,,,2572.97,5874.88,3773.43
2004-04-21,,,,,,2552.21,5827.74,3743.15
2004-04-22,,,,,,2573.54,5893.75,3785.55
2004-04-23,,,,,,2593.12,5934.04,3811.43
2004-04-26,,,,,,2582.95,5893.74,3785.55
2004-04-27,,,,,,2583.18,5888.36,3782.09
2004-04-28,,,,,,2549.2,5795.72,3722.59
2004-04-29,,,,,,2525.29,5745.86,3689.39
2004-04-30,,,,,,2510.34,5729.68,3674.28
2004-05-03,,,,,,2527.54,5795.1,3705.48
2004-05-04,,,,,,2525.22,5787.76,3700.79
2004-05-05,,,,,,2540.32,5838.35,3729.38
2004-05-06,,,,,,2493.48,5722.13,3655.14
2004-05-07,,,,,,2490.37,5721.91,3653.18
2004-05-10,,,,,,2423.47,5569.06,3553.35
2004-05-11,,,,,,2458.11,5660.28,3606.41
2004-05-12,,,,,,2429.15,5594.26,3564.34
2004-05-13,,,,,,2456.43,5672.57,3614.24
2004-05-14,,,,,,2445.97,5658.76,3603.26
2004-05-17,,,,,,2414.28,5586.48,3553.02
2004-05-18,,,,,,2427.8,5633.25,3569.14
2004-05-19,,,,,,2476.49,5754.36,3643.32
2004-05-20,,,,,,2457.42,5701.68,3609.97
2004-05-21,,,,,,2457.46,5697.02,3607.02
2004-05-24,,,,,,2473.4,5775.8,3628.82
2004-05-25,,,,,,2460.25,5747.54,3610.53
2004-05-26,,,,,,2489.52,5828.3,3659.92
2004-05-27,,,,,,2501.49,5860.29,3679.37
2004-05-28,,,,,,2486.3,5824.61,3652.03
2004-05-31,,,,,,2495.91,5853.68,3669.63
2004-06-01,,,,,,2469.17,5787.03,3624.47
2004-06-02,,,,,,2482.36,5825.24,3646.23
2004-06-03,,,,,,2487.33,5838.24,3654.37
2004-06-04,,,,,,2514.17,5911.82,3698.87
2004-06-07,,,,,,2530.06,5949.15,3722.23
2004-06-08,,,,,,2530.62,5951.12,3723.46
2004-06-09,,,,,,2520.55,5912.49,3699.29
2004-06-10,,,,,,2524.68,5933.11,3711.38
2004-06-11,,,,,,2517.21,5933.62,3699.38
2004-06-14,,,,,,2486.26,5849.77,3647.1
2004-06-15,,,,,,2507.67,5916.41,3683.43
2004-06-16,,,,,,2524.65,5966.31,3714.5
2004-06-17,,,,,,2527.59,5972.06,3718.08
2004-06-18,,,,,,2538.51,6008.71,3740.9
2004-06-21,,,,,,2541.04,6007.72,3740.28
2004-06-22,,,,,,2520.41,5943.53,3700.32
2004-06-23,,,,,,2531.45,5975.38,3720.14
2004-06-24,,,,,,2553.98,6038.54,3755.75
2004-06-25,,,,,,2548.34,6017.05,3742.38
2004-06-28,,,,,,2568.68,6064.0,3771.58
2004-06-29,,,,,,2562.38,6039.72,3756.48
2004-06-30,,,,,,2550.41,6001.95,3732.99
2004-07-01,,,,,,2541.09,5974.96,3716.2
2004-07-02,,,,,,2522.14,5924.9,3685.06
2004-07-05,,,,,,2523.19,5929.91,3688.18
2004-07-06,,,,,,2503.86,5885.69,3660.68
2004-07-07,,,,,,2504.12,5885.25,3660.4
2004-07-08,,,,,,2508.6,5901.34,3670.41
2004-07-09,,,,,,2505.0,5898.24,3668.48
2004-07-12,,,,,,2496.47,5871.15,3651.63
2004-07-13,,,,,,2498.1,5878.46,3656.18
2004-07-14,,,,,,2492.43,5866.52,3648.75
2004-07-15,,,,,,2469.51,5805.1,3610.55
2004-07-16,,,,,,2471.55,5804.86,3610.4
2004-07-19,,,,,,2461.83,5776.29,3592.63
2004-07-20,,,,,,2469.97,5800.01,3607.39
2004-07-21,,,,,,2488.58,5848.38,3637.47
2004-07-22,,,,,,2450.06,5744.47,3572.84
2004-07-23,,,,,,2446.75,5735.54,3567.29
2004-07-26,,,,,,2424.07,5679.79,3532.61
2004-07-27,,,,,,2440.35,5732.03,3565.1
2004-07-28,,,,,,2448.3,5749.42,3575.92
2004-07-29,,,,,,2487.9,5858.54,3643.79
2004-07-30,,,,,,2490.04,5863.86,3647.1
2004-08-02,,,,,,2478.06,5826.38,3623.79
2004-08-03,,,,,,2492.57,5869.81,3650.8
2004-08-04,,,,,,2463.91,5800.32,3607.58
2004-08-05,,,,,,2473.1,5825.09,3622.98
2004-08-06,,,,,,2417.66,5673.41,3528.64
2004-08-09,,,,,,2394.84,5623.0,3497.3
2004-08-10,,,,,,2416.31,5680.51,3533.06
2004-08-11,,,,,,2397.89,5632.1,3502.95
2004-08-12,,,,,,2388.44,5618.08,3494.23
2004-08-13,,,,,,2386.05,5602.98,3484.84
2004-08-16,,,,,,2405.2,5654.18,3516.68
2004-08-17,,,,,,2417.49,5680.62,3533.13
2004-08-18,,,,,,2423.23,5694.05,3541.48
2004-08-19,,,,,,2427.76,5698.77,3544.42
2004-08-20,,,,,,2423.15,5688.48,3538.02
2004-08-23,,,,,,2455.45,5771.56,3589.69
2004-08-24,,,,,,2459.99,5779.09,3594.38
2004-08-25,,,,,,2460.69,5780.52,3595.26
2004-08-26,,,,,,2481.5,5836.11,3629.84
2004-08-27,,,,,,2492.05,5867.3,3649.24
2004-08-30,,,,,,2483.61,5847.15,3636.71
2004-08-31,,,,,,2459.24,5778.94,3594.28
2004-09-01,,,,,,2469.83,5809.4,3613.23
2004-09-02,,,,,,2479.42,5841.8,3633.38
2004-09-03,,,,,,2497.14,5894.15,3665.94
2004-09-06,,,,,,2504.34,5905.55,3673.03
2004-09-07,,,,,,2508.21,5920.2,3682.14
2004-09-08,,,,,,2507.76,5912.81,3677.55
2004-09-09,,,,,,2493.25,5871.77,3652.02
2004-09-10,,,,,,2508.54,5912.92,3677.61
2004-09-13,,,,,,2537.87,5989.75,3725.4
2004-09-14,,,,,,2529.76,5961.82,3708.03
2004-09-15,,,,,,2522.72,5935.81,3691.85
2004-09-16,,,,,,2522.69,5935.54,3691.68
2004-09-17,,,,,,2541.04,5991.07,3726.22
2004-09-20,,,,,,2528.39,5954.84,3703.69
2004-09-21,,,,,,2543.41,5998.98,3731.14
2004-09-22,,,,,,2520.62,5936.24,3692.11
2004-09-23,,,,,,2497.21,5873.51,3653.1
2004-09-24,,,,,,2508.52,5906.33,3673.51
2004-09-27,,,,,,2497.56,5879.67,3656.93
2004-09-28,,,,,,2503.57,5896.62,3667.47
2004-09-29,,,,,,2518.59,5921.05,3682.67
2004-09-30,,,,,,2496.89,5853.75,3640.61
2004-10-01,,,,,,2547.89,5997.74,3730.16
2004-10-04,,,,,,2575.1,6057.07,3767.06
2004-10-05,,,,,,2574.67,6062.2,3770.24
2004-10-06,,,,,,2569.86,6053.11,3764.59
2004-10-07,,,,,,2565.36,6043.64,3758.7
2004-10-08,,,,,,2553.89,6010.14,3737.87
2004-10-11,,,,,,2545.84,5993.69,3727.64
2004-10-12,,,,,,2522.5,5931.12,3688.73
2004-10-13,,,,,,2528.79,5940.11,3694.32
2004-10-14,,,,,,2510.13,5892.9,3664.95
2004-10-15,,,,,,2515.27,5902.23,3670.76
2004-10-18,,,,,,2508.73,5884.63,3659.81
2004-10-19,,,,,,2534.26,5950.16,3700.56
2004-10-20,,,,,,2512.2,5894.07,3665.68
2004-10-21,,,,,,2525.29,5929.2,3687.53
2004-10-22,,,,,,2524.22,5928.63,3687.17
2004-10-25,,,,,,2474.34,5803.03,3609.06
2004-10-26,,,,,,2481.51,5819.78,3619.48
2004-10-27,,,,,,2519.99,5914.5,3678.39
2004-10-28,,,,,,2546.85,5984.34,3721.82
2004-10-29,,,,,,2538.94,5960.21,3706.82
2004-11-01,,,,,,2556.0,6004.04,3734.07
2004-11-02,,,,,,2575.55,6055.11,3765.84
2004-11-03,,,,,,2578.89,6061.69,3769.93
2004-11-04,,,,,,2573.17,6049.66,3762.45
2004-11-05,,,,,,2585.11,6079.47,3780.99
2004-11-08,,,,,,2584.5,6073.05,3776.99
2004-11-09,,,,,,2581.38,6061.71,3769.94
2004-11-10,,,,,,2591.63,6085.78,3784.91
2004-11-11,,,,,,2621.54,6164.36,3833.79
2004-11-12,,,,,,2623.3,6166.5,3835.11
2004-11-15,,,,,,2610.98,6143.76,3820.97
2004-11-16,,,,,,2593.11,6100.83,3794.27
2004-11-17,,,,,,2623.21,6181.01,3844.14
2004-11-18,,,,,,2616.01,6158.91,3830.39
2004-11-19,,,,,,2598.74,6108.09,3798.78
2004-11-22,,,,,,2584.39,6068.64,3774.25
2004-11-23,,,,,,2589.03,6078.03,3780.09
2004-11-24,,,,,,2578.05,6065.73,3760.7
2004-11-25,,,,,,2597.84,6125.24,3797.59
2004-11-26,,,,,,2588.26,6100.41,3782.2
2004-11-29,,,,,,2588.7,6097.85,3780.61
2004-11-30,,,,,,2575.35,6054.53,3753.75
2004-12-01,,,,,,2600.77,6123.82,3796.71
2004-12-02,,,,,,2612.0,6148.57,3811.45
2004-12-03,,,,,,2596.6,6103.5,3783.51
2004-12-06,,,,,,2587.24,6077.48,3767.39
2004-12-07,,,,,,2600.25,6109.84,3787.45
2004-12-08,,,,,,2594.54,6089.83,3775.04
2004-12-09,,,,,,2577.22,6045.34,3747.46
2004-12-10,,,,,,2588.48,6079.15,3768.42
2004-12-13,,,,,,2609.65,6139.68,3805.94
2004-12-14,,,,,,2614.53,6153.31,3814.39
2004-12-15,,,,,,2610.45,6134.91,3802.99
2004-12-16,,,,,,2618.06,6150.49,3810.67
2004-12-17,,,,,,2584.05,6044.37,3744.92
2004-12-20,,,,,,2595.89,6075.24,3764.04
2004-12-21,,,,,,2599.02,6086.39,3770.03
2004-12-22,,,,,,2619.11,6144.7,3806.15
2004-12-23,,,,,,2627.98,6166.55,3819.68
2004-12-24,,,,,,2629.74,6171.52,3822.76
2004-12-27,,,,,,2627.27,6163.33,3817.69
2004-12-28,,,,,,2632.15,6174.85,3824.83
2004-12-29,,,,,,2634.29,6178.63,3827.16
2004-12-30,,,,,,2636.58,6179.9,3827.95
2004-12-31,,,,,,2634.12,6168.94,3821.16
2005-01-03,,,,,,2656.54,6224.67,3855.68
2005-01-04,,,,,,2659.54,6236.96,3863.3
2005-01-05,,,,,,2637.1,6182.18,3829.36
2005-01-06,,,,,,2655.18,6225.95,3856.48
2005-01-07,,,,,,2670.39,6260.64,3877.96
2005-01-10,,,,,,2672.05,6260.4,3877.82
2005-01-11,,,,,,2654.04,6214.4,3848.99
2005-01-12,,,,,,2633.56,6161.36,3816.14
2005-01-13,,,,,,2646.5,6190.38,3834.11
2005-01-14,,,,,,2659.87,6223.45,3854.6
2005-01-17,,,,,,2677.87,6266.78,3881.44
2005-01-18,,,,,,2675.32,6256.42,3875.02
2005-01-19,,,,,,2673.25,6246.71,3869.01
2005-01-20,,,,,,2655.81,6203.82,3842.44
2005-01-21,,,,,,2664.26,6222.8,3854.19
2005-01-24,,,,,,2661.26,6213.94,3848.71
2005-01-25,,,,,,2682.79,6267.75,3882.04
2005-01-26,,,,,,2683.38,6264.17,3879.82
2005-01-27,,,,,,2692.22,6282.87,3891.4
2005-01-28,,,,,,2681.75,6248.88,3870.35
2005-01-31,,,,,,2709.73,6318.85,3913.69
2005-02-01,,,,,,2726.83,6360.02,3939.18
2005-02-02,,,,,,2735.7,6380.26,3951.72
2005-02-03,,,,,,2720.57,6343.47,3928.94
2005-02-04,,,,,,2741.24,6390.41,3958.01
2005-02-07,,,,,,2758.82,6428.98,3981.9
2005-02-08,,,,,,2759.01,6427.16,3980.77
2005-02-09,,,,,,2752.53,6409.16,3969.62
2005-02-10,,,,,,2752.93,6410.37,3970.37
2005-02-11,,,,,,2783.6,6485.25,4016.75
2005-02-14,,,,,,2781.65,6477.76,4012.11
2005-02-15,,,,,,2795.01,6507.36,4030.45
2005-02-16,,,,,,2781.26,6472.77,4009.02
2005-02-17,,,,,,2780.38,6467.08,4005.5
2005-02-18,,,,,,2794.93,6505.06,4029.02
2005-02-21,,,,,,2788.56,6494.73,4022.62
2005-02-22,,,,,,2773.79,6461.97,4002.33
2005-02-23,,,,,,2758.23,6421.37,3977.19
2005-02-24,,,,,,2759.7,6422.15,3977.67
2005-02-25,,,,,,2798.18,6514.03,4034.57
2005-02-28,,,,,,2794.35,6502.05,4027.16
2005-03-01,,,,,,2811.14,6546.97,4054.98
2005-03-02,,,,,,2815.07,6559.47,4062.72
2005-03-03,,,,,,2813.74,6557.26,4061.35
2005-03-04,,,,,,2833.26,6606.07,4091.58
2005-03-07,,,,,,2844.08,6632.57,4108.0
2005-03-08,,,,,,2829.35,6596.05,4085.38
2005-03-09,,,,,,2818.56,6565.88,4066.69
2005-03-10,,,,,,2797.93,6519.89,4038.21
2005-03-11,,,,,,2804.72,6537.6,4049.18
2005-03-14,,,,,,2804.0,6536.59,4048.55
2005-03-15,,,,,,2823.5,6583.72,4077.74
2005-03-16,,,,,,2784.76,6489.53,4019.4
2005-03-17,,,,,,2792.5,6509.98,4032.07
2005-03-18,,,,,,2804.97,6540.18,4050.77
2005-03-21,,,,,,2793.11,6511.48,4033.0
2005-03-22,,,,,,2801.29,6534.38,4047.18
2005-03-23,,,,,,2790.27,6510.53,4032.41
2005-03-24,,,,,,2821.34,6584.64,4078.31
2005-03-29,,,,,,2823.16,6590.03,4081.65
2005-03-30,,,,,,2812.47,6562.52,4064.61
2005-03-31,,,,,,2815.94,6567.64,4067.78
2005-04-01,,,,,,2825.09,6587.5,4080.08
2005-04-04,,,,,,2807.68,6542.69,4052.32
2005-04-05,,,,,,2829.81,6600.2,4087.94
2005-04-06,,,,,,2842.88,6630.95,4106.99
2005-04-07,,,,,,2854.79,6659.01,4124.37
2005-04-08,,,,,,2855.6,6658.88,4124.29
2005-04-11,,,,,,2851.11,6648.12,4117.62
2005-04-12,,,,,,2838.85,6614.52,4096.81
2005-04-13,,,,,,2851.89,6646.87,4116.85
2005-04-14,,,,,,2845.75,6637.6,4111.11
2005-04-15,,,,,,2792.94,6510.32,4032.28
2005-04-18,,,,,,2734.8,6376.82,3949.59
2005-04-19,,,,,,2745.22,6397.49,3962.39
2005-04-20,,,,,,2738.56,6377.51,3950.02
2005-04-21,,,,,,2737.89,6379.13,3951.02
2005-04-22,,,,,,2757.53,6431.58,3980.18
2005-04-25,,,,,,2765.34,6452.41,3993.07
2005-04-26,,,,,,2764.84,6452.36,3993.04
2005-04-27,,,,,,2719.8,6346.75,3927.68
2005-04-28,,,,,,2707.98,6329.43,3911.45
2005-04-29,,,,,,2709.1,6329.85,3911.71
2005-05-02,,,,,,2726.83,6377.47,3938.77
2005-05-03,,,,,,2737.69,6405.24,3955.93
2005-05-04,,,,,,2756.69,6464.66,3987.63
2005-05-05,,,,,,2778.48,6516.08,4019.35
2005-05-06,,,,,,2787.25,6540.81,4033.46
2005-05-09,,,,,,2779.92,6519.29,4020.19
2005-05-10,,,,,,2766.76,6486.95,4000.25
2005-05-11,,,,,,2754.67,6455.95,3979.53
2005-05-12,,,,,,2777.58,6514.55,4015.65
2005-05-13,,,,,,2778.21,6521.62,4017.89
2005-05-16,,,,,,2774.3,6518.89,4010.98
2005-05-17,,,,,,2771.36,6524.21,4006.19
2005-05-18,,,,,,2815.33,6635.82,4073.15
2005-05-19,,,,,,2825.3,6658.03,4085.98
2005-05-20,,,,,,2832.13,6674.64,4096.18
2005-05-23,,,,,,2846.62,6711.27,4118.37
2005-05-24,,,,,,2835.65,6704.46,4102.06
2005-05-25,,,,,,2835.91,6701.53,4100.27
2005-05-26,,,,,,2860.74,6765.11,4137.28
2005-05-27,,,,,,2856.59,6761.94,4131.83
2005-05-30,,,,,,2859.5,6797.11,4134.87
2005-05-31,,,,,,2852.44,6774.6,4120.73
2005-06-01,,,,,,2891.44,6875.56,4178.25
2005-06-02,,,,,,2895.85,6884.56,4183.72
2005-06-03,,,,,,2882.39,6858.29,4162.47
2005-06-06,,,,,,2872.8,6831.94,4146.47
2005-06-07,,,,,,2896.87,6902.27,4180.74
2005-06-08,,,,,,2893.44,6886.77,4171.35
2005-06-09,,,,,,2881.66,6857.65,4153.71
2005-06-10,,,,,,2901.84,6908.77,4184.1
2005-06-13,,,,,,2916.84,6940.79,4203.49
2005-06-14,,,,,,2914.04,6931.28,4197.74
2005-06-15,,,,,,2905.63,6909.19,4184.36
2005-06-16,,,,,,2907.33,6910.49,4185.15
2005-06-17,,,,,,2930.74,6969.54,4220.91
2005-06-20,,,,,,2913.34,6924.13,4193.4
2005-06-21,,,,,,2930.68,6971.38,4222.02
2005-06-22,,,,,,2936.25,6983.81,4229.55
2005-06-23,,,,,,2942.48,7005.6,4240.18
2005-06-24,,,,,,2915.71,6939.0,4199.87
2005-06-27,,,,,,2887.89,6869.31,4157.68
2005-06-28,,,,,,2912.98,6929.85,4194.33
2005-06-29,,,,,,2937.47,6991.89,4231.88
2005-06-30,,,,,,2937.28,6987.7,4229.35
2005-07-01,,,,,,2963.95,7054.24,4269.62
2005-07-04,,,,,,2962.79,7045.95,4264.6
2005-07-05,,,,,,2955.67,7026.79,4252.75
2005-07-06,,,,,,2975.56,7071.75,4279.95
2005-07-07,,,,,,2935.52,6973.72,4220.62
2005-07-08,,,,,,2990.26,7105.38,4300.31
2005-07-11,,,,,,3006.17,7140.5,4321.56
2005-07-12,,,,,,3000.79,7127.64,4313.78
2005-07-13,,,,,,3021.03,7176.94,4343.62
2005-07-14,,,,,,3039.13,7221.99,4370.88
2005-07-15,,,,,,3038.89,7226.76,4373.77
2005-07-18,,,,,,3032.2,7209.74,4363.47
2005-07-19,,,,,,3070.13,7310.17,4424.25
2005-07-20,,,,,,3065.52,7300.49,4418.39
2005-07-21,,,,,,3068.79,7312.5,4425.66
2005-07-22,,,,,,3063.46,7295.74,4415.52
2005-07-25,,,,,,3069.01,7306.64,4422.12
2005-07-26,,,,,,3070.47,7304.43,4420.78
2005-07-27,,,,,,3079.46,7324.83,4433.13
2005-07-28,,,,,,3099.0,7372.98,4462.26
2005-07-29,,,,,,3094.5,7355.58,4451.74
2005-08-01,,,,,,3098.67,7364.07,4456.87
2005-08-02,,,,,,3128.88,7440.83,4503.33
2005-08-03,,,,,,3124.67,7427.87,4495.48
2005-08-04,,,,,,3101.25,7367.54,4458.97
2005-08-05,,,,,,3076.58,7305.95,4421.7
2005-08-08,,,,,,3090.13,7337.87,4441.01
2005-08-09,,,,,,3122.77,7421.6,4491.69
2005-08-10,,,,,,3146.06,7480.13,4527.11
2005-08-11,,,,,,3133.52,7450.36,4509.1
2005-08-12,,,,,,3112.73,7396.46,4476.48
2005-08-15,,,,,,3107.34,7380.11,4466.58
2005-08-16,,,,,,3092.64,7343.74,4444.57
2005-08-17,,,,,,3086.8,7335.58,4439.63
2005-08-18,,,,,,3079.54,7319.79,4430.07
2005-08-19,,,,,,3115.58,7415.34,4487.9
2005-08-22,,,,,,3116.2,7412.1,4485.94
2005-08-23,,,,,,3085.82,7330.51,4436.56
2005-08-24,,,,,,3078.11,7310.46,4424.43
2005-08-25,,,,,,3047.6,7234.59,4378.51
2005-08-26,,,,,,3026.49,7175.43,4342.7
2005-08-29,,,,,,3037.21,7206.11,4361.27
2005-08-30,,,,,,3037.56,7198.5,4356.66
2005-08-31,,,,,,3068.49,7269.04,4399.36
2005-09-01,,,,,,3087.15,7310.0,4424.15
2005-09-02,,,,,,3074.63,7278.28,4404.95
2005-09-05,,,,,,3089.32,7319.82,4430.09
2005-09-06,,,,,,3116.41,7389.97,4472.55
2005-09-07,,,,,,3126.33,7412.51,4486.19
2005-09-08,,,,,,3114.07,7379.05,4465.94
2005-09-09,,,,,,3132.08,7421.59,4491.68
2005-09-12,,,,,,3133.5,7421.82,4491.82
2005-09-13,,,,,,3109.1,7358.34,4453.41
2005-09-14,,,,,,3121.25,7386.48,4470.43
2005-09-15,,,,,,3128.69,7401.28,4479.39
2005-09-16,,,,,,3151.41,7451.01,4509.49
2005-09-19,,,,,,3150.95,7444.71,4505.68
2005-09-20,,,,,,3167.78,7487.87,4531.8
2005-09-21,,,,,,3127.84,7382.55,4468.06
2005-09-22,,,,,,3113.54,7349.66,4448.15
2005-09-23,,,,,,3131.27,7397.65,4477.2
2005-09-26,,,,,,3187.97,7545.89,4566.92
2005-09-27,,,,,,3176.5,7512.66,4546.8
2005-09-28,,,,,,3211.59,7599.94,4599.63
2005-09-29,,,,,,3200.89,7565.63,4578.86
2005-09-30,,,,,,3216.43,7600.6,4600.02
2005-10-03,,,,,,3232.09,7637.8,4622.54
2005-10-04,,,,,,3248.34,7683.56,4650.24
2005-10-05,,,,,,3210.82,7590.83,4594.11
2005-10-06,,,,,,3169.56,7496.31,4536.9
2005-10-07,,,,,,3165.33,7482.91,4528.79
2005-10-10,,,,,,3171.43,7495.17,4536.22
2005-10-11,,,,,,3182.49,7517.42,4549.68
2005-10-12,,,,,,3158.74,7460.19,4515.05
2005-10-13,,,,,,3123.93,7385.97,4470.13
2005-10-14,,,,,,3127.45,7405.8,4482.13
2005-10-17,,,,,,3133.93,7417.51,4489.21
2005-10-18,,,,,,3115.06,7371.12,4461.14
2005-10-19,,,,,,3051.03,7228.94,4375.09
2005-10-20,,,,,,3063.96,7254.67,4390.66
2005-10-21,,,,,,3047.03,7214.78,4366.52
2005-10-24,,,,,,3085.4,7306.4,4421.97
2005-10-25,,,,,,3071.25,7265.13,4396.99
2005-10-26,,,,,,3080.88,7291.09,4412.7
2005-10-27,,,,,,3026.1,7165.03,4336.41
2005-10-28,,,,,,3019.65,7149.0,4326.71
2005-10-31,,,,,,3094.19,7330.33,4436.45
2005-11-01,,,,,,3094.3,7327.52,4434.75
2005-11-02,,,,,,3088.98,7319.1,4429.65
2005-11-03,,,,,,3139.96,7438.67,4502.02
2005-11-04,,,,,,3139.06,7433.18,4498.7
2005-11-07,,,,,,3141.38,7441.37,4503.65
2005-11-08,,,,,,3140.73,7441.31,4503.62
2005-11-09,,,,,,3126.23,7402.66,4480.23
2005-11-10,,,,,,3123.44,7401.46,4479.5
2005-11-11,,,,,,3159.82,7495.63,4536.49
2005-11-14,,,,,,3168.78,7515.38,4548.45
2005-11-15,,,,,,3166.26,7506.62,4543.15
2005-11-16,,,,,,3146.61,7455.37,4512.13
2005-11-17,,,,,,3155.25,7474.4,4523.18
2005-11-18,,,,,,3177.1,7529.02,4556.23
2005-11-21,,,,,,3197.02,7578.84,4586.38
2005-11-22,,,,,,3195.05,7569.63,4580.81
2005-11-23,,,,,,3214.03,7615.64,4608.65
2005-11-24,,,,,,3198.81,7595.27,4586.84
2005-11-25,,,,,,3209.13,7617.87,4600.48
2005-11-28,,,,,,3193.75,7576.19,4575.31
2005-11-29,,,,,,3202.24,7598.41,4588.73
2005-11-30,,,,,,3190.38,7563.11,4567.41
2005-12-01,,,,,,3235.72,7677.44,4636.46
2005-12-02,,,,,,3255.6,7721.22,4662.5
2005-12-05,,,,,,3250.0,7701.4,4650.54
2005-12-06,,,,,,3266.62,7745.56,4677.2
2005-12-07,,,,,,3258.9,7718.04,4660.58
2005-12-08,,,,,,3266.15,7733.52,4669.93
2005-12-09,,,,,,3261.65,7718.75,4661.01
2005-12-12,,,,,,3268.95,7738.82,4673.13
2005-12-13,,,,,,3280.56,7772.38,4693.4
2005-12-14,,,,,,3269.03,7741.66,4674.85
2005-12-15,,,,,,3268.98,7738.84,4673.14
2005-12-16,,,,,,3289.38,7790.61,4704.41
2005-12-19,,,,,,3283.31,7774.8,4694.86
2005-12-20,,,,,,3287.36,7790.34,4703.48
2005-12-21,,,,,,3318.69,7871.38,4752.41
2005-12-22,,,,,,3319.6,7870.64,4751.96
2005-12-23,,,,,,3322.84,7880.21,4757.74
2005-12-27,,,,,,3331.15,7899.49,4769.38
2005-12-28,,,,,,3323.4,7878.87,4756.93
2005-12-29,,,,,,3334.98,7905.37,4772.93
2005-12-30,,,,,,3300.94,7809.8,4715.23
2006-01-02,,,,,,3327.55,7875.54,4754.92
2006-01-03,,,,,,3344.12,7912.07,4776.98
2006-01-04,,,,,,3385.88,8014.01,4838.52
2006-01-05,,,,,,3383.94,8008.33,4835.09
2006-01-06,,,,,,3405.68,8061.43,4867.15
2006-01-09,,,,,,3411.68,8074.57,4875.09
2006-01-10,,,,,,3403.46,8052.78,4861.93
2006-01-11,,,,,,3424.43,8100.09,4890.49
2006-01-12,,,,,,3429.0,8099.67,4890.24
2006-01-13,,,,,,3402.87,8033.9,4850.53
2006-01-16,,,,,,3408.3,8043.1,4856.09
2006-01-17,,,,,,3377.72,7962.04,4807.14
2006-01-18,,,,,,3353.83,7903.98,4772.09
2006-01-19,,,,,,3384.13,7973.54,4814.09
2006-01-20,,,,,,3358.74,7906.28,4773.48
2006-01-23,,,,,,3344.97,7870.68,4751.99
2006-01-24,,,,,,3344.51,7864.61,4748.32
2006-01-25,,,,,,3371.97,7935.29,4791.0
2006-01-26,,,,,,3426.96,8076.95,4876.52
2006-01-27,,,,,,3479.66,8209.58,4956.6
2006-01-30,,,,,,3467.95,8176.77,4936.79
2006-01-31,,,,,,3474.66,8195.33,4947.99
2006-02-01,,,,,,3510.39,8280.46,4999.39
2006-02-02,,,,,,3463.71,8162.03,4927.89
2006-02-03,,,,,,3468.23,8178.05,4937.56
2006-02-06,,,,,,3469.75,8173.13,4934.59
2006-02-07,,,,,,3468.18,8174.46,4935.4
2006-02-08,,,,,,3442.42,8107.69,4895.08
2006-02-09,,,,,,3484.79,8208.16,4955.74
2006-02-10,,,,,,3456.3,8133.75,4910.82
2006-02-13,,,,,,3486.95,8210.84,4957.36
2006-02-14,,,,,,3487.61,8217.43,4961.34
2006-02-15,,,,,,3475.19,8172.3,4934.09
2006-02-16,,,,,,3498.42,8236.89,4973.09
2006-02-17,,,,,,3515.66,8281.46,5000.0
2006-02-20,,,,,,3503.88,8248.24,4979.94
2006-02-21,,,,,,3510.31,8268.09,4991.93
2006-02-22,,,,,,3539.91,8350.36,5041.6
2006-02-23,,,,,,3540.2,8348.35,5040.39
2006-02-24,,,,,,3562.11,8403.94,5073.95
2006-02-27,,,,,,3570.52,8414.83,5080.52
2006-02-28,,,,,,3518.06,8282.21,5000.45
2006-03-01,,,,,,3558.85,8376.88,5057.61
2006-03-02,,,,,,3529.58,8296.52,5009.09
2006-03-03,,,,,,3518.28,8263.49,4989.15
2006-03-06,,,,,,3533.49,8299.21,5010.72
2006-03-07,,,,,,3516.0,8268.56,4992.21
2006-03-08,,,,,,3498.31,8230.97,4969.51
2006-03-09,,,,,,3524.79,8294.45,5007.84
2006-03-10,,,,,,3566.27,8396.19,5069.27
2006-03-13,,,,,,3596.21,8459.47,5107.47
2006-03-14,,,,,,3601.43,8475.52,5117.16
2006-03-15,,,,,,3612.68,8493.35,5127.93
2006-03-16,,,,,,3615.22,8490.17,5126.01
2006-03-17,,,,,,3626.94,8515.13,5141.08
2006-03-20,,,,,,3627.83,8510.88,5138.51
2006-03-21,,,,,,3631.02,8527.53,5148.56
2006-03-22,,,,,,3659.7,8604.08,5194.78
2006-03-23,,,,,,3661.8,8604.08,5194.78
2006-03-24,,,,,,3679.17,8643.71,5218.71
2006-03-27,,,,,,3643.86,8550.51,5162.44
2006-03-28,,,,,,3636.89,8529.89,5149.99
2006-03-29,,,,,,3656.89,8580.01,5180.25
2006-03-30,,,,,,3693.77,8679.14,5240.1
2006-03-31,,,,,,3683.96,8647.26,5220.85
2006-04-03,,,,,,3709.41,8704.24,5255.26
2006-04-04,,,,,,3678.33,8622.34,5205.81
2006-04-05,,,,,,3689.59,8647.56,5221.03
2006-04-06,,,,,,3692.2,8649.75,5222.36
2006-04-07,,,,,,3663.1,8571.26,5174.96
2006-04-10,,,,,,3672.09,8596.61,5190.27
2006-04-11,,,,,,3618.42,8467.96,5112.6
2006-04-12,,,,,,3598.85,8422.44,5085.11
2006-04-13,,,,,,3609.81,8451.43,5102.62
2006-04-18,,,,,,3605.3,8440.41,5095.97
2006-04-19,,,,,,3647.25,8543.39,5158.14
2006-04-20,,,,,,3679.35,8623.97,5206.79
2006-04-21,,,,,,3714.04,8699.48,5252.38
2006-04-24,,,,,,3698.24,8648.23,5221.44
2006-04-25,,,,,,3706.98,8671.26,5235.34
2006-04-26,,,,,,3717.39,8699.37,5252.32
2006-04-27,,,,,,3688.97,8635.16,5213.55
2006-04-28,,,,,,3666.6,8593.5,5188.4
2006-05-02,,,,,,3699.23,8680.94,5241.19
2006-05-03,,,,,,3669.78,8605.0,5193.94
2006-05-04,,,,,,3698.44,8681.86,5233.7
2006-05-05,,,,,,3736.91,8774.99,5286.4
2006-05-08,,,,,,3737.04,8779.89,5282.4
2006-05-09,,,,,,3755.62,8834.25,5312.18
2006-05-10,,,,,,3735.8,8806.13,5278.27
2006-05-11,,,,,,3726.25,8779.98,5262.94
2006-05-12,,,,,,3644.79,8605.76,5150.45
2006-05-15,,,,,,3578.58,8467.33,5064.85
2006-05-16,,,,,,3586.24,8502.95,5081.69
2006-05-17,,,,,,3474.18,8235.32,4920.31
2006-05-18,,,,,,3458.06,8238.66,4908.69
2006-05-19,,,,,,3481.81,8298.88,4944.57
2006-05-22,,,,,,3378.68,8079.32,4813.5
2006-05-23,,,,,,3465.61,8280.4,4931.53
2006-05-24,,,,,,3419.13,8180.25,4870.02
2006-05-25,,,,,,3472.27,8313.8,4949.53
2006-05-26,,,,,,3544.72,8474.31,5045.09
2006-05-29,,,,,,3531.96,8442.1,5015.32
2006-05-30,,,,,,3445.95,8238.97,4893.87
2006-05-31,,,,,,3472.44,8322.89,4930.18
2006-06-01,,,,,,3484.42,8351.78,4947.29
2006-06-02,,,,,,3497.2,8374.62,4959.7
2006-06-05,,,,,,3470.06,8300.9,4916.04
2006-06-06,,,,,,3384.1,8120.23,4797.92
2006-06-07,,,,,,3398.71,8181.57,4824.77
2006-06-08,,,,,,3298.88,7947.76,4684.34
2006-06-09,,,,,,3356.45,8090.01,4768.18
2006-06-12,,,,,,3325.22,8013.67,4723.18
2006-06-13,,,,,,3244.18,7834.51,4617.59
2006-06-14,,,,,,3244.76,7830.87,4615.44
2006-06-15,,,,,,3330.46,8016.04,4724.58
2006-06-16,,,,,,3310.12,7965.67,4694.89
2006-06-19,,,,,,3334.74,8023.57,4729.02
2006-06-20,,,,,,3359.18,8095.97,4770.42
2006-06-21,,,,,,3361.1,8103.28,4774.73
2006-06-22,,,,,,3381.64,8156.41,4803.29
2006-06-23,,,,,,3392.08,8180.77,4817.63
2006-06-26,,,,,,3389.91,8153.35,4801.49
2006-06-27,,,,,,3370.04,8101.99,4771.24
2006-06-28,,,,,,3370.37,8106.67,4774.0
2006-06-29,,,,,,3439.8,8287.32,4880.38
2006-06-30,,,,,,3500.25,8432.64,4965.96
2006-07-03,,,,,,3510.44,8457.54,4980.62
2006-07-04,,,,,,3510.94,8463.63,4983.88
2006-07-05,,,,,,3465.63,8358.35,4921.3
2006-07-06,,,,,,3495.32,8435.04,4966.45
2006-07-07,,,,,,3486.82,8413.4,4953.71
2006-07-10,,,,,,3503.97,8462.26,4982.48
2006-07-11,,,,,,3457.66,8347.44,4914.39
2006-07-12,,,,,,3478.58,8393.87,4941.73
2006-07-13,,,,,,3418.46,8242.35,4852.52
2006-07-14,,,,,,3371.69,8120.51,4780.79
2006-07-17,,,,,,3344.38,8068.34,4750.08
2006-07-18,,,,,,3328.9,8041.94,4734.54
2006-07-19,,,,,,3406.48,8232.18,4846.54
2006-07-20,,,,,,3420.88,8263.62,4865.04
2006-07-21,,,,,,3387.13,8184.65,4818.55
2006-07-24,,,,,,3449.22,8348.36,4914.93
2006-07-25,,,,,,3463.28,8379.25,4933.12
2006-07-26,,,,,,3477.79,8396.02,4943.0
2006-07-27,,,,,,3517.21,8494.91,5001.21
2006-07-28,,,,,,3532.42,8541.28,5028.51
2006-07-31,,,,,,3521.71,8508.85,5009.42
2006-08-01,,,,,,3483.01,8404.91,4948.23
2006-08-02,,,,,,3531.17,8537.43,5026.25
2006-08-03,,,,,,3501.75,8465.13,4983.68
2006-08-04,,,,,,3537.34,8562.41,5040.95
2006-08-07,,,,,,3486.21,8418.69,4956.34
2006-08-08,,,,,,3490.9,8438.41,4967.95
2006-08-09,,,,,,3524.38,8535.57,5025.15
2006-08-10,,,,,,3490.89,8453.17,4976.64
2006-08-11,,,,,,3498.35,8468.25,4985.52
2006-08-14,,,,,,3537.84,8572.56,5046.93
2006-08-15,,,,,,3581.38,8688.22,5115.02
2006-08-16,,,,,,3599.7,8726.09,5137.31
2006-08-17,,,,,,3607.55,8738.87,5144.84
2006-08-18,,,,,,3601.8,8723.33,5135.69
2006-08-21,,,,,,3583.31,8670.61,5104.65
2006-08-22,,,,,,3598.51,8710.83,5128.33
2006-08-23,,,,,,3571.61,8633.37,5082.73
2006-08-24,,,,,,3590.57,8684.54,5112.85
2006-08-25,,,,,,3593.16,8681.61,5111.13
2006-08-28,,,,,,3618.12,8745.13,5148.52
2006-08-29,,,,,,3626.85,8765.16,5160.32
2006-08-30,,,,,,3642.15,8803.33,5182.79
2006-08-31,,,,,,3630.82,8773.17,5165.04
2006-09-01,,,,,,3644.96,8804.45,5183.45
2006-09-04,,,,,,3657.8,8838.08,5203.24
2006-09-05,,,,,,3636.58,8786.44,5172.85
2006-09-06,,,,,,3599.75,8689.07,5115.52
2006-09-07,,,,,,3562.55,8594.92,5060.09
2006-09-08,,,,,,3571.8,8617.82,5073.57
2006-09-11,,,,,,3559.28,8594.15,5058.31
2006-09-12,,,,,,3603.42,8709.1,5125.97
2006-09-13,,,,,,3610.83,8729.42,5137.93
2006-09-14,,,,,,3603.5,8705.51,5123.85
2006-09-15,,,,,,3618.67,8741.23,5144.88
2006-09-18,,,,,,3622.32,8744.77,5146.96
2006-09-19,,,,,,3603.35,8692.15,5115.99
2006-09-20,,,,,,3651.18,8822.54,5192.74
2006-09-21,,,,,,3661.34,8849.02,5208.32
2006-09-22,,,,,,3619.83,8736.26,5141.95
2006-09-25,,,,,,3619.99,8743.96,5146.49
2006-09-26,,,,,,3669.45,8868.16,5219.59
2006-09-27,,,,,,3686.89,8908.11,5243.1
2006-09-28,,,,,,3694.99,8919.86,5250.01
2006-09-29,,,,,,3695.33,8919.85,5250.01
2006-10-02,,,,,,3692.37,8908.17,5243.13
2006-10-03,,,,,,3674.79,8868.5,5219.79
2006-10-04,,,,,,3699.05,8930.96,5256.55
2006-10-05,,,,,,3721.27,8985.3,5288.53
2006-10-06,,,,,,3717.05,8974.3,5282.06
2006-10-09,,,,,,3718.57,8978.87,5284.74
2006-10-10,,,,,,3737.9,9021.41,5309.79
2006-10-11,,,,,,3740.12,9027.19,5313.19
2006-10-12,,,,,,3771.77,9109.29,5361.51
2006-10-13,,,,,,3767.23,9095.22,5353.23
2006-10-16,,,,,,3775.14,9110.07,5361.97
2006-10-17,,,,,,3733.42,9009.86,5302.99
2006-10-18,,,,,,3773.73,9108.91,5361.29
2006-10-19,,,,,,3774.22,9106.28,5359.74
2006-10-20,,,,,,3786.29,9132.81,5375.35
2006-10-23,,,,,,3810.98,9194.75,5411.81
2006-10-24,,,,,,3808.14,9182.4,5404.54
2006-10-25,,,,,,3821.49,9212.54,5422.28
2006-10-26,,,,,,3831.18,9232.1,5433.79
2006-10-27,,,,,,3806.31,9167.94,5396.03
2006-10-30,,,,,,3784.35,9110.51,5362.23
2006-10-31,,,,,,3778.61,9087.57,5348.73
2006-11-01,,,,,,3793.74,9125.18,5370.86
2006-11-02,,,,,,3754.68,9021.9,5310.07
2006-11-03,,,,,,3773.84,9066.46,5336.3
2006-11-06,,,,,,3818.67,9178.69,5402.36
2006-11-07,,,,,,3843.86,9238.88,5437.78
2006-11-08,,,,,,3846.33,9237.82,5437.16
2006-11-09,,,,,,3857.19,9257.26,5448.6
2006-11-10,,,,,,3857.91,9255.38,5447.5
2006-11-13,,,,,,3886.04,9328.55,5490.56
2006-11-14,,,,,,3876.29,9304.28,5476.28
2006-11-15,,,,,,3900.43,9365.29,5511.53
2006-11-16,,,,,,3899.2,9355.41,5505.72
2006-11-17,,,,,,3854.1,9263.05,5439.71
2006-11-20,,,,,,3864.55,9288.64,5454.74
2006-11-21,,,,,,3870.61,9296.49,5459.35
2006-11-22,,,,,,3870.07,9284.8,5452.49
2006-11-23,,,,,,3851.35,9237.76,5424.86
2006-11-24,,,,,,3828.36,9177.48,5389.46
2006-11-27,,,,,,3770.77,9039.87,5308.65
2006-11-28,,,,,,3763.63,9035.76,5306.24
2006-11-29,,,,,,3818.12,9164.04,5381.25
2006-11-30,,,,,,3783.97,9072.74,5327.64
2006-12-01,,,,,,3738.21,8948.18,5254.05
2006-12-04,,,,,,3764.48,9019.77,5296.08
2006-12-05,,,,,,3804.97,9128.1,5359.69
2006-12-06,,,,,,3799.53,9112.65,5350.62
2006-12-07,,,,,,3820.03,9161.35,5379.21
2006-12-08,,,,,,3824.93,9169.78,5384.16
2006-12-11,,,,,,3853.55,9243.69,5427.56
2006-12-12,,,,,,3852.98,9242.42,5426.82
2006-12-13,,,,,,3884.01,9325.93,5475.85
2006-12-14,,,,,,3907.02,9383.38,5509.58
2006-12-15,,,,,,3930.05,9437.94,5541.62
2006-12-18,,,,,,3924.68,9418.7,5530.32
2006-12-19,,,,,,3892.66,9341.1,5484.76
2006-12-20,,,,,,3915.42,9391.62,5514.42
2006-12-21,,,,,,3914.91,9386.61,5510.39
2006-12-22,,,,,,3879.28,9290.45,5453.94
2006-12-27,,,,,,3933.62,9437.05,5540.01
2006-12-28,,,,,,3932.83,9425.73,5533.36
2006-12-29,,,,,,3940.27,9440.04,5541.76
2007-01-02,,,,,,3991.97,9569.41,5617.71
2007-01-03,,,,,,3988.34,9557.86,5610.92
2007-01-04,,,,,,3962.52,9495.92,5574.56
2007-01-05,,,,,,3927.67,9398.47,5517.35
2007-01-08,,,,,,3931.96,9400.58,5518.59
2007-01-09,,,,,,3941.05,9425.18,5533.03
2007-01-10,,,,,,3920.21,9372.23,5501.95
2007-01-11,,,,,,3992.48,9555.95,5609.8
2007-01-12,,,,,,3996.92,9569.26,5617.62
2007-01-15,,,,,,4008.19,9592.19,5631.08
2007-01-16,,,,,,3981.27,9524.84,5591.54
2007-01-17,,,,,,3964.22,9474.14,5561.78
2007-01-18,,,,,,3959.53,9462.67,5555.04
2007-01-19,,,,,,3995.49,9564.3,5614.7
2007-01-22,,,,,,3975.67,9504.81,5579.78
2007-01-23,,,,,,3969.77,9496.79,5575.07
2007-01-24,,,,,,4013.24,9604.11,5638.08
2007-01-25,,,,,,3993.92,9554.92,5609.2
2007-01-26,,,,,,3975.06,9509.09,5582.3
2007-01-29,,,,,,4001.19,9572.81,5619.7
2007-01-30,,,,,,4018.12,9616.91,5645.59
2007-01-31,,,,,,3997.59,9553.41,5608.31
2007-02-01,,,,,,4036.41,9645.28,5662.25
2007-02-02,,,,,,4048.56,9670.92,5677.3
2007-02-05,,,,,,4052.14,9677.41,5681.11
2007-02-06,,,,,,4052.62,9670.04,5676.78
2007-02-07,,,,,,4073.13,9714.71,5703.0
2007-02-08,,,,,,4045.68,9650.15,5665.1
2007-02-09,,,,,,4064.92,9696.73,5692.45
2007-02-12,,,,,,4032.75,9614.11,5643.95
2007-02-13,,,,,,4058.64,9680.11,5682.69
2007-02-14,,,,,,4090.72,9753.61,5725.84
2007-02-15,,,,,,4087.47,9745.16,5720.88
2007-02-16,,,,,,4081.65,9732.75,5713.59
2007-02-19,,,,,,4100.93,9777.56,5739.9
2007-02-20,,,,,,4082.98,9732.5,5713.45
2007-02-21,,,,,,4072.66,9700.33,5694.56
2007-02-22,,,,,,4082.13,9722.99,5707.86
2007-02-23,,,,,,4086.05,9737.5,5716.38
2007-02-26,,,,,,4112.03,9816.13,5762.54
2007-02-27,,,,,,3985.11,9519.47,5588.39
2007-02-28,,,,,,3939.19,9398.24,5516.32
2007-03-01,,,,,,3897.17,9299.57,5458.4
2007-03-02,,,,,,3878.37,9242.16,5424.7
2007-03-05,,,,,,3844.23,9174.56,5385.03
2007-03-06,,,,,,3880.36,9263.34,5437.13
2007-03-07,,,,,,3898.09,9293.89,5455.07
2007-03-08,,,,,,3946.94,9411.78,5524.26
2007-03-09,,,,,,3954.98,9434.9,5537.84
2007-03-12,,,,,,3929.17,9363.75,5496.07
2007-03-13,,,,,,3885.69,9256.18,5432.94
2007-03-14,,,,,,3788.6,9023.27,5296.22
2007-03-15,,,,,,3856.91,9182.77,5389.85
2007-03-16,,,,,,3854.41,9169.68,5382.16
2007-03-19,,,,,,3910.38,9300.51,5458.95
2007-03-20,,,,,,3939.85,9376.01,5503.27
2007-03-21,,,,,,3946.94,9374.15,5502.18
2007-03-22,,,,,,4014.37,9538.04,5598.37
2007-03-23,,,,,,4039.37,9600.02,5634.75
2007-03-26,,,,,,4005.72,9500.43,5576.3
2007-03-27,,,,,,4010.94,9518.77,5587.06
2007-03-28,,,,,,3987.95,9460.22,5552.69
2007-03-29,,,,,,4041.81,9594.53,5631.53
2007-03-30,,,,,,4043.19,9599.01,5634.16
2007-04-02,,,,,,4055.47,9618.43,5645.56
2007-04-03,,,,,,4101.2,9731.47,5711.91
2007-04-04,,,,,,4119.91,9777.65,5739.01
2007-04-05,,,,,,4125.41,9781.69,5741.38
2007-04-10,,,,,,4139.42,9824.1,5766.27
2007-04-11,,,,,,4126.85,9799.64,5751.92
2007-04-12,,,,,,4121.39,9794.56,5748.94
2007-04-13,,,,,,4147.18,9863.39,5789.34
2007-04-16,,,,,,4193.84,9987.14,5861.97
2007-04-17,,,,,,4191.1,9980.61,5858.14
2007-04-18,,,,,,4176.4,9942.81,5835.95
2007-04-19,,,,,,4168.67,9931.04,5829.04
2007-04-20,,,,,,4240.34,10118.21,5938.9
2007-04-23,,,,,,4226.74,10081.43,5917.32
2007-04-24,,,,,,4202.86,10028.13,5886.03
2007-04-25,,,,,,4242.89,10132.57,5947.33
2007-04-26,,,,,,4241.45,10140.6,5944.44
2007-04-27,,,,,,4232.03,10117.28,5930.77
2007-04-30,,,,,,4250.37,10168.15,5960.04
2007-05-02,,,,,,4270.87,10225.84,5990.13
2007-05-03,,,,,,4278.73,10256.29,6004.28
2007-05-04,,,,,,4322.14,10372.6,6068.83
2007-05-07,,,,,,4324.03,10390.81,6071.48
2007-05-08,,,,,,4297.23,10327.08,6034.25
2007-05-09,,,,,,4307.99,10356.82,6051.63
2007-05-10,,,,,,4281.59,10296.6,6012.76
2007-05-11,,,,,,4302.68,10361.8,6050.63
2007-05-14,,,,,,4284.18,10324.39,6026.42
2007-05-15,,,,,,4298.21,10384.16,6049.76
2007-05-16,,,,,,4277.78,10332.54,6017.91
2007-05-17,,,,,,4286.41,10348.14,6027.0
2007-05-18,,,,,,4334.82,10497.92,6101.14
2007-05-21,,,,,,4330.7,10520.17,6089.91
2007-05-22,,,,,,4335.43,10519.8,6089.72
2007-05-23,,,,,,4356.77,10572.5,6120.2
2007-05-24,,,,,,4310.33,10478.0,6048.31
2007-05-25,,,,,,4314.53,10498.9,6057.49
2007-05-28,,,,,,4324.56,10523.1,6071.47
2007-05-29,,,,,,4318.56,10505.9,6056.39
2007-05-30,,,,,,4311.93,10485.4,6042.15
2007-05-31,,,,,,4354.42,10594.3,6104.0
2007-06-01,,,,,,4395.34,10707.8,6168.15
2007-06-04,,,,,,4370.89,10637.3,6125.81
2007-06-05,,,,,,4337.94,10558.8,6078.54
2007-06-06,,,,,,4264.04,10383.9,5977.87
2007-06-07,,,,,,4199.99,10271.0,5890.49
2007-06-08,,,,,,4192.05,10258.4,5883.29
2007-06-11,,,,,,4233.05,10357.5,5940.09
2007-06-12,,,,,,4202.28,10284.4,5898.16
2007-06-13,,,,,,4227.47,10347.3,5934.27
2007-06-14,,,,,,4302.48,10544.3,6047.23
2007-06-15,,,,,,4344.1,10645.5,6105.28
2007-06-18,,,,,,4329.81,10613.9,6087.15
2007-06-19,,,,,,4318.04,10586.9,6071.67
2007-06-20,,,,,,4331.45,10624.6,6093.29
2007-06-21,,,,,,4287.36,10519.8,6029.79
2007-06-22,,,,,,4279.76,10508.4,6023.25
2007-06-25,,,,,,4263.58,10472.8,6002.85
2007-06-26,,,,,,4232.24,10386.5,5953.36
2007-06-27,,,,,,4224.97,10366.1,5941.67
2007-06-28,,,,,,4271.24,10478.8,6006.31
2007-06-29,,,,,,4301.69,10563.7,6054.93
2007-07-02,,,,,,4282.4,10514.9,6026.95
2007-07-03,,,,,,4310.46,10589.7,6069.84
2007-07-04,,,,,,4331.1,10641.9,6098.08
2007-07-05,,,,,,4305.63,10575.5,6059.53
2007-07-06,,,,,,4335.11,10650.8,6102.69
2007-07-09,,,,,,4336.65,10654.2,6104.66
2007-07-10,,,,,,4282.31,10505.1,6019.22
2007-07-11,,,,,,4269.77,10473.5,6001.09
2007-07-12,,,,,,4336.96,10651.4,6103.05
2007-07-13,,,,,,4348.14,10677.4,6117.96
2007-07-16,,,,,,4352.92,10692.3,6125.6
2007-07-17,,,,,,4332.87,10646.2,6099.21
2007-07-18,,,,,,4265.11,10467.0,5995.97
2007-07-19,,,,,,4313.09,10588.4,6065.5
2007-07-20,,,,,,4243.78,10399.3,5957.16
2007-07-23,,,,,,4277.09,10490.0,6009.16
2007-07-24,,,,,,4208.52,10312.5,5907.47
2007-07-25,,,,,,4160.31,10189.7,5837.11
2007-07-26,,,,,,4045.61,9906.81,5675.05
2007-07-27,,,,,,4022.04,9852.53,5643.96
2007-07-30,,,,,,4024.46,9856.72,5646.36
2007-07-31,,,,,,4098.65,10039.5,5751.08
2007-08-01,,,,,,4028.1,9870.58,5654.3
2007-08-02,,,,,,4045.77,9919.05,5682.07
2007-08-03,,,,,,3987.64,9772.11,5597.89
2007-08-06,,,,,,3937.67,9658.82,5532.99
2007-08-07,,,,,,3995.9,9811.4,5620.4
2007-08-08,,,,,,4084.55,10036.4,5749.29
2007-08-09,,,,,,4001.91,9819.05,5624.78
2007-08-10,,,,,,3884.32,9511.56,5448.63
2007-08-13,,,,,,3963.04,9722.17,5569.28
2007-08-14,,,,,,3902.95,9563.97,5478.66
2007-08-15,,,,,,3876.76,9501.23,5442.72
2007-08-16,,,,,,3745.78,9191.81,5265.47
2007-08-17,,,,,,3812.06,9363.16,5363.63
2007-08-20,,,,,,3841.28,9425.58,5399.38
2007-08-21,,,,,,3852.36,9459.44,5418.78
2007-08-22,,,,,,3924.35,9632.94,5518.17
2007-08-23,,,,,,3930.74,9641.95,5523.33
2007-08-24,,,,,,3960.6,9722.34,5569.38
2007-08-27,,,,,,3976.46,9759.29,5590.54
2007-08-28,,,,,,3897.6,9556.13,5474.17
2007-08-29,,,,,,3926.17,9636.17,5520.02
2007-08-30,,,,,,3977.28,9762.76,5592.53
2007-08-31,,,,,,4025.72,9886.74,5662.7
2007-09-03,,,,,,4020.45,9866.78,5651.27
2007-09-04,,,,,,4037.1,9904.24,5672.72
2007-09-05,,,,,,3953.99,9692.68,5551.55
2007-09-06,,,,,,3970.39,9736.46,5576.62
2007-09-07,,,,,,3869.8,9480.63,5430.1
2007-09-10,,,,,,3836.94,9404.39,5386.43
2007-09-11,,,,,,3898.75,9565.9,5478.94
2007-09-12,,,,,,3915.98,9616.67,5508.01
2007-09-13,,,,,,3951.72,9717.86,5565.97
2007-09-14,,,,,,3931.42,9670.63,5538.92
2007-09-17,,,,,,3861.64,9496.82,5439.37
2007-09-18,,,,,,3934.84,9688.85,5549.35
2007-09-19,,,,,,4056.29,10005.7,5730.82
2007-09-20,,,,,,4027.01,9932.25,5688.76
2007-09-21,,,,,,4039.19,9953.0,5700.65
2007-09-24,,,,,,4035.07,9938.75,5692.49
2007-09-25,,,,,,3999.41,9849.89,5641.59
2007-09-26,,,,,,4029.0,9935.74,5690.77
2007-09-27,,,,,,4061.73,10010.1,5733.37
2007-09-28,,,,,,4052.2,9979.26,5715.69
2007-10-01,,,,,,4090.69,10079.8,5773.26
2007-10-02,,,,,,4111.77,10125.2,5799.27
2007-10-03,,,,,,4118.19,10137.2,5806.18
2007-10-04,,,,,,4119.21,10134.1,5804.39
2007-10-05,,,,,,4146.21,10202.0,5843.24
2007-10-08,,,,,,4145.36,10177.8,5829.4
2007-10-09,,,,,,4169.99,10234.6,5861.93
2007-10-10,,,,,,4156.03,10193.7,5838.49
2007-10-11,,,,,,4172.09,10236.2,5862.83
2007-10-12,,,,,,4159.09,10203.2,5843.95
2007-10-15,,,,,,4134.11,10140.7,5807.44
2007-10-16,,,,,,4108.91,10083.0,5774.36
2007-10-17,,,,,,4139.01,10160.6,5818.8
2007-10-18,,,,,,4101.91,10070.5,5767.24
2007-10-19,,,,,,4083.59,10023.8,5740.48
2007-10-22,,,,,,4026.39,9885.5,5661.27
2007-10-23,,,,,,4061.31,9961.96,5705.05
2007-10-24,,,,,,4042.68,9908.9,5674.67
2007-10-25,,,,,,4100.87,10058.4,5760.3
2007-10-26,,,,,,4120.77,10118.8,5794.87
2007-10-29,,,,,,4148.32,10190.9,5836.19
2007-10-30,,,,,,4121.7,10134.6,5803.93
2007-10-31,,,,,,4154.68,10211.5,5847.95
2007-11-01,,,,,,4076.2,10007.1,5730.92
2007-11-02,,,,,,4066.84,9988.78,5720.42
2007-11-05,,,,,,4038.54,9926.28,5684.62
2007-11-06,,,,,,4055.62,9969.58,5709.42
2007-11-07,,,,,,4034.79,9923.84,5683.22
2007-11-08,,,,,,3997.86,9833.75,5631.63
2007-11-09,,,,,,3923.1,9646.13,5524.18
2007-11-12,,,,,,3929.21,9666.0,5535.56
2007-11-13,,,,,,3928.58,9671.84,5538.91
2007-11-14,,,,,,3981.26,9803.36,5613.6
2007-11-15,,,,,,3938.96,9711.73,5561.13
2007-11-16,,,,,,3905.87,9668.49,5523.63
2007-11-19,,,,,,3835.52,9509.11,5432.57
2007-11-20,,,,,,3882.2,9638.82,5506.68
2007-11-21,,,,,,3792.67,9419.36,5381.3
2007-11-22,,,,,,3814.5,9480.28,5416.1
2007-11-23,,,,,,3891.49,9664.19,5521.17
2007-11-26,,,,,,3852.38,9554.3,5458.39
2007-11-27,,,,,,3835.53,9513.38,5434.17
2007-11-28,,,,,,3923.76,9736.67,5561.21
2007-11-29,,,,,,3950.61,9801.27,5598.11
2007-11-30,,,,,,4000.8,9929.65,5670.57
2007-12-03,,,,,,3975.78,9857.66,5629.46
2007-12-04,,,,,,3915.2,9713.64,5547.21
2007-12-05,,,,,,3990.85,9909.52,5659.07
2007-12-06,,,,,,4000.59,9935.25,5673.76
2007-12-07,,,,,,4033.71,10014.0,5718.75
2007-12-10,,,,,,4056.31,10070.3,5750.92
2007-12-11,,,,,,4040.88,10024.5,5724.76
2007-12-12,,,,,,4050.32,10057.0,5743.32
2007-12-13,,,,,,3947.17,9790.16,5590.91
2007-12-14,,,,,,3957.61,9815.46,5605.36
2007-12-17,,,,,,3890.43,9659.15,5514.88
2007-12-18,,,,,,3883.51,9649.5,5509.37
2007-12-19,,,,,,3873.27,9628.57,5497.42
2007-12-20,,,,,,3881.69,9653.14,5511.45
2007-12-21,,,,,,3941.61,9813.08,5602.77
2007-12-24,,,,,,3952.73,9833.23,5614.28
2007-12-27,,,,,,3960.33,9856.35,5627.48
2007-12-28,,,,,,3960.47,9855.97,5627.25
2007-12-31,,,,,,3956.31,9832.9,5614.08
2008-01-02,,,,,,3913.71,9721.29,5550.36
2008-01-03,,,,,,3903.61,9713.79,5546.08
2008-01-04,,,,,,3828.39,9539.88,5446.79
2008-01-07,,,,,,3818.76,9550.46,5452.83
2008-01-08,,,,,,3846.35,9625.51,5495.67
2008-01-09,,,,,,3796.34,9519.98,5435.42
2008-01-10,,,,,,3767.05,9459.89,5400.43
2008-01-11,,,,,,3747.7,9409.06,5371.41
2008-01-14,,,,,,3773.16,9465.29,5403.51
2008-01-15,,,,,,3668.36,9197.82,5250.82
2008-01-16,,,,,,3643.26,9153.27,5225.39
2008-01-17,,,,,,3598.99,9033.63,5157.09
2008-01-18,,,,,,3550.02,8920.32,5092.4
2008-01-21,,,,,,3315.17,8310.81,4744.45
2008-01-22,,,,,,3389.53,8482.64,4842.54
2008-01-23,,,,,,3259.12,8122.18,4636.76
2008-01-24,,,,,,3447.55,8610.07,4915.29
2008-01-25,,,,,,3433.17,8544.97,4878.12
2008-01-28,,,,,,3409.87,8492.73,4848.3
2008-01-29,,,,,,3480.97,8655.91,4941.45
2008-01-30,,,,,,3434.84,8537.0,4873.57
2008-01-31,,,,,,3429.97,8530.39,4869.79
2008-02-01,,,,,,3509.5,8720.03,4978.06
2008-02-04,,,,,,3512.51,8712.29,4973.64
2008-02-05,,,,,,3375.26,8367.59,4776.86
2008-02-06,,,,,,3398.11,8436.9,4816.43
2008-02-07,,,,,,3332.82,8274.66,4723.8
2008-02-08,,,,,,3324.64,8249.86,4709.65
2008-02-11,,,,,,3303.25,8202.66,4682.7
2008-02-12,,,,,,3413.67,8479.45,4840.71
2008-02-13,,,,,,3426.56,8505.16,4855.4
2008-02-14,,,,,,3431.29,8510.87,4858.65
2008-02-15,,,,,,3373.26,8358.71,4771.79
2008-02-18,,,,,,3434.23,8516.38,4861.8
2008-02-19,,,,,,3451.22,8558.47,4885.83
2008-02-20,,,,,,3405.22,8430.57,4812.81
2008-02-21,,,,,,3437.61,8511.22,4858.85
2008-02-22,,,,,,3414.21,8451.14,4824.55
2008-02-25,,,,,,3479.45,8617.03,4919.26
2008-02-26,,,,,,3518.65,8711.29,4973.07
2008-02-27,,,,,,3513.28,8703.84,4968.82
2008-02-28,,,,,,3442.1,8522.38,4865.23
2008-02-29,,,,,,3391.06,8391.77,4790.66
2008-03-03,,,,,,3355.3,8309.45,4742.66
2008-03-04,,,,,,3310.65,8192.49,4675.91
2008-03-05,,,,,,3370.2,8333.55,4756.42
2008-03-06,,,,,,3316.44,8196.25,4678.05
2008-03-07,,,,,,3273.02,8092.72,4618.96
2008-03-10,,,,,,3231.84,8001.66,4566.99
2008-03-11,,,,,,3276.49,8108.02,4627.69
2008-03-12,,,,,,3325.41,8229.62,4697.1
2008-03-13,,,,,,3275.92,8112.39,4630.19
2008-03-14,,,,,,3253.56,8045.74,4592.15
2008-03-17,,,,,,3136.96,7763.47,4431.04
2008-03-18,,,,,,3237.88,8028.99,4582.59
2008-03-19,,,,,,3214.84,7982.32,4555.95
2008-03-20,,,,,,3200.02,7943.37,4533.72
2008-03-25,,,,,,3312.21,8220.69,4692.0
2008-03-26,,,,,,3303.59,8194.16,4676.68
2008-03-27,,,,,,3335.8,8268.93,4719.53
2008-03-28,,,,,,3319.81,8227.56,4695.92
2008-03-31,,,,,,3329.71,8247.09,4707.07
2008-04-01,,,,,,3437.02,8525.55,4866.0
2008-04-02,,,,,,3468.98,8606.09,4911.97
2008-04-03,,,,,,3449.54,8563.86,4887.87
2008-04-04,,,,,,3461.38,8586.66,4900.88
2008-04-07,,,,,,3494.08,8663.26,4944.6
2008-04-08,,,,,,3469.72,8607.35,4912.69
2008-04-09,,,,,,3442.79,8541.26,4874.97
2008-04-10,,,,,,3431.14,8515.23,4859.42
2008-04-11,,,,,,3390.39,8407.47,4797.93
2008-04-14,,,,,,3365.95,8352.39,4766.49
2008-04-15,,,,,,3377.88,8377.26,4780.68
2008-04-16,,,,,,3431.9,8507.66,4855.1
2008-04-17,,,,,,3436.58,8520.0,4862.14
2008-04-18,,,,,,3502.73,8700.32,4961.69
2008-04-21,,,,,,3469.28,8611.68,4910.35
2008-04-22,,,,,,3445.72,8545.56,4872.64
2008-04-23,,,,,,3492.39,8671.84,4944.65
2008-04-24,,,,,,3481.25,8664.45,4929.55
2008-04-25,,,,,,3514.88,8761.09,4978.21
2008-04-28,,,,,,3542.08,8825.66,5012.75
2008-04-29,,,,,,3517.37,8762.89,4977.1
2008-04-30,,,,,,3533.54,8797.11,4996.54
2008-05-02,,,,,,3583.38,8927.55,5069.71
2008-05-05,,,,,,3579.6,8916.37,5063.36
2008-05-06,,,,,,3566.87,8876.85,5040.92
2008-05-07,,,,,,3596.77,8937.41,5075.31
2008-05-08,,,,,,3584.13,8902.67,5055.58
2008-05-09,,,,,,3523.76,8771.29,4960.56
2008-05-12,,,,,,3535.72,8806.34,4976.21
2008-05-13,,,,,,3547.89,8846.09,4998.67
2008-05-14,,,,,,3585.2,8951.11,5055.24
2008-05-15,,,,,,3590.28,8958.09,5057.51
2008-05-16,,,,,,3605.18,9016.5,5078.04
2008-05-19,,,,,,3649.68,9130.54,5142.1
2008-05-20,,,,,,3583.89,9004.89,5054.88
2008-05-21,,,,,,3564.13,8961.96,5027.55
2008-05-22,,,,,,3562.07,8975.54,5028.74
2008-05-23,,,,,,3497.25,8812.34,4933.77
2008-05-26,,,,,,3499.95,8847.94,4937.84
2008-05-27,,,,,,3478.49,8801.77,4906.56
2008-05-28,,,,,,3522.24,8920.1,4971.11
2008-05-29,,,,,,3526.11,8953.8,4975.9
2008-05-30,,,,,,3552.86,9025.67,5014.28
2008-06-02,,,,,,3501.57,8885.11,4935.21
2008-06-03,,,,,,3532.96,8976.36,4983.71
2008-06-04,,,,,,3488.22,8852.72,4915.07
2008-06-05,,,,,,3485.24,8838.3,4907.06
2008-06-06,,,,,,3410.46,8637.04,4795.32
2008-06-09,,,,,,3405.06,8644.35,4799.38
2008-06-10,,,,,,3376.91,8575.36,4761.08
2008-06-11,,,,,,3309.82,8397.56,4660.91
2008-06-12,,,,,,3317.99,8418.08,4672.3
2008-06-13,,,,,,3326.25,8439.57,4682.3
2008-06-16,,,,,,3312.79,8401.73,4657.74
2008-06-17,,,,,,3332.83,8453.29,4686.33
2008-06-18,,,,,,3280.65,8331.39,4618.75
2008-06-19,,,,,,3258.63,8282.04,4591.39
2008-06-20,,,,,,3204.9,8133.91,4509.27
2008-06-23,,,,,,3199.6,8137.69,4511.37
2008-06-24,,,,,,3171.36,8069.85,4473.76
2008-06-25,,,,,,3218.01,8182.66,4536.29
2008-06-26,,,,,,3141.87,7985.72,4426.19
2008-06-27,,,,,,3118.2,7933.63,4397.32
2008-06-30,,,,,,3139.63,8002.5,4434.85
2008-07-01,,,,,,3073.62,7833.55,4341.21
2008-07-02,,,,,,3040.2,7752.83,4296.48
2008-07-03,,,,,,3067.22,7838.55,4343.99
2008-07-04,,,,,,3015.76,7697.82,4266.0
2008-07-07,,,,,,3065.12,7836.03,4342.59
2008-07-08,,,,,,3016.21,7715.17,4275.61
2008-07-09,,,,,,3062.57,7830.74,4339.66
2008-07-10,,,,,,2986.1,7637.2,4231.56
2008-07-11,,,,,,2895.53,7400.92,4100.64
2008-07-14,,,,,,2923.64,7477.98,4142.53
2008-07-15,,,,,,2862.44,7331.07,4061.15
2008-07-16,,,,,,2899.43,7423.67,4112.45
2008-07-17,,,,,,2986.17,7628.63,4225.99
2008-07-18,,,,,,3036.29,7761.08,4299.36
2008-07-21,,,,,,3059.33,7811.22,4327.14
2008-07-22,,,,,,3054.52,7811.45,4327.26
2008-07-23,,,,,,3113.72,7958.53,4408.74
2008-07-24,,,,,,3070.64,7848.86,4347.99
2008-07-25,,,,,,3086.28,7901.56,4377.18
2008-07-28,,,,,,3048.94,7806.37,4324.45
2008-07-29,,,,,,3045.72,7799.22,4320.49
2008-07-30,,,,,,3103.38,7943.74,4400.55
2008-07-31,,,,,,3096.14,7928.95,4392.36
2008-08-01,,,,,,3043.41,7788.12,4314.34
2008-08-04,,,,,,3020.4,7727.28,4280.63
2008-08-05,,,,,,3093.43,7918.1,4386.35
2008-08-06,,,,,,3139.61,8030.0,4448.33
2008-08-07,,,,,,3142.43,8046.42,4457.43
2008-08-08,,,,,,3168.12,8108.57,4491.85
2008-08-11,,,,,5283.01,3205.61,8192.74,4538.49
2008-08-12,,,,,5261.6,3192.62,8156.62,4518.48
2008-08-13,,,,,5128.31,3111.74,7948.11,4402.97
2008-08-14,,,,,5147.11,3123.15,7980.49,4420.91
2008-08-15,,,,,5187.23,3147.49,8039.54,4453.62
2008-08-18,,,,,5179.34,3142.57,8031.28,4448.84
2008-08-19,,,,,5041.15,3058.73,7821.78,4332.79
2008-08-20,,,,,5076.54,3080.2,7881.5,4365.87
2008-08-21,,,,,5010.52,3040.15,7770.9,4304.61
2008-08-22,,,,,5121.93,3107.74,7943.91,4400.45
2008-08-25,,,,,5072.11,3077.51,7863.43,4355.87
2008-08-26,,,,,5088.11,3087.18,7886.32,4368.55
2008-08-27,,,,,5093.96,3090.74,7894.51,4373.08
2008-08-28,,,,,5191.45,3149.88,8054.12,4461.49
2008-08-29,,,,,5220.24,3167.35,8092.22,4482.6
2008-09-01,,,,,5206.35,3158.92,8073.32,4472.13
2008-09-02,,,,,5284.84,3205.82,8196.35,4539.07
2008-09-03,,,,,5185.19,3145.37,8030.35,4447.13
2008-09-04,,,,,5025.68,3048.61,7771.91,4304.01
2008-09-05,,,,,4901.72,2973.41,7578.05,4196.66
2008-09-08,,,,,5070.31,3071.81,7848.92,4340.18
2008-09-09,,,,,5013.16,3037.19,7764.21,4293.34
2008-09-10,,,,,4998.48,3028.29,7746.7,4283.66
2008-09-11,,,,,4954.91,3001.77,7684.16,4249.07
2008-09-12,,,,,5047.96,3058.14,7835.32,4332.66
2008-09-15,,,,,4867.5,2948.82,7539.31,4168.97
2008-09-16,,,,,4779.71,2895.63,7391.78,4087.4
2008-09-17,,,,,4679.92,2835.18,7233.93,4000.11
2008-09-18,,,,,4632.13,2806.19,7157.52,3957.86
2008-09-19,,,,,5042.2,3054.54,7821.23,4324.87
2008-09-22,,,,,4931.86,2987.68,7637.93,4223.51
2008-09-23,,,,,4834.38,2928.63,7486.59,4139.82
2008-09-24,,,,,4802.63,2909.4,7440.86,4114.54
2008-09-25,,,,,4918.6,2979.65,7643.89,4226.81
2008-09-26,,,,,4839.65,2931.82,7529.19,4163.38
2008-09-29,,,,,4602.91,2788.41,7149.6,3953.48
2008-09-30,,,,,4691.81,2842.21,7291.78,4032.1
2008-10-01,,,,,4713.84,2855.53,7332.37,4054.54
2008-10-02,,,,,4612.65,2794.23,7167.32,3963.28
2008-10-03,,,,,4729.51,2865.02,7379.75,4080.75
2008-10-06,,,,,4311.01,2611.51,6712.86,3711.98
2008-10-07,,,,,4313.19,2612.82,6749.46,3732.22
2008-10-08,,,,,4053.06,2455.24,6323.88,3496.89
2008-10-09,,,,,3995.99,2420.67,6225.88,3442.7
2008-10-10,,,,,3697.09,2239.14,5745.88,3176.49
2008-10-13,,,,,4094.97,2480.11,6388.04,3531.5
2008-10-14,,,,,4212.18,2551.1,6563.55,3628.52
2008-10-15,,,,,3931.3,2380.98,6115.94,3381.07
2008-10-16,,,,,3704.98,2243.91,5754.05,3181.0
2008-10-17,,,,,3857.88,2336.52,6023.42,3329.92
2008-10-20,,,,,3986.04,2414.14,6237.94,3448.51
2008-10-21,,,,,4017.0,2432.89,6286.58,3475.4
2008-10-22,,,,,3822.68,2315.2,5966.0,3298.18
2008-10-23,,,,,3827.72,2318.25,5988.96,3310.87
2008-10-24,,,,,3686.26,2232.58,5777.18,3193.79
2008-10-27,,,,,3541.49,2144.9,5548.46,3067.35
2008-10-28,,,,,3596.14,2178.0,5634.5,3114.92
2008-10-29,,,,,3908.34,2367.08,6154.84,3402.57
2008-10-30,,,,,3928.17,2379.09,6164.33,3407.82
2008-10-31,,,,,4017.61,2433.26,6307.68,3487.07
2008-11-03,,,,,4067.1,2463.22,6381.66,3527.97
2008-11-04,,,,,4252.89,2575.74,6676.73,3691.09
2008-11-05,,,,,4170.11,2525.6,6544.71,3618.11
2008-11-06,,,,,3908.26,2367.01,6127.13,3387.25
2008-11-07,,,,,3994.1,2419.0,6275.21,3469.12
2008-11-10,,,,,4040.75,2447.26,6341.48,3505.75
2008-11-11,,,,,3860.07,2337.83,6035.16,3336.41
2008-11-12,,,,,3751.13,2271.84,5849.83,3233.96
2008-11-13,,,,,3780.04,2288.74,5915.33,3269.46
2008-11-14,,,,,3820.51,2304.42,5981.84,3291.47
2008-11-17,,,,,3699.99,2231.73,5782.94,3182.03
2008-11-18,,,,,3731.93,2250.99,5847.22,3217.4
2008-11-19,,,,,3585.46,2162.64,5611.86,3087.89
2008-11-20,,,,,3462.09,2088.23,5416.55,2980.42
2008-11-21,,,,,3353.19,2022.54,5236.34,2881.26
2008-11-24,,,,,3674.46,2212.78,5775.71,3172.11
2008-11-25,,,,,3720.14,2240.29,5843.9,3209.56
2008-11-26,,,,,3679.01,2215.52,5771.6,3169.85
2008-11-27,,,,,3769.99,2270.0,5919.17,3250.39
2008-11-28,,,,,3786.02,2279.65,5941.56,3262.68
2008-12-01,,,,,3583.52,2157.72,5609.68,3080.43
2008-12-02,,,,,3660.33,2203.33,5743.59,3152.9
2008-12-03,,,,,3676.62,2213.14,5768.64,3166.65
2008-12-04,,,,,3671.2,2209.88,5758.65,3161.16
2008-12-05,,,,,3482.77,2096.45,5443.23,2988.01
2008-12-08,,,,,3764.28,2265.91,5915.89,3247.48
2008-12-09,,,,,3822.94,2301.22,6007.55,3297.8
2008-12-10,,,,,3850.43,2317.69,6048.57,3320.31
2008-12-11,,,,,3838.45,2310.34,6022.74,3306.13
2008-12-12,,,,,3736.45,2248.19,5856.49,3213.6
2008-12-15,,,,,3711.58,2232.43,5808.0,3185.66
2008-12-16,,,,,3782.36,2275.0,5928.33,3251.66
2008-12-17,,,,,3768.04,2266.36,5910.57,3241.92
2008-12-18,,,,,3758.81,2260.81,5896.41,3234.15
2008-12-19,,,,,3746.74,2253.55,5881.37,3225.9
2008-12-22,,,,,3661.12,2202.05,5745.48,3151.36
2008-12-23,,,,,3641.08,2190.0,5703.63,3128.41
2008-12-24,,,,,3625.37,2180.55,5681.37,3116.21
2008-12-29,,,,,3645.33,2192.56,5707.83,3130.72
2008-12-30,,,,,3738.01,2248.3,5865.38,3217.13
2008-12-31,,,,,3743.08,2251.35,5866.91,3217.97
2009-01-02,,,,,3894.96,2342.68,6107.06,3349.69
2009-01-05,,,,,3916.1,2355.4,6125.71,3359.92
2009-01-06,,,,,3960.6,2382.16,6191.9,3396.22
2009-01-07,,,,,3904.92,2348.67,6100.5,3346.09
2009-01-08,,,,,3877.94,2332.44,6060.82,3324.33
2009-01-09,,,,,3851.43,2316.49,6015.55,3299.5
2009-01-12,,,,,3789.19,2278.42,5919.65,3246.12
2009-01-13,,,,,3731.48,2243.72,5831.7,3197.89
2009-01-14,,,,,3566.93,2144.65,5565.66,3052.0
2009-01-15,,,,,3506.05,2108.05,5463.32,2995.88
2009-01-16,,,,,3528.91,2121.79,5501.37,3016.75
2009-01-19,,,,,3501.47,2105.29,5452.03,2989.69
2009-01-20,,,,,3424.67,2059.12,5334.56,2925.28
2009-01-21,,,,,3403.76,2046.54,5298.62,2905.57
2009-01-22,,,,,3367.37,2024.66,5233.08,2869.62
2009-01-23,,,,,3338.72,2007.44,5195.73,2849.14
2009-01-26,,,,,3457.89,2079.09,5389.44,2955.37
2009-01-27,,,,,3459.71,2080.0,5387.91,2954.53
2009-01-28,,,,,3597.72,2162.55,5609.44,3076.01
2009-01-29,,,,,3526.16,2119.54,5488.61,3009.75
2009-01-30,,,,,3490.39,2098.04,5423.27,2973.92
2009-02-02,,,,,3432.66,2063.34,5343.28,2930.05
2009-02-03,,,,,3490.16,2097.86,5438.72,2982.39
2009-02-04,,,,,3587.1,2156.13,5596.65,3068.99
2009-02-05,,,,,3587.26,2156.22,5591.73,3066.29
2009-02-06,,,,,3655.51,2197.25,5694.75,3122.79
2009-02-09,,,,,3670.71,2206.39,5716.79,3134.87
2009-02-10,,,,,3546.88,2131.95,5508.68,3020.75
2009-02-11,,,,,3552.71,2135.46,5521.38,3027.72
2009-02-12,,,,,3479.78,2091.57,5405.8,2964.34
2009-02-13,,,,,3514.63,2112.52,5466.92,2997.86
2009-02-16,,,,,3477.55,2090.23,5401.93,2962.22
2009-02-17,,,,,3376.44,2029.46,5243.3,2875.23
2009-02-18,,,,,3369.38,2025.22,5241.18,2874.07
2009-02-19,,,,,3369.38,2025.21,5238.5,2872.6
2009-02-20,,,,,3231.61,1942.08,5016.92,2750.55
2009-02-23,,,,,3199.29,1922.54,4975.92,2727.87
2009-02-24,,,,,3171.54,1905.87,4939.77,2708.05
2009-02-25,,,,,3165.4,1902.17,4919.45,2696.92
2009-02-26,,,,,3219.55,1934.72,5006.88,2744.84
2009-02-27,,,,,3177.32,1909.34,4929.6,2702.48
2009-03-02,,,,,3039.32,1826.41,4708.85,2581.46
2009-03-03,,,,,3005.04,1805.81,4659.76,2554.55
2009-03-04,,,,,3142.11,1888.18,4880.71,2675.68
2009-03-05,,,,,3024.1,1817.27,4687.27,2569.63
2009-03-06,,,,,2980.22,1790.89,4623.1,2534.45
2009-03-09,,,,,2962.3,1780.09,4595.44,2519.29
2009-03-10,,,,,3123.03,1876.67,4858.82,2663.68
2009-03-11,,,,,3134.49,1883.42,4878.02,2674.2
2009-03-12,,,,,3159.51,1898.45,4914.59,2694.25
2009-03-13,,,,,3169.15,1904.24,4935.36,2705.63
2009-03-16,,,,,3265.54,1962.16,5092.27,2791.66
2009-03-17,,,,,3239.04,1946.24,5047.8,2767.28
2009-03-18,,,,,3234.52,1943.52,5035.15,2760.34
2009-03-19,,,,,3252.33,1954.22,5065.52,2776.99
2009-03-20,,,,,3268.56,1963.96,5091.33,2791.14
2009-03-23,,,,,3353.22,2014.83,5234.4,2869.57
2009-03-24,,,,,3361.14,2019.59,5243.18,2874.39
2009-03-25,,,,,3381.17,2031.63,5277.95,2893.45
2009-03-26,,,,,3381.49,2031.82,5275.44,2892.07
2009-03-27,,,,,3326.42,1998.71,5181.58,2840.62
2009-03-30,,,,,3192.21,1918.07,4960.36,2719.34
2009-03-31,,,,,3292.77,1978.47,5120.88,2807.34
2009-04-01,,,,,3332.97,2002.62,5179.74,2839.61
2009-04-02,,,,,3502.42,2104.41,5457.83,2992.06
2009-04-03,,,,,3471.3,2085.71,5397.04,2958.74
2009-04-06,,,,,3445.09,2069.97,5344.17,2929.75
2009-04-07,,,,,3412.68,2050.5,5294.12,2902.31
2009-04-08,,,,,3433.34,2062.44,5329.73,2921.06
2009-04-09,,,,,3500.9,2103.03,5426.65,2974.18
2009-04-14,,,,,3533.48,2122.56,5474.16,3000.22
2009-04-15,,,,,3520.99,2115.05,5447.75,2985.74
2009-04-16,,,,,3580.86,2150.99,5543.42,3038.18
2009-04-17,,,,,3643.6,2188.16,5641.56,3091.96
2009-04-20,,,,,3500.35,2101.8,5417.92,2969.4
2009-04-21,,,,,3508.09,2105.18,5430.08,2973.94
2009-04-22,,,,,3569.43,2141.74,5523.74,3025.24
2009-04-23,,,,,3572.92,2136.29,5516.45,3008.62
2009-04-24,,,,,3678.23,2198.91,5689.23,3102.85
2009-04-27,,,,,3677.14,2197.78,5688.45,3102.43
2009-04-28,,,,,3619.1,2161.64,5598.58,3051.02
2009-04-29,,,,,3695.73,2207.32,5719.53,3116.94
2009-04-30,,,,,3748.62,2236.71,5803.84,3159.85
2009-05-04,,,,,3847.59,2290.56,5963.25,3237.97
2009-05-05,,,,,3839.11,2285.04,5940.76,3225.0
2009-05-06,,,,,3910.52,2324.95,6056.49,3283.51
2009-05-07,,,,,3880.3,2304.42,6004.2,3251.52
2009-05-08,,,,,3947.13,2344.11,6116.98,3312.59
2009-05-11,,,,,3872.76,2298.69,6001.48,3248.67
2009-05-12,,,,,3860.88,2286.12,5985.55,3231.1
2009-05-13,,,,,3773.83,2231.16,5851.26,3152.9
2009-05-14,,,,,3777.47,2233.18,5857.55,3156.29
2009-05-15,,,,,3795.87,2243.81,5881.23,3169.05
2009-05-18,,,,,3881.23,2294.27,6022.91,3245.39
2009-05-19,,,,,3932.82,2315.82,6104.95,3274.96
2009-05-20,,,,,3975.6,2335.68,6173.66,3303.37
2009-05-21,,,,,3878.2,2278.0,6014.42,3217.41
2009-05-22,,,,,3893.9,2284.75,6041.77,3227.97
2009-05-25,,,,,3901.63,2289.24,6057.22,3236.16
2009-05-26,,,,,3938.91,2311.08,6120.72,3270.09
2009-05-27,,,,,3978.83,2330.25,6179.24,3294.86
2009-05-28,,,,,3942.61,2308.59,6120.8,3263.7
2009-05-29,,,,,3962.59,2318.75,6151.27,3277.65
2009-06-01,,,,,4081.47,2388.07,6342.39,3379.49
2009-06-02,,,,,4090.5,2388.17,6355.63,3378.04
2009-06-03,,,,,4016.91,2344.8,6227.7,3309.65
2009-06-04,,,,,4018.83,2345.51,6232.19,3312.03
2009-06-05,,,,,4049.66,2363.45,6283.03,3339.05
2009-06-08,,,,,3992.7,2329.93,6190.1,3289.66
2009-06-09,,,,,4000.02,2333.94,6203.4,3296.73
2009-06-10,,,,,4025.42,2347.46,6242.28,3315.27
2009-06-11,,,,,4050.46,2360.76,6282.45,3334.94
2009-06-12,,,,,4042.19,2355.86,6265.87,3326.14
2009-06-15,,,,,3920.96,2285.16,6065.14,3219.58
2009-06-16,,,,,3912.21,2280.07,6054.53,3213.95
2009-06-17,,,,,3844.89,2240.68,5955.04,3161.14
2009-06-18,,,,,3877.9,2259.34,6017.06,3194.06
2009-06-19,,,,,3911.68,2279.02,6068.32,3221.27
2009-06-22,,,,,3793.94,2210.23,5883.66,3123.25
2009-06-23,,,,,3785.13,2205.08,5871.55,3116.82
2009-06-24,,,,,3866.05,2252.15,5999.55,3184.76
2009-06-25,,,,,3847.99,2240.84,5961.18,3163.1
2009-06-26,,,,,3816.21,2222.33,5898.28,3129.73
2009-06-29,,,,,3888.42,2264.32,6018.82,3193.68
2009-06-30,,,,,3834.77,2233.07,5918.47,3140.44
2009-07-01,,,,,3922.56,2283.07,6065.49,3217.0
2009-07-02,,,,,3809.71,2217.28,5875.83,3116.41
2009-07-03,,,,,3810.92,2217.68,5882.66,3119.51
2009-07-06,,,,,3767.15,2192.14,5812.21,3082.16
2009-07-07,,,,,3729.73,2170.37,5748.87,3048.57
2009-07-08,,,,,3678.8,2140.73,5675.6,3009.71
2009-07-09,,,,,3697.33,2151.51,5706.21,3025.94
2009-07-10,,,,,3649.38,2122.77,5627.25,2983.1
2009-07-13,,,,,3728.1,2168.56,5757.38,3052.08
2009-07-14,,,,,3764.07,2189.47,5813.58,3081.87
2009-07-15,,,,,3867.01,2249.34,5982.21,3171.27
2009-07-16,,,,,3900.08,2268.58,6035.81,3199.68
2009-07-17,,,,,3921.77,2281.2,6071.23,3218.46
2009-07-20,,,,,3980.85,2315.53,6170.22,3270.94
2009-07-21,,,,,4019.04,2337.75,6230.49,3302.89
2009-07-22,,,,,4023.25,2340.2,6234.61,3305.07
2009-07-23,,,,,4102.24,2386.14,6364.11,3373.72
2009-07-24,,,,,4094.05,2381.38,6350.39,3366.45
2009-07-27,,,,,4104.32,2387.33,6361.54,3372.36
2009-07-28,,,,,4056.52,2359.53,6283.46,3330.97
2009-07-29,,,,,4096.45,2382.76,6348.84,3365.62
2009-07-30,,,,,4182.81,2432.99,6480.63,3435.49
2009-07-31,,,,,4181.43,2432.1,6463.24,3426.27
2009-08-03,,,,,4241.45,2467.01,6560.43,3477.8
2009-08-04,,,,,4239.61,2465.94,6557.74,3476.37
2009-08-05,,,,,4223.03,2456.3,6524.1,3458.53
2009-08-06,,,,,4248.07,2470.86,6560.51,3477.83
2009-08-07,,,,,4296.02,2498.75,6642.19,3521.14
2009-08-10,,,,,4283.02,2491.19,6610.89,3504.54
2009-08-11,,,,,4223.79,2456.74,6519.66,3456.18
2009-08-12,,,,,4280.85,2489.93,6615.98,3507.24
2009-08-13,,,,,4303.15,2502.9,6648.34,3524.39
2009-08-14,,,,,4272.43,2485.03,6593.39,3495.27
2009-08-17,,,,,4181.87,2432.36,6450.83,3419.69
2009-08-18,,,,,4218.49,2453.66,6509.29,3450.69
2009-08-19,,,,,4215.42,2451.87,6508.64,3450.34
2009-08-20,,,,,4279.3,2489.03,6612.36,3505.32
2009-08-21,,,,,4403.98,2561.18,6821.91,3615.81
2009-08-24,,,,,4452.79,2589.52,6890.64,3652.17
2009-08-25,,,,,4488.62,2610.36,6944.3,3680.61
2009-08-26,,,,,4480.35,2605.55,6921.14,3668.34
2009-08-27,,,,,4458.16,2592.64,6883.77,3648.53
2009-08-28,,,,,4518.02,2623.72,6979.7,3693.14
2009-08-31,,,,,4469.46,2595.52,6904.87,3653.54
2009-09-01,,,,,4386.07,2547.09,6772.38,3583.44
2009-09-02,,,,,4367.17,2536.12,6752.9,3573.13
2009-09-03,,,,,4351.9,2527.25,6715.82,3553.51
2009-09-04,,,,,4407.53,2559.56,6801.34,3598.76
2009-09-07,,,,,4476.42,2599.57,6903.52,3652.83
2009-09-08,,,,,4492.26,2608.76,6918.89,3660.96
2009-09-09,,,,,4548.14,2641.22,7007.2,3707.69
2009-09-10,,,,,4549.41,2641.94,7003.77,3705.87
2009-09-11,,,,,4582.14,2660.78,7058.61,3734.89
2009-09-14,,,,,4575.61,2656.99,7050.52,3730.61
2009-09-15,,,,,4604.22,2673.6,7091.34,3752.21
2009-09-16,,,,,4681.96,2718.75,7207.73,3813.79
2009-09-17,,,,,4708.48,2734.14,7248.32,3835.27
2009-09-18,,,,,4701.34,2729.92,7234.28,3827.84
2009-09-21,,,,,4680.78,2717.99,7204.65,3812.16
2009-09-22,,,,,4695.25,2726.39,7226.11,3823.52
2009-09-23,,,,,4695.19,2726.33,7222.85,3821.79
2009-09-24,,,,,4619.74,2682.52,7102.96,3758.36
2009-09-25,,,,,4597.98,2669.89,7066.64,3739.14
2009-09-28,,,,,4697.73,2727.81,7228.91,3825.0
2009-09-29,,,,,4688.22,2722.24,7208.31,3814.1
2009-09-30,,,,,4671.53,2712.55,7172.99,3795.41
2009-10-01,,,,,4583.47,2661.41,7031.93,3720.77
2009-10-02,,,,,4493.79,2609.33,6897.98,3649.9
2009-10-05,,,,,4527.25,2628.76,6945.45,3675.01
2009-10-06,,,,,4640.93,2694.77,7125.37,3770.21
2009-10-07,,,,,4630.82,2688.89,7099.28,3756.41
2009-10-08,,,,,4693.55,2725.32,7194.53,3806.81
2009-10-09,,,,,4687.48,2721.79,7180.92,3799.61
2009-10-12,,,,,4742.63,2753.82,7268.21,3845.8
2009-10-13,,,,,4688.97,2722.66,7184.29,3801.39
2009-10-14,,,,,4784.46,2778.11,7337.91,3882.67
2009-10-15,,,,,4784.39,2778.07,7340.09,3883.83
2009-10-16,,,,,4719.51,2740.4,7233.83,3827.6
2009-10-19,,,,,4792.45,2782.75,7356.22,3892.36
2009-10-20,,,,,4765.82,2767.29,7316.7,3871.45
2009-10-21,,,,,4766.55,2767.71,7320.04,3873.22
2009-10-22,,,,,4701.13,2729.72,7221.06,3820.85
2009-10-23,,,,,4686.64,2721.31,7197.24,3808.24
2009-10-26,,,,,4604.17,2673.42,7076.67,3744.45
2009-10-27,,,,,4596.59,2669.02,7075.73,3743.95
2009-10-28,,,,,4491.67,2608.1,6924.22,3663.78
2009-10-29,,,,,4559.31,2647.37,7019.17,3714.02
2009-10-30,,,,,4434.8,2575.07,6818.21,3607.69
2009-11-02,,,,,4470.09,2595.56,6878.26,3639.46
2009-11-03,,,,,4406.55,2558.66,6773.91,3584.25
2009-11-04,,,,,4512.52,2620.2,6936.6,3670.33
2009-11-05,,,,,4554.24,2644.42,7009.18,3708.73
2009-11-06,,,,,4556.08,2645.49,7006.45,3707.29
2009-11-09,,,,,4646.55,2698.02,7154.24,3785.49
2009-11-10,,,,,4639.35,2693.84,7154.43,3785.59
2009-11-11,,,,,4672.34,2712.99,7208.86,3814.39
2009-11-12,,,,,4665.23,2708.87,7196.92,3808.07
2009-11-13,,,,,4674.72,2706.34,7218.18,3806.01
2009-11-16,,,,,4745.28,2746.52,7328.14,3863.16
2009-11-17,,,,,4705.14,2723.29,7263.45,3829.06
2009-11-18,,,,,4703.04,2721.29,7264.22,3828.16
2009-11-19,,,,,4620.82,2673.71,7135.3,3760.22
2009-11-20,,,,,4584.63,2652.4,7077.88,3729.36
2009-11-23,,,,,4678.4,2706.6,7237.08,3813.17
2009-11-24,,,,,4645.89,2687.79,7182.9,3784.62
2009-11-25,,,,,4672.79,2703.36,7229.47,3809.16
2009-11-26,,,,,4517.3,2613.4,6982.87,3679.23
2009-11-27,,,,,4569.32,2643.21,7063.9,3721.45
2009-11-30,,,,,4517.14,2613.02,6985.51,3680.15
2009-12-01,,,,,4629.28,2677.89,7166.96,3775.74
2009-12-02,,,,,4653.95,2692.16,7205.26,3795.92
2009-12-03,,,,,4659.13,2695.16,7211.32,3799.11
2009-12-04,,,,,4710.88,2725.09,7301.5,3846.62
2009-12-07,,,,,4705.33,2721.89,7289.02,3840.05
2009-12-08,,,,,4642.48,2685.53,7185.1,3785.3
2009-12-09,,,,,4607.5,2665.3,7132.13,3757.39
2009-12-10,,,,,4652.55,2691.19,7209.92,3798.38
2009-12-11,,,,,4662.32,2696.66,7220.07,3803.72
2009-12-14,,,,,4695.4,2715.03,7273.17,3830.44
2009-12-15,,,,,4707.73,2718.86,7290.5,3834.09
2009-12-16,,,,,4759.19,2748.57,7369.86,3875.82
2009-12-17,,,,,4706.66,2718.24,7284.3,3830.82
2009-12-18,,,,,4664.48,2693.76,7215.1,3794.44
2009-12-21,,,,,4753.0,2745.0,7362.71,3872.06
2009-12-22,,,,,4783.07,2762.37,7412.75,3898.38
2009-12-23,,,,,4797.64,2770.77,7436.28,3910.75
2009-12-24,,,,,4798.75,2771.42,7440.04,3912.73
2009-12-28,,,,,4836.24,2793.07,7505.48,3947.15
2009-12-29,,,,,4854.63,2803.69,7529.89,3959.98
2009-12-30,,,,,4827.77,2788.17,7483.34,3935.5
2009-12-31,,,,,4829.77,2789.32,7484.93,3936.33
2010-01-04,,,,,4924.63,2844.1,7632.54,4013.97
2010-01-05,,,,,4929.07,2846.67,7630.54,4012.91
2010-01-06,,,,,4937.09,2851.3,7639.58,4017.67
2010-01-07,,,,,4945.48,2856.14,7653.15,4024.8
2010-01-08,,,,,4971.26,2871.02,7691.81,4045.14
2010-01-11,,,,,4970.91,2870.82,7687.93,4043.09
2010-01-12,,,,,4917.99,2840.26,7606.08,4000.05
2010-01-13,,,,,4920.42,2841.66,7607.63,4000.86
2010-01-14,,,,,4939.92,2852.79,7635.97,4015.77
2010-01-15,,,,,4873.19,2814.26,7519.24,3954.38
2010-01-18,,,,,4900.17,2829.83,7563.12,3977.46
2010-01-19,,,,,4934.69,2849.77,7624.38,4009.67
2010-01-20,,,,,4845.7,2798.38,7470.88,3928.95
2010-01-21,,,,,4768.29,2753.68,7343.88,3862.16
2010-01-22,,,,,4717.51,2724.35,7265.2,3820.78
2010-01-25,,,,,4676.29,2700.54,7191.17,3781.85
2010-01-26,,,,,4703.71,2716.38,7239.08,3807.04
2010-01-27,,,,,4650.47,2685.63,7149.24,3759.8
2010-01-28,,,,,4575.37,2642.26,7014.21,3688.79
2010-01-29,,,,,4633.35,2675.75,7110.56,3739.46
2010-02-01,,,,,4663.03,2692.89,7153.45,3762.01
2010-02-02,,,,,4724.26,2728.25,7248.76,3812.13
2010-02-03,,,,,4702.86,2715.49,7213.26,3793.47
2010-02-04,,,,,4576.16,2642.33,7015.09,3689.25
2010-02-05,,,,,4428.79,2557.24,6776.47,3563.76
2010-02-08,,,,,4472.01,2582.19,6859.2,3607.27
2010-02-09,,,,,4479.47,2586.5,6869.65,3612.76
2010-02-10,,,,,4508.54,2603.29,6913.1,3635.61
2010-02-11,,,,,4485.91,2590.18,6877.24,3616.75
2010-02-12,,,,,4463.31,2577.13,6843.62,3599.07
2010-02-15,,,,,4473.33,2582.92,6862.92,3609.22
2010-02-16,,,,,4541.35,2622.19,6976.67,3669.04
2010-02-17,,,,,4613.25,2663.71,7083.47,3725.21
2010-02-18,,,,,4640.59,2679.49,7126.48,3747.83
2010-02-19,,,,,4665.03,2693.21,7169.0,3769.54
2010-02-22,,,,,4652.3,2685.82,7144.73,3756.7
2010-02-23,,,,,4596.34,2653.51,7050.32,3707.06
2010-02-24,,,,,4606.97,2659.65,7066.72,3715.68
2010-02-25,,,,,4522.09,2610.64,6924.25,3640.77
2010-02-26,,,,,4603.67,2657.74,7053.64,3708.8
2010-03-01,,,,,4676.83,2699.97,7169.15,3769.54
2010-03-02,,,,,4727.11,2729.0,7249.76,3811.92
2010-03-03,,,,,4764.43,2750.55,7307.95,3842.52
2010-03-04,,,,,4751.62,2743.15,7281.11,3828.41
2010-03-05,,,,,4843.88,2796.42,7437.08,3910.42
2010-03-08,,,,,4836.22,2791.99,7424.01,3903.54
2010-03-09,,,,,4840.38,2794.38,7436.31,3910.01
2010-03-10,,,,,4881.71,2818.23,7500.09,3943.55
2010-03-11,,,,,4865.13,2808.66,7472.33,3928.95
2010-03-12,,,,,4864.99,2808.57,7469.38,3927.4
2010-03-15,,,,,4823.05,2784.36,7399.98,3890.91
2010-03-16,,,,,4881.21,2817.94,7491.36,3938.95
2010-03-17,,,,,4905.71,2832.08,7527.37,3957.89
2010-03-18,,,,,4886.22,2820.83,7489.89,3938.18
2010-03-19,,,,,4874.02,2813.79,7465.66,3925.44
2010-03-22,,,,,4875.8,2814.82,7470.53,3928.0
2010-03-23,,,,,4905.31,2831.85,7517.22,3952.55
2010-03-24,,,,,4904.7,2831.5,7512.01,3949.81
2010-03-25,,,,,4964.27,2865.87,7608.38,4000.48
2010-03-26,,,,,4954.27,2860.07,7586.41,3988.93
2010-03-29,,,,,4968.73,2868.42,7608.71,4000.66
2010-03-30,,,,,4950.7,2858.01,7583.51,3987.41
2010-03-31,,,,,4937.37,2850.31,7558.03,3974.01
2010-04-01,,,,,5011.18,2892.92,7672.56,4034.23
2010-04-06,,,,,5038.8,2908.87,7710.04,4053.94
2010-04-07,,,,,5006.97,2890.49,7658.75,4026.97
2010-04-08,,,,,4949.86,2857.52,7566.5,3978.46
2010-04-09,,,,,5033.52,2905.82,7703.59,4050.54
2010-04-12,,,,,5034.07,2906.1,7703.51,4050.5
2010-04-13,,,,,5012.53,2893.67,7668.3,4031.99
2010-04-14,,,,,5045.32,2912.6,7717.2,4057.7
2010-04-15,,,,,5059.54,2920.8,7732.32,4065.65
2010-04-16,,,,,4967.94,2867.11,7582.04,3986.63
2010-04-19,,,,,4945.68,2853.85,7551.31,3970.47
2010-04-20,,,,,5013.39,2892.9,7658.16,4026.65
2010-04-21,,,,,4962.44,2863.47,7565.0,3977.67
2010-04-22,,,,,4901.45,2828.28,7464.16,3924.65
2010-04-23,,,,,4936.1,2848.11,7514.84,3951.3
2010-04-26,,,,,4988.52,2877.35,7602.5,3997.39
2010-04-27,,,,,4815.18,2778.1,7311.91,3844.6
2010-04-28,,,,,4737.29,2733.0,7202.37,3787.0
2010-04-29,,,,,4808.64,2774.16,7304.35,3840.62
2010-04-30,,,,,4785.05,2759.18,7263.16,3816.99
2010-05-03,,,,,4806.16,2768.21,7294.85,3828.46
2010-05-04,,,,,4649.61,2672.31,7047.64,3689.29
2010-05-05,,,,,4588.07,2631.26,6962.29,3636.03
2010-05-06,,,,,4509.05,2579.87,6827.83,3556.11
2010-05-07,,,,,4311.22,2464.49,6520.68,3392.59
2010-05-10,,,,,4704.77,2689.41,7150.52,3720.29
2010-05-11,,,,,4673.13,2671.25,7098.46,3693.2
2010-05-12,,,,,4739.27,2706.39,7182.91,3733.87
2010-05-13,,,,,4737.25,2705.01,7178.43,3731.54
2010-05-14,,,,,4540.14,2588.63,6860.9,3560.36
2010-05-17,,,,,4513.95,2573.21,6828.51,3543.55
2010-05-18,,,,,4602.94,2623.94,6970.67,3617.32
2010-05-19,,,,,4480.02,2548.85,6783.06,3511.67
2010-05-20,,,,,4396.68,2491.87,6660.38,3432.52
2010-05-21,,,,,4396.58,2490.4,6660.99,3430.74
2010-05-24,,,,,4395.37,2489.13,6663.22,3430.93
2010-05-25,,,,,4265.46,2414.99,6471.23,3331.29
2010-05-26,,,,,4365.57,2471.47,6621.4,3408.59
2010-05-27,,,,,4527.41,2553.32,6878.27,3525.31
2010-05-28,,,,,4517.43,2547.49,6858.27,3515.06
2010-05-31,,,,,4515.97,2545.12,6848.55,3507.56
2010-06-01,,,,,4508.84,2540.25,6841.48,3503.08
2010-06-02,,,,,4507.12,2539.06,6838.41,3501.5
2010-06-03,,,,,4581.48,2580.94,6947.45,3557.34
2010-06-04,,,,,4459.0,2511.87,6748.78,3455.61
2010-06-07,,,,,4406.28,2481.32,6669.01,3413.72
2010-06-08,,,,,4362.57,2456.36,6603.84,3380.36
2010-06-09,,,,,4449.79,2504.05,6737.97,3446.77
2010-06-10,,,,,4539.66,2553.98,6874.55,3516.64
2010-06-11,,,,,4583.62,2578.5,6950.57,3555.52
2010-06-14,,,,,4679.43,2627.25,7104.34,3626.04
2010-06-15,,,,,4723.47,2651.98,7173.84,3661.51
2010-06-16,,,,,4737.99,2660.08,7202.08,3675.93
2010-06-17,,,,,4749.12,2666.3,7216.09,3683.08
2010-06-18,,,,,4753.7,2668.87,7224.18,3687.21
2010-06-21,,,,,4812.06,2701.37,7320.06,3736.15
2010-06-22,,,,,4772.91,2679.33,7259.67,3705.32
2010-06-23,,,,,4697.36,2636.92,7135.2,3641.79
2010-06-24,,,,,4591.05,2576.34,6968.6,3555.36
2010-06-25,,,,,4548.91,2552.65,6898.76,3519.73
2010-06-28,,,,,4617.24,2590.99,7009.93,3576.45
2010-06-29,,,,,4442.73,2493.01,6728.75,3432.99
2010-06-30,,,,,4453.48,2498.74,6748.15,3442.89
2010-07-01,,,,,4328.21,2427.11,6550.59,3339.9
2010-07-02,,,,,4340.9,2433.31,6570.11,3348.37
2010-07-05,,,,,4322.22,2422.78,6538.89,3332.46
2010-07-06,,,,,4435.02,2485.97,6717.25,3423.36
2010-07-07,,,,,4506.47,2526.02,6835.15,3483.44
2010-07-08,,,,,4575.13,2564.47,6942.7,3538.25
2010-07-09,,,,,4595.52,2575.88,6974.53,3554.48
2010-07-12,,,,,4614.52,2586.52,7000.4,3567.66
2010-07-13,,,,,4701.9,2635.5,7137.95,3637.76
2010-07-14,,,,,4696.82,2632.66,7128.57,3632.98
2010-07-15,,,,,4635.25,2598.15,7028.18,3581.82
2010-07-16,,,,,4536.87,2542.8,6867.96,3500.16
2010-07-19,,,,,4517.76,2532.01,6840.81,3486.33
2010-07-20,,,,,4495.69,2519.64,6804.88,3468.02
2010-07-21,,,,,4533.24,2540.69,6855.7,3493.92
2010-07-22,,,,,4662.27,2613.0,7064.96,3600.57
2010-07-23,,,,,4672.9,2618.96,7077.69,3607.05
2010-07-26,,,,,4711.57,2640.63,7134.85,3636.18
2010-07-27,,,,,4743.52,2658.54,7194.15,3666.4
2010-07-28,,,,,4745.08,2659.41,7201.91,3670.36
2010-07-29,,,,,4725.03,2648.18,7165.71,3651.91
2010-07-30,,,,,4712.46,2641.13,7148.5,3643.14
2010-08-02,,,,,4843.41,2714.46,7362.16,3752.03
2010-08-03,,,,,4837.86,2711.35,7353.29,3747.51
2010-08-04,,,,,4849.29,2717.75,7379.21,3760.72
2010-08-05,,,,,4852.57,2719.59,7386.02,3764.19
2010-08-06,,,,,4794.19,2686.87,7291.56,3716.05
2010-08-09,,,,,4867.36,2727.86,7411.89,3777.37
2010-08-10,,,,,4810.05,2695.74,7320.07,3730.58
2010-08-11,,,,,4681.2,2623.53,7119.36,3628.29
2010-08-12,,,,,4669.71,2617.09,7105.21,3621.07
2010-08-13,,,,,4660.49,2611.92,7085.25,3610.91
2010-08-16,,,,,4646.2,2603.92,7059.14,3597.6
2010-08-17,,,,,4728.87,2650.25,7187.73,3663.13
2010-08-18,,,,,4713.74,2641.76,7157.89,3647.93
2010-08-19,,,,,4624.66,2591.84,7009.71,3572.4
2010-08-20,,,,,4565.59,2558.3,6920.23,3526.12
2010-08-23,,,,,4599.33,2577.08,6973.83,3553.23
2010-08-24,,,,,4522.37,2533.96,6851.89,3491.11
2010-08-25,,,,,4473.16,2506.39,6771.58,3450.19
2010-08-26,,,,,4508.44,2526.15,6820.35,3475.03
2010-08-27,,,,,4547.18,2547.86,6883.94,3507.44
2010-08-30,,,,,4532.0,2535.67,6855.84,3487.01
2010-08-31,,,,,4536.59,2538.24,6863.27,3490.79
2010-09-01,,,,,4696.24,2627.56,7124.86,3623.84
2010-09-02,,,,,4709.13,2634.77,7139.79,3631.43
2010-09-03,,,,,4759.4,2662.9,7219.94,3672.2
2010-09-06,,,,,4778.53,2673.6,7244.58,3684.73
2010-09-07,,,,,4728.5,2645.61,7164.13,3643.81
2010-09-08,,,,,4768.9,2668.22,7229.78,3677.21
2010-09-09,,,,,4825.91,2700.11,7318.15,3722.15
2010-09-10,,,,,4833.83,2704.52,7325.36,3725.82
2010-09-13,,,,,4885.06,2733.14,7406.63,3767.15
2010-09-14,,,,,4892.65,2737.36,7420.88,3774.4
2010-09-15,,,,,4871.37,2725.46,7384.0,3755.64
2010-09-16,,,,,4847.45,2712.08,7345.97,3736.3
2010-09-17,,,,,4831.58,2703.2,7317.89,3722.02
2010-09-20,,,,,4913.98,2749.3,7447.65,3788.01
2010-09-21,,,,,4912.93,2748.71,7440.54,3784.4
2010-09-22,,,,,4850.93,2714.02,7343.52,3735.05
2010-09-23,,,,,4819.88,2696.65,7295.45,3710.61
2010-09-24,,,,,4907.22,2745.49,7436.77,3782.48
2010-09-27,,,,,4889.92,2735.81,7404.68,3766.16
2010-09-28,,,,,4888.68,2735.12,7397.19,3762.35
2010-09-29,,,,,4859.96,2719.05,7347.59,3737.12
2010-09-30,,,,,4835.03,2705.1,7304.45,3715.18
2010-10-01,,,,,4809.55,2690.85,7259.05,3692.09
2010-10-04,,,,,4762.19,2664.29,7175.92,3649.81
2010-10-05,,,,,4862.63,2720.49,7337.37,3731.93
2010-10-06,,,,,4904.03,2743.65,7402.22,3764.91
2010-10-07,,,,,4910.55,2747.3,7413.15,3770.47
2010-10-08,,,,,4900.05,2741.42,7398.81,3763.18
2010-10-11,,,,,4911.36,2747.75,7409.25,3768.49
2010-10-12,,,,,4889.47,2735.5,7370.67,3748.86
2010-10-13,,,,,4986.67,2789.89,7526.92,3828.34
2010-10-14,,,,,4977.97,2785.01,7508.91,3819.17
2010-10-15,,,,,4986.84,2789.98,7525.03,3827.37
2010-10-18,,,,,4994.6,2794.32,7539.04,3834.5
2010-10-19,,,,,4962.53,2776.38,7485.31,3807.17
2010-10-20,,,,,4986.3,2789.68,7526.56,3828.15
2010-10-21,,,,,5049.81,2825.21,7625.1,3878.27
2010-10-22,,,,,5041.06,2820.32,7605.97,3868.54
2010-10-25,,,,,5054.63,2827.91,7608.84,3870.0
2010-10-26,,,,,5026.88,2812.38,7574.74,3852.66
2010-10-27,,,,,4979.19,2785.7,7502.22,3815.77
2010-10-28,,,,,5001.93,2798.42,7539.72,3834.84
2010-10-29,,,,,4997.88,2796.15,7537.07,3833.5
2010-11-01,,,,,5010.82,2803.4,7552.03,3841.11
2010-11-02,,,,,5043.18,2821.49,7600.42,3865.72
2010-11-03,,,,,5016.62,2806.63,7555.64,3842.94
2010-11-04,,,,,5103.88,2855.45,7700.81,3916.78
2010-11-05,,,,,5106.35,2856.83,7700.71,3916.73
2010-11-08,,,,,5101.38,2854.05,7694.76,3913.7
2010-11-09,,,,,5144.51,2878.18,7757.7,3945.71
2010-11-10,,,,,5078.18,2837.67,7656.16,3888.45
2010-11-11,,,,,5044.56,2818.66,7614.63,3867.35
2010-11-12,,,,,5016.4,2794.49,7570.71,3831.12
2010-11-15,,,,,5060.83,2819.25,7636.16,3864.24
2010-11-16,,,,,4931.63,2747.27,7435.04,3762.47
2010-11-17,,,,,4966.66,2766.78,7494.1,3792.35
2010-11-18,,,,,5057.78,2817.55,7643.53,3867.97
2010-11-19,,,,,5049.82,2812.72,7629.37,3860.16
2010-11-22,,,,,4999.49,2784.68,7547.8,3818.89
2010-11-23,,,,,4884.69,2720.72,7361.08,3724.42
2010-11-24,,,,,4917.76,2739.14,7406.92,3747.61
2010-11-25,,,,,4935.01,2748.75,7432.25,3760.42
2010-11-26,,,,,4900.9,2729.75,7369.46,3728.65
2010-11-29,,,,,4788.59,2666.51,7190.46,3636.96
2010-11-30,,,,,4758.51,2649.77,7138.02,3610.44
2010-12-01,,,,,4844.82,2697.83,7254.36,3669.29
2010-12-02,,,,,4950.16,2756.48,7408.08,3747.04
2010-12-03,,,,,4952.0,2757.51,7415.03,3750.55
2010-12-06,,,,,4951.88,2757.44,7412.41,3749.23
2010-12-07,,,,,5027.11,2799.33,7533.56,3810.5
2010-12-08,,,,,5050.2,2812.19,7576.02,3831.98
2010-12-09,,,,,5076.74,2826.97,7627.56,3858.05
2010-12-10,,,,,5076.15,2826.47,7626.18,3857.35
2010-12-13,,,,,5119.9,2850.07,7698.02,3892.44
2010-12-14,,,,,5132.99,2856.83,7720.37,3902.87
2010-12-15,,,,,5106.88,2842.3,7675.5,3880.19
2010-12-16,,,,,5117.45,2848.18,7691.66,3888.36
2010-12-17,,,,,5098.91,2837.86,7650.11,3867.35
2010-12-20,,,,,5119.98,2849.59,7685.18,3885.08
2010-12-21,,,,,5174.08,2879.7,7769.07,3927.49
2010-12-22,,,,,5170.44,2877.67,7753.68,3919.71
2010-12-23,,,,,5159.28,2871.45,7737.09,3911.32
2010-12-24,,,,,5142.96,2862.36,7715.45,3900.39
2010-12-27,,,,,5094.7,2835.5,7639.89,3862.19
2010-12-28,,,,,5090.52,2833.17,7633.03,3858.72
2010-12-29,,,,,5131.73,2856.11,7696.19,3890.65
2010-12-30,,,,,5085.61,2830.45,7617.29,3850.76
2010-12-31,,,,,5032.1,2800.66,7526.34,3804.78
2011-01-03,,,,,5150.43,2866.52,7716.39,3900.86
2011-01-04,,,,,5173.28,2879.22,7746.41,3916.03
2011-01-05,,,,,5158.95,2871.24,7723.8,3904.61
2011-01-06,,,,,5161.9,2872.88,7723.42,3904.42
2011-01-07,,,,,5119.12,2849.07,7646.6,3865.58
2011-01-10,,,,,5040.05,2805.06,7520.89,3802.03
2011-01-11,,,,,5117.89,2848.38,7639.36,3861.92
2011-01-12,,,,,5210.5,2899.82,7803.85,3945.07
2011-01-13,,,,,5238.25,2915.26,7862.72,3974.83
2011-01-14,,,,,5247.13,2920.21,7879.42,3983.28
2011-01-17,,,,,5236.65,2914.38,7863.86,3975.41
2011-01-18,,,,,5285.11,2941.33,7937.58,4012.68
2011-01-19,,,,,5237.96,2915.09,7866.44,3976.71
2011-01-20,,,,,5211.17,2900.18,7842.95,3964.84
2011-01-21,,,,,5272.87,2934.52,7947.02,4017.45
2011-01-24,,,,,5287.41,2942.61,7978.18,4033.21
2011-01-25,,,,,5273.23,2934.72,7951.31,4019.62
2011-01-26,,,,,5316.99,2959.07,8009.57,4049.07
2011-01-27,,,,,5331.77,2967.3,8030.33,4059.57
2011-01-28,,,,,5265.42,2930.37,7917.1,4002.32
2011-01-31,,,,,5261.8,2928.35,7923.39,4005.5
2011-02-01,,,,,5346.85,2975.68,8056.15,4072.62
2011-02-02,,,,,5338.88,2970.82,8044.11,4066.53
2011-02-03,,,,,5305.12,2952.03,7984.87,4036.59
2011-02-04,,,,,5321.25,2961.0,8005.88,4047.21
2011-02-07,,,,,5376.94,2991.85,8092.11,4090.8
2011-02-08,,,,,5402.12,3005.83,8126.67,4108.27
2011-02-09,,,,,5379.72,2993.36,8091.99,4090.74
2011-02-10,,,,,5377.36,2992.06,8100.69,4095.14
2011-02-11,,,,,5387.08,2997.46,8112.91,4101.31
2011-02-14,,,,,5387.08,2997.46,8103.62,4096.62
2011-02-15,,,,,5398.92,3004.05,8130.76,4110.34
2011-02-16,,,,,5446.59,3030.58,8211.72,4151.26
2011-02-17,,,,,5446.12,3030.31,8213.78,4152.31
2011-02-18,,,,,5452.69,3033.57,8224.64,4157.14
2011-02-21,,,,,5378.38,2992.12,8106.81,4097.41
2011-02-22,,,,,5319.48,2959.36,8013.55,4050.27
2011-02-23,,,,,5270.51,2932.11,7940.04,4013.12
2011-02-24,,,,,5263.1,2927.99,7933.16,4009.64
2011-02-25,,,,,5348.69,2975.6,8053.34,4070.38
2011-02-28,,,,,5403.11,3005.88,8132.42,4110.35
2011-03-01,,,,,5355.5,2979.4,8046.94,4067.15
2011-03-02,,,,,5311.27,2954.79,7981.98,4034.32
2011-03-03,,,,,5344.56,2973.31,8034.29,4060.76
2011-03-04,,,,,5297.44,2947.09,7954.06,4020.21
2011-03-07,,,,,5265.3,2929.21,7895.11,3990.41
2011-03-08,,,,,5294.17,2945.27,7945.57,4015.91
2011-03-09,,,,,5270.42,2932.06,7901.83,3993.81
2011-03-10,,,,,5227.8,2908.33,7842.83,3963.99
2011-03-11,,,,,5177.28,2880.23,7772.99,3928.68
2011-03-14,,,,,5110.77,2843.23,7672.78,3878.04
2011-03-15,,,,,4986.93,2774.32,7480.49,3780.85
2011-03-16,,,,,4882.42,2716.18,7313.71,3696.56
2011-03-17,,,,,4995.3,2778.98,7491.1,3786.21
2011-03-18,,,,,5029.34,2797.91,7538.59,3810.22
2011-03-21,,,,,5151.1,2865.63,7725.04,3904.45
2011-03-22,,,,,5134.22,2856.24,7701.81,3892.71
2011-03-23,,,,,5160.14,2870.66,7743.4,3913.73
2011-03-24,,,,,5231.71,2910.47,7852.44,3968.84
2011-03-25,,,,,5238.92,2914.48,7859.43,3972.38
2011-03-28,,,,,5246.25,2918.56,7868.48,3976.95
2011-03-29,,,,,5261.22,2926.88,7889.95,3987.8
2011-03-30,,,,,5306.54,2952.09,7962.45,4024.44
2011-03-31,,,,,5263.45,2928.12,7892.68,3989.18
2011-04-01,,,,,5345.93,2974.0,8022.43,4054.76
2011-04-04,,,,,5344.0,2972.93,7998.99,4042.92
2011-04-05,,,,,5342.09,2971.85,7996.66,4041.74
2011-04-06,,,,,5350.87,2976.73,8009.37,4048.16
2011-04-07,,,,,5321.78,2960.55,7970.08,4028.3
2011-04-08,,,,,5360.5,2982.09,8036.56,4061.91
2011-04-11,,,,,5330.43,2964.93,7990.65,4038.7
2011-04-12,,,,,5250.21,2920.31,7867.79,3976.6
2011-04-13,,,,,5289.21,2942.0,7926.41,4006.23
2011-04-14,,,,,5245.51,2917.7,7855.5,3970.39
2011-04-15,,,,,5251.74,2921.16,7863.59,3974.48
2011-04-18,,,,,5135.95,2856.04,7679.12,3881.24
2011-04-19,,,,,5171.2,2875.43,7733.22,3908.58
2011-04-20,,,,,5291.39,2941.46,7923.23,4004.62
2011-04-21,,,,,5313.26,2953.63,7957.37,4021.88
2011-04-26,,,,,5347.16,2972.02,8003.68,4045.29
2011-04-27,,,,,5374.05,2986.94,8048.07,4067.72
2011-04-28,,,,,5419.99,3012.4,8121.63,4104.9
2011-04-29,,,,,5442.05,3015.46,8155.62,4106.92
2011-05-02,,,,,5447.84,3018.59,8159.28,4108.77
2011-05-03,,,,,5429.52,3008.32,8135.59,4096.84
2011-05-04,,,,,5369.33,2972.22,8037.96,4043.13
2011-05-05,,,,,5339.49,2947.8,7987.81,4004.87
2011-05-06,,,,,5408.4,2985.2,8095.39,4058.01
2011-05-09,,,,,5352.56,2954.37,7994.13,4007.26
2011-05-10,,,,,5415.44,2986.09,8092.7,4052.51
2011-05-11,,,,,5430.66,2991.5,8111.81,4058.08
2011-05-12,,,,,5386.93,2967.32,8042.26,4023.29
2011-05-13,,,,,5382.78,2964.83,8033.38,4018.85
2011-05-16,,,,,5366.66,2945.83,8007.7,3989.82
2011-05-17,,,,,5304.37,2911.62,7910.88,3941.58
2011-05-18,,,,,5348.9,2935.61,7983.98,3978.0
2011-05-19,,,,,5411.13,2969.67,8083.81,4027.74
2011-05-20,,,,,5386.63,2946.72,8040.38,3990.85
2011-05-23,,,,,5299.91,2888.64,7906.11,3906.98
2011-05-24,,,,,5314.9,2896.17,7928.1,3916.88
2011-05-25,,,,,5330.55,2903.43,7952.61,3928.99
2011-05-26,,,,,5320.59,2896.09,7933.58,3917.22
2011-05-27,,,,,5364.51,2919.73,8001.94,3950.98
2011-05-30,,,,,5357.55,2915.69,7984.83,3942.53
2011-05-31,,,,,5444.82,2958.83,8128.33,4006.94
2011-06-01,,,,,5398.62,2932.53,8046.59,3964.81
2011-06-02,,,,,5308.79,2882.37,7898.59,3889.87
2011-06-03,,,,,5311.54,2883.59,7900.24,3890.68
2011-06-06,,,,,5283.69,2866.1,7852.18,3863.4
2011-06-07,,,,,5294.17,2871.76,7869.49,3871.92
2011-06-08,,,,,5245.18,2845.19,7800.53,3837.98
2011-06-09,,,,,5298.39,2873.86,7883.19,3878.65
2011-06-10,,,,,5212.68,2822.28,7750.18,3805.09
2011-06-13,,,,,5218.08,2823.59,7760.1,3807.61
2011-06-14,,,,,5290.89,2862.98,7876.2,3864.58
2011-06-15,,,,,5218.28,2823.68,7758.55,3806.85
2011-06-16,,,,,5193.92,2810.01,7730.45,3792.31
2011-06-17,,,,,5229.35,2829.12,7794.52,3823.74
2011-06-20,,,,,5196.4,2811.05,7745.44,3799.66
2011-06-21,,,,,5299.62,2866.88,7903.23,3877.07
2011-06-22,,,,,5291.75,2862.62,7891.62,3871.37
2011-06-23,,,,,5183.89,2804.28,7721.23,3787.79
2011-06-24,,,,,5180.77,2802.51,7715.13,3784.8
2011-06-27,,,,,5194.82,2810.09,7739.08,3796.55
2011-06-28,,,,,5258.47,2844.3,7851.91,3851.89
2011-06-29,,,,,5357.19,2897.67,7999.35,3924.23
2011-06-30,,,,,5437.34,2940.24,8120.03,3982.21
2011-07-01,,,,,5471.28,2957.55,8174.75,4007.35
2011-07-04,,,,,5471.71,2957.63,8166.1,4003.11
2011-07-05,,,,,5444.51,2940.73,8123.94,3978.83
2011-07-06,,,,,5421.48,2928.29,8088.23,3961.34
2011-07-07,,,,,5448.05,2942.61,8126.24,3979.96
2011-07-08,,,,,5365.06,2897.78,7990.65,3913.55
2011-07-11,,,,,5223.52,2821.09,7774.15,3807.51
2011-07-12,,,,,5178.7,2798.47,7705.96,3774.12
2011-07-13,,,,,5212.69,2815.24,7745.06,3793.27
2011-07-14,,,,,5154.94,2784.05,7659.24,3751.23
2011-07-15,,,,,5122.95,2766.78,7608.91,3726.59
2011-07-18,,,,,5018.92,2710.56,7453.99,3650.71
2011-07-19,,,,,5081.28,2744.23,7544.31,3694.95
2011-07-20,,,,,5161.09,2787.34,7666.11,3754.6
2011-07-21,,,,,5245.51,2832.93,7793.01,3816.75
2011-07-22,,,,,5278.74,2850.87,7845.99,3842.7
2011-07-25,,,,,5244.19,2832.22,7785.29,3812.97
2011-07-26,,,,,5208.65,2813.03,7734.06,3787.88
2011-07-27,,,,,5138.24,2775.0,7624.19,3734.07
2011-07-28,,,,,5112.23,2760.96,7580.48,3712.66
2011-07-29,,,,,5060.13,2732.81,7495.99,3671.28
2011-08-01,,,,,4955.89,2676.42,7326.05,3588.05
2011-08-02,,,,,4860.24,2624.77,7192.8,3522.79
2011-08-03,,,,,4761.71,2571.56,7054.26,3454.94
2011-08-04,,,,,4575.82,2471.16,6779.46,3320.35
2011-08-05,,,,,4513.8,2437.84,6694.13,3278.56
2011-08-08,,,,,4295.22,2319.79,6380.98,3125.19
2011-08-09,,,,,4370.36,2360.21,6485.12,3176.19
2011-08-10,,,,,4165.75,2249.71,6131.47,3002.99
2011-08-11,,,,,4280.55,2311.71,6308.43,3089.66
2011-08-12,,,,,4451.78,2404.14,6562.08,3213.88
2011-08-15,,,,,4490.09,2424.83,6613.47,3239.06
2011-08-16,,,,,4474.32,2416.32,6596.82,3230.9
2011-08-17,,,,,4503.77,2432.22,6644.68,3254.34
2011-08-18,,,,,4261.18,2301.21,6280.63,3076.04
2011-08-19,,,,,4185.97,2260.2,6161.31,3016.99
2011-08-22,,,,,4229.44,2283.51,6232.01,3051.36
2011-08-23,,,,,4271.0,2305.95,6299.43,3084.37
2011-08-24,,,,,4349.09,2348.11,6412.12,3139.55
2011-08-25,,,,,4326.38,2335.85,6370.14,3119.0
2011-08-26,,,,,4289.08,2315.72,6306.11,3087.64
2011-08-29,,,,,4378.36,2363.92,6442.04,3154.2
2011-08-30,,,,,4392.37,2371.48,6453.36,3159.74
2011-08-31,,,,,4526.53,2443.91,6651.51,3256.76
2011-09-01,,,,,4537.62,2449.9,6670.04,3265.83
2011-09-02,,,,,4386.5,2368.28,6430.45,3148.53
2011-09-05,,,,,4192.03,2259.57,6138.64,2999.54
2011-09-06,,,,,4144.11,2233.75,6069.27,2965.64
2011-09-07,,,,,4292.32,2313.63,6289.35,3073.18
2011-09-08,,,,,4313.05,2324.8,6315.22,3085.83
2011-09-09,,,,,4164.59,2244.78,6087.58,2974.59
2011-09-12,,,,,4002.12,2157.19,5842.43,2854.81
2011-09-13,,,,,4045.26,2180.44,5924.55,2894.93
2011-09-14,,,,,4120.46,2220.95,6035.49,2949.14
2011-09-15,,,,,4242.92,2286.95,6232.95,3045.62
2011-09-16,,,,,4229.26,2279.59,6203.18,3031.08
2011-09-19,,,,,4116.45,2214.74,6030.25,2940.0
2011-09-20,,,,,4174.08,2245.75,6120.6,2984.05
2011-09-21,,,,,4115.48,2214.22,6021.67,2935.82
2011-09-22,,,,,3903.84,2100.35,5705.51,2781.68
2011-09-23,,,,,3934.2,2116.68,5763.83,2810.11
2011-09-26,,,,,3994.8,2149.23,5864.81,2859.34
2011-09-27,,,,,4214.69,2267.5,6201.27,3023.38
2011-09-28,,,,,4175.92,2246.64,6144.32,2995.62
2011-09-29,,,,,4216.82,2268.64,6210.03,3027.65
2011-09-30,,,,,4152.24,2233.9,6116.31,2981.96
2011-10-03,,,,,4072.99,2191.26,6003.23,2926.83
2011-10-04,,,,,3961.96,2131.53,5846.77,2850.55
2011-10-05,,,,,4121.1,2217.14,6099.77,2973.9
2011-10-06,,,,,4261.24,2292.54,6307.91,3075.37
2011-10-07,,,,,4285.83,2305.76,6349.31,3095.56
2011-10-10,,,,,4375.66,2354.1,6484.51,3161.47
2011-10-11,,,,,4365.22,2348.47,6468.19,3153.52
2011-10-12,,,,,4468.15,2403.85,6624.57,3229.76
2011-10-13,,,,,4412.43,2373.88,6536.75,3186.94
2011-10-14,,,,,4454.6,2396.56,6600.23,3217.89
2011-10-17,,,,,4386.23,2359.78,6493.92,3166.06
2011-10-18,,,,,4355.13,2343.05,6442.72,3141.1
2011-10-19,,,,,4371.1,2351.64,6476.04,3157.34
2011-10-20,,,,,4271.86,2298.25,6325.74,3084.07
2011-10-21,,,,,4390.46,2362.05,6504.75,3171.34
2011-10-24,,,,,4459.18,2399.02,6605.51,3220.46
2011-10-25,,,,,4403.51,2369.07,6510.8,3174.29
2011-10-26,,,,,4398.2,2365.9,6501.22,3169.62
2011-10-27,,,,,4652.53,2502.71,6909.38,3368.62
2011-10-28,,,,,4626.27,2488.58,6868.38,3348.63
2011-10-31,,,,,4487.64,2414.0,6651.41,3242.84
2011-11-01,,,,,4256.16,2289.48,6293.46,3068.33
2011-11-02,,,,,4309.21,2318.02,6380.15,3110.59
2011-11-03,,,,,4426.14,2380.92,6554.24,3195.47
2011-11-04,,,,,4337.63,2333.31,6406.73,3123.55
2011-11-07,,,,,4310.54,2318.73,6365.8,3103.6
2011-11-08,,,,,4358.92,2344.76,6447.23,3143.3
2011-11-09,,,,,4265.42,2294.46,6307.47,3075.16
2011-11-10,,,,,4253.36,2284.53,6297.78,3064.84
2011-11-11,,,,,4364.91,2344.44,6471.5,3149.38
2011-11-14,,,,,4309.0,2314.42,6388.43,3108.95
2011-11-15,,,,,4229.18,2271.54,6265.51,3049.13
2011-11-16,,,,,4244.93,2280.0,6297.91,3064.9
2011-11-17,,,,,4170.04,2239.03,6187.29,3010.29
2011-11-18,,,,,4149.95,2227.83,6161.34,2997.01
2011-11-21,,,,,4012.58,2154.08,5951.49,2894.94
2011-11-22,,,,,3978.72,2135.89,5901.63,2870.68
2011-11-23,,,,,3914.03,2101.16,5802.43,2822.43
2011-11-24,,,,,3917.15,2102.83,5802.05,2822.25
2011-11-25,,,,,3960.11,2125.89,5873.43,2856.97
2011-11-28,,,,,4168.2,2237.44,6194.59,3012.93
2011-11-29,,,,,4190.32,2248.63,6225.31,3026.76
2011-11-30,,,,,4362.5,2341.03,6488.3,3154.62
2011-12-01,,,,,4328.38,2322.72,6437.56,3129.95
2011-12-02,,,,,4373.69,2347.03,6509.54,3164.95
2011-12-05,,,,,4424.71,2374.41,6584.26,3201.28
2011-12-06,,,,,4395.46,2358.72,6539.73,3179.63
2011-12-07,,,,,4388.92,2355.2,6532.22,3175.98
2011-12-08,,,,,4278.97,2296.21,6366.68,3095.49
2011-12-09,,,,,4375.07,2347.77,6524.75,3172.35
2011-12-12,,,,,4265.0,2287.67,6357.32,3089.59
2011-12-13,,,,,4252.14,2280.24,6336.74,3078.72
2011-12-14,,,,,4115.84,2207.14,6125.66,2976.17
2011-12-15,,,,,4146.1,2223.37,6172.1,2998.73
2011-12-16,,,,,4117.11,2207.82,6117.71,2972.3
2011-12-19,,,,,4125.35,2207.98,6135.74,2974.2
2011-12-20,,,,,4238.63,2268.52,6303.25,3055.39
2011-12-21,,,,,4205.79,2250.95,6251.84,3030.47
2011-12-22,,,,,4259.63,2279.76,6337.1,3071.8
2011-12-23,,,,,4301.52,2302.18,6399.59,3102.09
2011-12-27,,,,,4303.31,2303.14,6401.69,3103.11
2011-12-28,,,,,4264.6,2282.42,6335.62,3071.08
2011-12-29,,,,,4335.78,2320.52,6452.13,3127.56
2011-12-30,,,,,4380.47,2344.44,6518.67,3159.81
2012-01-02,,,,,4463.87,2389.07,6647.58,3222.3
2012-01-03,,,,,4497.24,2406.91,6695.23,3245.4
2012-01-04,,,,,4430.63,2371.26,6588.48,3193.65
2012-01-05,,,,,4363.16,2335.15,6487.93,3144.91
2012-01-06,,,,,4355.2,2330.89,6472.35,3137.36
2012-01-09,,,,,4341.33,2323.46,6452.4,3127.69
2012-01-10,,,,,4449.27,2381.23,6623.83,3210.79
2012-01-11,,,,,4446.7,2379.86,6611.54,3204.83
2012-01-12,,,,,4450.55,2381.77,6601.54,3199.98
2012-01-13,,,,,4442.46,2377.44,6594.34,3196.49
2012-01-16,,,,,4480.35,2397.72,6653.15,3225.0
2012-01-17,,,,,4542.76,2431.12,6745.96,3269.99
2012-01-18,,,,,4542.22,2430.83,6735.52,3264.93
2012-01-19,,,,,4627.95,2476.71,6867.59,3328.94
2012-01-20,,,,,4618.45,2471.62,6852.24,3321.5
2012-01-23,,,,,4644.43,2485.53,6887.13,3338.42
2012-01-24,,,,,4618.1,2471.44,6854.6,3322.65
2012-01-25,,,,,4607.97,2466.02,6833.61,3312.48
2012-01-26,,,,,4681.64,2505.44,6938.33,3363.23
2012-01-27,,,,,4627.04,2476.22,6846.58,3318.76
2012-01-30,,,,,4552.97,2436.57,6736.98,3265.64
2012-01-31,,,,,4601.39,2462.46,6804.88,3298.55
2012-02-01,,,,,4697.7,2513.54,6947.05,3367.46
2012-02-02,,,,,4712.52,2521.47,6966.03,3376.66
2012-02-03,,,,,4780.18,2557.67,7071.78,3427.92
2012-02-06,,,,,4753.56,2543.43,7025.04,3405.27
2012-02-07,,,,,4755.49,2544.46,7037.98,3411.54
2012-02-08,,,,,4756.53,2545.02,7034.8,3410.0
2012-02-09,,,,,4776.66,2555.79,7065.15,3424.71
2012-02-10,,,,,4711.64,2521.0,6958.75,3373.14
2012-02-13,,,,,4727.39,2529.4,6982.3,3384.55
2012-02-14,,,,,4713.53,2521.98,6963.93,3375.64
2012-02-15,,,,,4735.55,2533.77,6994.26,3390.35
2012-02-16,,,,,4737.88,2535.01,7000.24,3393.25
2012-02-17,,,,,4799.46,2567.52,7097.3,3439.62
2012-02-20,,,,,4844.88,2591.66,7165.77,3472.54
2012-02-21,,,,,4831.92,2584.73,7150.7,3465.24
2012-02-22,,,,,4806.67,2571.22,7113.83,3447.37
2012-02-23,,,,,4805.05,2570.33,7113.71,3447.31
2012-02-24,,,,,4838.42,2588.18,7154.4,3467.03
2012-02-27,,,,,4802.02,2568.63,7101.61,3441.45
2012-02-28,,,,,4820.35,2578.44,7127.48,3453.99
2012-02-29,,,,,4823.0,2579.85,7124.3,3452.45
2012-03-01,,,,,4885.52,2613.29,7221.88,3499.73
2012-03-02,,,,,4890.57,2616.0,7224.85,3501.17
2012-03-05,,,,,4869.29,2604.61,7196.72,3487.54
2012-03-06,,,,,4698.68,2513.35,6938.82,3362.56
2012-03-07,,,,,4742.82,2536.97,7000.25,3392.33
2012-03-08,,,,,4861.2,2600.28,7177.78,3478.36
2012-03-09,,,,,4875.65,2608.02,7196.6,3487.48
2012-03-12,,,,,4881.31,2611.04,7201.93,3490.06
2012-03-13,,,,,4964.19,2655.37,7325.94,3550.16
2012-03-14,,,,,4979.86,2663.76,7355.56,3564.51
2012-03-15,,,,,5000.64,2674.87,7387.94,3580.21
2012-03-16,,,,,5021.6,2686.09,7418.12,3594.83
2012-03-19,,,,,5008.93,2675.23,7396.7,3577.88
2012-03-20,,,,,4948.11,2642.75,7299.41,3530.83
2012-03-21,,,,,4943.16,2640.1,7292.27,3527.37
2012-03-22,,,,,4869.01,2600.5,7178.74,3472.46
2012-03-23,,,,,4876.9,2604.72,7186.43,3476.18
2012-03-26,,,,,4917.54,2626.42,7239.78,3501.98
2012-03-27,,,,,4880.63,2606.71,7172.81,3469.59
2012-03-28,,,,,4826.87,2578.0,7091.28,3430.15
2012-03-29,,,,,4758.36,2541.4,6989.93,3381.12
2012-03-30,,,,,4818.07,2573.29,7078.17,3423.81
2012-04-02,,,,,4869.32,2600.66,7159.02,3462.91
2012-04-03,,,,,4798.89,2563.01,7042.97,3406.78
2012-04-04,,,,,4663.97,2490.95,6850.08,3313.47
2012-04-05,,,,,4671.09,2494.75,6863.17,3319.81
2012-04-10,,,,,4533.57,2421.3,6651.88,3217.6
2012-04-11,,,,,4565.75,2438.47,6693.4,3237.69
2012-04-12,,,,,4615.2,2464.88,6759.77,3269.79
2012-04-13,,,,,4512.89,2410.24,6592.93,3189.09
2012-04-16,,,,,4527.55,2418.07,6626.41,3205.28
2012-04-17,,,,,4644.46,2480.43,6806.73,3292.51
2012-04-18,,,,,4575.77,2443.74,6698.78,3240.29
2012-04-19,,,,,4493.81,2399.63,6561.77,3174.02
2012-04-20,,,,,4509.97,2405.33,6596.99,3188.58
2012-04-23,,,,,4383.16,2337.7,6410.36,3098.37
2012-04-24,,,,,4477.0,2387.6,6557.14,3169.32
2012-04-25,,,,,4575.48,2437.35,6699.15,3233.46
2012-04-26,,,,,4575.27,2437.03,6690.58,3229.32
2012-04-27,,,,,4630.07,2464.58,6772.52,3266.27
2012-04-30,,,,,4565.67,2429.23,6665.06,3212.8
2012-05-02,,,,,4585.83,2439.04,6696.12,3226.33
2012-05-03,,,,,4581.55,2436.41,6689.94,3223.36
2012-05-04,,,,,4508.38,2389.5,6588.87,3161.97
2012-05-07,,,,,4583.28,2426.68,6706.05,3214.22
2012-05-08,,,,,4468.61,2362.33,6529.85,3124.8
2012-05-09,,,,,4461.19,2357.77,6517.0,3118.65
2012-05-10,,,,,4499.41,2366.94,6577.8,3130.17
2012-05-11,,,,,4508.3,2366.38,6594.6,3129.77
2012-05-14,,,,,4407.75,2313.6,6443.35,3057.99
2012-05-15,,,,,4380.08,2298.45,6403.9,3039.27
2012-05-16,,,,,4389.17,2303.03,6423.71,3048.67
2012-05-17,,,,,4338.46,2276.33,6346.43,3011.99
2012-05-18,,,,,4327.82,2269.38,6342.34,3008.0
2012-05-21,,,,,4359.27,2283.31,6389.02,3027.15
2012-05-22,,,,,4443.38,2326.38,6512.12,3084.09
2012-05-23,,,,,4329.32,2266.21,6342.91,3003.27
2012-05-24,,,,,4377.54,2290.71,6418.74,3038.25
2012-05-25,,,,,4388.85,2296.63,6439.22,3047.94
2012-05-28,,,,,4388.47,2295.23,6428.72,3042.97
2012-05-29,,,,,4446.86,2325.55,6516.88,3084.7
2012-05-30,,,,,4359.31,2275.88,6384.13,3015.58
2012-05-31,,,,,4359.13,2275.01,6389.53,3017.01
2012-06-01,,,,,4263.75,2224.21,6250.47,2950.47
2012-06-04,,,,,4267.46,2224.82,6263.4,2954.49
2012-06-05,,,,,4311.88,2247.13,6332.83,2986.1
2012-06-06,,,,,4413.37,2299.85,6486.24,3058.44
2012-06-07,,,,,4440.06,2313.58,6513.23,3071.16
2012-06-08,,,,,4422.33,2299.09,6488.98,3051.69
2012-06-11,,,,,4414.45,2292.75,6476.84,3042.76
2012-06-12,,,,,4414.28,2292.45,6485.67,3046.91
2012-06-13,,,,,4388.95,2279.27,6449.76,3030.04
2012-06-14,,,,,4389.58,2279.6,6454.89,3032.45
2012-06-15,,,,,4465.36,2318.95,6572.33,3087.62
2012-06-18,,,,,4448.87,2306.37,6540.66,3066.19
2012-06-19,,,,,4520.51,2343.48,6651.0,3117.92
2012-06-20,,,,,4535.38,2351.12,6669.35,3126.52
2012-06-21,,,,,4517.72,2341.69,6643.12,3114.22
2012-06-22,,,,,4481.23,2322.77,6593.36,3090.9
2012-06-25,,,,,4388.32,2274.59,6445.62,3021.64
2012-06-26,,,,,4373.07,2266.17,6426.58,3012.71
2012-06-27,,,,,4446.26,2303.47,6535.14,3063.12
2012-06-28,,,,,4430.16,2294.57,6512.64,3051.68
2012-06-29,,,,,4628.76,2397.42,6822.01,3196.65
2012-07-02,,,,,4693.84,2430.62,6916.5,3240.2
2012-07-03,,,,,4739.3,2453.45,6983.76,3271.2
2012-07-04,,,,,4738.39,2451.95,6979.94,3267.75
2012-07-05,,,,,4687.68,2425.71,6897.93,3229.36
2012-07-06,,,,,4605.56,2383.21,6768.55,3168.79
2012-07-09,,,,,4588.0,2374.13,6742.93,3156.8
2012-07-10,,,,,4614.5,2387.6,6782.68,3175.41
2012-07-11,,,,,4587.88,2373.83,6743.91,3157.25
2012-07-12,,,,,4554.64,2356.63,6696.77,3135.18
2012-07-13,,,,,4618.25,2389.55,6794.22,3180.81
2012-07-16,,,,,4619.48,2390.18,6792.28,3179.9
2012-07-17,,,,,4617.38,2389.09,6786.02,3176.97
2012-07-18,,,,,4696.37,2429.96,6910.83,3235.4
2012-07-19,,,,,4743.51,2454.35,6971.14,3263.64
2012-07-20,,,,,4651.47,2406.72,6822.17,3193.89
2012-07-23,,,,,4515.3,2336.27,6624.89,3101.53
2012-07-24,,,,,4481.9,2318.99,6567.53,3074.68
2012-07-25,,,,,4494.02,2325.26,6582.61,3081.74
2012-07-26,,,,,4664.41,2413.42,6850.43,3207.12
2012-07-27,,,,,4760.07,2462.91,7006.51,3280.19
2012-07-30,,,,,4815.43,2491.56,7093.05,3320.71
2012-07-31,,,,,4771.73,2468.91,7031.0,3291.66
2012-08-01,,,,,4809.4,2488.4,7094.86,3321.56
2012-08-02,,,,,4693.37,2428.37,6904.56,3232.46
2012-08-03,,,,,4880.75,2525.22,7207.29,3374.19
2012-08-06,,,,,4922.24,2546.69,7265.75,3401.56
2012-08-07,,,,,4985.9902,2579.67,7376.23,3453.28
2012-08-08,,,,,4965.24,2568.94,7344.13,3438.26
2012-08-09,,,,,4988.43,2580.93,7383.56,3456.71
2012-08-10,,,,,4961.48,2566.99,7338.51,3435.62
2012-08-13,,,,,4947.27,2559.64,7318.82,3426.41
2012-08-14,,,,,4977.82,2575.45,7369.8,3450.27
2012-08-15,,,,,4977.9,2575.49,7367.52,3449.2
2012-08-16,,,,,5022.42,2598.52,7434.34,3480.49
2012-08-17,,,,,5037.98,2606.57,7451.21,3488.38
2012-08-20,,,,,5023.09,2598.24,7436.65,3480.58
2012-08-21,,,,,5070.41,2622.72,7506.5,3513.28
2012-08-22,,,,,5002.99,2587.84,7396.19,3461.65
2012-08-23,,,,,4964.09,2567.72,7334.05,3432.56
2012-08-24,,,,,4960.44,2565.83,7335.43,3433.21
2012-08-27,,,,,4997.94,2585.23,7398.71,3462.83
2012-08-28,,,,,4957.28,2564.19,7331.88,3431.55
2012-08-29,,,,,4938.09,2554.26,7294.14,3413.89
2012-08-30,,,,,4891.15,2529.98,7219.84,3379.11
2012-08-31,,,,,4935.63,2552.99,7292.39,3413.07
2012-09-03,,,,,4988.25,2580.21,7379.22,3453.71
2012-09-04,,,,,4916.12,2542.9,7262.43,3399.04
2012-09-05,,,,,4922.75,2546.33,7276.85,3405.79
2012-09-06,,,,,5063.57,2619.17,7499.25,3509.88
2012-09-07,,,,,5087.68,2628.08,7531.27,3519.05
2012-09-10,,,,,5069.83,2618.86,7503.45,3506.05
2012-09-11,,,,,5108.73,2638.9,7570.32,3537.3
2012-09-12,,,,,5125.78,2647.71,7584.22,3543.79
2012-09-13,,,,,5071.2,2619.5,7494.97,3502.09
2012-09-14,,,,,5182.67,2677.08,7665.1,3581.58
2012-09-17,,,,,5148.91,2659.6,7605.4,3553.69
2012-09-18,,,,,5093.76,2631.11,7517.65,3512.69
2012-09-19,,,,,5119.6,2644.45,7558.6,3531.82
2012-09-20,,,,,5092.35,2630.38,7511.72,3509.92
2012-09-21,,,,,5123.07,2646.25,7556.25,3530.72
2012-09-24,,,,,5082.03,2621.12,7498.2,3497.22
2012-09-25,,,,,5115.52,2634.96,7545.74,3513.81
2012-09-26,,,,,4982.03,2566.19,7333.2,3414.84
2012-09-27,,,,,5011.25,2581.24,7385.78,3439.32
2012-09-28,,,,,4908.73,2528.44,7204.33,3354.82
2012-10-01,,,,,5012.4,2581.83,7376.46,3434.98
2012-10-02,,,,,4987.08,2568.79,7331.9,3414.23
2012-10-03,,,,,4975.24,2562.69,7314.27,3406.02
2012-10-04,,,,,4969.52,2559.75,7303.93,3401.2
2012-10-05,,,,,5045.77,2599.02,7423.84,3457.04
2012-10-08,,,,,4978.73,2564.49,7315.37,3406.53
2012-10-09,,,,,4946.8,2548.04,7264.36,3382.78
2012-10-10,,,,,4918.57,2533.47,7228.05,3365.87
2012-10-11,,,,,4979.35,2564.78,7330.81,3413.72
2012-10-12,,,,,4946.06,2547.63,7277.9,3389.08
2012-10-15,,,,,4988.83,2569.66,7344.9,3420.28
2012-10-16,,,,,5093.8,2623.73,7518.1,3500.94
2012-10-17,,,,,5127.63,2641.16,7575.13,3527.5
2012-10-18,,,,,5137.56,2646.27,7591.63,3535.18
2012-10-19,,,,,5098.65,2626.23,7525.87,3504.56
2012-10-22,,,,,5068.7,2610.81,7480.13,3483.25
2012-10-23,,,,,4964.0,2556.88,7315.29,3406.5
2012-10-24,,,,,4991.93,2571.26,7358.22,3426.49
2012-10-25,,,,,4978.5,2564.35,7326.1,3411.53
2012-10-26,,,,,5007.57,2579.32,7376.7,3435.09
2012-10-29,,,,,4972.95,2561.49,7320.44,3408.89
2012-10-30,,,,,5038.03,2595.0,7428.99,3459.44
2012-10-31,,,,,4999.47,2575.15,7364.2,3429.27
2012-11-01,,,,,5063.86,2608.31,7463.27,3475.4
2012-11-02,,,,,5088.85,2621.18,7499.89,3492.46
2012-11-05,,,,,5030.12,2590.93,7405.49,3448.5
2012-11-06,,,,,5071.7,2612.35,7470.27,3478.66
2012-11-07,,,,,4982.55,2566.43,7321.93,3409.59
2012-11-08,,,,,4975.66,2562.88,7317.83,3407.68
2012-11-09,,,,,4995.64,2573.17,7351.97,3423.57
2012-11-12,,,,,4982.3,2565.45,7329.21,3411.65
2012-11-13,,,,,5006.27,2577.79,7369.93,3430.6
2012-11-14,,,,,4968.03,2557.55,7306.18,3400.02
2012-11-15,,,,,4937.96,2542.07,7268.31,3382.4
2012-11-16,,,,,4882.29,2512.98,7180.46,3341.52
2012-11-19,,,,,5013.22,2579.91,7392.73,3439.58
2012-11-20,,,,,5045.0,2596.26,7441.06,3462.06
2012-11-21,,,,,5064.97,2606.54,7473.93,3477.36
2012-11-22,,,,,5099.34,2624.23,7518.78,3498.22
2012-11-23,,,,,5143.28,2646.69,7584.5,3528.8
2012-11-26,,,,,5104.58,2626.61,7525.18,3500.94
2012-11-27,,,,,5110.84,2629.84,7527.74,3502.13
2012-11-28,,,,,5127.85,2638.59,7555.81,3515.19
2012-11-29,,,,,5203.56,2676.64,7674.38,3568.88
2012-11-30,,,,,5191.83,2670.61,7649.44,3557.28
2012-12-03,,,,,5202.15,2675.91,7669.45,3566.59
2012-12-04,,,,,5218.79,2684.48,7699.32,3580.48
2012-12-05,,,,,5234.06,2692.33,7720.87,3590.5
2012-12-06,,,,,5252.32,2701.72,7744.85,3601.65
2012-12-07,,,,,5261.2,2706.29,7753.37,3605.61
2012-12-10,,,,,5268.93,2710.26,7767.31,3612.1
2012-12-11,,,,,5316.7,2734.77,7840.53,3646.15
2012-12-12,,,,,5318.69,2735.27,7843.42,3646.66
2012-12-13,,,,,5312.55,2732.12,7835.82,3643.13
2012-12-14,,,,,5312.78,2732.23,7836.15,3643.28
2012-12-17,,,,,5313.81,2728.43,7840.03,3638.1
2012-12-18,,,,,5328.17,2735.81,7862.73,3648.63
2012-12-19,,,,,5351.83,2747.96,7897.11,3664.59
2012-12-20,,,,,5353.16,2748.64,7901.74,3666.73
2012-12-21,,,,,5339.68,2741.72,7890.25,3661.4
2012-12-24,,,,,5325.13,2734.25,7871.3,3652.61
2012-12-27,,,,,5357.05,2750.64,7917.95,3674.26
2012-12-28,,,,,5286.23,2714.27,7801.57,3620.25
2012-12-31,,,,,5313.94,2728.5,7846.44,3641.07
2013-01-02,,,,,5442.75,2794.64,8046.53,3733.93
2013-01-03,,,,,5432.04,2789.13,8019.04,3721.17
2013-01-04,,,,,5444.86,2795.71,8038.12,3730.02
2013-01-07,,,,,5416.93,2781.36,7983.42,3704.64
2013-01-08,,,,,5416.08,2780.92,7986.09,3705.88
2013-01-09,,,,,5430.98,2788.57,8011.03,3717.45
2013-01-10,,,,,5410.47,2778.04,7980.15,3703.12
2013-01-11,,,,,5415.24,2780.3,7986.4,3706.02
2013-01-14,,,,,5419.97,2782.5,7992.01,3708.25
2013-01-15,,,,,5405.39,2775.01,7968.52,3697.35
2013-01-16,,,,,5419.12,2782.06,7992.52,3708.49
2013-01-17,,,,,5473.39,2809.92,8069.28,3744.11
2013-01-18,,,,,5474.11,2810.09,8063.84,3741.58
2013-01-21,,,,,5505.37,2825.77,8111.33,3763.03
2013-01-22,,,,,5477.67,2811.55,8063.87,3741.01
2013-01-23,,,,,5461.63,2803.32,8031.88,3726.17
2013-01-24,,,,,5496.38,2821.15,8087.94,3752.17
2013-01-25,,,,,5530.67,2838.75,8143.96,3778.16
2013-01-28,,,,,5533.8,2840.36,8149.84,3780.89
2013-01-29,,,,,5537.66,2842.34,8160.46,3785.82
2013-01-30,,,,,5507.95,2826.61,8116.7,3765.52
2013-01-31,,,,,5465.5,2804.82,8045.75,3732.6
2013-02-01,,,,,5531.28,2838.58,8133.98,3773.53
2013-02-04,,,,,5382.41,2762.18,7889.06,3659.91
2013-02-05,,,,,5427.5,2785.32,7964.05,3694.7
2013-02-06,,,,,5363.55,2752.5,7852.4,3642.9
2013-02-07,,,,,5312.4,2726.25,7762.18,3601.05
2013-02-08,,,,,5379.95,2760.92,7866.62,3649.5
2013-02-11,,,,,5378.44,2760.14,7868.96,3650.58
2013-02-12,,,,,5427.38,2785.26,7946.54,3686.58
2013-02-13,,,,,5447.49,2795.58,7972.32,3698.53
2013-02-14,,,,,5410.77,2776.74,7909.96,3669.6
2013-02-15,,,,,5405.47,2774.01,7890.06,3660.37
2013-02-18,,,,,5416.09,2779.31,7904.98,3667.04
2013-02-19,,,,,5510.48,2827.74,8053.24,3735.82
2013-02-20,,,,,5477.13,2810.63,7997.33,3709.88
2013-02-21,,,,,5360.08,2750.56,7813.92,3624.8
2013-02-22,,,,,5468.63,2806.27,7989.56,3706.28
2013-02-25,,,,,5484.6,2814.47,8022.01,3721.33
2013-02-26,,,,,5353.55,2747.16,7807.7,3621.92
2013-02-27,,,,,5445.78,2794.49,7957.69,3691.49
2013-02-28,,,,,5486.83,2815.55,8025.59,3723.0
2013-03-01,,,,,5457.06,2800.28,7975.83,3699.91
2013-03-04,,,,,5467.93,2805.86,7997.07,3709.76
2013-03-05,,,,,5577.87,2862.27,8163.97,3787.19
2013-03-06,,,,,5560.02,2853.11,8135.03,3773.76
2013-03-07,,,,,5585.19,2866.03,8178.18,3793.78
2013-03-08,,,,,5645.69,2897.08,8278.13,3840.15
2013-03-11,,,,,5639.98,2894.14,8269.77,3836.27
2013-03-12,,,,,5645.04,2896.74,8277.75,3839.97
2013-03-13,,,,,5638.15,2893.21,8269.28,3836.04
2013-03-14,,,,,5686.12,2917.82,8345.88,3871.58
2013-03-15,,,,,5650.68,2899.64,8286.51,3844.03
2013-03-18,,,,,5638.0,2889.05,8260.61,3825.47
2013-03-19,,,,,5572.83,2855.66,8153.26,3775.75
2013-03-20,,,,,5638.93,2889.53,8269.46,3829.56
2013-03-21,,,,,5567.66,2853.0,8151.31,3774.85
2013-03-22,,,,,5561.04,2849.61,8141.46,3770.29
2013-03-25,,,,,5504.21,2820.48,8050.11,3727.98
2013-03-26,,,,,5529.23,2833.3,8094.71,3748.64
2013-03-27,,,,,5474.16,2805.08,8014.82,3711.64
2013-03-28,,,,,5503.57,2820.16,8057.54,3731.42
2013-04-02,,,,,5602.29,2870.73,8217.22,3805.37
2013-04-03,,,,,5538.31,2837.95,8108.36,3754.96
2013-04-04,,,,,5494.33,2815.41,8046.18,3726.16
2013-04-05,,,,,5399.8,2766.97,7910.82,3663.48
2013-04-08,,,,,5406.21,2770.26,7917.94,3666.78
2013-04-09,,,,,5410.55,2772.48,7926.45,3670.72
2013-04-10,,,,,5513.14,2825.05,8084.07,3743.71
2013-04-11,,,,,5559.6,2848.86,8153.07,3775.66
2013-04-12,,,,,5496.7,2816.6,8052.95,3729.3
2013-04-15,,,,,5461.95,2798.31,8012.33,3710.48
2013-04-16,,,,,5426.93,2780.08,7959.01,3685.79
2013-04-17,,,,,5306.52,2718.4,7772.08,3599.23
2013-04-18,,,,,5301.56,2715.86,7772.36,3599.36
2013-04-19,,,,,5368.08,2748.93,7885.95,3651.96
2013-04-22,,,,,5374.71,2750.84,7891.46,3652.13
2013-04-23,,,,,5556.0,2841.8,8180.73,3783.05
2013-04-24,,,,,5635.91,2882.17,8310.24,3842.94
2013-04-25,,,,,5646.69,2884.16,8314.92,3840.47
2013-04-26,,,,,5607.61,2864.17,8249.06,3810.05
2013-04-29,,,,,5687.03,2903.54,8376.0,3868.68
2013-04-30,,,,,5675.67,2896.33,8353.64,3856.75
2013-05-02,,,,,5692.21,2897.28,8384.14,3858.76
2013-05-03,,,,,5771.44,2934.62,8512.39,3912.95
2013-05-06,,,,,5768.47,2933.11,8499.52,3907.04
2013-05-07,,,,,5792.88,2943.63,8536.9,3921.32
2013-05-08,,,,,5838.05,2965.95,8613.01,3956.28
2013-05-09,,,,,5834.88,2949.38,8604.9,3928.58
2013-05-10,,,,,5875.04,2968.12,8665.73,3953.83
2013-05-13,,,,,5864.46,2962.68,8646.81,3945.2
2013-05-14,,,,,5900.86,2977.16,8706.16,3966.06
2013-05-15,,,,,5926.87,2990.28,8741.66,3982.23
2013-05-16,,,,,5929.89,2988.8,8745.01,3979.07
2013-05-17,,,,,5962.78,3005.25,8793.8,4001.27
2013-05-20,,,,,6002.02,3024.01,8844.17,4022.85
2013-05-21,,,,,6031.54,3034.05,8890.57,4036.18
2013-05-22,,,,,6050.23,3043.44,8923.46,4051.11
2013-05-23,,,,,5924.81,2980.36,8738.52,3967.15
2013-05-24,,,,,5913.82,2972.89,8720.74,3956.79
2013-05-27,,,,,5968.36,2999.26,8805.61,3995.16
2013-05-28,,,,,6048.5,3038.69,8927.72,4050.56
2013-05-29,,,,,5943.99,2984.38,8765.55,3974.12
2013-05-30,,,,,5980.4,3001.94,8816.45,3996.31
2013-05-31,,,,,5920.03,2970.55,8714.04,3948.59
2013-06-03,,,,,5881.86,2949.97,8655.3,3920.67
2013-06-04,,,,,5891.56,2954.68,8666.69,3925.83
2013-06-05,,,,,5790.98,2903.45,8506.52,3852.44
2013-06-06,,,,,5744.13,2877.45,8429.55,3814.28
2013-06-07,,,,,5822.99,2916.81,8558.41,3872.59
2013-06-10,,,,,5814.19,2912.19,8540.23,3864.36
2013-06-11,,,,,5736.21,2873.1,8421.33,3810.56
2013-06-12,,,,,5716.03,2861.39,8389.76,3793.7
2013-06-13,,,,,5718.76,2862.76,8399.23,3797.98
2013-06-14,,,,,5734.21,2870.46,8415.1,3805.16
2013-06-17,,,,,5814.08,2910.45,8544.49,3863.66
2013-06-18,,,,,5814.73,2910.76,8537.59,3860.55
2013-06-19,,,,,5787.39,2897.05,8490.69,3839.34
2013-06-20,,,,,5592.06,2798.65,8182.15,3698.93
2013-06-21,,,,,5524.99,2764.95,8091.7,3658.04
2013-06-24,,,,,5432.21,2714.31,7968.65,3595.63
2013-06-25,,,,,5511.32,2753.67,8088.75,3649.82
2013-06-26,,,,,5621.86,2808.54,8257.66,3726.04
2013-06-27,,,,,5678.1,2836.63,8337.78,3762.19
2013-06-28,,,,,5643.94,2819.37,8286.19,3738.91
2013-07-01,,,,,5688.84,2841.71,8349.51,3767.48
2013-07-02,,,,,5657.91,2825.09,8298.26,3742.57
2013-07-03,,,,,5601.1,2796.68,8208.33,3702.01
2013-07-04,,,,,5754.58,2872.73,8448.34,3809.31
2013-07-05,,,,,5681.8,2836.37,8325.34,3753.85
2013-07-08,,,,,5781.12,2885.93,8480.53,3823.83
2013-07-09,,,,,5813.7,2902.19,8524.29,3843.56
2013-07-10,,,,,5812.47,2901.57,8517.57,3840.53
2013-07-11,,,,,5854.19,2922.36,8580.67,3868.98
2013-07-12,,,,,5838.15,2914.35,8549.86,3855.09
2013-07-15,,,,,5870.49,2930.49,8601.95,3878.58
2013-07-16,,,,,5831.81,2911.17,8540.86,3851.03
2013-07-17,,,,,5857.77,2924.13,8587.4,3872.02
2013-07-18,,,,,5939.61,2964.99,8711.11,3927.79
2013-07-19,,,,,5936.62,2963.5,8705.63,3925.32
2013-07-22,,,,,5955.68,2973.01,8738.01,3939.92
2013-07-23,,,,,5933.51,2961.94,8700.67,3923.09
2013-07-24,,,,,5991.75,2991.01,8788.64,3962.75
2013-07-25,,,,,5980.75,2985.53,8773.71,3956.02
2013-07-26,,,,,5993.84,2992.0,8802.13,3968.84
2013-07-29,,,,,5995.37,2992.77,8802.29,3968.91
2013-07-30,,,,,6028.31,3009.21,8841.54,3986.61
2013-07-31,,,,,6037.6,3013.85,8855.03,3992.69
2013-08-01,,,,,6110.82,3050.15,8966.01,4042.73
2013-08-02,,,,,6115.71,3052.57,8972.48,4045.65
2013-08-05,,,,,6127.66,3058.53,8982.07,4049.97
2013-08-06,,,,,6101.41,3045.43,8943.49,4032.57
2013-08-07,,,,,6102.61,3046.03,8956.6,4038.49
2013-08-08,,,,,6141.22,3065.3,9013.9,4064.32
2013-08-09,,,,,6160.04,3074.69,9041.03,4076.55
2013-08-12,,,,,6156.65,3073.0,9030.23,4071.68
2013-08-13,,,,,6185.38,3087.34,9076.39,4092.5
2013-08-14,,,,,6217.74,3103.5,9124.51,4114.2
2013-08-15,,,,,6182.04,3085.68,9077.94,4093.2
2013-08-16,,,,,6225.27,3107.25,9146.02,4123.89
2013-08-19,,,,,6174.62,3081.97,9057.49,4083.98
2013-08-20,,,,,6094.69,3042.08,8935.41,4028.93
2013-08-21,,,,,6077.26,3033.38,8904.71,4015.09
2013-08-22,,,,,6143.0,3066.19,9002.37,4059.12
2013-08-23,,,,,6159.74,3074.54,9025.32,4069.47
2013-08-26,,,,,6152.04,3070.7,9020.14,4067.13
2013-08-27,,,,,6008.28,2998.94,8801.9,3968.73
2013-08-28,,,,,5991.51,2990.56,8783.56,3960.46
2013-08-29,,,,,6030.51,3010.03,8840.97,3986.35
2013-08-30,,,,,5957.91,2973.8,8724.39,3933.78
2013-09-02,,,,,6060.91,3025.2,8884.57,4006.01
2013-09-03,,,,,6022.01,3005.79,8813.74,3974.07
2013-09-04,,,,,6032.36,3010.96,8827.82,3980.42
2013-09-05,,,,,6077.35,3033.41,8886.32,4006.8
2013-09-06,,,,,6132.94,3061.16,8980.34,4049.19
2013-09-09,,,,,6125.19,3057.29,8960.68,4040.33
2013-09-10,,,,,6235.92,3112.52,9129.94,4116.64
2013-09-11,,,,,6239.64,3114.38,9135.42,4119.11
2013-09-12,,,,,6223.1,3106.13,9107.74,4106.63
2013-09-13,,,,,6233.44,3111.28,9125.19,4114.5
2013-09-16,,,,,6289.41,3139.05,9209.39,4152.22
2013-09-17,,,,,6273.4,3131.06,9194.51,4145.51
2013-09-18,,,,,6309.03,3148.84,9249.72,4170.4
2013-09-19,,,,,6357.76,3173.16,9328.76,4206.04
2013-09-20,,,,,6358.52,3173.54,9323.48,4203.66
2013-09-23,,,,,6309.35,3149.0,9253.43,4172.08
2013-09-24,,,,,6352.05,3166.3,9319.96,4195.61
2013-09-25,,,,,6350.7,3165.63,9319.38,4195.35
2013-09-26,,,,,6342.94,3161.65,9300.22,4186.72
2013-09-27,,,,,6344.13,3162.24,9300.34,4186.77
2013-09-30,,,,,6286.03,3133.28,9204.08,4143.44
2013-10-01,,,,,6364.76,3172.51,9322.17,4196.6
2013-10-02,,,,,6311.26,3145.85,9236.78,4158.16
2013-10-03,,,,,6268.89,3124.73,9169.74,4127.98
2013-10-04,,,,,6316.12,3148.27,9250.29,4164.25
2013-10-07,,,,,6313.94,3147.18,9253.25,4165.58
2013-10-08,,,,,6270.31,3125.43,9182.05,4133.53
2013-10-09,,,,,6256.87,3118.74,9167.68,4127.05
2013-10-10,,,,,6387.81,3184.0,9369.96,4218.11
2013-10-11,,,,,6394.94,3187.56,9374.1,4219.98
2013-10-14,,,,,6392.01,3186.1,9380.71,4222.96
2013-10-15,,,,,6437.2,3208.62,9454.15,4256.02
2013-10-16,,,,,6416.73,3198.42,9426.83,4243.72
2013-10-17,,,,,6416.24,3198.18,9417.77,4239.64
2013-10-18,,,,,6488.7,3234.29,9520.83,4286.03
2013-10-21,,,,,6481.68,3230.79,9500.59,4276.92
2013-10-22,,,,,6503.11,3241.48,9541.7,4295.43
2013-10-23,,,,,6457.11,3218.55,9464.46,4260.66
2013-10-24,,,,,6476.13,3228.03,9497.84,4275.69
2013-10-25,,,,,6470.41,3225.17,9490.34,4272.31
2013-10-28,,,,,6438.41,3209.22,9444.37,4251.61
2013-10-29,,,,,6477.59,3228.75,9503.18,4278.09
2013-10-30,,,,,6472.98,3226.45,9494.34,4274.11
2013-10-31,,,,,6518.28,3249.03,9551.62,4299.89
2013-11-01,,,,,6486.85,3233.37,9492.3,4273.19
2013-11-04,,,,,6507.93,3243.87,9526.51,4288.59
2013-11-05,,,,,6459.57,3219.76,9448.21,4253.34
2013-11-06,,,,,6510.39,3245.1,9522.81,4286.93
2013-11-07,,,,,6499.89,3239.86,9509.63,4280.99
2013-11-08,,,,,6472.97,3226.44,9463.98,4260.44
2013-11-11,,,,,6520.39,3249.24,9532.94,4290.14
2013-11-12,,,,,6481.96,3229.55,9476.3,4263.78
2013-11-13,,,,,6444.64,3210.95,9423.31,4239.94
2013-11-14,,,,,6509.81,3243.42,9521.04,4283.91
2013-11-15,,,,,6526.35,3248.17,9552.06,4292.23
2013-11-18,,,,,6564.64,3266.77,9615.38,4320.68
2013-11-19,,,,,6497.56,3233.39,9507.69,4272.29
2013-11-20,,,,,6486.69,3227.98,9498.96,4268.37
2013-11-21,,,,,6465.21,3217.29,9466.77,4253.9
2013-11-22,,,,,6498.67,3233.94,9521.58,4278.53
2013-11-25,,,,,6536.15,3252.59,9573.73,4301.97
2013-11-26,,,,,6506.85,3238.02,9519.45,4277.57
2013-11-27,,,,,6529.36,3249.22,9553.9,4293.06
2013-11-28,,,,,6546.24,3256.55,9578.55,4302.42
2013-11-29,,,,,6540.0,3253.45,9562.51,4295.21
2013-12-02,,,,,6524.6,3245.78,9541.57,4285.81
2013-12-03,,,,,6366.53,3167.15,9289.18,4172.44
2013-12-04,,,,,6334.88,3151.4,9235.94,4148.52
2013-12-05,,,,,6271.35,3119.8,9127.71,4099.91
2013-12-06,,,,,6318.45,3141.47,9199.64,4129.37
2013-12-09,,,,,6328.16,3146.12,9210.74,4134.1
2013-12-10,,,,,6269.2,3116.73,9115.04,4091.14
2013-12-11,,,,,6265.05,3114.67,9105.5,4086.86
2013-12-12,,,,,6236.45,3099.94,9067.78,4069.12
2013-12-13,,,,,6221.85,3092.69,9046.81,4059.71
2013-12-16,,,,,6313.0,3133.58,9196.66,4119.88
2013-12-17,,,,,6238.86,3096.78,9082.28,4068.64
2013-12-18,,,,,6296.78,3125.53,9173.53,4109.51
2013-12-19,,,,,6394.33,3173.95,9324.25,4177.03
2013-12-20,,,,,6418.81,3186.1,9361.61,4193.77
2013-12-23,,,,,6452.25,3202.7,9409.66,4215.29
2013-12-24,,,,,6459.37,3206.24,9416.61,4218.41
2013-12-27,,,,,6542.63,3247.57,9548.86,4277.65
2013-12-30,,,,,6544.72,3248.6,9544.53,4275.71
2013-12-31,,,,,6573.59,3262.93,9589.71,4295.95
2014-01-02,,,,,6483.33,3218.13,9436.42,4227.28
2014-01-03,,,,,6515.51,3234.09,9481.89,4247.65
2014-01-06,,,,,6487.77,3220.32,9437.01,4227.54
2014-01-07,,,,,6539.22,3245.86,9515.45,4262.68
2014-01-08,,,,,6542.45,3247.46,9511.59,4260.96
2014-01-09,,,,,6490.71,3221.78,9431.65,4225.14
2014-01-10,,,,,6524.71,3238.48,9488.46,4250.6
2014-01-13,,,,,6551.27,3251.66,9516.76,4263.27
2014-01-14,,,,,6565.02,3258.48,9541.15,4274.2
2014-01-15,,,,,6649.39,3300.36,9670.34,4332.07
2014-01-16,,,,,6629.15,3290.31,9641.75,4319.27
2014-01-17,,,,,6645.15,3298.25,9660.14,4327.5
2014-01-20,,,,,6637.44,3294.18,9650.68,4322.86
2014-01-21,,,,,6640.03,3295.1,9654.22,4323.87
2014-01-22,,,,,6641.26,3295.72,9656.69,4324.98
2014-01-23,,,,,6580.13,3265.38,9558.4,4280.96
2014-01-24,,,,,6403.55,3177.75,9291.62,4161.47
2014-01-27,,,,,6373.37,3162.77,9253.85,4144.56
2014-01-28,,,,,6436.39,3194.04,9344.81,4185.29
2014-01-29,,,,,6401.17,3176.57,9281.59,4156.98
2014-01-30,,,,,6429.3,3190.04,9333.04,4180.02
2014-01-31,,,,,6406.82,3178.89,9301.11,4165.72
2014-02-03,,,,,6328.33,3139.94,9171.67,4107.75
2014-02-04,,,,,6339.77,3145.62,9193.33,4117.45
2014-02-05,,,,,6342.29,3146.67,9194.1,4117.79
2014-02-06,,,,,6444.06,3197.16,9351.07,4188.1
2014-02-07,,,,,6500.53,3225.18,9440.57,4228.18
2014-02-10,,,,,6516.26,3232.99,9460.54,4237.13
2014-02-11,,,,,6586.08,3267.62,9563.68,4283.32
2014-02-12,,,,,6622.83,3285.86,9613.19,4305.5
2014-02-13,,,,,6631.72,3290.27,9629.5,4312.8
2014-02-14,,,,,6672.13,3310.32,9690.54,4340.14
2014-02-17,,,,,6673.22,3310.86,9679.46,4335.17
2014-02-18,,,,,6665.35,3306.95,9669.48,4330.71
2014-02-19,,,,,6681.18,3314.81,9692.69,4341.1
2014-02-20,,,,,6702.75,3325.51,9724.82,4355.49
2014-02-21,,,,,6745.29,3346.61,9781.91,4381.06
2014-02-24,,,,,6802.5,3375.0,9866.91,4419.13
2014-02-25,,,,,6799.33,3373.36,9856.67,4414.55
2014-02-26,,,,,6773.63,3360.61,9817.29,4396.91
2014-02-27,,,,,6773.33,3360.46,9816.15,4396.39
2014-02-28,,,,,6795.5,3371.46,9842.25,4408.08
2014-03-03,,,,,6624.48,3286.61,9580.53,4290.87
2014-03-04,,,,,6773.82,3360.71,9815.05,4395.9
2014-03-05,,,,,6772.26,3359.93,9804.67,4391.25
2014-03-06,,,,,6818.82,3383.03,9862.25,4417.04
2014-03-07,,,,,6749.08,3348.43,9749.21,4366.42
2014-03-10,,,,,6751.45,3349.61,9759.08,4370.84
2014-03-11,,,,,6725.35,3336.65,9711.94,4349.72
2014-03-12,,,,,6659.03,3303.76,9614.89,4306.26
2014-03-13,,,,,6583.08,3266.07,9490.41,4250.51
2014-03-14,,,,,6527.7,3238.6,9414.19,4216.37
2014-03-17,,,,,6615.87,3282.34,9538.31,4271.96
2014-03-18,,,,,6679.08,3313.69,9630.54,4313.26
2014-03-19,,,,,6678.31,3313.31,9618.92,4308.06
2014-03-20,,,,,6702.88,3325.5,9663.24,4327.91
2014-03-21,,,,,6712.54,3330.29,9679.69,4335.28
2014-03-24,,,,,6634.16,3287.28,9562.35,4276.34
2014-03-25,,,,,6726.09,3332.83,9713.91,4344.12
2014-03-26,,,,,6786.95,3362.99,9805.66,4385.15
2014-03-27,,,,,6781.26,3360.17,9792.05,4379.06
2014-03-28,,,,,6827.8,3383.23,9864.05,4411.26
2014-03-31,,,,,6807.35,3373.1,9819.86,4391.5
2014-04-01,,,,,6859.95,3399.16,9898.62,4426.72
2014-04-02,,,,,6866.02,3402.17,9907.87,4430.86
2014-04-03,,,,,6889.2,3413.65,9949.17,4449.33
2014-04-04,,,,,6939.76,3438.7,10027.94,4484.55
2014-04-07,,,,,6869.31,3403.79,9919.55,4436.08
2014-04-08,,,,,6842.3,3390.41,9894.4,4424.83
2014-04-09,,,,,6878.38,3408.29,9934.3,4442.68
2014-04-10,,,,,6835.16,3386.86,9869.03,4413.49
2014-04-11,,,,,6759.66,3349.45,9762.53,4365.86
2014-04-14,,,,,6770.52,3352.66,9810.35,4384.56
2014-04-15,,,,,6713.92,3324.62,9722.62,4345.35
2014-04-16,,,,,6807.74,3371.08,9857.55,4405.66
2014-04-17,,,,,6848.89,3390.37,9916.08,4431.81
2014-04-22,,,,,6929.75,3430.4,10033.32,4484.21
2014-04-23,,,,,6888.65,3410.05,9959.18,4451.08
2014-04-24,,,,,6928.62,3428.46,10027.18,4479.54
2014-04-25,,,,,6880.44,3402.53,9953.48,4443.63
2014-04-28,,,,,6901.74,3413.07,9991.34,4460.53
2014-04-29,,,,,6962.08,3440.97,10081.37,4497.68
2014-04-30,,,,,6953.76,3433.22,10071.44,4487.39
2014-05-02,,,,,6931.82,3416.73,10024.7,4458.17
2014-05-05,,,,,6935.79,3417.79,10038.06,4462.69
2014-05-06,,,,,6888.73,3394.39,9960.19,4428.07
2014-05-07,,,,,6913.86,3404.31,10010.36,4446.44
2014-05-08,,,,,7000.68,3445.95,10149.17,4507.24
2014-05-09,,,,,6965.91,3427.43,10083.28,4477.28
2014-05-12,,,,,7025.65,3441.46,10173.46,4493.65
2014-05-13,,,,,7042.18,3449.48,10199.21,4505.02
2014-05-14,,,,,7039.83,3444.15,10201.98,4501.04
2014-05-15,,,,,6953.48,3401.55,10076.08,4444.93
2014-05-16,,,,,6963.76,3403.46,10112.79,4456.28
2014-05-19,,,,,6987.53,3414.4,10143.37,4469.76
2014-05-20,,,,,6981.86,3404.93,10126.36,4452.35
2014-05-21,,,,,7006.53,3416.96,10164.3,4469.03
2014-05-22,,,,,7026.12,3425.8,10187.27,4478.21
2014-05-23,,,,,7051.03,3436.74,10221.56,4493.15
2014-05-26,,,,,7107.67,3463.82,10298.4,4526.93
2014-05-27,,,,,7119.54,3466.7,10313.11,4529.75
2014-05-28,,,,,7125.23,3469.47,10317.39,4531.63
2014-05-29,,,,,7135.87,3471.71,10324.97,4530.51
2014-05-30,,,,,7127.72,3466.41,10304.07,4519.57
2014-06-02,,,,,7140.72,3464.45,10321.43,4515.89
2014-06-03,,,,,7118.35,3452.25,10298.2,4503.69
2014-06-04,,,,,7117.33,3451.47,10293.07,4501.0
2014-06-05,,,,,7190.09,3486.67,10402.2,4548.73
2014-06-06,,,,,7244.37,3512.78,10476.28,4581.12
2014-06-09,,,,,7256.12,3518.4,10494.58,4589.12
2014-06-10,,,,,7265.72,3522.76,10508.02,4595.0
2014-06-11,,,,,7201.71,3490.1,10422.79,4555.11
2014-06-12,,,,,7203.92,3491.17,10421.15,4554.4
2014-06-13,,,,,7179.16,3479.17,10395.71,4543.28
2014-06-16,,,,,7127.1,3453.94,10319.67,4510.05
2014-06-17,,,,,7167.1,3473.31,10379.21,4536.07
2014-06-18,,,,,7162.13,3470.86,10366.16,4530.37
2014-06-19,,,,,7208.99,3493.57,10440.91,4563.04
2014-06-20,,,,,7175.4,3477.18,10391.27,4541.34
2014-06-23,,,,,7134.67,3457.26,10332.3,4515.57
2014-06-24,,,,,7135.17,3457.43,10338.63,4518.34
2014-06-25,,,,,7054.6,3414.6,10220.44,4460.6
2014-06-26,,,,,7032.28,3403.79,10172.41,4439.63
2014-06-27,,,,,7027.69,3401.51,10166.34,4436.99
2014-06-30,,,,,7008.0,3391.92,10133.93,4422.84
2014-07-01,,,,,7068.2,3420.38,10223.79,4461.12
2014-07-02,,,,,7048.6,3410.85,10186.2,4444.72
2014-07-03,,,,,7120.37,3444.96,10291.58,4489.88
2014-07-04,,,,,7091.89,3431.16,10243.69,4468.98
2014-07-07,,,,,6997.0,3385.25,10098.76,4405.76
2014-07-08,,,,,6893.37,3335.03,9953.83,4342.53
2014-07-09,,,,,6914.49,3345.25,9993.51,4359.84
2014-07-10,,,,,6825.09,3301.98,9859.24,4301.26
2014-07-11,,,,,6847.72,3312.93,9894.17,4316.5
2014-07-14,,,,,6902.19,3339.27,9971.05,4350.04
2014-07-15,,,,,6835.08,3306.81,9868.52,4305.31
2014-07-16,,,,,6930.86,3353.14,10014.65,4369.06
2014-07-17,,,,,6856.16,3317.0,9893.29,4316.12
2014-07-18,,,,,6879.31,3328.2,9937.28,4335.31
2014-07-21,,,,,6834.89,3306.71,9867.2,4304.74
2014-07-22,,,,,6925.02,3350.31,10015.71,4369.52
2014-07-23,,,,,6938.47,3356.82,10031.3,4376.32
2014-07-24,,,,,6989.19,3381.36,10109.99,4410.65
2014-07-25,,,,,6872.96,3325.13,9926.37,4330.55
2014-07-28,,,,,6888.88,3332.82,9958.98,4344.77
2014-07-29,,,,,6920.13,3347.94,10006.66,4365.58
2014-07-30,,,,,6846.58,3312.36,9884.54,4312.3
2014-07-31,,,,,6745.14,3263.28,9732.89,4246.14
2014-08-01,,,,,6661.66,3222.8,9633.5,4202.78
2014-08-04,,,,,6674.97,3229.02,9666.61,4217.22
2014-08-05,,,,,6697.38,3239.85,9702.49,4232.88
2014-08-06,,,,,6651.13,3217.48,9643.5,4207.14
2014-08-07,,,,,6566.88,3176.72,9512.13,4149.83
2014-08-08,,,,,6552.86,3169.94,9507.5,4147.81
2014-08-11,,,,,6637.58,3210.92,9621.86,4197.7
2014-08-12,,,,,6593.37,3189.54,9540.39,4162.16
2014-08-13,,,,,6636.05,3210.18,9615.2,4194.79
2014-08-14,,,,,6654.61,3219.16,9639.57,4205.43
2014-08-15,,,,,6608.28,3196.75,9568.35,4174.36
2014-08-18,,,,,6692.43,3237.46,9697.39,4230.65
2014-08-19,,,,,6733.17,3257.17,9751.94,4254.45
2014-08-20,,,,,6712.46,3247.15,9720.63,4240.79
2014-08-21,,,,,6791.76,3285.51,9840.15,4292.93
2014-08-22,,,,,6735.59,3258.34,9748.16,4252.8
2014-08-25,,,,,6862.93,3319.93,9952.86,4342.11
2014-08-26,,,,,6939.47,3356.96,10070.47,4393.41
2014-08-27,,,,,6946.0,3360.12,10074.71,4395.26
2014-08-28,,,,,6895.99,3335.92,10007.73,4366.04
2014-08-29,,,,,6914.77,3345.01,10042.1,4381.04
2014-09-01,,,,,6912.49,3343.91,10039.09,4379.73
2014-09-02,,,,,6914.28,3344.77,10035.89,4378.33
2014-09-03,,,,,6977.73,3375.47,10135.69,4421.87
2014-09-04,,,,,7081.76,3425.79,10303.18,4494.94
2014-09-05,,,,,7073.44,3421.77,10283.81,4486.49
2014-09-08,,,,,7056.67,3413.66,10257.31,4474.93
2014-09-09,,,,,7023.93,3397.78,10205.6,4452.37
2014-09-10,,,,,7015.41,3393.66,10201.98,4450.79
2014-09-11,,,,,7005.21,3388.73,10179.32,4440.9
2014-09-12,,,,,7009.87,3390.98,10181.16,4441.7
2014-09-15,,,,,6988.28,3380.53,10151.19,4428.63
2014-09-16,,,,,6951.31,3362.65,10106.54,4409.15
2014-09-17,,,,,6984.82,3378.86,10157.56,4431.41
2014-09-18,,,,,7032.7,3402.02,10233.87,4464.7
2014-09-19,,,,,7023.99,3397.81,10225.9,4461.22
2014-09-22,,,,,6993.83,3383.06,10183.11,4442.55
2014-09-23,,,,,6877.61,3322.82,10007.19,4359.35
2014-09-24,,,,,6946.83,3356.2,10132.0,4413.72
2014-09-25,,,,,6861.37,3314.91,9997.83,4355.28
2014-09-26,,,,,6916.77,3341.68,10088.44,4394.75
2014-09-29,,,,,6864.76,3316.54,10004.24,4358.07
2014-09-30,,,,,6945.49,3355.52,10137.79,4416.24
2014-10-01,,,,,6873.31,3320.65,10020.78,4365.27
2014-10-02,,,,,6694.74,3234.38,9739.35,4242.67
2014-10-03,,,,,6754.8,3263.4,9829.03,4281.74
2014-10-06,,,,,6761.36,3266.57,9840.0,4286.52
2014-10-07,,,,,6639.69,3207.79,9662.36,4209.14
2014-10-08,,,,,6569.52,3173.89,9568.2,4168.12
2014-10-09,,,,,6526.24,3152.98,9506.98,4141.45
2014-10-10,,,,,6418.98,3101.1,9351.48,4073.71
2014-10-13,,,,,6422.22,3100.44,9371.15,4078.7
2014-10-14,,,,,6443.51,3110.72,9393.08,4088.25
2014-10-15,,,,,6220.78,3003.19,9051.82,3939.72
2014-10-16,,,,,6185.59,2986.2,9003.35,3918.62
2014-10-17,,,,,6366.64,3073.61,9266.57,4033.18
2014-10-20,,,,,6307.62,3045.12,9170.21,3991.24
2014-10-21,,,,,6451.25,3114.46,9376.98,4081.24
2014-10-22,,,,,6490.86,3133.58,9431.79,4105.09
2014-10-23,,,,,6564.3,3169.03,9552.62,4157.68
2014-10-24,,,,,6525.55,3150.33,9486.49,4128.9
2014-10-27,,,,,6474.68,3125.77,9412.59,4096.74
2014-10-28,,,,,6506.94,3141.34,9449.19,4112.67
2014-10-29,,,,,6506.85,3141.3,9444.53,4110.64
2014-10-30,,,,,6551.8,3163.0,9514.84,4141.24
2014-10-31,,,,,6689.01,3229.24,9725.87,4233.09
2014-11-03,,,,,6640.36,3205.75,9636.13,4194.03
2014-11-04,,,,,6548.94,3161.61,9489.45,4130.19
2014-11-05,,,,,6663.06,3216.7,9669.19,4208.42
2014-11-06,,,,,6693.96,3231.62,9713.44,4227.68
2014-11-07,,,,,6641.32,3206.21,9626.62,4189.89
2014-11-10,,,,,6689.26,3229.35,9702.27,4222.82
2014-11-11,,,,,6723.23,3244.92,9754.23,4244.1
2014-11-12,,,,,6629.01,3199.43,9606.64,4179.88
2014-11-13,,,,,6640.36,3204.41,9627.03,4187.95
2014-11-14,,,,,6666.03,3216.8,9660.4,4202.46
2014-11-17,,,,,6698.54,3232.03,9714.72,4226.1
2014-11-18,,,,,6757.22,3260.33,9798.13,4262.38
2014-11-19,,,,,6762.81,3263.03,9806.88,4266.19
2014-11-20,,,,,6717.19,3241.02,9733.38,4234.21
2014-11-21,,,,,6881.4,3320.25,9993.18,4347.23
2014-11-24,,,,,6917.02,3337.43,10041.93,4368.44
2014-11-25,,,,,6940.43,3348.72,10073.82,4382.31
2014-11-26,,,,,6929.29,3343.35,10053.38,4373.42
2014-11-27,,,,,6946.8,3351.8,10073.88,4382.34
2014-11-28,,,,,6960.83,3358.57,10091.9,4390.18
2014-12-01,,,,,6944.68,3350.77,10062.36,4377.33
2014-12-02,,,,,6961.87,3358.0,10091.56,4388.3
2014-12-03,,,,,6971.52,3362.65,10099.74,4391.86
2014-12-04,,,,,6883.97,3320.42,9943.42,4323.89
2014-12-05,,,,,7024.06,3386.86,10167.46,4419.48
2014-12-08,,,,,6962.45,3357.15,10066.26,4375.48
2014-12-09,,,,,6793.9,3275.88,9809.64,4263.94
2014-12-10,,,,,6743.67,3251.55,9726.74,4227.91
2014-12-11,,,,,6734.8,3247.27,9722.03,4225.86
2014-12-12,,,,,6561.82,3163.86,9453.03,4108.93
2014-12-15,,,,,6415.23,3088.52,9231.46,4005.38
2014-12-16,,,,,6542.57,3149.8,9433.87,4093.2
2014-12-17,,,,,6569.99,3163.0,9476.98,4111.91
2014-12-18,,,,,6776.99,3262.66,9794.08,4249.49
2014-12-19,,,,,6774.91,3261.19,9777.73,4241.65
2014-12-22,,,,,6798.96,3272.77,9807.21,4254.43
2014-12-23,,,,,6889.13,3316.16,9946.75,4314.97
2014-12-24,,,,,6863.9,3304.02,9902.69,4295.85
2014-12-29,,,,,6891.43,3317.27,9953.57,4317.93
2014-12-30,,,,,6789.72,3268.31,9786.72,4245.54
2014-12-31,,,,,6832.0,3288.66,9849.44,4272.75
2015-01-02,,,,,6811.21,3278.66,9802.27,4252.29
2015-01-05,,,,,6609.4,3181.5,9477.4,4111.36
2015-01-06,,,,,6560.17,3157.8,9413.18,4083.5
2015-01-07,,,,,6601.74,3177.8,9480.55,4112.73
2015-01-08,,,,,6820.13,3282.65,9820.48,4260.19
2015-01-09,,,,,6712.9,3231.04,9633.49,4179.07
2015-01-12,,,,,6788.04,3267.2,9746.83,4228.24
2015-01-13,,,,,6883.94,3313.37,9889.84,4290.28
2015-01-14,,,,,6787.13,3266.76,9735.31,4223.24
2015-01-15,,,,,6933.39,3337.17,9965.72,4323.2
2015-01-16,,,,,7009.3,3373.7,10095.78,4379.62
2015-01-19,,,,,7036.95,3387.01,10131.07,4394.93
2015-01-20,,,,,7107.72,3420.65,10249.75,4446.02
2015-01-21,,,,,7162.59,3447.05,10339.21,4484.82
2015-01-22,,,,,7270.28,3498.54,10497.22,4552.8
2015-01-23,,,,,7406.23,3563.95,10699.88,4640.69
2015-01-26,,,,,7473.25,3596.2,10779.28,4675.13
2015-01-27,,,,,7393.13,3557.64,10661.88,4624.21
2015-01-28,,,,,7381.09,3551.85,10631.28,4610.94
2015-01-29,,,,,7412.41,3566.4,10678.51,4631.43
2015-01-30,,,,,7373.04,3547.46,10615.84,4604.25
2015-02-02,,,,,7399.5,3560.19,10669.85,4627.67
2015-02-03,,,,,7484.83,3601.25,10785.66,4677.9
2015-02-04,,,,,7514.07,3615.31,10828.08,4696.3
2015-02-05,,,,,7536.05,3625.89,10844.24,4703.3
2015-02-06,,,,,7519.27,3617.63,10815.93,4691.03
2015-02-09,,,,,7451.19,3584.88,10723.83,4651.08
2015-02-10,,,,,7525.28,3620.52,10826.59,4695.65
2015-02-11,,,,,7499.6,3608.17,10789.08,4679.38
2015-02-12,,,,,7575.76,3644.81,10897.03,4726.2
2015-02-13,,,,,7621.4,3666.77,10973.47,4759.36
2015-02-16,,,,,7612.59,3662.53,10956.4,4751.95
2015-02-17,,,,,7613.17,3662.81,10961.11,4753.99
2015-02-18,,,,,7687.19,3698.42,11064.94,4799.03
2015-02-19,,,,,7738.3,3723.01,11143.92,4833.28
2015-02-20,,,,,7731.62,3719.79,11138.43,4830.9
2015-02-23,,,,,7783.68,3744.84,11210.82,4862.3
2015-02-24,,,,,7818.58,3761.63,11266.48,4886.44
2015-02-25,,,,,7805.48,3755.33,11256.75,4882.22
2015-02-26,,,,,7852.97,3778.18,11322.24,4910.62
2015-02-27,,,,,7910.56,3805.89,11416.45,4951.48
2015-03-02,,,,,7870.1,3786.42,11337.69,4917.32
2015-03-03,,,,,7796.22,3750.83,11226.85,4869.25
2015-03-04,,,,,7864.38,3783.62,11337.76,4917.35
2015-03-05,,,,,7945.43,3822.62,11444.19,4963.51
2015-03-06,,,,,7952.4,3825.96,11446.13,4964.35
2015-03-09,,,,,7907.51,3804.37,11383.53,4937.2
2015-03-10,,,,,7826.35,3765.32,11256.14,4881.95
2015-03-11,,,,,7999.92,3848.83,11523.14,4997.75
2015-03-12,,,,,7987.28,3842.75,11499.11,4987.33
2015-03-13,,,,,8026.32,3861.53,11552.44,5010.46
2015-03-16,,,,,8104.36,3899.08,11669.32,5061.16
2015-03-17,,,,,8043.98,3870.01,11595.01,5028.93
2015-03-18,,,,,8051.28,3873.53,11605.38,5033.42
2015-03-19,,,,,8060.78,3878.1,11614.05,5037.18
2015-03-20,,,,,8136.7,3914.63,11730.03,5087.49
2015-03-23,,,,,8096.19,3890.96,11669.0,5054.52
2015-03-24,,,,,8152.72,3916.69,11752.31,5088.28
2015-03-25,,,,,8048.58,3866.65,11596.9,5020.99
2015-03-26,,,,,8011.75,3848.96,11563.08,5006.35
2015-03-27,,,,,8051.55,3868.07,11627.08,5034.06
2015-03-30,,,,,8132.63,3907.02,11741.32,5083.52
2015-03-31,,,,,8057.75,3871.05,11626.11,5033.64
2015-04-01,,,,,8098.53,3890.64,11692.13,5062.22
2015-04-02,,,,,8119.28,3900.61,11719.66,5074.14
2015-04-07,,,,,8233.76,3955.59,11897.62,5151.19
2015-04-08,,,,,8218.35,3948.15,11864.52,5136.86
2015-04-09,,,,,8332.26,4002.87,12031.04,5208.95
2015-04-10,,,,,8386.16,4028.73,12103.8,5240.46
2015-04-13,,,,,8404.9,4037.73,12135.35,5254.12
2015-04-14,,,,,8352.52,4012.56,12052.06,5218.06
2015-04-15,,,,,8402.72,4036.68,12135.88,5254.35
2015-04-16,,,,,8355.26,4013.88,12066.91,5224.49
2015-04-17,,,,,8224.71,3950.84,11879.31,5143.26
2015-04-20,,,,,8296.13,3984.06,11981.7,5187.59
2015-04-21,,,,,8332.75,3996.28,12013.53,5192.64
2015-04-22,,,,,8353.82,4006.38,12056.21,5211.09
2015-04-23,,,,,8308.88,3984.83,11981.77,5178.91
2015-04-24,,,,,8344.67,4001.54,12033.92,5201.45
2015-04-27,,,,,8456.03,4052.6,12198.59,5268.91
2015-04-28,,,,,8312.34,3981.86,11982.98,5173.38
2015-04-29,,,,,8113.6,3886.03,11674.98,5039.39
2015-04-30,,,,,8137.99,3892.24,11712.07,5046.49
2015-05-04,,,,,8201.56,3922.63,11794.41,5081.97
2015-05-05,,,,,8038.34,3840.46,11555.25,4974.07
2015-05-06,,,,,8040.11,3840.79,11574.62,4981.59
2015-05-07,,,,,8022.67,3829.66,11551.22,4967.22
2015-05-08,,,,,8213.7,3918.88,11842.45,5090.39
2015-05-11,,,,,8168.64,3880.76,11757.43,5027.87
2015-05-12,,,,,8082.7,3839.36,11632.99,4974.65
2015-05-13,,,,,8080.06,3836.81,11607.3,4961.86
2015-05-14,,,,,8179.39,3883.31,11765.08,5029.31
2015-05-15,,,,,8135.71,3861.52,11683.48,4993.82
2015-05-18,,,,,8167.93,3873.01,11739.13,5012.31
2015-05-19,,,,,8328.92,3948.54,11987.3,5117.3
2015-05-20,,,,,8361.07,3958.75,12043.23,5133.3
2015-05-21,,,,,8381.61,3968.48,12074.67,5146.7
2015-05-22,,,,,8373.87,3964.24,12065.73,5142.89
2015-05-25,,,,,8335.73,3946.03,12005.4,5117.17
2015-05-26,,,,,8293.89,3921.68,11942.0,5083.54
2015-05-27,,,,,8438.04,3989.45,12174.55,5182.53
2015-05-28,,,,,8380.46,3960.31,12075.68,5137.83
2015-05-29,,,,,8188.45,3869.46,11770.28,5007.89
2015-06-01,,,,,8219.1,3881.73,11819.43,5025.3
2015-06-02,,,,,8193.72,3867.53,11776.61,5004.46
2015-06-03,,,,,8235.01,3885.58,11848.74,5034.17
2015-06-04,,,,,8161.22,3850.17,11738.02,4987.13
2015-06-05,,,,,8051.88,3798.54,11581.76,4920.74
2015-06-08,,,,,7968.88,3752.86,11457.24,4857.66
2015-06-09,,,,,7960.63,3748.85,11439.69,4850.22
2015-06-10,,,,,8097.18,3811.24,11645.94,4934.91
2015-06-11,,,,,8148.56,3835.43,11732.0,4971.37
2015-06-12,,,,,8039.52,3783.75,11566.37,4901.19
2015-06-15,,,,,7899.75,3717.79,11363.82,4815.36
2015-06-16,,,,,7943.08,3738.17,11421.64,4839.86
2015-06-17,,,,,7867.06,3701.17,11310.12,4790.62
2015-06-18,,,,,7882.84,3708.58,11340.47,4803.48
2015-06-19,,,,,7901.98,3717.58,11368.55,4815.37
2015-06-22,,,,,8184.92,3850.67,11801.15,4998.61
2015-06-23,,,,,8281.71,3896.09,11940.63,5057.68
2015-06-24,,,,,8254.42,3883.25,11911.52,5045.35
2015-06-25,,,,,8258.49,3881.47,11917.21,5041.71
2015-06-26,,,,,8281.93,3892.45,11958.47,5059.17
2015-06-29,,,,,7987.52,3754.04,11510.92,4869.82
2015-06-30,,,,,7860.75,3694.43,11322.71,4790.2
2015-07-01,,,,,8009.58,3764.17,11542.51,4883.19
2015-07-02,,,,,7932.48,3726.47,11435.45,4835.56
2015-07-03,,,,,7889.66,3706.34,11370.78,4808.22
2015-07-06,,,,,7746.55,3638.52,11144.06,4711.54
2015-07-07,,,,,7583.17,3561.78,10891.22,4604.64
2015-07-08,,,,,7633.12,3585.16,10972.53,4639.02
2015-07-09,,,,,7817.05,3671.55,11252.11,4757.22
2015-07-10,,,,,8041.72,3777.07,11597.09,4903.07
2015-07-13,,,,,8192.38,3847.82,11821.85,4998.1
2015-07-14,,,,,8240.45,3870.38,11903.15,5032.47
2015-07-15,,,,,8273.22,3885.78,11938.09,5047.24
2015-07-16,,,,,8388.11,3939.73,12113.73,5121.5
2015-07-17,,,,,8398.06,3944.4,12120.56,5124.39
2015-07-20,,,,,8430.08,3959.44,12163.38,5142.49
2015-07-21,,,,,8370.89,3931.64,12078.41,5106.57
2015-07-22,,,,,8332.51,3913.61,12021.66,5082.57
2015-07-23,,,,,8339.3,3916.8,12031.51,5086.74
2015-07-24,,,,,8295.95,3896.44,11962.02,5057.36
2015-07-27,,,,,8090.75,3800.06,11655.1,4927.6
2015-07-28,,,,,8165.99,3835.4,11772.69,4977.32
2015-07-29,,,,,8224.89,3863.06,11867.59,5017.44
2015-07-30,,,,,8261.69,3880.34,11936.15,5046.42
2015-07-31,,,,,8314.0,3904.91,12021.75,5082.61
2015-08-03,,,,,8373.19,3932.71,12111.4,5120.52
2015-08-04,,,,,8365.69,3928.98,12091.59,5112.14
2015-08-05,,,,,8481.87,3983.43,12291.67,5196.73
2015-08-06,,,,,8471.58,3978.59,12280.73,5192.11
2015-08-07,,,,,8404.66,3947.17,12192.37,5154.75
2015-08-10,,,,,8468.06,3976.94,12288.53,5195.41
2015-08-11,,,,,8323.06,3908.84,12060.57,5099.03
2015-08-12,,,,,8055.06,3782.98,11649.97,4925.43
2015-08-13,,,,,8156.72,3830.73,11795.24,4986.85
2015-08-14,,,,,8122.27,3814.54,11723.39,4956.47
2015-08-17,,,,,8159.13,3831.8,11790.47,4984.83
2015-08-18,,,,,8145.43,3825.37,11758.35,4971.25
2015-08-19,,,,,8010.11,3761.82,11552.2,4884.1
2015-08-20,,,,,7846.07,3684.78,11314.38,4783.55
2015-08-21,,,,,7604.95,3571.54,10953.53,4630.99
2015-08-24,,,,,7218.89,3390.24,10368.06,4383.46
2015-08-25,,,,,7509.17,3526.56,10797.13,4564.86
2015-08-26,,,,,7408.37,3479.22,10646.21,4501.05
2015-08-27,,,,,7648.97,3592.22,11017.86,4658.18
2015-08-28,,,,,7670.22,3602.19,11057.93,4675.13
2015-08-31,,,,,7634.89,3585.6,11005.48,4652.95
2015-09-01,,,,,7456.42,3501.79,10741.07,4541.16
2015-09-02,,,,,7471.94,3509.07,10773.6,4554.92
2015-09-03,,,,,7629.53,3583.09,11007.46,4653.79
2015-09-04,,,,,7427.49,3488.2,10698.31,4523.08
2015-09-07,,,,,7464.63,3505.64,10761.12,4549.64
2015-09-08,,,,,7542.62,3542.22,10876.13,4598.26
2015-09-09,,,,,7645.44,3590.5,11033.02,4664.59
2015-09-10,,,,,7543.86,3542.79,10872.02,4596.53
2015-09-11,,,,,7462.02,3504.36,10758.94,4548.72
2015-09-14,,,,,7412.06,3480.9,10686.64,4518.15
2015-09-15,,,,,7485.75,3515.5,10807.79,4569.37
2015-09-16,,,,,7591.44,3565.14,10988.66,4645.84
2015-09-17,,,,,7611.86,3574.73,11010.65,4655.14
2015-09-18,,,,,7444.73,3496.24,10728.51,4535.85
2015-09-21,,,,,7519.18,3531.04,10845.95,4585.5
2015-09-22,,,,,7279.99,3418.71,10474.61,4428.51
2015-09-23,,,,,7289.81,3423.32,10484.83,4432.83
2015-09-24,,,,,7152.04,3358.62,10282.4,4347.24
2015-09-25,,,,,7361.62,3457.05,10597.96,4480.66
2015-09-28,,,,,7179.33,3367.44,10320.77,4357.05
2015-09-29,,,,,7144.74,3351.21,10289.22,4343.73
2015-09-30,,,,,7319.44,3433.16,10553.49,4455.29
2015-10-01,,,,,7276.46,3412.98,10485.38,4426.54
2015-10-02,,,,,7325.54,3435.99,10561.99,4458.88
2015-10-05,,,,,7569.72,3550.52,10936.31,4616.9
2015-10-06,,,,,7640.22,3583.59,11039.91,4660.64
2015-10-07,,,,,7643.4,3585.08,11055.79,4667.34
2015-10-08,,,,,7662.84,3594.2,11076.07,4675.91
2015-10-09,,,,,7702.22,3612.67,11136.44,4701.39
2015-10-12,,,,,7679.57,3602.05,11106.37,4688.7
2015-10-13,,,,,7615.52,3569.66,11008.11,4643.38
2015-10-14,,,,,7563.52,3545.28,10926.67,4609.03
2015-10-15,,,,,7669.63,3595.02,11083.75,4675.29
2015-10-16,,,,,7712.1,3614.93,11148.94,4702.79
2015-10-19,,,,,7720.44,3618.84,11151.99,4704.07
2015-10-20,,,,,7674.3,3597.21,11080.26,4673.81
2015-10-21,,,,,7709.36,3613.64,11130.72,4695.1
2015-10-22,,,,,7868.13,3688.06,11384.57,4802.18
2015-10-23,,,,,8054.83,3775.58,11672.52,4923.64
2015-10-26,,,,,8014.19,3756.53,11609.68,4897.13
2015-10-27,,,,,7930.59,3717.34,11490.99,4847.07
2015-10-28,,,,,8000.98,3750.34,11594.13,4890.58
2015-10-29,,,,,7994.02,3747.08,11582.85,4885.82
2015-10-30,,,,,8008.88,3754.04,11610.92,4897.66
2015-11-02,,,,,8042.02,3769.57,11654.91,4916.21
2015-11-03,,,,,8069.46,3782.43,11702.24,4936.18
2015-11-04,,,,,8095.15,3794.47,11730.96,4948.29
2015-11-05,,,,,8137.27,3814.21,11806.23,4980.04
2015-11-06,,,,,8151.95,3821.09,11815.98,4984.15
2015-11-09,,,,,8034.13,3765.86,11642.97,4911.17
2015-11-10,,,,,8034.32,3765.14,11648.43,4912.16
2015-11-11,,,,,8101.46,3796.6,11744.13,4952.51
2015-11-12,,,,,7958.78,3729.74,11516.79,4856.65
2015-11-13,,,,,7881.53,3693.54,11401.32,4807.95
2015-11-16,,,,,7876.69,3690.22,11394.92,4804.31
2015-11-17,,,,,8080.68,3785.78,11710.37,4937.31
2015-11-18,,,,,8040.28,3766.86,11637.83,4906.72
2015-11-19,,,,,8063.63,3777.8,11657.69,4915.1
2015-11-20,,,,,8059.16,3775.23,11649.74,4910.97
2015-11-23,,,,,8028.74,3760.98,11597.89,4889.12
2015-11-24,,,,,7912.09,3706.34,11434.6,4820.28
2015-11-25,,,,,8029.13,3761.16,11607.08,4892.99
2015-11-26,,,,,8114.82,3801.3,11732.88,4946.02
2015-11-27,,,,,8098.23,3793.54,11695.22,4930.14
2015-11-30,,,,,8145.83,3815.83,11760.34,4957.6
2015-12-01,,,,,8092.68,3789.81,11662.5,4914.53
2015-12-02,,,,,8082.93,3785.25,11641.69,4905.76
2015-12-03,,,,,7823.63,3663.82,11225.11,4730.21
2015-12-04,,,,,7800.54,3653.01,11188.52,4714.79
2015-12-07,,,,,7868.47,3683.64,11291.84,4756.41
2015-12-08,,,,,7747.9,3627.13,11114.86,4681.86
2015-12-09,,,,,7679.66,3595.08,11009.44,4637.45
2015-12-10,,,,,7663.55,3587.54,11003.76,4635.06
2015-12-11,,,,,7525.21,3522.78,10800.78,4549.56
2015-12-14,,,,,7405.2,3466.42,10619.19,4473.07
2015-12-15,,,,,7622.28,3568.01,10954.72,4614.4
2015-12-16,,,,,7645.29,3578.78,10979.09,4624.67
2015-12-17,,,,,7732.0,3619.35,11104.6,4677.54
2015-12-18,,,,,7647.48,3579.79,10980.5,4625.26
2015-12-21,,,,,7563.92,3536.13,10854.98,4565.17
2015-12-22,,,,,7565.14,3536.7,10860.76,4567.6
2015-12-23,,,,,7731.97,3614.69,11115.01,4674.53
2015-12-24,,,,,7716.09,3607.27,11088.02,4663.18
2015-12-28,,,,,7652.58,3577.58,10980.47,4617.95
2015-12-29,,,,,7785.98,3639.94,11178.81,4701.36
2015-12-30,,,,,7755.29,3625.59,11121.22,4677.14
2015-12-31,,,,,7694.06,3596.97,11025.92,4637.06
2016-01-04,,,,,7509.73,3510.8,10753.39,4522.45
2016-01-05,,,,,7536.17,3523.15,10789.48,4537.63
2016-01-06,,,,,7440.19,3478.27,10653.59,4480.47
2016-01-07,,,,,7313.75,3419.15,10470.75,4403.58
2016-01-08,,,,,7209.49,3370.41,10304.73,4333.76
2016-01-11,,,,,7172.32,3353.04,10254.75,4312.74
2016-01-12,,,,,7275.53,3401.29,10411.71,4378.75
2016-01-13,,,,,7298.78,3412.14,10443.07,4391.94
2016-01-14,,,,,7165.27,3349.72,10255.12,4312.89
2016-01-15,,,,,6998.87,3271.93,10010.85,4210.16
2016-01-18,,,,,6952.83,3250.4,9961.88,4189.57
2016-01-19,,,,,7088.55,3313.55,10159.65,4272.26
2016-01-20,,,,,6851.9,3202.74,9809.34,4124.95
2016-01-21,,,,,6976.22,3260.51,10004.34,4206.4
2016-01-22,,,,,7194.12,3362.36,10314.21,4336.69
2016-01-25,,,,,7165.53,3348.99,10253.9,4311.33
2016-01-26,,,,,7232.17,3380.14,10362.07,4356.81
2016-01-27,,,,,7271.64,3398.58,10418.08,4380.36
2016-01-28,,,,,7177.19,3354.44,10279.66,4322.16
2016-01-29,,,,,7332.15,3426.87,10505.26,4417.02
2016-02-01,,,,,7308.38,3412.51,10459.11,4392.33
2016-02-02,,,,,7139.93,3333.85,10201.13,4283.99
2016-02-03,,,,,7040.58,3287.46,10065.33,4226.96
2016-02-04,,,,,7038.45,3286.46,10069.06,4228.53
2016-02-05,,,,,6989.92,3263.72,10002.73,4200.67
2016-02-08,,,,,6755.19,3153.51,9682.78,4066.31
2016-02-09,,,,,6646.02,3102.54,9519.03,3997.54
2016-02-10,,,,,6749.81,3150.99,9670.61,4061.2
2016-02-11,,,,,6486.62,3028.13,9278.93,3896.71
2016-02-12,,,,,6631.56,3095.79,9513.12,3995.06
2016-02-15,,,,,6832.9,3189.78,9799.32,4115.25
2016-02-16,,,,,6832.07,3189.38,9788.38,4110.66
2016-02-17,,,,,7025.48,3279.67,10080.83,4233.47
2016-02-18,,,,,7046.57,3289.51,10095.8,4239.76
2016-02-19,,,,,7014.47,3274.53,10055.99,4223.04
2016-02-22,,,,,7133.85,3330.26,10236.16,4298.7
2016-02-23,,,,,7048.99,3290.65,10092.62,4238.42
2016-02-24,,,,,6916.75,3228.82,9894.77,4155.34
2016-02-25,,,,,7050.82,3291.4,10116.5,4248.45
2016-02-26,,,,,7155.12,3340.09,10273.94,4314.57
2016-02-29,,,,,7220.79,3370.75,10366.75,4353.55
2016-03-01,,,,,7317.86,3416.06,10493.65,4406.84
2016-03-02,,,,,7333.95,3423.57,10536.64,4424.89
2016-03-03,,,,,7323.19,3418.55,10515.66,4416.08
2016-03-04,,,,,7390.38,3449.91,10612.2,4456.62
2016-03-07,,,,,7364.71,3437.7,10578.07,4442.29
2016-03-08,,,,,7301.22,3408.06,10486.95,4404.02
2016-03-09,,,,,7332.67,3422.74,10538.45,4425.65
2016-03-10,,,,,7217.56,3368.97,10359.14,4350.35
2016-03-11,,,,,7442.26,3473.85,10698.32,4492.79
2016-03-14,,,,,7474.18,3488.75,10731.18,4506.59
2016-03-15,,,,,7424.82,3465.7,10650.32,4472.63
2016-03-16,,,,,7411.42,3459.45,10627.37,4463.0
2016-03-17,,,,,7382.93,3446.15,10579.51,4442.89
2016-03-18,,,,,7418.44,3462.72,10626.21,4462.51
2016-03-21,,,,,7376.55,3439.17,10558.31,4427.8
2016-03-22,,,,,7381.6,3441.53,10568.24,4431.97
2016-03-23,,,,,7378.08,3438.5,10554.5,4423.98
2016-03-24,,,,,7232.28,3370.55,10329.55,4329.68
2016-03-29,,,,,7286.88,3395.99,10417.78,4366.67
2016-03-30,,,,,7411.23,3453.94,10603.28,4444.42
2016-03-31,,,,,7322.87,3412.76,10461.67,4385.06
2016-04-01,,,,,7228.33,3368.7,10311.79,4322.24
2016-04-04,,,,,7258.82,3382.89,10366.61,4345.22
2016-04-05,,,,,7108.11,3312.65,10140.1,4250.28
2016-04-06,,,,,7160.03,3336.85,10222.09,4284.64
2016-04-07,,,,,7102.06,3309.81,10129.68,4245.91
2016-04-08,,,,,7196.65,3353.89,10266.18,4303.12
2016-04-11,,,,,7212.38,3361.12,10288.85,4312.63
2016-04-12,,,,,7260.86,3383.72,10368.27,4345.91
2016-04-13,,,,,7482.07,3486.78,10712.76,4490.31
2016-04-14,,,,,7511.86,3500.67,10763.33,4511.51
2016-04-15,,,,,7484.47,3487.9,10724.35,4495.17
2016-04-18,,,,,7501.29,3495.74,10752.19,4506.84
2016-04-19,,,,,7599.31,3539.56,10901.32,4566.48
2016-04-20,,,,,7633.17,3555.33,10962.07,4591.92
2016-04-21,,,,,7615.82,3547.25,10940.36,4582.83
2016-04-22,,,,,7601.75,3539.45,10913.09,4569.66
2016-04-25,,,,,7564.76,3521.0,10856.86,4546.12
2016-04-26,,,,,7562.87,3514.14,10849.01,4533.18
2016-04-27,,,,,7611.59,3536.22,10913.85,4559.4
2016-04-28,,,,,7612.03,3535.76,10908.97,4557.36
2016-04-29,,,,,7433.14,3450.4,10610.35,4428.96
2016-05-02,,,,,7461.52,3460.34,10655.87,4442.75
2016-05-03,,,,,7350.91,3409.04,10486.14,4371.98
2016-05-04,,,,,7281.22,3375.13,10376.08,4324.23
2016-05-05,,,,,7298.05,3374.66,10396.57,4319.46
2016-05-06,,,,,7281.55,3360.22,10376.87,4301.24
2016-05-09,,,,,7316.79,3376.41,10428.91,4322.81
2016-05-10,,,,,7368.86,3389.48,10505.03,4338.21
2016-05-11,,,,,7336.21,3374.41,10452.88,4316.67
2016-05-12,,,,,7297.2,3355.97,10396.21,4293.27
2016-05-13,,,,,7328.03,3368.39,10467.75,4319.99
2016-05-16,,,,,7319.27,3363.78,10449.07,4312.28
2016-05-17,,,,,7311.83,3355.04,10429.33,4297.57
2016-05-18,,,,,7345.3,3370.04,10482.06,4319.3
2016-05-19,,,,,7282.76,3340.96,10392.86,4282.54
2016-05-20,,,,,7395.74,3392.69,10566.04,4353.9
2016-05-23,,,,,7367.64,3375.43,10513.15,4325.1
2016-05-24,,,,,7532.81,3450.42,10771.82,4431.52
2016-05-25,,,,,7618.42,3485.25,10910.11,4481.64
2016-05-26,,,,,7667.99,3507.93,10985.57,4512.64
2016-05-27,,,,,7671.25,3506.08,10997.88,4514.74
2016-05-30,,,,,7697.01,3515.93,11038.69,4529.4
2016-05-31,,,,,7666.59,3500.96,10984.21,4505.62
2016-06-01,,,,,7618.52,3478.8,10910.5,4475.39
2016-06-02,,,,,7627.51,3475.15,10915.46,4466.0
2016-06-03,,,,,7559.73,3443.17,10810.83,4421.78
2016-06-06,,,,,7573.7,3443.24,10836.38,4423.38
2016-06-07,,,,,7657.79,3481.41,10964.94,4475.86
2016-06-08,,,,,7609.41,3459.3,10898.48,4448.73
2016-06-09,,,,,7542.11,3428.36,10792.83,4405.61
2016-06-10,,,,,7371.48,3350.5,10550.58,4306.72
2016-06-13,,,,,7236.56,3289.17,10355.31,4227.02
2016-06-14,,,,,7077.45,3216.84,10118.46,4130.33
2016-06-15,,,,,7148.37,3249.0,10219.51,4171.58
2016-06-16,,,,,7105.18,3229.37,10174.01,4153.01
2016-06-17,,,,,7186.35,3263.59,10284.58,4193.83
2016-06-20,,,,,7429.42,3373.86,10644.91,4340.76
2016-06-21,,,,,7473.54,3391.58,10718.89,4367.24
2016-06-22,,,,,7493.05,3400.43,10750.26,4380.03
2016-06-23,,,,,7629.57,3462.38,10961.02,4465.9
2016-06-24,,,,,7053.8,3201.09,10079.48,4106.73
2016-06-27,,,,,6817.38,3093.79,9780.02,3984.72
2016-06-28,,,,,6999.02,3176.21,10035.6,4088.85
2016-06-29,,,,,7178.96,3257.73,10296.91,4195.32
2016-06-30,,,,,7253.12,3291.34,10400.4,4237.48
2016-07-01,,,,,7321.6,3322.02,10489.94,4273.96
2016-07-04,,,,,7257.92,3291.47,10399.42,4234.86
2016-07-05,,,,,7130.53,3233.58,10223.97,4163.42
2016-07-06,,,,,7003.05,3175.25,10034.18,4085.3
2016-07-07,,,,,7060.53,3201.2,10114.13,4117.85
2016-07-08,,,,,7185.65,3257.93,10293.01,4190.68
2016-07-11,,,,,7311.08,3314.79,10474.41,4264.53
2016-07-12,,,,,7414.53,3361.7,10638.6,4331.38
2016-07-13,,,,,7420.73,3364.47,10648.13,4335.26
2016-07-14,,,,,7500.61,3400.69,10771.58,4385.52
2016-07-15,,,,,7473.92,3388.59,10739.61,4372.51
2016-07-18,,,,,7460.97,3382.72,10703.35,4357.74
2016-07-19,,,,,7420.23,3364.25,10635.53,4330.13
2016-07-20,,,,,7503.69,3402.09,10757.44,4379.76
2016-07-21,,,,,7495.83,3398.52,10748.82,4376.25
2016-07-22,,,,,7507.46,3403.79,10760.73,4381.1
2016-07-25,,,,,7527.8,3413.01,10777.67,4388.0
2016-07-26,,,,,7539.05,3418.12,10794.3,4394.77
2016-07-27,,,,,7626.66,3457.83,10922.48,4446.96
2016-07-28,,,,,7586.04,3439.42,10857.69,4420.58
2016-07-29,,,,,7619.13,3454.42,10904.93,4439.81
2016-08-01,,,,,7571.17,3432.67,10829.66,4409.17
2016-08-02,,,,,7445.13,3375.42,10630.27,4327.99
2016-08-03,,,,,7428.25,3367.77,10613.29,4321.08
2016-08-04,,,,,7477.34,3390.02,10673.6,4345.63
2016-08-05,,,,,7581.74,3437.27,10833.07,4410.55
2016-08-08,,,,,7589.32,3440.7,10845.12,4415.46
2016-08-09,,,,,7674.36,3479.25,10974.32,4468.07
2016-08-10,,,,,7652.95,3469.55,10934.9,4452.01
2016-08-11,,,,,7735.92,3507.17,11062.46,4503.95
2016-08-12,,,,,7730.43,3504.68,11053.22,4500.19
2016-08-15,,,,,7730.2,3504.57,11047.51,4497.86
2016-08-16,,,,,7663.77,3474.46,10955.6,4460.44
2016-08-17,,,,,7590.61,3441.29,10850.56,4417.68
2016-08-18,,,,,7628.87,3458.64,10898.17,4437.06
2016-08-19,,,,,7573.31,3433.41,10808.43,4400.52
2016-08-22,,,,,7565.93,3430.06,10782.43,4389.94
2016-08-23,,,,,7619.53,3454.36,10859.82,4421.45
2016-08-24,,,,,7639.34,3463.34,10894.26,4435.47
2016-08-25,,,,,7588.68,3440.37,10823.38,4406.61
2016-08-26,,,,,7643.56,3465.26,10909.97,4441.87
2016-08-29,,,,,7617.5,3453.44,10866.7,4424.25
2016-08-30,,,,,7671.8,3478.06,10948.35,4457.49
2016-08-31,,,,,7643.13,3465.06,10901.03,4438.22
2016-09-01,,,,,7653.98,3469.98,10904.57,4439.67
2016-09-02,,,,,7813.49,3542.29,11156.33,4542.17
2016-09-05,,,,,7817.08,3543.92,11153.66,4541.08
2016-09-06,,,,,7797.88,3535.22,11126.36,4529.96
2016-09-07,,,,,7844.65,3556.42,11194.37,4557.66
2016-09-08,,,,,7820.86,3545.64,11156.42,4542.2
2016-09-09,,,,,7741.8,3509.8,11031.65,4491.4
2016-09-12,,,,,7658.25,3471.86,10904.89,4439.8
2016-09-13,,,,,7579.93,3436.35,10775.66,4387.18
2016-09-14,,,,,7549.26,3422.44,10734.09,4370.26
2016-09-15,,,,,7559.01,3426.86,10741.37,4373.22
2016-09-16,,,,,7499.52,3399.89,10641.24,4332.45
2016-09-19,,,,,7599.9,3445.3,10792.87,4394.19
2016-09-20,,,,,7591.56,3441.52,10779.15,4388.6
2016-09-21,,,,,7623.34,3455.92,10830.6,4409.55
2016-09-22,,,,,7781.57,3527.65,11076.87,4509.82
2016-09-23,,,,,7745.3,3511.21,11024.98,4488.69
2016-09-26,,,,,7616.75,3452.93,10826.42,4407.85
2016-09-27,,,,,7604.23,3443.15,10820.15,4398.68
2016-09-28,,,,,7664.71,3470.47,10903.22,4432.45
2016-09-29,,,,,7677.42,3476.22,10931.25,4443.84
2016-09-30,,,,,7684.8,3479.57,10942.12,4448.26
2016-10-03,,,,,7694.14,3483.8,10955.15,4453.56
2016-10-04,,,,,7765.0,3515.88,11077.0,4503.09
2016-10-05,,,,,7736.91,3502.57,11044.67,4489.95
2016-10-06,,,,,7715.91,3493.06,11020.43,4480.1
2016-10-07,,,,,7657.84,3466.77,10946.18,4449.91
2016-10-10,,,,,7735.57,3501.96,11062.66,4497.26
2016-10-11,,,,,7693.39,3482.8,10999.89,4471.74
2016-10-12,,,,,7667.31,3468.76,10960.79,4452.24
2016-10-13,,,,,7597.25,3437.06,10844.92,4405.17
2016-10-14,,,,,7704.47,3485.56,11006.77,4470.92
2016-10-17,,,,,7667.73,3468.95,10955.84,4450.23
2016-10-18,,,,,7764.61,3512.77,11100.31,4508.91
2016-10-19,,,,,7787.33,3523.05,11128.34,4520.3
2016-10-20,,,,,7809.39,3533.03,11177.14,4540.12
2016-10-21,,,,,7803.17,3530.22,11167.17,4536.07
2016-10-24,,,,,7830.13,3542.41,11207.8,4552.58
2016-10-25,,,,,7802.28,3529.81,11178.92,4540.84
2016-10-26,,,,,7791.84,3525.09,11163.51,4534.59
2016-10-27,,,,,7790.99,3524.71,11161.02,4533.57
2016-10-28,,,,,7818.12,3536.98,11197.96,4548.58
2016-10-31,,,,,7761.55,3511.39,11101.18,4509.26
2016-11-01,,,,,7693.56,3480.63,11005.21,4470.28
2016-11-02,,,,,7598.57,3437.66,10868.29,4414.67
2016-11-03,,,,,7593.57,3435.39,10860.94,4411.68
2016-11-04,,,,,7530.68,3406.94,10776.7,4377.46
2016-11-07,,,,,7663.01,3466.81,10982.86,4461.21
2016-11-08,,,,,7689.81,3477.97,11025.26,4476.89
2016-11-09,,,,,7789.77,3523.19,11189.25,4543.48
2016-11-10,,,,,7759.66,3509.57,11158.39,4530.95
2016-11-11,,,,,7696.03,3480.79,11055.77,4489.27
2016-11-14,,,,,7717.6,3490.55,11103.24,4508.55
2016-11-15,,,,,7767.17,3512.96,11172.14,4536.53
2016-11-16,,,,,7718.44,3490.45,11084.98,4501.14
2016-11-17,,,,,7762.63,3510.42,11150.58,4527.77
2016-11-18,,,,,7735.72,3498.21,11092.9,4504.35
2016-11-21,,,,,7774.92,3515.94,11155.02,4529.58
2016-11-22,,,,,7808.36,3531.06,11201.26,4548.35
2016-11-23,,,,,7776.15,3516.5,11154.12,4529.21
2016-11-24,,,,,7801.15,3527.8,11187.0,4542.56
2016-11-25,,,,,7815.17,3534.14,11205.98,4550.27
2016-11-28,,,,,7756.59,3506.81,11110.11,4510.39
2016-11-29,,,,,7820.8,3534.74,11215.66,4551.46
2016-11-30,,,,,7862.14,3553.42,11281.9,4578.34
2016-12-01,,,,,7826.51,3537.32,11238.21,4560.61
2016-12-02,,,,,7768.73,3511.2,11159.88,4528.82
2016-12-05,,,,,7848.75,3546.24,11276.5,4574.32
2016-12-06,,,,,7939.58,3587.28,11418.53,4631.94
2016-12-07,,,,,8040.01,3632.48,11573.29,4694.72
2016-12-08,,,,,8107.87,3663.13,11673.78,4735.48
2016-12-09,,,,,8162.33,3687.74,11744.26,4764.07
2016-12-12,,,,,8157.72,3685.66,11736.13,4760.77
2016-12-13,,,,,8228.92,3717.83,11842.37,4803.87
2016-12-14,,,,,8175.58,3693.73,11756.99,4769.24
2016-12-15,,,,,8250.18,3727.43,11880.24,4819.23
2016-12-16,,,,,8274.22,3738.29,11914.83,4833.27
2016-12-19,,,,,8263.26,3732.63,11891.39,4822.77
2016-12-20,,,,,8307.48,3752.6,11958.27,4849.89
2016-12-21,,,,,8299.25,3744.77,11934.99,4833.82
2016-12-22,,,,,8298.52,3744.44,11936.98,4834.63
2016-12-23,,,,,8313.11,3751.02,11949.46,4839.68
2016-12-27,,,,,8331.98,3759.54,11970.7,4848.28
2016-12-28,,,,,8330.68,3758.95,11970.03,4848.01
2016-12-29,,,,,8318.87,3753.62,11946.46,4838.47
2016-12-30,,,,,8353.51,3769.25,12005.34,4862.31
2017-01-02,,,,,8395.81,3788.34,12054.89,4882.38
2017-01-03,,,,,8424.33,3801.21,12096.74,4899.33
2017-01-04,,,,,8418.99,3798.79,12096.91,4899.4
2017-01-05,,,,,8421.36,3799.86,12099.96,4900.64
2017-01-06,,,,,8433.84,3805.49,12122.69,4909.84
2017-01-09,,,,,8402.37,3791.29,12067.69,4887.57
2017-01-10,,,,,8404.26,3792.14,12069.32,4888.23
2017-01-11,,,,,8405.87,3792.86,12070.51,4888.71
2017-01-12,,,,,8362.17,3773.12,12009.43,4863.97
2017-01-13,,,,,8455.78,3815.36,12153.93,4922.49
2017-01-16,,,,,8391.25,3785.64,12056.77,4882.18
2017-01-17,,,,,8357.32,3770.34,12001.23,4859.69
2017-01-18,,,,,8345.95,3765.21,11985.7,4853.4
2017-01-19,,,,,8338.16,3761.69,11955.43,4841.14
2017-01-20,,,,,8349.75,3766.92,11978.95,4850.67
2017-01-23,,,,,8309.18,3748.62,11906.71,4821.41
2017-01-24,,,,,8327.21,3756.75,11927.99,4830.03
2017-01-25,,,,,8404.46,3791.42,12045.63,4877.67
2017-01-26,,,,,8392.95,3786.23,12019.88,4867.24
2017-01-27,,,,,8354.9,3769.06,11952.56,4839.98
2017-01-30,,,,,8260.62,3726.53,11815.91,4784.64
2017-01-31,,,,,8198.35,3698.44,11727.63,4748.9
2017-02-01,,,,,8274.69,3732.87,11840.44,4794.58
2017-02-02,,,,,8287.75,3738.76,11839.74,4794.29
2017-02-03,,,,,8337.33,3761.05,11916.61,4825.42
2017-02-06,,,,,8257.87,3724.57,11802.21,4778.08
2017-02-07,,,,,8228.52,3711.33,11743.88,4754.47
2017-02-08,,,,,8248.0,3720.12,11773.84,4766.6
2017-02-09,,,,,8338.03,3760.72,11921.16,4826.24
2017-02-10,,,,,8348.44,3765.42,11926.29,4828.32
2017-02-13,,,,,8444.99,3808.96,12074.19,4888.19
2017-02-14,,,,,8457.9,3814.78,12093.03,4895.82
2017-02-15,,,,,8502.61,3834.94,12164.77,4924.86
2017-02-16,,,,,8468.77,3819.68,12102.01,4899.46
2017-02-17,,,,,8417.61,3796.61,12023.27,4867.58
2017-02-20,,,,,8419.32,3797.38,12016.86,4864.99
2017-02-21,,,,,8457.11,3814.42,12075.58,4888.76
2017-02-22,,,,,8467.78,3819.15,12093.18,4895.88
2017-02-23,,,,,8459.65,3815.48,12081.85,4891.29
2017-02-24,,,,,8379.08,3779.14,11968.08,4845.24
2017-02-27,,,,,8385.64,3782.1,11967.95,4845.18
2017-02-28,,,,,8410.27,3793.21,12001.04,4858.58
2017-03-01,,,,,8569.16,3864.87,12253.61,4960.83
2017-03-02,,,,,8573.51,3866.83,12260.95,4963.8
2017-03-03,,,,,8618.88,3887.29,12338.32,4995.13
2017-03-06,,,,,8583.36,3871.02,12281.68,4972.19
2017-03-07,,,,,8554.85,3858.16,12239.19,4955.0
2017-03-08,,,,,8564.57,3862.54,12252.75,4960.48
2017-03-09,,,,,8599.7,3878.34,12304.69,4981.51
2017-03-10,,,,,8620.36,3887.66,12333.85,4993.32
2017-03-13,,,,,8631.95,3892.89,12349.37,4999.6
2017-03-14,,,,,8592.14,3874.92,12286.77,4974.26
2017-03-15,,,,,8605.33,3880.87,12314.48,4985.48
2017-03-16,,,,,8657.74,3904.51,12383.4,5013.38
2017-03-17,,,,,8685.06,3916.82,12422.58,5029.24
2017-03-20,,,,,8669.12,3905.45,12396.62,5012.16
2017-03-21,,,,,8644.9,3894.54,12372.57,5002.43
2017-03-22,,,,,8622.28,3884.35,12353.44,4994.7
2017-03-23,,,,,8689.0,3914.4,12447.59,5032.76
2017-03-24,,,,,8679.01,3909.91,12418.25,5020.9
2017-03-27,,,,,8672.92,3905.73,12415.35,5017.43
2017-03-28,,,,,8725.07,3929.22,12486.54,5046.2
2017-03-29,,,,,8759.19,3944.58,12543.04,5069.04
2017-03-30,,,,,8802.96,3964.29,12594.02,5089.64
2017-03-31,,,,,8864.97,3992.21,12675.36,5122.51
2017-04-03,,,,,8808.88,3966.95,12584.8,5085.91
2017-04-04,,,,,8830.79,3976.82,12622.47,5101.13
2017-04-05,,,,,8819.74,3971.84,12599.5,5091.85
2017-04-06,,,,,8865.53,3992.46,12672.72,5121.44
2017-04-07,,,,,8892.11,4004.4,12706.96,5135.28
2017-04-10,,,,,8851.45,3985.95,12638.08,5107.45
2017-04-11,,,,,8834.23,3978.2,12624.25,5101.86
2017-04-12,,,,,8837.67,3979.75,12622.41,5101.11
2017-04-13,,,,,8788.83,3957.75,12548.16,5071.1
2017-04-18,,,,,8656.65,3896.03,12356.87,4990.25
2017-04-19,,,,,8688.23,3908.2,12398.39,5003.73
2017-04-20,,,,,8803.62,3959.71,12582.21,5077.91
2017-04-21,,,,,8773.15,3944.88,12535.85,5059.2
2017-04-24,,,,,9126.52,4101.32,13059.61,5268.85
2017-04-25,,,,,9152.59,4110.44,13090.85,5277.88
2017-04-26,,,,,9166.25,4116.57,13115.65,5287.88
2017-04-27,,,,,9148.18,4108.45,13075.52,5271.7
2017-04-28,,,,,9149.58,4106.66,13074.04,5267.33
2017-05-02,,,,,9225.79,4138.93,13169.77,5304.15
2017-05-03,,,,,9222.78,4135.77,13168.31,5301.0
2017-05-04,,,,,9344.31,4190.27,13345.73,5372.42
2017-05-05,,,,,9462.45,4234.07,13531.36,5432.4
2017-05-08,,,,,9402.21,4201.28,13429.96,5382.95
2017-05-09,,,,,9429.62,4212.99,13467.53,5398.01
2017-05-10,,,,,9435.86,4215.78,13473.64,5400.46
2017-05-11,,,,,9396.93,4198.39,13431.13,5383.42
2017-05-12,,,,,9441.72,4217.04,13489.84,5405.42
2017-05-15,,,,,9476.7,4228.25,13533.78,5417.4
2017-05-16,,,,,9492.65,4223.0,13553.41,5406.1
2017-05-17,,,,,9343.4,4154.86,13335.78,5317.89
2017-05-18,,,,,9283.9,4127.95,13265.18,5289.73
2017-05-19,,,,,9356.48,4160.22,13352.1,5324.4
2017-05-22,,,,,9358.86,4160.15,13351.18,5322.88
2017-05-23,,,,,9405.55,4180.72,13414.6,5348.16
2017-05-24,,,,,9412.82,4178.9,13415.5,5341.34
2017-05-25,,,,,9409.55,4177.06,13405.01,5337.16
2017-05-26,,,,,9417.98,4178.91,13405.42,5336.64
2017-05-29,,,,,9415.5,4175.54,13402.62,5332.47
2017-05-30,,,,,9400.6,4159.35,13373.83,5305.94
2017-05-31,,,,,9380.56,4145.34,13336.88,5283.63
2017-06-01,,,,,9454.8,4178.15,13425.33,5318.67
2017-06-02,,,,,9502.61,4198.18,13491.41,5343.41
2017-06-05,,,,,9453.07,4172.14,13418.61,5307.89
2017-06-06,,,,,9388.09,4141.35,13325.16,5269.22
2017-06-07,,,,,9388.0,4141.14,13315.82,5265.53
2017-06-08,,,,,9382.35,4138.46,13312.57,5264.24
2017-06-09,,,,,9441.75,4164.25,13402.26,5299.71
2017-06-12,,,,,9335.84,4113.49,13269.12,5240.59
2017-06-13,,,,,9380.92,4133.35,13322.67,5261.74
2017-06-14,,,,,9358.54,4123.47,13275.95,5243.29
2017-06-15,,,,,9311.45,4102.72,13209.09,5216.88
2017-06-16,,,,,9392.5,4138.44,13326.63,5263.31
2017-06-19,,,,,9473.4,4173.35,13449.65,5310.72
2017-06-20,,,,,9441.94,4159.49,13406.43,5293.65
2017-06-21,,,,,9418.48,4146.43,13367.99,5274.26
2017-06-22,,,,,9431.51,4152.17,13387.43,5281.93
2017-06-23,,,,,9406.69,4141.24,13347.34,5266.12
2017-06-26,,,,,9454.64,4162.25,13422.44,5295.75
2017-06-27,,,,,9381.27,4129.95,13328.25,5258.58
2017-06-28,,,,,9365.57,4122.86,13313.84,5252.9
2017-06-29,,,,,9192.99,4046.82,13064.05,5154.35
2017-06-30,,,,,9143.24,4024.89,12978.71,5120.68
2017-07-03,,,,,9259.63,4075.72,13168.92,5195.72
2017-07-04,,,,,9222.58,4057.91,13121.96,5174.9
2017-07-05,,,,,9238.42,4063.72,13137.43,5180.1
2017-07-06,,,,,9182.74,4039.22,13067.18,5152.4
2017-07-07,,,,,9177.37,4036.63,13048.82,5145.16
2017-07-10,,,,,9213.83,4052.64,13100.76,5165.64
2017-07-11,,,,,9173.54,4034.91,13037.27,5140.6
2017-07-12,,,,,9311.88,4095.76,13244.03,5222.13
2017-07-13,,,,,9338.79,4107.59,13277.69,5235.4
2017-07-14,,,,,9347.04,4111.22,13277.46,5235.31
2017-07-17,,,,,9342.03,4109.02,13264.42,5230.17
2017-07-18,,,,,9249.73,4068.42,13120.12,5173.27
2017-07-19,,,,,9322.37,4100.37,13228.65,5216.07
2017-07-20,,,,,9293.64,4087.71,13185.92,5199.22
2017-07-21,,,,,9161.23,4029.47,12979.08,5117.66
2017-07-24,,,,,9164.55,4030.93,13004.53,5127.7
2017-07-25,,,,,9216.51,4053.78,13089.2,5161.08
2017-07-26,,,,,9269.71,4077.18,13162.97,5190.17
2017-07-27,,,,,9260.81,4073.26,13154.81,5186.95
2017-07-28,,,,,9163.97,4030.67,13013.9,5131.39
2017-07-31,,,,,9106.4,4005.34,12918.48,5093.77
2017-08-01,,,,,9167.41,4032.07,13002.83,5127.03
2017-08-02,,,,,9133.82,4017.29,12952.68,5107.25
2017-08-03,,,,,9174.64,4035.25,13011.61,5130.49
2017-08-04,,,,,9290.24,4086.01,13196.63,5203.44
2017-08-07,,,,,9297.36,4089.13,13207.91,5207.89
2017-08-08,,,,,9317.9,4098.17,13235.82,5218.89
2017-08-09,,,,,9199.06,4045.9,13050.18,5145.7
2017-08-10,,,,,9145.95,4022.54,12972.93,5115.23
2017-08-11,,,,,9047.99,3979.46,12835.17,5060.92
2017-08-14,,,,,9157.3,4027.54,12989.24,5121.67
2017-08-15,,,,,9188.32,4041.18,13036.36,5140.25
2017-08-16,,,,,9255.29,4070.59,13128.59,5176.61
2017-08-17,,,,,9211.12,4051.16,13053.11,5146.85
2017-08-18,,,,,9149.09,4023.88,12970.18,5114.15
2017-08-21,,,,,9104.85,4004.42,12902.8,5087.59
2017-08-22,,,,,9179.31,4037.17,13015.08,5131.86
2017-08-23,,,,,9150.91,4024.68,12973.32,5115.39
2017-08-24,,,,,9143.35,4021.36,12967.58,5113.13
2017-08-25,,,,,9126.49,4013.94,12945.27,5104.33
2017-08-28,,,,,9082.14,3994.44,12882.93,5079.75
2017-08-29,,,,,8992.42,3954.98,12761.63,5031.92
2017-08-30,,,,,9044.94,3978.08,12823.55,5056.34
2017-08-31,,,,,9106.08,4004.96,12897.74,5085.59
2017-09-01,,,,,9167.21,4031.85,12993.29,5123.26
2017-09-04,,,,,9134.04,4017.26,12944.37,5103.97
2017-09-05,,,,,9114.7,4008.76,12900.19,5086.56
2017-09-06,,,,,9136.69,4018.43,12937.86,5101.41
2017-09-07,,,,,9162.49,4029.77,12971.36,5114.62
2017-09-08,,,,,9164.48,4030.59,12968.49,5113.49
2017-09-11,,,,,9274.2,4078.85,13128.84,5176.71
2017-09-12,,,,,9327.05,4102.09,13210.76,5209.01
2017-09-13,,,,,9334.7,4105.45,13232.52,5217.59
2017-09-14,,,,,9351.48,4112.83,13251.81,5225.2
2017-09-15,,,,,9328.23,4102.6,13223.18,5213.91
2017-09-18,,,,,9360.53,4116.71,13262.64,5229.32
2017-09-19,,,,,9378.16,4124.47,13283.24,5237.44
2017-09-20,,,,,9379.3,4124.97,13293.94,5241.66
2017-09-21,,,,,9415.11,4140.72,13358.94,5267.29
2017-09-22,,,,,9441.74,4152.43,13394.44,5281.29
2017-09-25,,,,,9432.59,4144.23,13375.64,5267.13
2017-09-26,,,,,9432.84,4144.34,13379.78,5268.76
2017-09-27,,,,,9455.39,4154.13,13413.32,5281.96
2017-09-28,,,,,9482.63,4166.1,13443.31,5293.77
2017-09-29,,,,,9540.98,4191.73,13534.83,5329.81
2017-10-02,,,,,9578.39,4208.17,13587.22,5350.44
2017-10-03,,,,,9610.11,4222.1,13630.3,5367.41
2017-10-04,,,,,9604.01,4219.42,13619.69,5363.23
2017-10-05,,,,,9625.74,4228.97,13660.27,5379.21
2017-10-06,,,,,9594.37,4215.19,13611.23,5359.9
2017-10-09,,,,,9604.23,4219.52,13626.29,5365.83
2017-10-10,,,,,9600.71,4217.97,13620.74,5363.65
2017-10-11,,,,,9602.27,4216.96,13624.56,5362.41
2017-10-12,,,,,9604.58,4217.98,13620.48,5360.81
2017-10-13,,,,,9587.17,4210.33,13597.43,5351.74
2017-10-16,,,,,9602.59,4217.1,13625.74,5362.88
2017-10-17,,,,,9599.83,4215.89,13621.92,5361.37
2017-10-18,,,,,9640.18,4233.61,13678.93,5383.81
2017-10-19,,,,,9597.02,4214.6,13639.5,5368.29
2017-10-20,,,,,9610.0,4220.3,13649.88,5372.38
2017-10-23,,,,,9627.21,4227.86,13686.55,5386.81
2017-10-24,,,,,9630.62,4229.35,13706.84,5394.8
2017-10-25,,,,,9594.46,4213.48,13656.27,5374.89
2017-10-26,,,,,9723.24,4270.03,13860.81,5455.4
2017-10-27,,,,,9783.47,4296.48,13959.23,5494.13
2017-10-30,,,,,9783.84,4296.64,13957.95,5493.63
2017-10-31,,,,,9800.19,4303.82,13982.49,5503.29
2017-11-01,,,,,9823.45,4314.04,14010.44,5514.29
2017-11-02,,,,,9813.8,4309.8,14000.82,5510.5
2017-11-03,,,,,9831.25,4317.44,14019.8,5517.97
2017-11-06,,,,,9813.54,4309.67,13992.56,5507.25
2017-11-07,,,,,9768.79,4289.03,13929.0,5480.64
2017-11-08,,,,,9758.34,4284.43,13905.6,5471.43
2017-11-09,,,,,9647.1,4235.59,13743.75,5407.75
2017-11-10,,,,,9601.16,4215.42,13675.06,5380.72
2017-11-13,,,,,9522.91,4181.07,13575.71,5341.63
2017-11-14,,,,,9487.76,4165.64,13509.51,5315.58
2017-11-15,,,,,9453.79,4150.72,13473.09,5301.25
2017-11-16,,,,,9522.01,4180.38,13562.4,5336.39
2017-11-17,,,,,9485.83,4164.5,13518.63,5319.17
2017-11-20,,,,,9524.51,4180.68,13575.97,5340.45
2017-11-21,,,,,9569.92,4200.14,13641.3,5366.15
2017-11-22,,,,,9550.09,4191.43,13607.28,5352.76
2017-11-23,,,,,9595.65,4211.41,13675.36,5379.54
2017-11-24,,,,,9609.2,4217.36,13703.11,5390.46
2017-11-27,,,,,9565.48,4198.17,13625.9,5360.09
2017-11-28,,,,,9617.95,4221.2,13703.15,5390.48
2017-11-29,,,,,9630.05,4226.51,13722.41,5398.05
2017-11-30,,,,,9603.17,4214.71,13658.19,5372.79
2017-12-01,,,,,9508.77,4173.28,13516.08,5316.89
2017-12-04,,,,,9625.08,4224.33,13700.13,5389.29
2017-12-05,,,,,9608.72,4214.46,13676.17,5375.53
2017-12-06,,,,,9602.69,4211.63,13673.16,5374.35
2017-12-07,,,,,9623.37,4220.45,13697.36,5383.86
2017-12-08,,,,,9650.23,4232.23,13736.1,5399.09
2017-12-11,,,,,9632.97,4224.66,13704.91,5386.83
2017-12-12,,,,,9698.43,4253.37,13807.59,5427.19
2017-12-13,,,,,9654.54,4234.08,13737.02,5399.45
2017-12-14,,,,,9587.74,4204.78,13629.38,5357.14
2017-12-15,,,,,9572.23,4197.98,13609.44,5349.3
2017-12-18,,,,,9700.55,4254.16,13791.17,5420.58
2017-12-19,,,,,9654.27,4229.69,13712.48,5382.91
2017-12-20,,,,,9604.36,4207.83,13635.71,5352.77
2017-12-21,,,,,9654.53,4229.81,13720.29,5385.97
2017-12-22,,,,,9622.72,4215.87,13666.14,5364.72
2017-12-27,,,,,9633.59,4220.63,13676.64,5368.84
2017-12-28,,,,,9592.03,4202.42,13601.71,5339.42
2017-12-29,,,,,9551.07,4184.48,13533.27,5312.56
2018-01-02,,,,,9521.83,4171.67,13472.26,5288.6
2018-01-03,,,,,9598.16,4205.11,13580.97,5331.28
2018-01-04,,,,,9732.03,4263.76,13790.91,5413.69
2018-01-05,,,,,9827.88,4305.75,13936.26,5470.75
2018-01-08,,,,,9860.07,4319.85,13978.73,5487.42
2018-01-09,,,,,9923.75,4347.75,14071.75,5523.94
2018-01-10,,,,,9883.78,4330.24,14022.7,5504.68
2018-01-11,,,,,9851.88,4316.23,13981.6,5488.55
2018-01-12,,,,,9896.31,4335.7,14054.22,5517.06
2018-01-15,,,,,9886.9,4331.15,14037.22,5509.69
2018-01-16,,,,,9903.65,4338.19,14048.94,5513.82
2018-01-17,,,,,9877.52,4326.75,13998.41,5493.99
2018-01-18,,,,,9879.5,4327.62,14000.56,5494.83
2018-01-19,,,,,9935.62,4352.2,14081.27,5526.51
2018-01-22,,,,,9962.7,4364.06,14120.72,5541.99
2018-01-23,,,,,9953.16,4359.88,14103.56,5535.26
2018-01-24,,,,,9879.05,4327.42,14001.39,5495.16
2018-01-25,,,,,9847.53,4313.61,13965.84,5481.21
2018-01-26,,,,,9926.02,4347.99,14088.0,5529.15
2018-01-29,,,,,9910.96,4341.39,14068.73,5521.59
2018-01-30,,,,,9830.39,4306.1,13946.91,5473.78
2018-01-31,,,,,9850.55,4314.93,13967.67,5481.93
2018-02-01,,,,,9816.47,4299.3,13900.82,5454.55
2018-02-02,,,,,9660.5,4230.91,13672.56,5364.98
2018-02-05,,,,,9513.67,4166.61,13470.84,5285.83
2018-02-06,,,,,9294.77,4070.74,13154.78,5161.81
2018-02-07,,,,,9466.5,4145.95,13394.57,5255.9
2018-02-08,,,,,9279.55,4064.07,13128.97,5151.68
2018-02-09,,,,,9160.23,4011.82,12944.29,5079.21
2018-02-12,,,,,9261.6,4056.21,13099.35,5140.06
2018-02-13,,,,,9211.03,4034.03,13020.81,5109.24
2018-02-14,,,,,9315.54,4079.77,13163.58,5165.26
2018-02-15,,,,,9411.99,4122.01,13309.5,5222.52
2018-02-16,,,,,9516.0,4167.56,13460.02,5281.58
2018-02-19,,,,,9475.35,4149.75,13395.29,5256.18
2018-02-20,,,,,9532.76,4174.76,13481.11,5289.86
2018-02-21,,,,,9558.38,4185.98,13512.5,5302.17
2018-02-22,,,,,9558.44,4186.01,13530.49,5309.23
2018-02-23,,,,,9570.39,4191.24,13551.23,5317.37
2018-02-26,,,,,9616.14,4211.28,13619.75,5344.26
2018-02-27,,,,,9608.6,4207.98,13618.91,5343.93
2018-02-28,,,,,9565.16,4188.95,13559.19,5320.49
2018-03-01,,,,,9465.1,4145.13,13411.54,5262.56
2018-03-02,,,,,9254.25,4052.79,13090.49,5136.58
2018-03-05,,,,,9306.36,4075.61,13168.59,5167.23
2018-03-06,,,,,9327.04,4084.37,13176.24,5170.23
2018-03-07,,,,,9362.78,4100.02,13221.08,5187.83
2018-03-08,,,,,9478.89,4150.81,13389.97,5254.1
2018-03-09,,,,,9518.69,4168.24,13441.72,5274.4
2018-03-12,,,,,9530.94,4173.61,13447.61,5276.71
2018-03-13,,,,,9469.5,4146.68,13361.17,5242.79
2018-03-14,,,,,9451.89,4138.97,13337.12,5233.36
2018-03-15,,,,,9504.93,4162.19,13423.53,5267.26
2018-03-16,,,,,9520.53,4168.89,13462.99,5282.75
2018-03-19,,,,,9433.9,4126.54,13328.46,5222.84
2018-03-20,,,,,9477.69,4145.69,13403.97,5252.43
2018-03-21,,,,,9459.12,4137.57,13371.59,5239.74
2018-03-22,,,,,9333.6,4082.67,13186.49,5167.21
2018-03-23,,,,,9215.26,4030.9,13002.78,5095.22
2018-03-26,,,,,9166.97,4009.78,12928.94,5066.28
2018-03-27,,,,,9262.95,4050.22,13061.47,5115.74
2018-03-28,,,,,9285.94,4060.27,13099.0,5130.44
2018-03-29,,,,,9338.46,4083.23,13193.11,5167.3
2018-04-03,,,,,9304.1,4068.21,13154.35,5152.12
2018-04-04,,,,,9272.99,4054.61,13127.99,5141.8
2018-04-05,,,,,9501.49,4154.51,13472.34,5276.67
2018-04-06,,,,,9478.15,4144.3,13425.29,5258.24
2018-04-09,,,,,9490.76,4149.78,13438.44,5263.39
2018-04-10,,,,,9562.98,4181.36,13551.21,5307.56
2018-04-11,,,,,9514.5,4160.16,13475.59,5277.94
2018-04-12,,,,,9565.05,4182.26,13555.45,5309.22
2018-04-13,,,,,9581.97,4189.66,13570.27,5315.02
2018-04-16,,,,,9586.14,4189.0,13575.18,5312.96
2018-04-17,,,,,9665.4,4220.94,13689.99,5353.54
2018-04-18,,,,,9711.87,4241.24,13758.08,5380.17
2018-04-19,,,,,9734.0,4250.9,13787.41,5391.64
2018-04-20,,,,,9764.7,4262.98,13846.7,5412.83
2018-04-23,,,,,9794.29,4275.07,13912.49,5438.55
2018-04-24,,,,,9802.68,4276.21,13937.28,5444.16
2018-04-25,,,,,9744.49,4247.97,13868.75,5413.3
2018-04-26,,,,,9825.83,4281.29,13975.67,5453.58
2018-04-27,,,,,9885.95,4307.48,14051.55,5483.19
2018-04-30,,,,,9944.29,4331.78,14147.17,5520.5
2018-05-02,,,,,9986.99,4344.43,14191.7,5529.22
2018-05-03,,,,,9958.2,4324.52,14149.71,5501.66
2018-05-04,,,,,9992.08,4335.77,14200.99,5516.05
2018-05-07,,,,,10023.97,4349.22,14240.55,5531.42
2018-05-08,,,,,10018.97,4347.04,14216.12,5521.93
2018-05-09,,,,,10040.15,4356.15,14248.81,5534.63
2018-05-10,,,,,10060.81,4365.12,14277.96,5545.95
2018-05-11,,,,,10084.93,4362.71,14319.78,5541.94
2018-05-14,,,,,10086.72,4360.83,14325.19,5540.68
2018-05-15,,,,,10087.7,4360.79,14357.45,5553.16
2018-05-16,,,,,10105.96,4368.52,14394.63,5567.54
2018-05-17,,,,,10202.08,4409.86,14535.89,5621.92
2018-05-18,,,,,10188.9,4403.49,14516.73,5614.51
2018-05-21,,,,,10234.94,4422.64,14578.76,5637.51
2018-05-22,,,,,10257.86,4424.19,14608.69,5640.1
2018-05-23,,,,,10133.39,4370.18,14416.36,5565.85
2018-05-24,,,,,10110.15,4360.07,14371.29,5548.45
2018-05-25,,,,,10109.52,4358.83,14356.01,5542.55
2018-05-28,,,,,10066.82,4334.41,14288.81,5508.93
2018-05-29,,,,,9942.08,4278.44,14111.34,5438.06
2018-05-30,,,,,9960.78,4271.7,14143.06,5427.35
2018-05-31,,,,,9930.92,4258.4,14069.56,5398.4
2018-06-01,,,,,10040.63,4304.12,14248.51,5465.53
2018-06-04,,,,,10067.48,4313.9,14274.62,5472.91
2018-06-05,,,,,10051.7,4304.49,14252.98,5460.95
2018-06-06,,,,,10049.85,4302.15,14249.11,5457.56
2018-06-07,,,,,10021.32,4289.66,14225.08,5448.36
2018-06-08,,,,,10021.19,4289.23,14229.94,5450.22
2018-06-11,,,,,10073.87,4305.6,14317.76,5473.91
2018-06-12,,,,,10050.96,4295.51,14264.04,5453.37
2018-06-13,,,,,10062.55,4300.45,14262.35,5452.73
2018-06-14,,,,,10185.2,4352.85,14460.43,5528.46
2018-06-15,,,,,10141.57,4334.2,14390.92,5501.88
2018-06-18,,,,,10055.87,4297.41,14256.86,5450.48
2018-06-19,,,,,9954.59,4254.09,14100.33,5390.63
2018-06-20,,,,,9924.85,4241.31,14052.39,5372.31
2018-06-21,,,,,9838.21,4201.7,13915.73,5316.01
2018-06-22,,,,,9948.74,4248.91,14102.56,5387.38
2018-06-25,,,,,9772.06,4173.37,13831.57,5283.86
2018-06-26,,,,,9766.34,4170.92,13824.85,5281.29
2018-06-27,,,,,9840.88,4202.72,13945.02,5327.2
2018-06-28,,,,,9749.19,4163.48,13810.05,5275.64
2018-06-29,,,,,9825.34,4195.98,13935.39,5323.53
2018-07-02,,,,,9738.1,4158.63,13812.97,5276.76
2018-07-03,,,,,9805.27,4187.12,13917.71,5316.77
2018-07-04,,,,,9803.9,4185.57,13930.05,5320.5
2018-07-05,,,,,9878.96,4217.6,14050.03,5366.32
2018-07-06,,,,,9903.61,4228.12,14074.77,5375.77
2018-07-09,,,,,9947.58,4246.89,14133.26,5398.11
2018-07-10,,,,,10012.31,4274.5,14228.16,5434.36
2018-07-11,,,,,9882.36,4219.02,14017.58,5353.93
2018-07-12,,,,,9976.65,4259.27,14153.65,5405.9
2018-07-13,,,,,10009.09,4272.99,14214.67,5429.2
2018-07-16,,,,,9980.68,4260.86,14162.89,5409.43
2018-07-17,,,,,9995.47,4267.17,14197.22,5422.54
2018-07-18,,,,,10037.3,4285.03,14262.4,5447.44
2018-07-19,,,,,9984.64,4262.55,14182.9,5417.07
2018-07-20,,,,,9950.99,4248.02,14133.82,5398.32
2018-07-23,,,,,9912.1,4231.42,14081.27,5378.25
2018-07-24,,,,,10004.43,4270.81,14227.73,5434.19
2018-07-25,,,,,9994.71,4266.66,14207.36,5426.41
2018-07-26,,,,,10082.87,4304.3,14349.09,5480.55
2018-07-27,,,,,10141.86,4329.48,14430.82,5511.76
2018-07-30,,,,,10107.23,4314.69,14377.05,5491.22
2018-07-31,,,,,10133.89,4325.96,14429.61,5511.3
2018-08-01,,,,,10109.78,4315.66,14395.76,5498.37
2018-08-02,,,,,10053.12,4291.47,14297.87,5460.98
2018-08-03,,,,,10090.72,4307.44,14344.99,5478.98
2018-08-06,,,,,10087.92,4306.24,14340.27,5477.18
2018-08-07,,,,,10158.66,4336.44,14455.83,5521.31
2018-08-08,,,,,10131.91,4325.02,14405.0,5501.9
2018-08-09,,,,,10139.8,4328.39,14405.9,5502.25
2018-08-10,,,,,10000.05,4268.73,14176.63,5414.68
2018-08-13,,,,,9986.98,4263.15,14170.47,5412.32
2018-08-14,,,,,9970.93,4256.3,14147.13,5403.41
2018-08-15,,,,,9807.54,4186.55,13890.05,5305.22
2018-08-16,,,,,9880.72,4217.74,14004.72,5349.02
2018-08-17,,,,,9875.28,4215.42,13994.03,5344.93
2018-08-20,,,,,9945.23,4245.12,14085.56,5379.65
2018-08-21,,,,,9996.29,4266.92,14161.36,5408.6
2018-08-22,,,,,10018.56,4276.42,14192.81,5420.61
2018-08-23,,,,,10019.52,4276.83,14189.46,5419.33
2018-08-24,,,,,10039.1,4285.19,14223.94,5432.5
2018-08-27,,,,,10121.58,4320.4,14345.97,5479.1
2018-08-28,,,,,10131.36,4324.57,14361.38,5484.99
2018-08-29,,,,,10157.38,4335.68,14404.17,5501.33
2018-08-30,,,,,10116.36,4318.17,14343.24,5478.06
2018-08-31,,,,,9999.18,4268.15,14156.8,5406.85
2018-09-03,,,,,9999.59,4268.32,14174.98,5413.8
2018-09-04,,,,,9884.87,4219.36,13988.82,5342.7
2018-09-05,,,,,9737.24,4156.34,13772.85,5260.22
2018-09-06,,,,,9710.77,4145.04,13729.96,5243.84
2018-09-07,,,,,9728.81,4152.69,13751.91,5252.22
2018-09-10,,,,,9762.1,4166.89,13797.5,5269.63
2018-09-11,,,,,9784.79,4176.58,13834.57,5283.79
2018-09-12,,,,,9866.52,4211.45,13961.16,5332.13
2018-09-13,,,,,9852.72,4205.56,13950.65,5328.12
2018-09-14,,,,,9897.34,4224.61,14014.67,5352.57
2018-09-17,,,,,9892.48,4222.44,14005.38,5348.87
2018-09-18,,,,,9923.35,4235.61,14044.44,5363.79
2018-09-19,,,,,9961.95,4252.09,14122.86,5393.74
2018-09-20,,,,,10050.45,4289.86,14274.34,5451.59
2018-09-21,,,,,10121.73,4320.29,14385.83,5494.17
2018-09-24,,,,,10091.76,4307.5,14338.69,5476.17
2018-09-25,,,,,10107.39,4309.54,14365.6,5479.1
2018-09-26,,,,,10157.31,4330.69,14453.76,5512.73
2018-09-27,,,,,10197.26,4347.72,14526.33,5540.41
2018-09-28,,,,,10119.36,4314.51,14403.33,5493.49
2018-10-01,,,,,10143.82,4324.94,14438.25,5506.82
2018-10-02,,,,,10073.41,4294.91,14336.21,5467.89
2018-10-03,,,,,10118.13,4313.98,14397.85,5491.4
2018-10-04,,,,,9974.08,4252.56,14186.63,5410.85
2018-10-05,,,,,9880.23,4212.55,14051.65,5359.36
2018-10-08,,,,,9771.59,4166.23,13896.65,5300.25
2018-10-09,,,,,9792.89,4175.31,13944.64,5318.55
2018-10-10,,,,,9582.69,4083.76,13658.16,5206.22
2018-10-11,,,,,9405.8,4008.38,13396.22,5106.37
2018-10-12,,,,,9396.5,4004.41,13368.94,5095.98
2018-10-15,,,,,9384.82,3999.44,13366.57,5095.07
2018-10-16,,,,,9541.91,4066.38,13571.13,5173.05
2018-10-17,,,,,9502.98,4049.79,13497.41,5144.95
2018-10-18,,,,,9457.44,4030.38,13423.55,5116.79
2018-10-19,,,,,9393.65,4003.13,13339.25,5084.66
2018-10-22,,,,,9330.77,3976.33,13257.02,5053.31
2018-10-23,,,,,9161.35,3904.13,13032.4,4967.69
2018-10-24,,,,,9141.19,3895.54,12994.1,4953.09
2018-10-25,,,,,9278.48,3954.05,13201.89,5032.3
2018-10-26,,,,,9164.53,3905.49,13031.54,4967.37
2018-10-29,,,,,9211.04,3925.31,13089.23,4989.35
2018-10-30,,,,,9191.01,3916.77,13060.83,4978.53
2018-10-31,,,,,9387.74,4000.61,13362.28,5093.44
2018-11-01,,,,,9383.27,3998.7,13342.2,5085.78
2018-11-02,,,,,9420.99,4014.78,13385.1,5102.13
2018-11-05,,,,,9405.76,4008.29,13383.15,5101.39
2018-11-06,,,,,9368.67,3991.46,13318.66,5075.19
2018-11-07,,,,,9484.94,4040.99,13483.35,5137.94
2018-11-08,,,,,9475.28,4036.87,13466.31,5131.45
2018-11-09,,,,,9421.95,4014.15,13401.48,5106.75
2018-11-12,,,,,9328.47,3974.32,13276.43,5059.09
2018-11-13,,,,,9396.64,4003.37,13388.63,5101.85
2018-11-14,,,,,9342.58,3980.34,13302.04,5068.85
2018-11-15,,,,,9265.41,3947.4,13209.58,5033.62
2018-11-16,,,,,9243.8,3938.2,13187.47,5025.2
2018-11-19,,,,,9162.56,3903.44,13083.77,4985.45
2018-11-20,,,,,9038.15,3849.93,12924.85,4924.89
2018-11-21,,,,,9130.74,3889.37,13057.66,4975.5
2018-11-22,,,,,9061.99,3860.09,12959.61,4938.14
2018-11-23,,,,,9081.94,3868.58,12982.73,4946.95
2018-11-26,,,,,9176.1,3908.69,13108.78,4994.98
2018-11-27,,,,,9162.91,3903.06,13077.74,4983.15
2018-11-28,,,,,9166.29,3903.73,13081.17,4983.24
2018-11-29,,,,,9212.77,3923.52,13141.56,5006.25
2018-11-30,,,,,9199.44,3917.85,13135.45,5003.92
2018-12-03,,,,,9284.77,3953.94,13266.87,5053.98
2018-12-04,,,,,9204.21,3916.19,13172.12,5012.66
2018-12-05,,,,,9080.72,3863.64,12992.67,4944.37
2018-12-06,,,,,8774.37,3732.98,12561.96,4780.46
2018-12-07,,,,,8837.41,3759.8,12647.8,4813.13
2018-12-10,,,,,8691.58,3697.76,12461.9,4742.38
2018-12-11,,,,,8808.01,3747.29,12629.59,4806.2
2018-12-12,,,,,8995.79,3827.16,12900.91,4909.45
2018-12-13,,,,,8974.16,3817.95,12867.99,4896.92
2018-12-14,,,,,8893.53,3783.63,12754.41,4853.7
2018-12-17,,,,,8787.82,3738.56,12613.39,4799.87
2018-12-18,,,,,8715.97,3703.36,12512.36,4754.08
2018-12-19,,,,,8752.05,3718.69,12573.88,4777.45
2018-12-20,,,,,8587.28,3648.68,12350.18,4692.46
2018-12-21,,,,,8584.81,3647.64,12355.24,4694.38
2018-12-24,,,,,8473.26,3600.24,12176.29,4626.39
2018-12-27,,,,,8419.36,3577.33,12103.19,4598.61
2018-12-28,,,,,8570.06,3641.37,12314.07,4678.74
2018-12-31,,,,,8670.79,3684.17,12450.81,4730.69
2019-01-02,,,,,8598.59,3653.49,12342.11,4689.39
2019-01-03,,,,,8459.53,3594.4,12137.06,4611.49
2019-01-04,,,,,8687.18,3691.13,12467.71,4737.12
2019-01-07,,,,,8669.49,3683.61,12420.49,4719.17
2019-01-08,,,,,8779.72,3730.45,12562.88,4773.27
2019-01-09,,,,,8859.0,3764.13,12668.95,4813.58
2019-01-10,,,,,8853.0,3761.58,12648.1,4805.66
2019-01-11,,,,,8813.0,3744.54,12584.12,4781.34
2019-01-14,,,,,8765.23,3724.24,12535.19,4762.75
2019-01-15,,,,,8803.89,3739.61,12599.98,4786.17
2019-01-16,,,,,8858.67,3762.88,12664.65,4810.74
2019-01-17,,,,,8833.75,3752.3,12621.55,4794.37
2019-01-18,,,,,8987.18,3817.47,12836.28,4875.93
2019-01-21,,,,,8973.59,3811.7,12814.8,4867.78
2019-01-22,,,,,8939.64,3797.28,12761.51,4847.53
2019-01-23,,,,,8919.23,3788.61,12742.68,4840.38
2019-01-24,,,,,8972.59,3811.27,12825.82,4871.96
2019-01-25,,,,,9069.85,3852.58,12967.62,4925.82
2019-01-28,,,,,9002.02,3823.77,12869.56,4888.58
2019-01-29,,,,,9064.5,3850.31,12973.82,4928.18
2019-01-30,,,,,9143.83,3883.3,13099.41,4974.76
2019-01-31,,,,,9164.3,3891.99,13146.7,4992.72
2019-02-01,,,,,9210.99,3911.82,13216.58,5019.26
2019-02-04,,,,,9182.55,3899.75,13166.37,5000.19
2019-02-05,,,,,9337.85,3965.7,13385.32,5083.34
2019-02-06,,,,,9322.91,3959.35,13374.02,5079.05
2019-02-07,,,,,9152.3,3886.9,13127.84,4985.56
2019-02-08,,,,,9092.11,3861.34,13064.85,4961.64
2019-02-11,,,,,9186.05,3901.23,13203.97,5014.47
2019-02-12,,,,,9254.64,3930.33,13314.25,5056.35
2019-02-13,,,,,9298.68,3949.0,13361.42,5074.27
2019-02-14,,,,,9282.14,3941.98,13330.5,5062.52
2019-02-15,,,,,9432.36,4005.77,13569.23,5153.19
2019-02-18,,,,,9469.78,4021.66,13609.65,5168.54
2019-02-19,,,,,9453.44,4014.72,13588.55,5160.52
2019-02-20,,,,,9515.1,4040.8,13682.3,5195.95
2019-02-21,,,,,9515.38,4040.92,13682.73,5196.11
2019-02-22,,,,,9551.92,4056.43,13734.7,5215.85
2019-02-25,,,,,9581.23,4068.88,13776.83,5231.85
2019-02-26,,,,,9590.09,4072.64,13794.92,5238.72
2019-02-27,,,,,9565.64,4062.26,13759.73,5225.35
2019-02-28,,,,,9607.28,4079.94,13799.69,5240.53
2019-03-01,,,,,9665.35,4104.54,13864.64,5265.19
2019-03-04,,,,,9706.11,4121.49,13920.93,5286.57
2019-03-05,,,,,9709.56,4122.96,13949.76,5297.52
2019-03-06,,,,,9688.02,4113.81,13926.83,5288.81
2019-03-07,,,,,9641.18,4093.31,13871.81,5267.92
2019-03-08,,,,,9576.14,4065.7,13775.18,5231.22
2019-03-11,,,,,9638.34,4092.11,13866.66,5265.96
2019-03-12,,,,,9650.63,4097.31,13877.95,5270.25
2019-03-13,,,,,9712.85,4123.72,13973.08,5306.38
2019-03-14,,,,,9792.25,4157.43,14087.37,5349.78
2019-03-15,,,,,9882.79,4195.87,14233.63,5405.32
2019-03-18,,,,,9895.73,4201.12,14254.44,5412.83
2019-03-19,,,,,9937.14,4213.93,14307.95,5425.9
2019-03-20,,,,,9851.0,4177.4,14193.91,5382.66
2019-03-21,,,,,9842.85,4173.95,14183.86,5378.85
2019-03-22,,,,,9645.03,4090.06,13896.62,5269.92
2019-03-25,,,,,9612.68,4076.34,13872.16,5260.64
2019-03-26,,,,,9698.31,4112.65,13995.4,5307.38
2019-03-27,,,,,9690.51,4107.12,13988.02,5301.24
2019-03-28,,,,,9678.65,4102.1,13975.64,5296.54
2019-03-29,,,,,9778.36,4144.31,14118.08,5350.53
2019-04-01,,,,,9888.96,4191.19,14263.2,5405.53
2019-04-02,,,,,9927.87,4207.67,14310.54,5423.47
2019-04-03,,,,,10019.25,4246.4,14430.44,5468.91
2019-04-04,,,,,10004.17,4240.01,14416.98,5463.8
2019-04-05,,,,,10028.35,4250.26,14449.69,5476.2
2019-04-08,,,,,10014.72,4244.48,14438.02,5471.78
2019-04-09,,,,,9945.85,4215.29,14344.72,5436.42
2019-04-10,,,,,9973.06,4226.83,14380.24,5449.88
2019-04-11,,,,,10041.12,4255.67,14474.8,5485.72
2019-04-12,,,,,10080.13,4272.21,14519.62,5502.7
2019-04-15,,,,,10103.01,4279.18,14546.87,5508.73
2019-04-16,,,,,10144.75,4295.57,14604.91,5528.67
2019-04-17,,,,,10196.6,4317.52,14695.85,5563.09
2019-04-18,,,,,10226.09,4330.0,14741.53,5580.38
2019-04-23,,,,,10255.68,4339.11,14782.23,5591.69
2019-04-24,,,,,10237.64,4331.47,14740.92,5576.06
2019-04-25,,,,,10201.41,4312.91,14705.43,5557.67
2019-04-26,,,,,10239.32,4325.76,14747.86,5569.36
2019-04-29,,,,,10265.56,4336.63,14778.63,5580.98
2019-04-30,,,,,10278.21,4336.1,14813.93,5586.41
2019-05-02,,,,,10221.72,4301.95,14730.39,5538.86
2019-05-03,,,,,10234.05,4306.65,14758.88,5548.84
2019-05-06,,,,,10112.26,4255.4,14585.14,5483.52
2019-05-07,,,,,9971.8,4192.68,14366.72,5395.75
2019-05-08,,,,,10007.71,4207.62,14424.88,5417.59
2019-05-09,,,,,9836.91,4125.77,14188.02,5313.16
2019-05-10,,,,,9863.53,4136.31,14228.7,5327.44
2019-05-13,,,,,9734.95,4081.6,14055.44,5262.57
2019-05-14,,,,,9884.61,4142.49,14272.07,5341.35
2019-05-15,,,,,9943.16,4166.74,14360.01,5374.26
2019-05-16,,,,,10073.0,4220.73,14558.74,5448.11
2019-05-17,,,,,10049.68,4210.94,14532.36,5438.23
2019-05-20,,,,,9911.78,4147.84,14333.71,5358.59
2019-05-21,,,,,9981.4,4169.35,14428.87,5385.46
2019-05-22,,,,,9970.69,4163.99,14411.49,5378.98
2019-05-23,,,,,9787.46,4087.08,14149.98,5281.37
2019-05-24,,,,,9858.5,4114.0,14253.63,5316.51
2019-05-27,,,,,9911.19,4128.24,14333.95,5336.19
2019-05-28,,,,,9875.06,4113.19,14270.82,5312.69
2019-05-29,,,,,9736.94,4045.35,14069.42,5222.12
2019-05-30,,,,,9793.34,4067.9,14145.2,5248.91
2019-05-31,,,,,9726.1,4038.75,14033.94,5207.63
2019-06-03,,,,,9779.11,4059.49,14129.44,5241.46
2019-06-04,,,,,9833.53,4079.61,14211.32,5268.26
2019-06-05,,,,,9889.61,4102.09,14278.64,5292.0
2019-06-06,,,,,9856.8,4088.48,14242.03,5278.43
2019-06-07,,,,,10015.3,4153.75,14474.04,5364.05
2019-06-10,,,,,10056.76,4168.94,14532.24,5382.5
2019-06-11,,,,,10115.5,4188.56,14621.88,5408.45
2019-06-12,,,,,10055.03,4163.46,14531.25,5374.92
2019-06-13,,,,,10057.98,4164.68,14533.17,5375.63
2019-06-14,,,,,10034.28,4154.87,14511.5,5367.62
2019-06-17,,,,,10072.13,4169.81,14575.02,5390.95
2019-06-18,,,,,10293.29,4259.43,14904.41,5509.73
2019-06-19,,,,,10310.77,4266.65,14927.99,5518.45
2019-06-20,,,,,10334.33,4275.54,14977.61,5535.57
2019-06-21,,,,,10307.07,4264.26,14958.02,5528.33
2019-06-24,,,,,10291.52,4257.75,14940.11,5521.71
2019-06-25,,,,,10285.75,4254.1,14926.22,5514.57
2019-06-26,,,,,10264.43,4245.27,14888.73,5500.72
2019-06-27,,,,,10261.52,4243.91,14869.49,5493.61
2019-06-28,,,,,10348.23,4279.73,14992.26,5538.97
2019-07-01,,,,,10405.93,4303.12,15070.6,5567.91
2019-07-02,,,,,10419.26,4308.25,15094.7,5576.82
2019-07-03,,,,,10503.0,4340.28,15217.39,5618.81
2019-07-04,,,,,10512.1,4344.03,15222.58,5620.73
2019-07-05,,,,,10454.75,4320.32,15149.44,5593.72
2019-07-08,,,,,10444.61,4314.84,15140.02,5589.19
2019-07-09,,,,,10404.59,4298.28,15093.73,5572.1
2019-07-10,,,,,10398.02,4295.55,15081.5,5567.59
2019-07-11,,,,,10370.92,4284.36,15039.13,5551.95
2019-07-12,,,,,10415.36,4302.56,15095.79,5572.86
2019-07-15,,,,,10433.44,4310.03,15110.28,5578.21
2019-07-16,,,,,10495.14,4335.52,15208.26,5614.38
2019-07-17,,,,,10417.01,4303.25,15092.68,5571.71
2019-07-18,,,,,10375.06,4285.92,15035.35,5550.55
2019-07-19,,,,,10390.92,4292.47,15040.19,5552.34
2019-07-22,,,,,10415.04,4302.43,15079.95,5567.02
2019-07-23,,,,,10513.13,4342.95,15218.49,5618.16
2019-07-24,,,,,10502.17,4338.42,15185.19,5605.87
2019-07-25,,,,,10454.14,4318.58,15109.85,5578.05
2019-07-26,,,,,10522.22,4346.7,15196.52,5610.05
2019-07-29,,,,,10502.24,4338.45,15172.28,5601.1
2019-07-30,,,,,10338.87,4270.96,14928.4,5511.07
2019-07-31,,,,,10351.65,4276.23,14949.61,5518.9
2019-08-01,,,,,10423.35,4305.84,15053.93,5557.41
2019-08-02,,,,,10074.39,4161.64,14516.47,5359.0
2019-08-05,,,,,9845.22,4066.97,14198.32,5241.55
2019-08-06,,,,,9833.33,4062.06,14179.65,5234.65
2019-08-07,,,,,9891.95,4086.28,14265.94,5266.51
2019-08-08,,,,,10112.49,4177.38,14594.92,5387.96
2019-08-09,,,,,9999.72,4130.79,14432.3,5327.92
2019-08-12,,,,,9964.43,4116.21,14384.58,5310.31
2019-08-13,,,,,10052.1,4152.43,14527.5,5363.07
2019-08-14,,,,,9844.14,4066.53,14224.74,5251.3
2019-08-15,,,,,9805.01,4050.36,14185.8,5236.93
2019-08-16,,,,,9933.83,4103.51,14358.79,5300.79
2019-08-19,,,,,10075.5,4161.89,14551.12,5371.56
2019-08-20,,,,,10017.41,4137.89,14478.21,5344.64
2019-08-21,,,,,10192.29,4210.13,14724.28,5435.48
2019-08-22,,,,,10105.48,4174.27,14596.33,5388.25
2019-08-23,,,,,9994.15,4128.28,14430.07,5326.87
2019-08-26,,,,,10030.77,4143.41,14495.5,5351.02
2019-08-27,,,,,10096.81,4170.69,14593.21,5387.09
2019-08-28,,,,,10056.68,4154.11,14543.66,5368.8
2019-08-29,,,,,10201.48,4213.92,14763.55,5449.97
2019-08-30,,,,,10269.72,4242.11,14846.19,5480.48
2019-09-02,,,,,10290.3,4250.62,14880.22,5493.04
2019-09-03,,,,,10232.63,4226.79,14807.16,5466.07
2019-09-04,,,,,10353.47,4276.71,14985.95,5532.07
2019-09-05,,,,,10464.93,4322.75,15151.99,5593.37
2019-09-06,,,,,10476.56,4327.55,15180.77,5603.99
2019-09-09,,,,,10448.64,4316.02,15140.04,5588.95
2019-09-10,,,,,10450.68,4316.86,15151.56,5593.21
2019-09-11,,,,,10504.99,4339.29,15218.89,5618.06
2019-09-12,,,,,10551.02,4358.2,15286.06,5642.86
2019-09-13,,,,,10578.52,4369.56,15320.19,5655.46
2019-09-16,,,,,10485.5,4331.03,15176.44,5602.23
2019-09-17,,,,,10508.53,4340.55,15212.42,5615.51
2019-09-18,,,,,10515.43,4343.39,15226.33,5620.65
2019-09-19,,,,,10587.79,4373.21,15330.44,5659.08
2019-09-20,,,,,10636.4,4393.29,15416.32,5690.78
2019-09-23,,,,,10521.44,4345.81,15253.73,5630.76
2019-09-24,,,,,10519.97,4345.14,15247.14,5628.33
2019-09-25,,,,,10440.61,4312.21,15126.53,5583.8
2019-09-26,,,,,10506.42,4339.39,15226.14,5620.57
2019-09-27,,,,,10558.46,4356.14,15300.56,5640.58
2019-09-30,,,,,10618.49,4380.91,15401.49,5677.79
2019-10-01,,,,,10478.01,4322.95,15184.05,5597.63
2019-10-02,,,,,10160.98,4192.16,14709.74,5422.77
2019-10-03,,,,,10185.0,4202.06,14753.11,5438.77
2019-10-04,,,,,10277.12,4240.07,14887.55,5488.32
2019-10-07,,,,,10335.79,4264.28,14977.84,5521.61
2019-10-08,,,,,10212.35,4213.34,14801.55,5456.62
2019-10-09,,,,,10287.66,4244.41,14916.9,5499.14
2019-10-10,,,,,10411.78,4295.62,15106.53,5569.05
2019-10-11,,,,,10592.65,4370.24,15368.09,5665.48
2019-10-14,,,,,10557.07,4355.56,15307.32,5643.08
2019-10-15,,,,,10667.03,4400.92,15467.29,5702.05
2019-10-16,,,,,10651.93,4394.69,15453.33,5696.9
2019-10-17,,,,,10616.09,4379.91,15388.68,5673.07
2019-10-18,,,,,10553.79,4354.21,15288.8,5636.25
2019-10-21,,,,,10577.94,4364.11,15321.62,5648.35
2019-10-22,,,,,10591.07,4369.52,15346.95,5657.69
2019-10-23,,,,,10586.34,4367.57,15335.44,5653.44
2019-10-24,,,,,10640.03,4389.72,15419.23,5684.33
2019-10-25,,,,,10708.05,4417.79,15521.82,5722.15
2019-10-28,,,,,10730.58,4427.08,15544.65,5730.57
2019-10-29,,,,,10753.45,4436.52,15570.63,5740.14
2019-10-30,,,,,10786.66,4450.22,15640.41,5765.87
2019-10-31,,,,,10727.04,4425.62,15542.73,5729.86
2019-11-01,,,,,10788.09,4450.81,15629.6,5761.89
2019-11-04,,,,,10898.08,4496.19,15798.92,5824.3
2019-11-05,,,,,10941.28,4512.86,15865.08,5846.89
2019-11-06,,,,,10970.63,4524.96,15918.93,5866.74
2019-11-07,,,,,11016.63,4543.94,15984.73,5890.99
2019-11-08,,,,,11011.18,4541.68,15981.25,5889.7
2019-11-11,,,,,11016.25,4543.77,15992.4,5893.82
2019-11-12,,,,,11059.37,4561.56,16062.77,5919.75
2019-11-13,,,,,11028.7,4548.91,16028.41,5907.09
2019-11-14,,,,,11017.17,4544.15,16012.1,5901.08
2019-11-15,,,,,11088.5,4573.51,16115.74,5939.27
2019-11-18,,,,,11074.39,4567.54,16090.65,5929.79
2019-11-19,,,,,11031.14,4549.71,16034.36,5909.05
2019-11-20,,,,,11007.72,4540.05,15993.62,5894.03
2019-11-21,,,,,10980.84,4528.42,15958.83,5881.21
2019-11-22,,,,,11004.79,4538.29,15991.16,5893.13
2019-11-25,,,,,11068.38,4563.42,16081.94,5924.86
2019-11-26,,,,,11088.01,4571.32,16094.87,5929.62
2019-11-27,,,,,11084.16,4569.73,16087.32,5926.84
2019-11-28,,,,,11056.63,4558.38,16048.99,5912.72
2019-11-29,,,,,11034.86,4549.41,16028.49,5905.17
2019-12-02,,,,,10834.09,4465.05,15713.81,5786.74
2019-12-03,,,,,10725.78,4420.23,15552.96,5727.22
2019-12-04,,,,,10856.62,4474.16,15749.75,5799.68
2019-12-05,,,,,10866.61,4478.27,15754.81,5801.55
2019-12-06,,,,,10989.47,4527.11,15953.3,5871.91
2019-12-09,,,,,10931.7,4503.31,15859.14,5837.25
2019-12-10,,,,,10947.48,4509.8,15888.43,5848.03
2019-12-11,,,,,10967.6,4518.07,15923.32,5860.88
2019-12-12,,,,,11006.17,4533.96,15986.86,5884.26
2019-12-13,,,,,11068.82,4559.77,16081.3,5919.02
2019-12-16,,,,,11200.57,4613.94,16279.06,5991.66
2019-12-17,,,,,11162.65,4598.32,16215.49,5968.26
2019-12-18,,,,,11144.85,4590.99,16191.97,5959.6
2019-12-19,,,,,11167.87,4600.47,16226.41,5972.28
2019-12-20,,,,,11251.73,4635.02,16360.23,6021.53
2019-12-23,,,,,11269.63,4642.39,16381.53,6029.37
2019-12-24,,,,,11275.73,4644.91,16382.01,6029.55
2019-12-27,,,,,11289.14,4650.43,16403.31,6037.39
2019-12-30,,,,,11197.89,4612.84,16253.41,5982.22
2019-12-31,,,,,11185.86,4607.88,16242.1,5978.06
2020-01-02,,,,,11305.31,4657.09,16414.46,6041.5
2020-01-03,,,,,11300.78,4655.22,16421.71,6044.16
2020-01-06,,,,,11252.16,4630.44,16358.92,6013.59
2020-01-07,,,,,11257.44,4632.62,16355.56,6012.35
2020-01-08,,,,,11290.72,4646.31,16406.28,6031.0
2020-01-09,,,,,11313.66,4655.75,16437.71,6042.55
2020-01-10,,,,,11302.37,4651.11,16422.9,6037.11
2020-01-13,,,,,11301.67,4650.82,16420.26,6036.14
2020-01-14,,,,,11311.5,4654.07,16436.41,6040.89
2020-01-15,,,,,11305.65,4651.66,16413.88,6032.61
2020-01-16,,,,,11320.48,4657.48,16431.35,6039.03
2020-01-17,,,,,11421.44,4699.01,16599.18,6100.72
2020-01-20,,,,,11394.97,4688.12,16538.84,6078.54
2020-01-21,,,,,11335.18,4663.52,16450.27,6045.99
2020-01-22,,,,,11279.01,4640.41,16355.02,6010.98
2020-01-23,,,,,11205.32,4610.1,16248.41,5971.79
2020-01-24,,,,,11292.16,4645.82,16391.16,6024.26
2020-01-27,,,,,11017.13,4532.67,15952.45,5863.02
2020-01-28,,,,,11128.9,4578.65,16123.33,5925.82
2020-01-29,,,,,11179.74,4599.57,16202.41,5954.89
2020-01-30,,,,,11034.43,4539.06,15979.38,5871.77
2020-01-31,,,,,10923.86,4493.57,15801.32,5806.34
2020-02-03,,,,,10984.01,4518.32,15872.53,5832.51
2020-02-04,,,,,11160.33,4590.85,16151.59,5935.05
2020-02-05,,,,,11260.61,4632.1,16288.61,5985.4
2020-02-06,,,,,11349.43,4668.64,16432.25,6038.18
2020-02-07,,,,,11328.96,4660.18,16409.3,6029.75
2020-02-10,,,,,11307.76,4651.47,16370.98,6015.67
2020-02-11,,,,,11385.1,4683.28,16477.35,6054.76
2020-02-12,,,,,11470.74,4718.48,16613.33,6104.73
2020-02-13,,,,,11455.68,4712.29,16581.79,6093.14
2020-02-14,,,,,11425.97,4700.07,16517.07,6069.35
2020-02-17,,,,,11459.04,4713.67,16562.24,6085.95
2020-02-18,,,,,11411.88,4694.27,16482.97,6056.82
2020-02-19,,,,,11503.93,4732.14,16631.07,6111.24
2020-02-20,,,,,11414.09,4695.18,16497.88,6062.3
2020-02-21,,,,,11356.54,4671.51,16409.21,6029.72
2020-02-24,,,,,10930.32,4496.18,15761.94,5791.87
2020-02-25,,,,,10723.47,4411.09,15456.62,5679.68
2020-02-26,,,,,10735.8,4416.17,15469.86,5684.55
2020-02-27,,,,,10388.13,4273.15,14955.66,5495.6
2020-02-28,,,,,10037.92,4129.09,14450.31,5309.9
2020-03-02,,,,,10064.68,4140.04,14514.57,5333.52
2020-03-03,,,,,10179.99,4187.34,14677.5,5393.17
2020-03-04,,,,,10311.27,4240.77,14872.69,5464.89
2020-03-05,,,,,10108.84,4157.52,14590.22,5361.1
2020-03-06,,,,,9694.76,3987.21,13986.07,5139.11
2020-03-09,,,,,8902.56,3660.74,12812.56,4707.91
2020-03-10,,,,,8768.09,3605.42,12618.52,4636.61
2020-03-11,,,,,8697.72,3576.49,12546.76,4610.25
2020-03-12,,,,,7627.03,3136.22,11006.43,4044.26
2020-03-13,,,,,7743.37,3184.06,11208.1,4118.36
2020-03-16,,,,,7256.82,2983.89,10563.81,3881.46
2020-03-17,,,,,7423.35,3052.37,10864.04,3991.78
2020-03-18,,,,,7025.79,2888.89,10219.18,3754.84
2020-03-19,,,,,7229.08,2972.49,10493.14,3855.5
2020-03-20,,,,,7611.66,3129.8,11019.23,4048.8
2020-03-23,,,,,7343.15,3019.24,10653.2,3914.31
2020-03-24,,,,,7958.14,3269.98,11556.0,4242.7
2020-03-25,,,,,8278.19,3401.49,12072.4,4432.3
2020-03-26,,,,,8491.99,3489.34,12375.52,4543.58
2020-03-27,,,,,8136.7,3343.35,11852.3,4351.49
2020-03-30,,,,,8170.27,3352.27,11946.74,4378.51
2020-03-31,,,,,8218.92,3372.23,11994.8,4396.12
2020-04-01,,,,,7884.76,3235.12,11479.45,4207.24
2020-04-02,,,,,7919.11,3249.22,11516.87,4220.96
2020-04-03,,,,,7788.6,3195.67,11335.77,4154.58
2020-04-06,,,,,8153.47,3345.38,11858.43,4346.14
2020-04-07,,,,,8336.1,3420.22,12109.81,4438.27
2020-04-08,,,,,8353.18,3427.23,12122.04,4442.75
2020-04-09,,,,,8490.92,3483.74,12296.92,4506.85
2020-04-14,,,,,8505.76,3489.83,12343.47,4523.91
2020-04-15,,,,,8178.0,3355.35,11879.12,4353.72
2020-04-16,,,,,8160.98,3348.37,11869.4,4350.16
2020-04-17,,,,,8446.53,3465.53,12275.53,4499.01
2020-04-20,,,,,8492.07,3484.13,12355.47,4528.3
2020-04-21,,,,,8194.95,3360.34,11895.54,4357.46
2020-04-22,,,,,8292.22,3400.22,12043.89,4411.8
2020-04-23,,,,,8380.33,3436.34,12150.9,4451.0
2020-04-24,,,,,8278.32,3394.51,11993.42,4393.32
2020-04-27,,,,,8485.6,3478.78,12299.01,4505.26
2020-04-28,,,,,8605.72,3527.75,12476.36,4569.79
2020-04-29,,,,,8801.94,3608.11,12752.98,4671.11
2020-04-30,,,,,8628.18,3536.88,12482.89,4572.18
2020-05-04,,,,,8293.49,3389.62,11996.45,4378.23
2020-05-05,,,,,8507.5,3473.09,12301.05,4483.13
2020-05-06,,,,,8423.48,3438.77,12164.54,4433.38
2020-05-07,,,,,8544.05,3487.99,12351.29,4501.44
2020-05-08,,,,,8651.19,3531.73,12483.54,4549.64
2020-05-11,,,,,8547.38,3485.74,12336.01,4490.22
2020-05-12,,,,,8515.98,3472.13,12290.79,4472.5
2020-05-13,,,,,8287.1,3378.33,11940.29,4344.95
2020-05-14,,,,,8141.74,3319.08,11742.92,4273.13
2020-05-15,,,,,8171.3,3330.89,11755.29,4277.63
2020-05-18,,,,,8584.45,3498.42,12361.81,4498.34
2020-05-19,,,,,8468.49,3451.16,12251.39,4458.16
2020-05-20,,,,,8542.02,3480.9,12358.06,4496.98
2020-05-21,,,,,8448.97,3442.98,12216.46,4445.45
2020-05-22,,,,,8460.35,3447.41,12214.02,4444.56
2020-05-25,,,,,8656.77,3526.78,12476.06,4539.91
2020-05-26,,,,,8787.01,3579.83,12658.33,4606.24
2020-05-27,,,,,8920.37,3634.16,12885.05,4688.74
2020-05-28,,,,,9066.73,3693.53,13113.3,4771.39
2020-05-29,,,,,8926.59,3636.29,12904.55,4695.44
2020-06-01,,,,,9062.83,3690.61,13094.0,4762.78
2020-06-02,,,,,9254.16,3767.45,13363.01,4858.97
2020-06-03,,,,,9550.69,3887.46,13815.03,5022.38
2020-06-04,,,,,9541.6,3883.66,13786.42,5011.98
2020-06-05,,,,,9864.88,4015.24,14297.54,5197.79
2020-06-08,,,,,9826.35,3998.96,14237.97,5175.52
2020-06-09,,,,,9670.63,3935.59,14016.75,5095.11
2020-06-10,,,,,9582.64,3899.78,13902.06,5053.42
2020-06-11,,,,,9135.02,3717.57,13247.81,4815.6
2020-06-12,,,,,9183.19,3737.17,13312.92,4839.26
2020-06-15,,,,,9148.96,3723.19,13248.15,4815.72
2020-06-16,,,,,9404.0,3826.98,13624.33,4952.46
2020-06-17,,,,,9472.78,3854.49,13744.03,4995.97
2020-06-18,,,,,9411.3,3829.48,13641.64,4958.75
2020-06-19,,,,,9434.53,3838.93,13698.58,4979.45
2020-06-22,,,,,9372.22,3813.51,13614.29,4948.7
2020-06-23,,,,,9502.76,3863.85,13815.95,5017.68
2020-06-24,,,,,9227.61,3751.96,13413.04,4871.36
2020-06-25,,,,,9322.26,3790.45,13543.06,4918.58
2020-06-26,,,,,9305.37,3783.45,13518.45,4909.64
2020-06-29,,,,,9380.99,3809.17,13638.01,4945.46
2020-06-30,,,,,9371.78,3805.41,13611.91,4935.99
2020-07-01,,,,,9363.49,3800.64,13591.32,4926.94
2020-07-02,,,,,9589.01,3891.77,13930.79,5049.38
2020-07-03,,,,,9524.93,3862.89,13826.09,5007.14
2020-07-06,,,,,9666.86,3920.22,14031.46,5081.51
2020-07-07,,,,,9612.18,3891.13,13953.12,5043.73
2020-07-08,,,,,9499.89,3844.99,13782.82,4981.13
2020-07-09,,,,,9379.97,3796.46,13616.46,4921.01
2020-07-10,,,,,9475.5,3835.12,13753.34,4970.48
2020-07-13,,,,,9632.8,3898.78,13990.62,5056.23
2020-07-14,,,,,9549.89,3861.33,13872.37,5007.46
2020-07-15,,,,,9736.05,3936.59,14153.62,5108.98
2020-07-16,,,,,9704.22,3923.72,14087.96,5085.28
2020-07-17,,,,,9666.43,3908.44,14044.04,5069.42
2020-07-20,,,,,9715.85,3928.43,14109.85,5093.18
2020-07-21,,,,,9740.41,3938.36,14140.62,5104.28
2020-07-22,,,,,9628.34,3893.04,13954.54,5037.12
2020-07-23,,,,,9626.82,3892.43,13945.23,5033.76
2020-07-24,,,,,9478.83,3832.59,13731.02,4956.43
2020-07-27,,,,,9442.28,3817.72,13684.44,4939.62
2020-07-28,,,,,9426.56,3811.31,13654.85,4928.94
2020-07-29,,,,,9478.94,3832.48,13737.41,4958.74
2020-07-30,,,,,9282.14,3752.91,13444.32,4852.94
2020-07-31,,,,,9166.65,3706.22,13252.47,4783.69
2020-08-03,,,,,9336.22,3774.78,13508.01,4875.93
2020-08-04,,,,,9355.68,3782.65,13545.66,4889.52
2020-08-05,,,,,9446.81,3819.49,13667.03,4933.34
2020-08-06,,,,,9368.05,3787.65,13533.48,4885.13
2020-08-07,,,,,9380.03,3792.49,13545.66,4889.52
2020-08-10,,,,,9423.21,3809.95,13601.03,4909.51
2020-08-11,,,,,9642.44,3898.59,13929.27,5027.99
2020-08-12,,,,,9724.17,3931.63,14054.81,5073.31
2020-08-13,,,,,9675.84,3912.09,13969.13,5042.38
2020-08-14,,,,,9525.98,3851.44,13749.01,4962.93
2020-08-17,,,,,9543.44,3858.5,13773.99,4971.94
2020-08-18,,,,,9476.52,3831.44,13680.11,4938.06
2020-08-19,,,,,9546.28,3859.65,13788.65,4977.23
2020-08-20,,,,,9424.33,3810.34,13605.83,4911.24
2020-08-21,,,,,9402.57,3801.55,13564.5,4896.33
2020-08-24,,,,,9605.67,3883.66,13873.56,5007.89
2020-08-25,,,,,9605.78,3883.7,13874.63,5008.27
2020-08-26,,,,,9684.3,3915.45,13985.9,5048.43
2020-08-27,,,,,9614.12,3887.07,13895.96,5015.97
2020-08-28,,,,,9594.94,3879.32,13859.87,5002.94
2020-08-31,,,,,9500.16,3841.0,13705.5,4947.22
2020-09-01,,,,,9476.93,3831.61,13680.24,4938.1
2020-09-02,,,,,9652.4,3902.5,13939.63,5031.74
2020-09-03,,,,,9600.75,3881.62,13878.08,5009.52
2020-09-04,,,,,9518.64,3848.42,13754.95,4965.07
2020-09-07,,,,,9692.37,3917.93,14003.58,5053.72
2020-09-08,,,,,9536.2,3854.8,13781.35,4973.52
2020-09-09,,,,,9671.51,3908.42,13978.46,5042.98
2020-09-10,,,,,9641.37,3896.2,13925.65,5023.93
2020-09-11,,,,,9653.35,3901.04,13953.95,5034.14
2020-09-14,,,,,9694.31,3917.59,14003.14,5051.88
2020-09-15,,,,,9720.27,3928.08,14047.62,5067.93
2020-09-16,,,,,9740.14,3936.1,14065.61,5074.42
2020-09-17,,,,,9672.86,3908.91,13968.81,5039.5
2020-09-18,,,,,9556.41,3861.85,13798.83,4978.18
2020-09-21,,,,,9200.03,3717.77,13283.17,4792.04
2020-09-22,,,,,9171.14,3706.09,13229.95,4772.84
2020-09-23,,,,,9217.39,3724.78,13311.48,4802.26
2020-09-24,,,,,9135.99,3691.89,13201.62,4762.62
2020-09-25,,,,,9099.62,3672.49,13130.58,4729.66
2020-09-28,,,,,9321.84,3762.17,13445.99,4843.27
2020-09-29,,,,,9291.57,3749.96,13414.9,4832.07
2020-09-30,,,,,9261.31,3737.75,13335.41,4803.44
2020-10-01,,,,,9292.92,3750.5,13392.6,4824.04
2020-10-02,,,,,9290.8,3749.65,13394.94,4824.88
2020-10-05,,,,,9394.63,3791.55,13525.39,4871.87
2020-10-06,,,,,9450.16,3813.95,13590.86,4895.46
2020-10-07,,,,,9426.85,3804.55,13553.51,4882.0
2020-10-08,,,,,9489.23,3829.72,13636.62,4911.94
2020-10-09,,,,,9546.78,3852.95,13733.42,4946.81
2020-10-12,,,,,9604.29,3876.16,13823.61,4979.29
2020-10-13,,,,,9538.04,3849.42,13735.66,4947.61
2020-10-14,,,,,9528.37,3845.52,13719.13,4941.66
2020-10-15,,,,,9332.3,3766.39,13429.74,4837.42
2020-10-16,,,,,9501.32,3834.6,13703.04,4935.86
2020-10-19,,,,,9516.35,3840.67,13721.79,4942.62
2020-10-20,,,,,9503.5,3835.48,13684.77,4929.28
2020-10-21,,,,,9358.37,3776.91,13475.62,4853.95
2020-10-22,,,,,9354.04,3775.16,13468.51,4851.38
2020-10-23,,,,,9460.48,3818.12,13630.24,4909.64
2020-10-26,,,,,9275.51,3743.47,13370.62,4816.12
2020-10-27,,,,,9114.18,3678.36,13133.34,4730.66
2020-10-28,,,,,8801.22,3552.05,12690.44,4571.12
2020-10-29,,,,,8804.25,3553.27,12686.41,4569.67
2020-10-30,,,,,8845.32,3569.85,12754.63,4594.24
2020-11-02,,,,,9025.5,3642.57,13023.62,4691.14
2020-11-03,,,,,9237.62,3728.02,13341.43,4805.61
2020-11-04,,,,,9451.7,3814.41,13666.91,4922.85
2020-11-05,,,,,9570.49,3862.36,13836.65,4983.99
2020-11-06,,,,,9524.59,3843.82,13772.49,4960.88
2020-11-09,,,,,10222.63,4125.53,14814.79,5336.32
2020-11-10,,,,,10390.21,4193.16,15044.24,5418.97
2020-11-11,,,,,10430.38,4209.37,15117.09,5445.21
2020-11-12,,,,,10293.59,4154.11,14887.68,5362.57
2020-11-13,,,,,10333.67,4170.28,14936.49,5380.16
2020-11-16,,,,,10521.64,4246.14,15190.03,5471.48
2020-11-17,,,,,10538.38,4252.89,15222.01,5483.0
2020-11-18,,,,,10590.03,4273.74,15300.99,5511.45
2020-11-19,,,,,10518.41,4244.84,15198.87,5474.66
2020-11-20,,,,,10553.08,4258.45,15257.78,5495.89
2020-11-23,,,,,10553.61,4258.66,15247.41,5492.15
2020-11-24,,,,,10686.15,4312.15,15431.41,5558.42
2020-11-25,,,,,10702.34,4318.68,15467.11,5571.29
2020-11-26,,,,,10694.93,4315.69,15454.62,5566.79
2020-11-27,,,,,10760.05,4341.97,15541.78,5598.18
2020-11-30,,,,,10611.17,4281.89,15320.71,5518.55
2020-12-01,,,,,10735.07,4330.2,15503.16,5581.64
2020-12-02,,,,,10728.25,4327.45,15506.97,5583.01
2020-12-03,,,,,10714.0,4321.7,15482.95,5574.36
2020-12-04,,,,,10786.17,4350.81,15579.56,5609.15
2020-12-07,,,,,10728.13,4325.29,15489.32,5573.38
2020-12-08,,,,,10706.25,4316.46,15454.0,5560.67
2020-12-09,,,,,10679.39,4304.81,15419.08,5546.82
2020-12-10,,,,,10675.89,4303.4,15426.94,5549.65
2020-12-11,,,,,10599.16,4272.47,15309.9,5507.55
2020-12-14,,,,,10638.73,4288.34,15366.57,5527.84
2020-12-15,,,,,10648.15,4292.14,15373.44,5530.31
2020-12-16,,,,,10686.79,4307.72,15421.72,5547.68
2020-12-17,,,,,10698.24,4312.33,15426.67,5549.46
2020-12-18,,,,,10659.3,4296.63,15366.58,5527.84
2020-12-21,,,,,10407.01,4194.94,14992.7,5393.34
2020-12-22,,,,,10543.91,4250.12,15197.05,5466.86
2020-12-23,,,,,10665.11,4297.96,15370.17,5527.59
2020-12-24,,,,,10657.18,4294.76,15354.66,5522.01
2020-12-28,,,,,10769.97,4340.22,15539.2,5588.38
2020-12-29,,,,,10816.31,4358.89,15604.29,5611.79
2020-12-30,,,,,10791.33,4348.83,15569.87,5599.41
2020-12-31,,,,,10703.57,4313.46,15436.4,5551.41
2021-01-04,,,,,10788.91,4343.15,15561.07,5588.96
2021-01-05,,,,,10751.55,4328.09,15493.26,5564.6
2021-01-06,,,,,10875.19,4377.86,15677.02,5630.6
2021-01-07,,,,,10948.17,4407.24,15786.29,5669.85
2021-01-08,,,,,11020.14,4436.21,15889.4,5706.88
2021-01-11,,,,,10937.44,4402.92,15765.62,5662.43
2021-01-12,,,,,10923.3,4397.18,15733.73,5650.97
2021-01-13,,,,,10943.09,4405.15,15766.29,5662.67
2021-01-14,,,,,10992.43,4424.72,15817.72,5681.14
2021-01-15,,,,,10871.48,4376.03,15624.34,5611.69
2021-01-18,,,,,10883.39,4380.83,15639.88,5617.27
2021-01-19,,,,,10853.97,4368.45,15590.24,5598.61
2021-01-20,,,,,10910.4,4391.16,15673.31,5628.44
2021-01-21,,,,,10846.77,4365.55,15568.46,5590.79
2021-01-22,,,,,10774.93,4336.64,15481.55,5559.57
2021-01-25,,,,,10588.69,4261.68,15238.7,5472.36
2021-01-26,,,,,10687.7,4301.53,15381.16,5523.52
2021-01-27,,,,,10576.34,4256.71,15203.21,5459.62
2021-01-28,,,,,10665.37,4292.54,15344.94,5510.52
2021-01-29,,,,,10471.63,4214.56,15034.98,5399.21
2021-02-01,,,,,10592.83,4263.35,15208.93,5461.68
2021-02-02,,,,,10786.91,4341.46,15491.4,5563.11
2021-02-03,,,,,10790.56,4342.93,15491.24,5563.05
2021-02-04,,,,,10875.83,4377.25,15617.91,5608.54
2021-02-05,,,,,10969.72,4415.04,15759.13,5659.26
2021-02-08,,,,,11013.38,4432.61,15833.69,5686.03
2021-02-09,,,,,11020.2,4435.35,15849.02,5691.54
2021-02-10,,,,,10979.57,4419.0,15791.27,5670.8
2021-02-11,,,,,10986.81,4421.91,15788.55,5669.82
2021-02-12,,,,,11040.24,4443.42,15882.81,5703.67
2021-02-15,,,,,11188.98,4503.28,16112.75,5786.25
2021-02-16,,,,,11186.93,4502.46,16113.54,5786.53
2021-02-17,,,,,11143.79,4485.09,16055.93,5765.84
2021-02-18,,,,,11065.57,4453.61,15951.47,5728.33
2021-02-19,,,,,11139.5,4483.37,16077.41,5773.55
2021-02-22,,,,,11124.15,4477.19,16060.38,5767.44
2021-02-23,,,,,11142.66,4484.64,16094.91,5779.84
2021-02-24,,,,,11179.47,4499.45,16145.42,5797.98
2021-02-25,,,,,11158.39,4490.97,16106.2,5783.89
2021-02-26,,,,,11004.78,4429.15,15881.56,5703.22
2021-03-01,,,,,11178.04,4498.88,16130.96,5792.79
2021-03-02,,,,,11205.2,4509.61,16178.72,5809.73
2021-03-03,,,,,11238.09,4522.34,16235.35,5830.06
2021-03-04,,,,,11241.85,4523.85,16236.98,5830.65
2021-03-05,,,,,11145.72,4485.17,16103.3,5782.65
2021-03-08,,,,,11366.5,4574.01,16438.43,5902.99
2021-03-09,,,,,11411.44,4592.09,16499.64,5924.97
2021-03-10,,,,,11517.82,4634.9,16682.27,5990.55
2021-03-11,,,,,11598.62,4667.42,16802.58,6033.76
2021-03-12,,,,,11621.95,4676.81,16838.21,6046.55
2021-03-15,,,,,11601.59,4668.61,16808.75,6035.97
2021-03-16,,,,,11644.12,4685.73,16862.95,6055.43
2021-03-17,,,,,11641.94,4684.85,16861.23,6054.82
2021-03-18,,,,,11651.06,4688.52,16883.45,6062.79
2021-03-19,,,,,11537.34,4642.76,16702.91,5997.96
2021-03-22,,,,,11489.41,4623.41,16621.09,5968.48
2021-03-23,,,,,11447.1,4606.38,16556.53,5945.3
2021-03-24,,,,,11450.05,4607.57,16562.06,5947.29
2021-03-25,,,,,11465.85,4609.27,16596.38,5952.41
2021-03-26,,,,,11531.73,4635.76,16697.87,5988.81
2021-03-29,,,,,11575.65,4653.37,16772.3,6015.51
2021-03-30,,,,,11701.2,4703.84,16974.54,6088.04
2021-03-31,,,,,11665.62,4689.53,16916.51,6067.23
2021-04-01,,,,,11750.13,4723.51,17016.13,6102.96
2021-04-06,,,,,11811.49,4748.18,17095.27,6131.34
2021-04-07,,,,,11813.27,4748.89,17093.37,6130.66
2021-04-08,,,,,11876.91,4774.47,17191.12,6165.72
2021-04-09,,,,,11875.1,4773.75,17201.39,6169.41
2021-04-12,,,,,11857.13,4766.52,17179.85,6161.68
2021-04-13,,,,,11907.25,4786.61,17242.37,6184.1
2021-04-14,,,,,11945.29,4801.9,17310.63,6208.58
2021-04-15,,,,,11987.02,4818.68,17381.89,6234.14
2021-04-16,,,,,12082.81,4857.18,17529.46,6287.07
2021-04-19,,,,,12102.46,4865.08,17556.28,6296.69
2021-04-20,,,,,11878.03,4768.53,17214.88,6165.11
2021-04-21,,,,,11946.89,4795.57,17341.78,6210.55
2021-04-22,,,,,12052.54,4837.98,17500.16,6267.28
2021-04-23,,,,,12034.18,4830.61,17474.1,6257.94
2021-04-26,,,,,12079.44,4848.18,17523.17,6275.52
2021-04-27,,,,,12084.21,4846.88,17532.14,6273.76
2021-04-28,,,,,12144.48,4870.8,17624.98,6306.98
2021-04-29,,,,,12129.49,4864.4,17612.65,6302.57
2021-04-30,,,,,12066.06,4838.77,17520.17,6269.48
2021-05-03,,,,,12140.05,4868.28,17627.55,6307.9
2021-05-04,,,,,12035.53,4823.9,17480.37,6251.75
2021-05-05,,,,,12220.53,4887.88,17769.53,6339.47
2021-05-06,,,,,12249.73,4899.29,17820.09,6357.09
2021-05-07,,,,,12333.36,4924.91,17933.32,6385.51
2021-05-10,,,,,12359.55,4926.85,17971.68,6385.99
2021-05-11,,,,,12140.71,4839.62,17637.89,6267.39
2021-05-12,,,,,12150.31,4843.17,17671.57,6279.35
2021-05-13,,,,,12156.22,4844.91,17696.82,6288.33
2021-05-14,,,,,12337.13,4916.2,17970.36,6385.14
2021-05-17,,,,,12311.52,4901.0,17936.17,6367.35
2021-05-18,,,,,12298.45,4892.72,17910.65,6353.67
2021-05-19,,,,,12125.36,4823.66,17653.78,6262.55
2021-05-20,,,,,12267.27,4880.11,17882.2,6343.58
2021-05-21,,,,,12340.6,4909.28,18002.94,6386.41
2021-05-24,,,,,12396.78,4925.21,18092.24,6408.49
2021-05-25,,,,,12370.85,4911.94,18051.26,6390.27
2021-05-26,,,,,12380.95,4914.7,18058.61,6391.6
2021-05-27,,,,,12460.97,4946.46,18183.25,6435.71
2021-05-28,,,,,12556.89,4982.01,18329.6,6484.11
2021-05-31,,,,,12494.78,4956.72,18226.85,6447.17
2021-06-01,,,,,12576.17,4988.8,18346.25,6489.4
2021-06-02,,,,,12631.1,5009.39,18440.9,6521.52
2021-06-03,,,,,12605.0,4998.8,18402.42,6507.92
2021-06-04,,,,,12628.68,5008.07,18424.33,6515.66
2021-06-07,,,,,12687.91,5029.73,18511.18,6543.56
2021-06-08,,,,,12704.53,5036.3,18532.27,6551.01
2021-06-09,,,,,12731.77,5047.05,18567.45,6563.45
2021-06-10,,,,,12700.11,5033.86,18521.65,6546.49
2021-06-11,,,,,12810.64,5077.67,18674.89,6600.66
2021-06-14,,,,,12843.11,5090.52,18719.28,6616.35
2021-06-15,,,,,12880.86,5102.71,18797.01,6639.52
2021-06-16,,,,,12901.78,5110.46,18834.17,6652.65
2021-06-17,,,,,12914.66,5115.56,18872.7,6666.26
2021-06-18,,,,,12733.69,5043.88,18597.81,6569.16
2021-06-21,,,,,12788.91,5064.79,18692.7,6602.54
2021-06-22,,,,,12808.34,5072.36,18718.06,6611.5
2021-06-23,,,,,12702.12,5028.97,18552.67,6551.07
2021-06-24,,,,,12861.19,5087.3,18799.91,6631.15
2021-06-25,,,,,12854.12,5084.5,18776.42,6622.87
2021-06-28,,,,,12729.56,5035.23,18592.57,6558.02
2021-06-29,,,,,12748.75,5042.78,18619.25,6567.43
2021-06-30,,,,,12642.16,5000.61,18450.28,6507.83
2021-07-01,,,,,12737.01,5037.12,18580.66,6553.82
2021-07-02,,,,,12744.14,5039.09,18577.92,6552.86
2021-07-05,,,,,12774.1,5050.44,18619.57,6567.54
2021-07-06,,,,,12669.34,5008.21,18449.28,6507.48
2021-07-07,,,,,12708.08,5022.79,18509.88,6527.72
2021-07-08,,,,,12465.51,4926.91,18138.44,6396.73
2021-07-09,,,,,12700.87,5019.8,18514.7,6529.42
2021-07-12,,,,,12753.21,5040.49,18599.28,6559.25
2021-07-13,,,,,12746.57,5037.85,18597.06,6558.47
2021-07-14,,,,,12739.21,5034.94,18596.81,6558.38
2021-07-15,,,,,12612.37,4984.81,18412.46,6493.36
2021-07-16,,,,,12560.7,4964.39,18318.07,6460.08
2021-07-19,,,,,12250.03,4841.6,17852.72,6295.97
2021-07-20,,,,,12338.3,4876.49,17997.01,6346.85
2021-07-21,,,,,12561.74,4964.8,18330.56,6464.48
2021-07-22,,,,,12601.25,4980.41,18379.08,6481.59
2021-07-23,,,,,12759.63,5043.01,18626.43,6568.82
2021-07-26,,,,,12777.91,5050.23,18654.14,6578.6
2021-07-27,,,,,12691.83,5016.22,18521.78,6531.92
2021-07-28,,,,,12834.11,5072.45,18741.25,6609.31
2021-07-29,,,,,12878.61,5090.04,18810.59,6633.77
2021-07-30,,,,,12846.99,5077.54,18751.02,6612.76
2021-08-02,,,,,12957.52,5120.99,18931.01,6675.9
2021-08-03,,,,,13023.44,5147.04,19066.88,6723.81
2021-08-04,,,,,13069.62,5165.25,19130.47,6746.23
2021-08-05,,,,,13146.28,5195.54,19229.58,6781.19
2021-08-06,,,,,13205.85,5219.09,19331.02,6816.96
2021-08-09,,,,,13198.12,5216.03,19320.31,6813.18
2021-08-10,,,,,13211.52,5221.33,19340.25,6820.21
2021-08-11,,,,,13279.32,5248.12,19447.37,6857.99
2021-08-12,,,,,13322.23,5265.08,19516.8,6882.47
2021-08-13,,,,,13344.11,5273.73,19555.28,6896.04
2021-08-16,,,,,13243.45,5233.95,19392.87,6838.77
2021-08-17,,,,,13207.29,5219.66,19339.2,6819.84
2021-08-18,,,,,13140.44,5193.18,19198.17,6770.11
2021-08-19,,,,,12841.54,5075.05,18732.49,6605.89
2021-08-20,,,,,12877.31,5089.18,18789.83,6626.11
2021-08-23,,,,,12980.93,5130.13,18951.44,6683.1
2021-08-24,,,,,12959.5,5121.67,18898.15,6664.31
2021-08-25,,,,,12984.63,5131.59,18932.67,6676.48
2021-08-26,,,,,12964.22,5123.53,18903.03,6666.03
2021-08-27,,,,,13003.32,5138.98,18948.09,6681.92
2021-08-30,,,,,13020.42,5145.74,18963.35,6687.3
2021-08-31,,,,,13005.0,5139.65,18943.15,6680.18
2021-09-01,,,,,13149.56,5196.73,19165.81,6758.69
2021-09-02,,,,,13161.07,5201.28,19178.24,6763.08
2021-09-03,,,,,13024.4,5147.27,18970.98,6689.99
2021-09-06,,,,,13118.39,5184.41,19122.71,6743.5
2021-09-07,,,,,13092.79,5174.29,19073.29,6726.07
2021-09-08,,,,,12987.53,5132.69,18911.13,6668.89
2021-09-09,,,,,13013.2,5142.84,18956.03,6684.72
2021-09-10,,,,,12965.7,5124.06,18896.63,6663.77
2021-09-13,,,,,12983.85,5131.24,18933.94,6676.93
2021-09-14,,,,,12949.0,5117.47,18866.01,6652.97
2021-09-15,,,,,12820.57,5066.69,18669.34,6583.62
2021-09-16,,,,,12887.23,5093.03,18779.84,6622.59
2021-09-17,,,,,12799.76,5058.46,18631.25,6570.19
2021-09-20,,,,,12582.53,4972.52,18307.29,6455.81
2021-09-21,,,,,12766.6,5040.67,18602.14,6552.73
2021-09-22,,,,,12922.53,5102.24,18841.36,6637.0
2021-09-23,,,,,13050.13,5152.57,19025.82,6701.98
2021-09-24,,,,,12937.18,5107.98,18845.51,6638.46
2021-09-27,,,,,12962.27,5117.88,18880.86,6650.91
2021-09-28,,,,,12705.78,5011.66,18492.23,6506.5
2021-09-29,,,,,12793.74,5046.23,18646.56,6560.8
2021-09-30,,,,,12725.0,5019.12,18530.62,6520.01
2021-10-01,,,,,12718.29,5016.47,18524.02,6517.69
2021-10-04,,,,,12643.43,4986.95,18410.28,6477.66
2021-10-05,,,,,12815.93,5054.98,18690.55,6576.28
2021-10-06,,,,,12646.95,4988.33,18454.2,6493.12
2021-10-07,,,,,12842.11,5065.31,18758.52,6600.19
2021-10-08,,,,,12777.62,5039.87,18644.25,6559.99
2021-10-11,,,,,12799.14,5048.36,18674.25,6570.54
2021-10-12,,,,,12765.34,5035.02,18610.5,6548.11
2021-10-13,,,,,12856.84,5071.11,18750.51,6597.38
2021-10-14,,,,,13010.71,5131.8,19000.14,6685.21
2021-10-15,,,,,13090.54,5163.29,19120.39,6727.52
2021-10-18,,,,,12991.44,5124.2,18965.74,6673.1
2021-10-19,,,,,12997.54,5126.61,18956.5,6669.85
2021-10-20,,,,,13055.21,5149.35,19058.12,6705.61
2021-10-21,,,,,13028.07,5138.65,19002.87,6686.17
2021-10-22,,,,,13113.63,5172.4,19137.93,6733.69
2021-10-25,,,,,13078.37,5158.49,19078.76,6712.87
2021-10-26,,,,,13182.75,5199.66,19231.21,6766.51
2021-10-27,,,,,13167.99,5193.84,19194.29,6753.52
2021-10-28,,,,,13258.88,5229.69,19338.38,6804.22
2021-10-29,,,,,13297.64,5244.98,19412.63,6830.34
2021-11-01,,,,,13417.95,5292.43,19591.52,6893.29
2021-11-02,,,,,13474.01,5314.53,19687.44,6927.03
2021-11-03,,,,,13510.61,5328.87,19754.55,6950.65
2021-11-04,,,,,13586.17,5358.67,19860.12,6987.79
2021-11-05,,,,,13672.11,5392.56,20010.75,7040.79
2021-11-08,,,,,13685.28,5397.75,20029.76,7047.48
2021-11-09,,,,,13668.45,5391.11,20017.8,7043.27
2021-11-10,,,,,13672.79,5392.82,20023.18,7045.16
2021-11-11,,,,,13690.76,5399.38,20064.05,7059.55
2021-11-12,,,,,13746.7,5421.38,20154.58,7091.4
2021-11-15,,,,,13814.38,5448.07,20260.39,7128.63
2021-11-16,,,,,13860.23,5464.78,20332.82,7152.6
2021-11-17,,,,,13859.13,5464.35,20344.9,7156.85
2021-11-18,,,,,13819.63,5448.78,20302.63,7141.98
2021-11-19,,,,,13751.83,5422.04,20218.21,7112.29
2021-11-22,,,,,13738.17,5415.61,20202.1,7105.0
2021-11-23,,,,,13621.52,5369.62,20030.42,7044.62
2021-11-24,,,,,13616.73,5367.73,20023.62,7042.23
2021-11-25,,,,,13689.82,5396.55,20119.28,7075.87
2021-11-26,,,,,13071.46,5152.79,19163.5,6739.73
2021-11-29,,,,,13131.91,5176.62,19267.34,6776.25
2021-11-30,,,,,13037.82,5137.19,19120.9,6721.16
2021-12-01,,,,,13320.3,5248.49,19578.1,6881.87
2021-12-02,,,,,13158.54,5184.75,19333.1,6795.75
2021-12-03,,,,,13096.49,5160.3,19247.1,6765.52
2021-12-06,,,,,13283.27,5233.9,19532.32,6865.78
2021-12-07,,,,,13642.23,5375.15,20100.98,7065.39
2021-12-08,,,,,13547.63,5337.88,19956.41,7014.57
2021-12-09,,,,,13532.79,5332.03,19938.36,7008.23
2021-12-10,,,,,13499.58,5318.95,19891.28,6991.68
2021-12-13,,,,,13403.88,5279.55,19759.79,6942.91
2021-12-14,,,,,13315.48,5244.73,19624.32,6895.31
2021-12-15,,,,,13365.62,5264.48,19716.31,6927.63
2021-12-16,,,,,13502.44,5318.37,19936.72,7005.07
2021-12-17,,,,,13373.14,5267.17,19713.48,6926.63
2021-12-20,,,,,13258.03,5221.83,19552.59,6870.1
2021-12-21,,,,,13443.32,5294.81,19822.63,6964.99
2021-12-22,,,,,13610.49,5360.65,20069.33,7051.67
2021-12-23,,,,,13711.58,5400.47,20224.38,7106.15
2021-12-24,,,,,13680.92,5388.39,20168.7,7086.58
2021-12-27,,,,,13777.43,5426.4,20321.83,7140.39
2021-12-28,,,,,13852.56,5455.99,20437.73,7181.11
2021-12-29,,,,,13822.44,5444.13,20381.98,7161.52
2021-12-30,,,,,13847.5,5454.0,20415.31,7173.23
2021-12-31,,,,,13815.55,5441.42,20357.8,7153.03
2022-01-03,,,,,13952.14,5490.55,20560.83,7217.22
2022-01-04,,,,,14122.99,5557.79,20846.23,7317.41
2022-01-05,,,,,14226.64,5598.58,21014.21,7376.37
2022-01-06,,,,,13998.31,5508.72,20653.23,7249.66
2022-01-07,,,,,13940.08,5485.81,20567.27,7219.48
2022-01-10,,,,,13750.48,5411.19,20271.8,7115.77
2022-01-11,,,,,13877.84,5461.31,20464.42,7183.38
2022-01-12,,,,,13969.8,5497.5,20617.71,7237.19
2022-01-13,,,,,13923.46,5478.23,20518.22,7201.14
2022-01-14,,,,,13806.68,5432.29,20352.57,7143.0
2022-01-17,,,,,13913.11,5474.16,20519.65,7201.64
2022-01-18,,,,,13790.01,5425.73,20326.45,7133.83
2022-01-19,,,,,13855.18,5451.37,20438.01,7172.98
2022-01-20,,,,,13889.62,5464.92,20498.35,7194.16
2022-01-21,,,,,13653.17,5371.89,20140.57,7068.59
2022-01-24,,,,,13106.93,5156.97,19340.46,6787.79
2022-01-25,,,,,13188.86,5189.2,19483.42,6837.96
2022-01-26,,,,,13452.07,5292.76,19893.71,6981.96
2022-01-27,,,,,13517.88,5318.66,20012.94,7023.8
2022-01-28,,,,,13413.31,5277.51,19847.92,6965.88
2022-01-31,,,,,13480.29,5303.87,19942.84,6999.2
2022-02-01,,,,,13670.41,5378.67,20228.58,7099.49
2022-02-02,,,,,13703.33,5391.62,20273.56,7115.27
2022-02-03,,,,,13498.35,5310.97,19961.18,7005.63
2022-02-04,,,,,13378.01,5263.54,19806.57,6951.38
2022-02-07,,,,,13478.66,5303.14,19971.49,7009.25
2022-02-08,,,,,13518.04,5318.63,20026.08,7028.41
2022-02-09,,,,,13725.87,5400.4,20318.04,7130.88
2022-02-10,,,,,13688.91,5385.86,20234.45,7101.55
2022-02-11,,,,,13522.17,5320.26,19978.16,7011.6
2022-02-14,,,,,13225.79,5203.65,19523.99,6852.2
2022-02-15,,,,,13470.75,5300.03,19888.04,6979.97
2022-02-16,,,,,13447.79,5290.99,19845.34,6964.98
2022-02-17,,,,,13403.29,5273.49,19793.59,6946.82
2022-02-18,,,,,13351.16,5252.97,19744.63,6929.63
2022-02-21,,,,,13088.28,5149.32,19343.02,6788.34
2022-02-22,,,,,13091.42,5150.56,19340.9,6787.6
2022-02-23,,,,,13073.91,5143.67,19321.14,6780.67
2022-02-24,,,,,12590.87,4953.63,18581.38,6521.05
2022-02-25,,,,,13023.68,5123.9,19240.68,6752.43
2022-02-28,,,,,12865.37,5061.42,18973.97,6658.83
2022-03-01,,,,,12367.78,4865.25,18226.46,6396.49
2022-03-02,,,,,12546.86,4935.69,18515.77,6498.02
2022-03-03,,,,,12310.34,4842.65,18174.82,6378.37
2022-03-04,,,,,11704.99,4604.51,17272.36,6061.66
2022-03-07,,,,,11536.62,4538.28,17046.16,5982.27
2022-03-08,,,,,11503.64,4525.31,16991.14,5962.96
2022-03-09,,,,,12314.69,4844.36,18201.78,6387.83
2022-03-10,,,,,11994.63,4718.45,17687.1,6207.2
2022-03-11,,,,,12113.12,4765.07,17838.23,6260.25
2022-03-14,,,,,12319.69,4846.32,18150.81,6369.94
2022-03-15,,,,,12286.35,4833.21,18108.23,6355.0
2022-03-16,,,,,12729.9,5007.69,18773.98,6588.64
2022-03-17,,,,,12776.43,5026.0,18842.01,6612.52
2022-03-18,,,,,12800.62,5035.51,18864.02,6620.24
2022-03-21,,,,,12735.42,5009.77,18756.43,6582.33
2022-03-22,,,,,12892.9,5067.05,18996.39,6659.41
2022-03-23,,,,,12742.6,5007.97,18773.95,6581.43
2022-03-24,,,,,12684.25,4985.04,18700.77,6555.77
2022-03-25,,,,,12687.34,4986.26,18694.81,6553.68
2022-03-28,,,,,12751.55,5011.49,18795.87,6589.11
2022-03-29,,,,,13142.42,5165.11,19375.07,6792.16
2022-03-30,,,,,13044.55,5126.64,19230.84,6741.59
2022-03-31,,,,,12888.12,5065.08,18997.73,6659.87
2022-04-01,,,,,12928.23,5080.85,19067.44,6684.31
2022-04-04,,,,,13013.93,5114.53,19201.67,6731.37
2022-04-05,,,,,12848.13,5049.37,18956.77,6645.51
2022-04-06,,,,,12569.86,4940.0,18538.33,6498.83
2022-04-07,,,,,12504.96,4914.49,18432.37,6461.68
2022-04-08,,,,,12668.19,4978.65,18679.22,6548.22
2022-04-11,,,,,12687.34,4986.17,18700.88,6555.81
2022-04-12,,,,,12653.51,4972.83,18648.39,6537.41
2022-04-13,,,,,12661.99,4976.17,18661.88,6542.14
2022-04-14,,,,,12756.49,5013.31,18796.57,6589.35
2022-04-19,,,,,12682.93,4975.39,18677.82,6534.79
2022-04-20,,,,,12848.59,5040.37,18935.41,6624.91
2022-04-21,,,,,13023.65,5108.91,19193.2,6715.1
2022-04-22,,,,,12774.52,5011.18,18811.11,6581.42
2022-04-25,,,,,12552.69,4918.75,18455.0,6449.38
2022-04-26,,,,,12501.43,4888.67,18399.07,6414.57
2022-04-27,,,,,12557.51,4907.1,18501.99,6445.26
2022-04-28,,,,,12679.22,4954.62,18682.51,6508.14
2022-04-29,,,,,12728.6,4973.6,18756.09,6533.77
2022-05-02,,,,,12520.96,4891.83,18445.58,6425.61
2022-05-03,,,,,12631.89,4932.14,18603.33,6476.18
2022-05-04,,,,,12492.97,4877.75,18372.09,6395.68
2022-05-05,,,,,12437.1,4855.94,18293.73,6368.4
2022-05-06,,,,,12283.61,4776.39,18063.74,6258.36
2022-05-09,,,,,11943.06,4643.97,17566.3,6086.02
2022-05-10,,,,,12013.88,4667.93,17671.25,6116.91
2022-05-11,,,,,12292.83,4776.32,18112.72,6269.73
2022-05-12,,,,,12171.8,4728.35,17929.36,6206.26
2022-05-13,,,,,12480.23,4847.38,18384.31,6362.68
2022-05-16,,,,,12470.2,4838.76,18358.34,6347.77
2022-05-17,,,,,12651.4,4901.07,18629.39,6430.19
2022-05-18,,,,,12513.77,4846.99,18405.6,6352.94
2022-05-19,,,,,12357.93,4786.4,18173.15,6272.71
2022-05-20,,,,,12395.61,4799.51,18209.45,6285.24
2022-05-23,,,,,12572.07,4853.64,18475.37,6358.74
2022-05-24,,,,,12362.23,4772.62,18168.56,6253.14
2022-05-25,,,,,12462.26,4807.24,18317.51,6298.64
2022-05-26,,,,,12677.01,4890.08,18643.04,6410.58
2022-05-27,,,,,12873.63,4965.51,18948.92,6515.75
2022-05-30,,,,,12981.09,4999.14,19118.14,6562.39
2022-05-31,,,,,12804.67,4930.16,18847.62,6468.8
2022-06-01,,,,,12706.93,4891.35,18707.05,6418.89
2022-06-02,,,,,12860.45,4950.44,18944.71,6500.44
2022-06-03,,,,,12832.52,4939.11,18900.58,6485.3
2022-06-06,,,,,12965.18,4987.72,19095.4,6548.78
2022-06-07,,,,,12886.47,4953.74,18967.4,6500.35
2022-06-08,,,,,12782.96,4913.87,18816.51,6448.63
2022-06-09,,,,,12606.99,4846.07,18553.4,6358.46
2022-06-10,,,,,12276.82,4719.15,18053.75,6187.23
2022-06-13,,,,,11928.11,4585.11,17572.56,6022.32
2022-06-14,,,,,11774.06,4525.36,17361.08,5949.84
2022-06-15,,,,,11939.51,4588.94,17595.35,6030.13
2022-06-16,,,,,11646.42,4476.29,17175.49,5886.24
2022-06-17,,,,,11653.59,4479.05,17165.03,5882.65
2022-06-20,,,,,11731.97,4508.82,17274.74,5920.09
2022-06-21,,,,,11831.1,4542.17,17425.63,5964.66
2022-06-22,,,,,11732.76,4504.37,17285.3,5916.63
2022-06-23,,,,,11651.19,4473.06,17188.01,5883.33
2022-06-24,,,,,12008.85,4610.34,17743.15,6073.35
2022-06-27,,,,,11969.78,4595.24,17667.1,6047.31
2022-06-28,,,,,12048.2,4625.28,17780.18,6086.02
2022-06-29,,,,,11922.39,4576.96,17620.83,6031.48
2022-06-30,,,,,11702.26,4492.4,17303.51,5922.86
2022-07-01,,,,,11724.34,4500.71,17327.46,5931.06
2022-07-04,,,,,11769.39,4515.91,17403.27,5954.65
2022-07-05,,,,,11466.21,4396.88,16946.39,5794.96
2022-07-06,,,,,11692.05,4482.52,17293.88,5912.38
2022-07-07,,,,,11891.59,4559.02,17569.78,6006.7
2022-07-08,,,,,11961.29,4585.72,17647.09,6033.13
2022-07-11,,,,,11878.66,4554.04,17539.36,5996.3
2022-07-12,,,,,11971.42,4589.6,17679.47,6044.2
2022-07-13,,,,,11887.88,4557.58,17550.88,6000.24
2022-07-14,,,,,11721.45,4493.76,17302.75,5915.41
2022-07-15,,,,,11959.38,4584.98,17655.49,6036.0
2022-07-18,,,,,12073.79,4628.84,17819.02,6091.91
2022-07-19,,,,,12290.96,4712.1,18138.77,6201.22
2022-07-20,,,,,12263.82,4701.47,18091.31,6184.66
2022-07-21,,,,,12293.43,4712.83,18139.44,6201.11
2022-07-22,,,,,12330.33,4726.97,18185.38,6216.82
2022-07-25,,,,,12357.12,4737.24,18246.02,6237.55
2022-07-26,,,,,12302.27,4716.21,18169.68,6211.45
2022-07-27,,,,,12402.64,4754.56,18305.67,6257.94
2022-07-28,,,,,12557.32,4813.86,18543.39,6339.21
2022-07-29,,,,,12769.12,4895.05,18863.1,6448.5
2022-08-01,,,,,12746.81,4886.5,18829.04,6436.86
2022-08-02,,,,,12689.35,4864.47,18749.88,6409.8
2022-08-03,,,,,12815.46,4912.81,18932.01,6472.06
2022-08-04,,,,,12892.03,4942.11,19052.91,6513.39
2022-08-05,,,,,12809.1,4910.32,18932.84,6472.35
2022-08-08,,,,,12913.03,4950.17,19085.22,6524.44
2022-08-09,,,,,12843.66,4923.57,18984.5,6490.0
2022-08-10,,,,,12922.74,4953.89,19082.32,6523.44
2022-08-11,,,,,12961.26,4968.66,19144.4,6544.67
2022-08-12,,,,,12973.86,4973.49,19171.29,6553.86
2022-08-15,,,,,13006.38,4985.95,19218.37,6569.95
2022-08-16,,,,,13049.2,5002.36,19284.54,6592.58
2022-08-17,,,,,12914.21,4950.62,19096.58,6528.32
2022-08-18,,,,,12967.87,4971.19,19181.64,6557.4
2022-08-19,,,,,12839.15,4921.77,19001.55,6495.83
2022-08-22,,,,,12604.97,4832.01,18659.04,6378.74
2022-08-23,,,,,12572.91,4819.71,18610.11,6362.02
2022-08-24,,,,,12620.06,4837.79,18682.5,6386.76
2022-08-25,,,,,12618.59,4837.23,18667.28,6381.56
2022-08-26,,,,,12409.59,4757.11,18353.4,6274.26
2022-08-29,,,,,12308.44,4718.33,18201.36,6222.28
2022-08-30,,,,,12282.49,4708.33,18166.06,6210.22
2022-08-31,,,,,12130.42,4650.04,17917.08,6125.1
2022-09-01,,,,,11943.6,4578.43,17651.51,6034.31
2022-09-02,,,,,12203.07,4677.89,18041.15,6167.51
2022-09-05,,,,,12055.15,4621.19,17823.83,6093.22
2022-09-06,,,,,12075.77,4629.09,17857.14,6104.61
2022-09-07,,,,,12072.25,4627.74,17860.99,6105.92
2022-09-08,,,,,12109.24,4641.92,17919.42,6125.9
2022-09-09,,,,,12281.63,4708.01,18172.24,6212.33
2022-09-12,,,,,12515.25,4797.56,18526.95,6333.59
2022-09-13,,,,,12333.8,4728.01,18269.82,6245.69
2022-09-14,,,,,12281.87,4708.09,18201.74,6222.41
2022-09-15,,,,,12160.96,4661.74,18012.85,6157.84
2022-09-16,,,,,11998.64,4599.51,17777.27,6077.3
2022-09-19,,,,,11971.28,4588.91,17731.81,6061.59
2022-09-20,,,,,11794.54,4521.17,17491.56,5979.47
2022-09-21,,,,,11899.58,4556.5,17665.38,6031.33
2022-09-22,,,,,11665.28,4466.71,17334.92,5918.5
2022-09-23,,,,,11394.55,4363.05,16939.25,5783.41
2022-09-26,,,,,11365.82,4352.05,16898.19,5769.39
2022-09-27,,,,,11338.77,4341.69,16852.58,5753.82
2022-09-28,,,,,11362.52,4350.77,16885.36,5765.01
2022-09-29,,,,,11181.48,4281.45,16627.2,5676.87
2022-09-30,,,,,11354.9,4347.86,16877.53,5762.34
2022-10-03,,,,,11426.65,4375.33,16970.71,5794.15
2022-10-04,,,,,11896.44,4555.21,17689.87,6039.69
2022-10-05,,,,,11779.92,4510.6,17531.04,5985.46
2022-10-06,,,,,11694.37,4477.84,17387.39,5936.42
2022-10-07,,,,,11553.35,4423.84,17183.88,5866.94
2022-10-10,,,,,11497.97,4402.64,17106.59,5840.55
2022-10-11,,,,,11480.49,4395.93,17085.08,5833.2
2022-10-12,,,,,11440.14,4380.49,17041.92,5818.47
2022-10-13,,,,,11568.05,4429.46,17219.77,5879.19
2022-10-14,,,,,11668.62,4467.97,17374.23,5931.92
2022-10-17,,,,,11887.43,4551.75,17692.71,6040.66
2022-10-18,,,,,11944.83,4573.73,17769.87,6067.0
2022-10-19,,,,,11882.43,4549.84,17692.88,6040.72
2022-10-20,,,,,11974.59,4585.13,17828.13,6086.9
2022-10-21,,,,,11878.88,4548.48,17677.27,6035.39
2022-10-24,,,,,12066.02,4620.13,17958.37,6131.36
2022-10-25,,,,,12287.53,4704.95,18307.45,6250.55
2022-10-26,,,,,12350.11,4728.92,18382.92,6276.31
2022-10-27,,,,,12296.07,4708.22,18288.37,6244.03
2022-10-28,,,,,12339.63,4724.9,18373.37,6273.05
2022-10-31,,,,,12337.62,4724.13,18354.97,6266.77
2022-11-01,,,,,12449.26,4766.88,18535.04,6328.25
2022-11-02,,,,,12345.88,4727.3,18384.57,6276.88
2022-11-03,,,,,12276.41,4700.7,18286.17,6243.28
2022-11-04,,,,,12600.74,4824.88,18793.34,6416.44
2022-11-07,,,,,12612.76,4829.49,18793.84,6416.61
2022-11-08,,,,,12668.99,4851.0,18866.75,6441.5
2022-11-09,,,,,12646.69,4842.46,18834.74,6430.57
2022-11-10,,,,,12908.57,4942.74,19204.54,6556.83
2022-11-11,,,,,12982.57,4971.06,19315.24,6594.62
2022-11-14,,,,,13005.75,4979.87,19357.84,6609.17
2022-11-15,,,,,13067.91,5002.13,19459.92,6641.66
2022-11-16,,,,,12974.21,4966.26,19359.02,6607.22
2022-11-17,,,,,12913.73,4942.74,19267.9,6576.12
2022-11-18,,,,,13042.81,4992.15,19468.13,6644.46
2022-11-21,,,,,13024.7,4985.21,19438.79,6634.45
2022-11-22,,,,,13069.79,5002.47,19506.42,6657.53
2022-11-23,,,,,13109.67,5017.73,19569.58,6679.09
2022-11-24,,,,,13175.17,5042.81,19652.32,6707.32
2022-11-25,,,,,13188.49,5046.38,19674.25,6712.48
2022-11-28,,,,,13094.38,5010.38,19535.65,6665.2
2022-11-29,,,,,13094.59,5010.46,19546.71,6668.97
2022-11-30,,,,,13213.66,5056.02,19750.64,6738.55
2022-12-01,,,,,13268.84,5073.52,19812.06,6753.97
2022-12-02,,,,,13252.3,5067.19,19777.7,6742.25
2022-12-05,,,,,13171.92,5034.85,19652.06,6696.96
2022-12-06,,,,,13143.95,5023.94,19626.1,6687.79
2022-12-07,,,,,13086.52,5001.98,19546.29,6660.59
2022-12-08,,,,,13066.25,4994.24,19507.31,6647.31
2022-12-09,,,,,13129.32,5018.34,19596.32,6677.64
2022-12-12,,,,,13069.87,4995.51,19517.28,6650.55
2022-12-13,,,,,13253.23,5065.44,19794.42,6744.98
2022-12-14,,,,,13231.39,5057.09,19752.76,6730.79
2022-12-15,,,,,12842.99,4908.64,19142.28,6522.77
2022-12-16,,,,,12703.05,4855.16,18936.44,6452.63
2022-12-19,,,,,12742.4,4870.2,18997.1,6473.29
2022-12-20,,,,,12693.04,4851.33,18930.0,6450.43
2022-12-21,,,,,12945.32,4947.75,19310.95,6580.24
2022-12-22,,,,,12827.18,4902.6,19128.21,6517.97
2022-12-23,,,,,12812.08,4896.27,19089.84,6504.9
2022-12-27,,,,,12892.38,4926.96,19224.14,6550.66
2022-12-28,,,,,12819.87,4899.25,19106.25,6510.49
2022-12-29,,,,,12946.19,4947.52,19291.07,6573.47
2022-12-30,,,,,12753.69,4873.96,18998.47,6473.76
2023-01-02,,,,,12998.63,4962.62,19375.22,6594.57
2023-01-03,,,,,13052.77,4983.28,19461.36,6623.89
2023-01-04,,,,,13330.02,5089.13,19909.51,6776.43
2023-01-05,,,,,13299.98,5077.66,19865.65,6761.5
2023-01-06,,,,,13484.9,5148.25,20157.84,6860.95
2023-01-09,,,,,13582.43,5185.49,20294.21,6907.36
2023-01-10,,,,,13503.32,5155.29,20181.91,6869.14
2023-01-11,,,,,13612.89,5197.08,20343.66,6924.19
2023-01-12,,,,,13716.22,5236.53,20494.93,6975.68
2023-01-13,,,,,13809.86,5272.28,20635.43,7023.5
2023-01-16,,,,,13857.07,5289.03,20697.99,7043.31
2023-01-17,,,,,13923.28,5314.3,20797.47,7077.16
2023-01-18,,,,,13939.43,5320.46,20815.79,7083.39
2023-01-19,,,,,13686.72,5224.01,20429.28,6951.87
2023-01-20,,,,,13769.84,5255.73,20558.93,6995.99
2023-01-23,,,,,13844.22,5284.12,20664.81,7032.02
2023-01-24,,,,,13875.16,5295.93,20719.05,7050.48
2023-01-25,,,,,13854.79,5288.16,20699.66,7043.88
2023-01-26,,,,,13955.73,5326.68,20852.81,7095.99
2023-01-27,,,,,13963.19,5329.53,20856.39,7097.21
2023-01-30,,,,,13928.03,5316.11,20811.71,7082.01
2023-01-31,,,,,13926.04,5315.35,20812.92,7082.42
2023-02-01,,,,,13928.69,5316.36,20797.34,7077.11
2023-02-02,,,,,14114.55,5387.3,21059.33,7166.27
2023-02-03,,,,,14240.73,5435.46,21258.2,7233.94
2023-02-06,,,,,14056.25,5365.05,20973.61,7137.1
2023-02-07,,,,,14040.25,5358.94,20959.65,7132.35
2023-02-08,,,,,14024.29,5352.85,20922.85,7119.83
2023-02-09,,,,,14150.59,5401.06,21124.26,7188.36
2023-02-10,,,,,14027.18,5353.95,20951.95,7129.73
2023-02-13,,,,,14173.87,5409.94,21183.69,7208.59
2023-02-14,,,,,14189.84,5415.95,21199.03,7213.81
2023-02-15,,,,,14346.93,5475.91,21454.86,7300.86
2023-02-16,,,,,14467.01,5521.74,21646.76,7366.16
2023-02-17,,,,,14431.59,5508.22,21592.57,7347.72
2023-02-20,,,,,14413.97,5501.17,21558.4,7335.61
2023-02-21,,,,,14362.22,5481.43,21479.19,7308.65
2023-02-22,,,,,14328.72,5468.64,21451.58,7299.26
2023-02-23,,,,,14367.94,5483.61,21504.98,7317.43
2023-02-24,,,,,14136.17,5395.15,21122.45,7187.27
2023-02-27,,,,,14341.98,5473.7,21440.67,7295.55
2023-02-28,,,,,14290.78,5453.9,21359.5,7267.93
2023-03-01,,,,,14231.3,5431.19,21260.53,7234.25
2023-03-02,,,,,14325.37,5467.09,21407.39,7284.22
2023-03-03,,,,,14453.35,5515.93,21595.16,7348.12
2023-03-06,,,,,14501.82,5534.08,21668.92,7373.21
2023-03-07,,,,,14431.1,5507.09,21569.17,7339.27
2023-03-08,,,,,14408.27,5498.38,21526.51,7324.76
2023-03-09,,,,,14385.51,5489.69,21500.41,7315.88
2023-03-10,,,,,14196.76,5417.66,21220.62,7220.67
2023-03-13,,,,,13784.35,5260.28,20605.88,7011.5
2023-03-14,,,,,14036.73,5356.54,20988.16,7141.57
2023-03-15,,,,,13534.52,5164.89,20236.22,6885.71
2023-03-16,,,,,13797.4,5265.21,20647.69,7025.72
2023-03-17,,,,,13604.27,5191.51,20352.86,6925.4
2023-03-20,,,,,13765.2,5252.82,20611.17,7013.14
2023-03-21,,,,,13967.94,5330.18,20904.38,7112.91
2023-03-22,,,,,14006.89,5340.09,20980.13,7131.12
2023-03-23,,,,,14013.92,5342.77,21004.08,7139.25
2023-03-24,,,,,13760.36,5246.1,20638.8,7015.1
2023-03-27,,,,,13879.25,5291.42,20824.67,7078.27
2023-03-28,,,,,13891.74,5295.72,20854.28,7088.34
2023-03-29,,,,,14082.09,5368.28,21144.52,7186.99
2023-03-30,,,,,14242.12,5429.19,21369.25,7263.37
2023-03-31,,,,,14346.45,5468.96,21542.88,7322.39
2023-04-03,,,,,14384.83,5483.59,21612.22,7345.96
2023-04-04,,,,,14379.64,5481.61,21609.29,7344.96
2023-04-05,,,,,14319.77,5458.79,21524.95,7316.3
2023-04-06,,,,,14345.05,5468.43,21549.81,7324.75
2023-04-11,,,,,14469.87,5516.01,21742.61,7390.28
2023-04-12,,,,,14483.45,5521.19,21762.2,7396.94
2023-04-13,,,,,14634.9,5578.92,22009.0,7480.83
2023-04-14,,,,,14706.08,5606.05,22123.12,7519.61
2023-04-17,,,,,14679.4,5595.88,22060.05,7498.18
2023-04-18,,,,,14746.26,5620.8,22164.35,7533.63
2023-04-19,,,,,14771.24,5630.27,22210.86,7549.44
2023-04-20,,,,,14739.35,5617.97,22179.3,7538.71
2023-04-21,,,,,14806.0,5642.72,22294.91,7577.0
2023-04-24,,,,,14823.6,5640.39,22323.9,7573.86
2023-04-25,,,,,14773.83,5607.11,22263.46,7531.61
2023-04-26,,,,,14669.08,5563.16,22090.33,7466.66
2023-04-27,,,,,14701.24,5575.36,22141.16,7483.84
2023-04-28,,,,,14754.41,5587.86,22197.17,7491.5
2023-05-02,,,,,14551.87,5508.72,21885.58,7383.2
2023-05-03,,,,,14596.16,5524.23,21951.67,7403.83
2023-05-04,,,,,14468.16,5475.78,21764.71,7340.77
2023-05-05,,,,,14648.91,5543.74,22037.95,7432.93
2023-05-08,,,,,14692.32,5550.71,22103.12,7440.91
2023-05-09,,,,,14636.75,5517.72,22023.31,7397.17
2023-05-10,,,,,14571.77,5493.22,21916.23,7361.2
2023-05-11,,,,,14610.16,5507.64,21977.49,7381.78
2023-05-12,,,,,14670.62,5530.36,22075.94,7414.85
2023-05-15,,,,,14697.47,5533.64,22106.2,7418.21
2023-05-16,,,,,14671.75,5523.96,22069.87,7406.01
2023-05-17,,,,,14668.2,5519.87,22062.69,7399.44
2023-05-18,,,,,14761.0,5554.75,22204.16,7446.89
2023-05-19,,,,,14846.57,5586.72,22338.53,7491.96
2023-05-22,,,,,14869.01,5577.77,22369.0,7478.16
2023-05-23,,,,,14690.6,5509.22,22074.69,7378.71
2023-05-24,,,,,14441.88,5415.68,21699.96,7253.46
2023-05-25,,,,,14387.55,5395.3,21627.6,7229.27
2023-05-26,,,,,14558.46,5459.29,21896.59,7319.18
2023-05-29,,,,,14531.64,5448.27,21852.44,7303.81
2023-05-30,,,,,14416.42,5381.07,21674.26,7209.75
2023-05-31,,,,,14202.96,5300.84,21340.42,7098.7
2023-06-01,,,,,14287.45,5332.37,21456.85,7137.43
2023-06-02,,,,,14555.3,5430.75,21864.17,7270.69
2023-06-05,,,,,14429.42,5381.36,21664.19,7200.91
2023-06-06,,,,,14453.04,5389.09,21692.94,7209.0
2023-06-07,,,,,14445.5,5385.55,21674.28,7202.79
2023-06-08,,,,,14486.72,5400.89,21732.53,7222.15
2023-06-09,,,,,14471.73,5395.3,21705.41,7213.14
2023-06-12,,,,,14553.55,5422.82,21829.81,7250.35
2023-06-13,,,,,14633.67,5452.07,21951.58,7290.8
2023-06-14,,,,,14711.54,5481.08,22065.19,7328.53
2023-06-15,,,,,14635.73,5452.83,21951.9,7290.91
2023-06-16,,,,,14818.19,5520.81,22246.19,7388.65
2023-06-19,,,,,14659.2,5461.3,22021.58,7314.05
2023-06-20,,,,,14610.02,5442.98,21961.74,7294.17
2023-06-21,,,,,14559.87,5418.87,21886.11,7260.97
2023-06-22,,,,,14451.11,5378.39,21712.22,7203.28
2023-06-23,,,,,14358.52,5343.93,21592.05,7163.42
2023-06-26,,,,,14393.39,5356.79,21655.62,7184.35
2023-06-27,,,,,14453.05,5378.99,21749.75,7215.58
2023-06-28,,,,,14602.46,5434.6,21962.97,7286.32
2023-06-29,,,,,14656.48,5454.69,22042.58,7312.73
2023-06-30,,,,,14820.51,5515.74,22305.82,7400.06
2023-07-03,,,,,14801.7,5506.26,22274.3,7386.7
2023-07-04,,,,,14776.92,5495.51,22225.41,7369.93
2023-07-05,,,,,14665.73,5452.86,22052.75,7310.81
2023-07-06,,,,,14221.58,5287.71,21363.42,7082.29
2023-07-07,,,,,14291.34,5313.16,21452.68,7111.88
2023-07-10,,,,,14351.7,5335.59,21548.61,7143.69
2023-07-11,,,,,14502.96,5391.82,21778.84,7220.01
2023-07-12,,,,,14731.05,5476.62,22119.71,7333.01
2023-07-13,,,,,14804.07,5503.76,22230.68,7369.8
2023-07-14,,,,,14804.82,5504.04,22244.98,7374.54
2023-07-17,,,,,14646.2,5444.84,21996.01,7291.66
2023-07-18,,,,,14705.96,5467.06,22079.04,7319.18
2023-07-19,,,,,14730.89,5476.32,22102.44,7326.94
2023-07-20,,,,,14832.13,5513.96,22277.31,7384.91
2023-07-21,,,,,14923.39,5547.89,22421.7,7432.77
2023-07-24,,,,,14920.85,5546.94,22405.22,7427.31
2023-07-25,,,,,14896.98,5538.07,22369.46,7415.45
2023-07-26,,,,,14722.43,5473.18,22066.64,7315.07
2023-07-27,,,,,14999.33,5576.12,22519.64,7465.24
2023-07-28,,,,,15015.55,5582.15,22553.51,7476.47
2023-07-31,,,,,15042.79,5592.27,22617.82,7497.78
2023-08-01,,,,,14869.2,5527.74,22341.18,7406.08
2023-08-02,,,,,14685.31,5459.37,22059.93,7312.84
2023-08-03,,,,,14580.28,5420.27,21902.11,7260.53
2023-08-04,,,,,14684.46,5459.0,22066.64,7315.07
2023-08-07,,,,,14695.55,5463.12,22080.79,7319.76
2023-08-08,,,,,14599.7,5427.49,21929.07,7269.47
2023-08-09,,,,,14698.34,5464.16,22087.67,7322.04
2023-08-10,,,,,14911.17,5543.28,22424.26,7433.62
2023-08-11,,,,,14722.81,5473.26,22142.43,7340.19
2023-08-14,,,,,14738.83,5479.21,22168.52,7348.84
2023-08-15,,,,,14583.37,5421.42,21923.76,7267.7
2023-08-16,,,,,14566.73,5415.24,21901.26,7260.25
2023-08-17,,,,,14431.3,5364.89,21694.59,7191.74
2023-08-18,,,,,14368.92,5341.63,21611.27,7164.11
2023-08-21,,,,,14432.85,5365.4,21713.68,7198.06
2023-08-22,,,,,14521.81,5398.47,21842.85,7240.88
2023-08-23,,,,,14535.83,5403.68,21860.17,7246.62
2023-08-24,,,,,14470.73,5379.48,21763.14,7214.46
2023-08-25,,,,,14496.86,5389.19,21808.81,7229.6
2023-08-28,,,,,14685.06,5459.15,22095.72,7324.71
2023-08-29,,,,,14786.51,5496.87,22242.7,7373.43
2023-08-30,,,,,14767.54,5489.82,22215.44,7364.4
2023-08-31,,,,,14687.37,5460.01,22071.55,7316.7
2023-09-01,,,,,14655.35,5448.11,22011.45,7296.77
2023-09-04,,,,,14619.11,5434.64,21959.36,7279.51
2023-09-05,,,,,14569.0,5415.96,21884.59,7254.72
2023-09-06,,,,,14455.05,5373.6,21701.71,7194.09
2023-09-07,,,,,14447.68,5370.86,21707.76,7196.1
2023-09-08,,,,,14530.41,5401.61,21842.51,7240.77
2023-09-11,,,,,14604.22,5429.05,21955.63,7278.27
2023-09-12,,,,,14550.47,5409.07,21879.05,7252.88
2023-09-13,,,,,14493.25,5387.8,21787.6,7222.57
2023-09-14,,,,,14659.71,5449.68,22047.33,7308.67
2023-09-15,,,,,14789.44,5497.91,22258.96,7378.82
2023-09-18,,,,,14577.63,5419.06,21949.69,7276.14
2023-09-19,,,,,14589.23,5423.37,21967.73,7282.12
2023-09-20,,,,,14704.82,5460.92,22138.94,7330.79
2023-09-21,,,,,14465.92,5372.2,21785.92,7213.9
2023-09-22,,,,,14407.7,5350.58,21698.1,7184.82
2023-09-25,,,,,14277.88,5302.36,21514.06,7123.88
2023-09-26,,,,,14174.61,5264.01,21363.48,7074.02
2023-09-27,,,,,14170.0,5262.29,21356.75,7071.79
2023-09-28,,,,,14254.85,5293.66,21491.0,7116.24
2023-09-29,,,,,14301.85,5311.12,21547.82,7135.06
2023-10-02,,,,,14161.33,5258.93,21345.8,7068.16
2023-10-03,,,,,14005.08,5200.91,21131.02,6997.05
2023-10-04,,,,,14003.0,5200.14,21130.06,6996.73
2023-10-05,,,,,14006.05,5201.27,21134.67,6998.25
2023-10-06,,,,,14126.45,5245.98,21321.61,7060.15
2023-10-09,,,,,14046.41,5216.26,21204.57,7021.4
2023-10-10,,,,,14325.83,5320.02,21630.47,7162.43
2023-10-11,,,,,14265.45,5297.6,21536.19,7131.21
2023-10-12,,,,,14216.49,5279.42,21455.64,7104.53
2023-10-13,,,,,14001.29,5199.5,21150.61,7003.53
2023-10-16,,,,,14040.74,5214.15,21206.95,7022.19
2023-10-17,,,,,14051.76,5218.24,21229.63,7029.7
2023-10-18,,,,,13921.64,5169.92,21037.24,6965.99
2023-10-19,,,,,13821.77,5132.84,20902.49,6921.37
2023-10-20,,,,,13611.83,5054.87,20584.94,6816.22
2023-10-23,,,,,13670.93,5076.82,20688.38,6850.47
2023-10-24,,,,,13754.77,5107.96,20818.78,6893.65
2023-10-25,,,,,13778.76,5116.87,20883.47,6915.07
2023-10-26,,,,,13729.97,5098.75,20804.6,6888.96
2023-10-27,,,,,13562.91,5036.71,20521.99,6795.38
2023-10-30,,,,,13624.92,5059.73,20611.65,6825.07
2023-10-31,,,,,13749.69,5106.07,20794.62,6885.65
2023-11-01,,,,,13842.44,5140.51,20936.49,6932.63
2023-11-02,,,,,14104.58,5237.86,21323.24,7060.69
2023-11-03,,,,,14094.69,5234.19,21283.39,7047.5
2023-11-06,,,,,14021.83,5207.13,21181.42,7013.73
2023-11-07,,,,,13962.09,5184.95,21098.37,6986.23
2023-11-08,,,,,14055.95,5219.8,21243.11,7034.16
2023-11-09,,,,,14214.71,5278.76,21483.2,7113.66
2023-11-10,,,,,14077.0,5227.62,21275.96,7045.04
2023-11-13,,,,,14159.67,5257.95,21404.25,7087.06
2023-11-14,,,,,14377.9,5337.35,21709.48,7185.68
2023-11-15,,,,,14425.57,5355.05,21781.77,7209.61
2023-11-16,,,,,14339.22,5322.99,21657.28,7168.4
2023-11-17,,,,,14473.82,5372.96,21855.19,7233.91
2023-11-20,,,,,14498.19,5382.01,21894.53,7246.93
2023-11-21,,,,,14454.61,5365.83,21841.73,7229.45
2023-11-22,,,,,14522.23,5390.93,21936.23,7260.73
2023-11-23,,,,,14552.01,5401.98,21988.18,7277.93
2023-11-24,,,,,14591.81,5415.2,22040.26,7292.8
2023-11-27,,,,,14536.11,5394.53,21957.7,7265.49
2023-11-28,,,,,14508.06,5384.12,21911.29,7250.13
2023-11-29,,,,,14549.54,5399.51,21964.22,7267.64
2023-11-30,,,,,14628.35,5428.76,22094.57,7310.77
2023-12-01,,,,,14703.28,5456.57,22201.47,7346.15
2023-12-04,,,,,14662.71,5435.91,22186.13,7332.59
2023-12-05,,,,,14769.89,5475.41,22351.84,7386.99
2023-12-06,,,,,14865.53,5510.86,22500.09,7435.99
2023-12-07,,,,,14850.23,5505.19,22477.51,7428.52
2023-12-08,,,,,15038.25,5574.89,22774.13,7526.55
2023-12-11,,,,,15087.09,5592.9,22850.19,7551.53
2023-12-12,,,,,15068.67,5585.88,22826.02,7543.55
2023-12-13,,,,,15045.23,5577.19,22788.72,7531.22
2023-12-14,,,,,15169.23,5623.16,22923.77,7575.85
2023-12-15,,,,,15206.44,5636.95,22987.48,7596.91
2023-12-18,,,,,15154.86,5617.83,22902.62,7568.86
2023-12-19,,,,,15180.87,5627.47,22920.2,7574.67
2023-12-20,,,,,15206.28,5636.16,22946.72,7583.43
2023-12-21,,,,,15179.79,5626.34,22910.31,7571.4
2023-12-22,,,,,15178.27,5625.78,22902.51,7568.82
2023-12-27,,,,,15191.65,5630.74,22911.57,7571.82
2023-12-28,,,,,15122.26,5605.02,22800.66,7535.16
2023-12-29,,,,,15134.81,5609.67,22824.9,7543.18
2024-01-02,,,,,15127.93,5601.76,22812.05,7530.86
2024-01-03,,,,,14888.5,5513.1,22451.58,7411.86
2024-01-04,,,,,14969.64,5543.15,22569.01,7450.63
2024-01-05,,,,,14904.19,5518.92,22478.34,7420.69
2024-01-08,,,,,14964.74,5541.33,22567.84,7450.24
2024-01-09,,,,,14916.3,5523.4,22496.28,7426.62
2024-01-10,,,,,14908.36,5520.46,22494.64,7426.08
2024-01-11,,,,,14830.14,5491.5,22378.16,7387.62
2024-01-12,,,,,14984.04,5548.48,22612.96,7465.14
2024-01-15,,,,,14886.89,5511.22,22455.47,7411.68
2024-01-16,,,,,14851.09,5497.96,22414.03,7398.0
2024-01-17,,,,,14688.05,5437.57,22173.74,7318.69
2024-01-18,,,,,14846.61,5496.27,22424.17,7401.35
2024-01-19,,,,,14786.74,5474.1,22334.16,7371.64
2024-01-22,,,,,14881.01,5509.0,22460.23,7413.25
2024-01-23,,,,,14837.5,5492.89,22383.85,7388.04
2024-01-24,,,,,14973.78,5543.35,22588.66,7455.64
2024-01-25,,,,,14990.66,5549.59,22614.6,7464.2
2024-01-26,,,,,15314.47,5669.47,23129.47,7634.14
2024-01-29,,,,,15319.49,5671.33,23149.68,7640.81
2024-01-30,,,,,15380.4,5693.88,23260.74,7677.47
2024-01-31,,,,,15348.52,5682.07,23197.96,7656.75
2024-02-01,,,,,15216.5,5633.2,22991.94,7588.75
2024-02-02,,,,,15221.72,5635.13,23002.59,7592.26
2024-02-05,,,,,15210.58,5631.01,22995.62,7589.96
2024-02-06,,,,,15303.2,5665.3,23144.08,7638.97
2024-02-07,,,,,15244.44,5643.55,23060.14,7611.26
2024-02-08,,,,,15348.21,5681.96,23224.88,7665.63
2024-02-09,,,,,15316.67,5670.28,23170.01,7647.52
2024-02-12,,,,,15400.67,5701.38,23298.11,7689.8
2024-02-13,,,,,15267.41,5651.73,23104.18,7625.31
2024-02-14,,,,,15365.2,5687.88,23261.85,7677.35
2024-02-15,,,,,15496.58,5736.52,23462.04,7743.42
2024-02-16,,,,,15551.88,5756.99,23537.06,7768.18
2024-02-19,,,,,15540.92,5752.93,23538.19,7768.55
2024-02-20,,,,,15578.62,5766.89,23618.99,7795.22
2024-02-21,,,,,15612.07,5779.27,23670.1,7812.09
2024-02-22,,,,,15814.05,5854.04,23971.6,7911.6
2024-02-23,,,,,15913.74,5890.94,24138.52,7966.68
2024-02-26,,,,,15836.48,5862.34,24026.83,7929.82
2024-02-27,,,,,15877.57,5877.49,24083.11,7948.4
2024-02-28,,,,,15876.55,5877.11,24101.25,7954.39
2024-02-29,,,,,15823.01,5857.29,24019.57,7927.43
2024-03-01,,,,,15840.01,5863.59,24039.99,7934.17
2024-03-04,,,,,15878.04,5877.1,24107.4,7956.41
2024-03-05,,,,,15833.0,5860.42,24035.9,7932.82
2024-03-06,,,,,15878.7,5877.33,24102.33,7954.74
2024-03-07,,,,,15999.63,5922.09,24288.6,8016.22
2024-03-08,,,,,16023.42,5930.9,24324.34,8028.01
2024-03-11,,,,,15999.61,5922.08,24299.23,8019.73
2024-03-12,,,,,16132.18,5971.16,24504.52,8087.48
2024-03-13,,,,,16224.66,6005.39,24656.32,8137.58
2024-03-14,,,,,16262.46,6019.38,24728.56,8161.42
2024-03-15,,,,,16260.8,6018.76,24737.44,8164.35
2024-03-18,,,,,16234.13,6008.79,24688.77,8148.14
2024-03-19,,,,,16330.18,6044.34,24849.08,8201.05
2024-03-20,,,,,16282.31,6021.22,24753.37,8161.41
2024-03-21,,,,,16332.8,6039.89,24808.9,8179.72
2024-03-22,,,,,16287.26,6022.48,24724.6,8151.92
2024-03-25,,,,,16291.12,6023.91,24723.62,8151.6
2024-03-26,,,,,16358.67,6048.89,24824.16,8184.75
2024-03-27,,,,,16398.62,6063.57,24885.02,8204.81
2024-03-28,,,,,16407.21,6066.75,24888.03,8205.81
2024-04-02,,,,,16260.25,6012.36,24658.27,8130.05
2024-04-03,,,,,16315.19,6032.67,24728.56,8153.23
2024-04-04,,,,,16309.25,6030.48,24723.48,8151.55
2024-04-05,,,,,16130.25,5964.29,24449.77,8061.31
2024-04-08,,,,,16249.8,6008.49,24625.67,8119.3
2024-04-09,,,,,16122.02,5961.25,24412.97,8049.17
2024-04-10,,,,,16107.71,5955.96,24401.45,8045.38
2024-04-11,,,,,16063.2,5939.5,24335.84,8023.74
2024-04-12,,,,,16033.07,5928.36,24296.68,8010.83
2024-04-15,,,,,16094.11,5950.93,24400.63,8045.11
2024-04-16,,,,,15880.45,5868.28,24073.54,7932.61
2024-04-17,,,,,15971.84,5902.05,24221.94,7981.51
2024-04-18,,,,,16053.75,5932.32,24348.65,8023.26
2024-04-19,,,,,16043.8,5928.16,24346.05,8022.41
2024-04-22,,,,,16116.48,5944.23,24449.11,8040.36
2024-04-23,,,,,16273.91,5991.54,24697.24,8105.78
2024-04-24,,,,,16241.1,5979.46,24654.85,8091.86
2024-04-25,,,,,16090.77,5924.12,24425.69,8016.65
2024-04-26,,,,,15594.63,5977.39,24664.94,8088.24
2024-04-29,,,,,16219.14,5966.15,24594.54,8065.15
2024-04-30,,,,,16095.02,5907.63,24407.51,7984.93
2024-05-02,,,,,16006.28,5864.39,24241.76,7914.65
2024-05-03,,,,,16110.04,5897.91,24391.26,7957.57
2024-05-06,,,,,16202.31,5928.05,24527.75,7996.64
2024-05-07,,,,,16363.59,5987.06,24770.18,8075.68
2024-05-08,,,,,16477.57,6026.57,24951.28,8131.41
2024-05-09,,,,,16586.38,6066.28,25123.86,8187.65
2024-05-10,,,,,16652.17,6090.28,25220.5,8219.14
2024-05-13,,,,,16669.59,6084.27,25247.46,8209.28
2024-05-14,,,,,16715.81,6099.21,25302.2,8225.8
2024-05-15,,,,,16748.31,6110.33,25345.85,8239.99
2024-05-16,,,,,16656.25,6076.4,25189.04,8188.49
2024-05-17,,,,,16612.49,6059.86,25124.46,8167.5
2024-05-20,,,,,16683.29,6079.67,25234.51,8195.97
2024-05-21,,,,,16623.53,6039.25,25142.7,8141.46
2024-05-22,,,,,16538.23,6003.92,25008.43,8092.11
2024-05-23,,,,,16554.66,6009.89,25040.0,8102.33
2024-05-24,,,,,16546.28,6006.84,25017.27,8094.97
2024-05-27,,,,,16633.06,6035.74,25144.26,8132.49
2024-05-28,,,,,16516.59,5982.82,24960.94,8057.8
2024-05-29,,,,,16283.19,5893.39,24603.2,7935.03
2024-05-30,,,,,16378.55,5927.27,24738.02,7978.51
2024-05-31,,,,,16417.82,5939.54,24790.06,7992.87
2024-06-03,,,,,16435.96,5944.96,24806.05,7998.02
2024-06-04,,,,,16318.56,5899.95,24630.16,7937.9
2024-06-05,,,,,16455.15,5948.69,24846.24,8006.57
2024-06-06,,,,,16519.9,5972.09,24950.34,8040.12
2024-06-07,,,,,16434.0,5940.92,24831.43,8001.8
2024-06-10,,,,,16222.81,5860.54,24513.7,7893.98
2024-06-11,,,,,16001.32,5780.4,24188.33,7789.21
2024-06-12,,,,,16155.22,5835.92,24422.77,7864.7
2024-06-13,,,,,15820.6,5715.04,23936.22,7708.02
2024-06-14,,,,,15385.42,5557.28,23300.38,7503.27
2024-06-17,,,,,15514.65,5603.88,23512.48,7571.57
2024-06-18,,,,,15640.24,5648.98,23690.2,7628.8
2024-06-19,,,,,15536.56,5605.83,23534.93,7570.2
2024-06-20,,,,,15746.94,5681.73,23849.38,7671.34
2024-06-21,,,,,15645.44,5645.11,23716.41,7628.57
2024-06-24,,,,,15808.07,5703.51,23960.63,7706.89
2024-06-25,,,,,15710.29,5668.1,23821.98,7662.3
2024-06-26,,,,,15594.63,5626.37,23656.73,7609.15
2024-06-27,,,,,15436.75,5569.41,23412.92,7530.72
2024-06-28,,,,,15322.71,5528.26,23253.34,7479.4
2024-07-01,,,,,15507.52,5592.51,23517.99,7561.13
2024-07-02,,,,,15465.19,5575.76,23446.94,7538.29
2024-07-03,,,,,15663.41,5646.97,23739.5,7632.08
2024-07-04,,,,,15794.41,5694.19,23937.66,7695.78
2024-07-05,,,,,15757.13,5680.75,23874.94,7675.62
2024-07-08,,,,,15665.3,5647.61,23725.1,7627.45
2024-07-09,,,,,15415.19,5556.88,23355.62,7508.66
2024-07-10,,,,,15552.22,5606.26,23557.46,7573.55
2024-07-11,,,,,15674.75,5650.43,23724.12,7627.13
2024-07-12,,,,,15863.49,5718.47,24026.43,7724.32
2024-07-15,,,,,15687.29,5654.95,23741.46,7632.71
2024-07-16,,,,,15582.61,5617.21,23577.62,7580.03
2024-07-17,,,,,15572.12,5612.04,23555.44,7570.81
2024-07-18,,,,,15610.37,5625.83,23604.41,7586.55
2024-07-19,,,,,15484.22,5580.37,23442.52,7534.52
2024-07-22,,,,,15664.27,5645.26,23714.77,7622.02
2024-07-23,,,,,15619.56,5629.14,23642.0,7598.63
2024-07-24,,,,,15461.4,5572.01,23377.83,7513.73
2024-07-25,,,,,15287.29,5509.22,23108.04,7427.02
2024-07-26,,,,,15483.88,5580.07,23390.14,7517.68
2024-07-29,,,,,15340.65,5528.45,23160.39,7443.84
2024-07-30,,,,,15403.93,5551.26,23257.14,7474.94
2024-07-31,,,,,15515.14,5591.32,23433.09,7531.49
2024-08-01,,,,,15193.38,5475.36,22932.05,7370.45
2024-08-02,,,,,14938.74,5383.6,22562.89,7251.8
2024-08-05,,,,,14714.63,5302.79,22243.01,7148.99
2024-08-06,,,,,14683.72,5291.65,22184.03,7130.04
2024-08-07,,,,,14959.04,5390.87,22607.09,7266.01
2024-08-08,,,,,14909.55,5373.03,22549.33,7247.45
2024-08-09,,,,,14962.98,5392.29,22618.62,7269.71
2024-08-12,,,,,14925.67,5378.84,22559.37,7250.67
2024-08-13,,,,,14980.81,5398.71,22637.78,7275.87
2024-08-14,,,,,15093.63,5439.37,22816.63,7333.36
2024-08-15,,,,,15273.93,5504.34,23096.69,7423.37
2024-08-16,,,,,15323.55,5522.16,23178.62,7449.7
2024-08-19,,,,,15429.8,5560.45,23341.38,7502.01
2024-08-20,,,,,15391.16,5546.53,23290.72,7485.73
2024-08-21,,,,,15469.64,5574.81,23412.04,7524.72
2024-08-22,,,,,15474.04,5576.4,23410.13,7524.11
2024-08-23,,,,,15583.09,5615.7,23574.83,7577.04
2024-08-26,,,,,15610.34,5625.52,23616.28,7590.37
2024-08-27,,,,,15563.8,5608.74,23539.8,7565.78
2024-08-28,,,,,15586.93,5617.08,23576.77,7577.67
2024-08-29,,,,,15709.39,5661.21,23773.67,7640.95
2024-08-30,,,,,15698.98,5657.46,23742.54,7630.95
2024-09-02,,,,,15720.48,5665.21,23790.68,7646.42
2024-09-03,,,,,15575.27,5612.84,23568.79,7575.1
2024-09-04,,,,,15431.97,5561.19,23338.15,7500.97
2024-09-05,,,,,15312.75,5518.23,23123.41,7431.96
2024-09-06,,,,,15140.6,5456.19,22875.57,7352.3
2024-09-09,,,,,15284.74,5508.14,23102.56,7425.26
2024-09-10,,,,,15243.87,5493.41,23047.49,7407.55
2024-09-11,,,,,15216.92,5483.7,23014.13,7396.83
2024-09-12,,,,,15298.27,5513.01,23133.1,7435.07
2024-09-13,,,,,15369.8,5538.79,23227.01,7465.25
2024-09-16,,,,,15336.74,5526.88,23177.82,7449.44
2024-09-17,,,,,15419.68,5556.77,23295.97,7487.42
2024-09-18,,,,,15339.3,5527.7,23163.7,7444.9
2024-09-19,,,,,15682.03,5651.21,23694.2,7615.41
2024-09-20,,,,,15443.25,5565.16,23335.94,7500.26
2024-09-23,,,,,15457.56,5570.17,23360.98,7508.08
2024-09-24,,,,,15638.71,5635.45,23659.45,7604.01
2024-09-25,,,,,15583.06,5610.1,23564.81,7565.62
2024-09-26,,,,,15930.42,5735.16,24114.47,7742.09
2024-09-27,,,,,16035.83,5773.11,24269.26,7791.79
2024-09-30,,,,,15712.36,5656.65,23783.25,7635.75
2024-10-01,,,,,15590.94,5612.94,23591.12,7574.07
2024-10-02,,,,,15591.85,5613.27,23602.1,7577.59
2024-10-03,,,,,15391.83,5541.26,23291.21,7477.78
2024-10-04,,,,,15534.27,5592.54,23489.27,7541.36
2024-10-07,,,,,15590.27,5612.66,23597.21,7576.02
2024-10-08,,,,,15483.79,5574.32,23426.83,7521.32
2024-10-09,,,,,15567.88,5604.59,23547.6,7560.09
2024-10-10,,,,,15525.19,5589.22,23489.96,7541.59
2024-10-11,,,,,15603.64,5617.46,23603.03,7577.89
2024-10-14,,,,,15648.17,5633.49,23678.33,7602.06
2024-10-15,,,,,15503.69,5579.56,23436.54,7521.97
2024-10-16,,,,,15449.99,5560.24,23343.15,7492.0
2024-10-17,,,,,15629.98,5625.01,23628.95,7583.73
2024-10-18,,,,,15688.83,5646.19,23720.3,7613.05
2024-10-21,,,,,15528.54,5588.51,23480.96,7536.23
2024-10-22,,,,,15528.28,5588.41,23477.43,7535.1
2024-10-23,,,,,15450.62,5560.46,23360.24,7497.48
2024-10-24,,,,,15464.71,5565.53,23378.29,7503.28
2024-10-25,,,,,15447.76,5559.43,23360.43,7497.54
2024-10-28,,,,,15570.86,5603.74,23545.5,7556.94
2024-10-29,,,,,15476.28,5569.7,23402.7,7511.11
2024-10-30,,,,,15304.95,5508.04,23144.86,7428.36
2024-10-31,,,,,15158.88,5455.47,22901.87,7350.37
2024-11-01,,,,,15277.41,5498.13,23084.89,7409.11
2024-11-04,,,,,15204.26,5471.8,22968.37,7371.71
2024-11-05,,,,,15274.33,5497.02,23078.77,7407.15
2024-11-06,,,,,15190.91,5466.98,22961.82,7369.61
2024-11-07,,,,,15308.45,5509.29,23136.26,7425.6
2024-11-08,,,,,15144.24,5450.19,22865.42,7338.67
2024-11-11,,,,,15316.8,5512.0,23141.64,7426.88
2024-11-12,,,,,14910.28,5365.71,22518.76,7226.98
2024-11-13,,,,,14885.84,5356.91,22487.11,7216.83
2024-11-14,,,,,15083.52,5428.05,22783.05,7311.8
2024-11-15,,,,,15000.81,5398.29,22651.63,7269.63
2024-11-18,,,,,15014.9,5403.36,22678.45,7278.23
2024-11-19,,,,,14912.21,5366.4,22527.04,7229.64
2024-11-20,,,,,14845.03,5342.23,22429.84,7198.45
2024-11-21,,,,,14867.15,5350.19,22476.18,7213.32
2024-11-22,,,,,14954.21,5381.52,22606.09,7255.01
2024-11-25,,,,,14971.32,5386.27,22620.33,7257.47
2024-11-26,,,,,14839.7,5338.92,22424.09,7194.51
2024-11-27,,,,,14737.16,5302.03,22263.65,7143.03
2024-11-28,,,,,14812.69,5329.2,22376.53,7179.25
2024-11-29,,,,,14916.39,5366.51,22550.65,7235.11
2024-12-02,,,,,14905.58,5358.58,22575.18,7236.89
2024-12-03,,,,,14940.64,5369.27,22641.94,7255.42
2024-12-04,,,,,15048.92,5408.18,22791.31,7303.28
2024-12-05,,,,,15119.11,5433.41,22876.36,7330.54
2024-12-06,,,,,15311.52,5502.55,23177.03,7426.88
2024-12-09,,,,,15415.04,5539.76,23343.21,7480.14
2024-12-10,,,,,15262.05,5484.4,23076.85,7394.78
2024-12-11,,,,,15313.71,5502.96,23166.17,7423.4
2024-12-12,,,,,15305.69,5500.08,23158.49,7420.94
2024-12-13,,,,,15280.03,5490.86,23122.99,7409.57
2024-12-16,,,,,15169.69,5451.05,22959.94,7357.08
2024-12-17,,,,,15177.6,5453.89,22986.85,7365.7
2024-12-18,,,,,15218.0,5468.41,23045.9,7384.62
2024-12-19,,,,,15032.34,5401.06,22764.25,7294.37
2024-12-20,,,,,14996.84,5388.22,22702.16,7274.48
2024-12-23,,,,,14993.74,5387.11,22695.42,7272.32
2024-12-24,,,,,15016.05,5395.12,22727.81,7282.69
2024-12-27,,,,,15165.25,5448.73,22954.6,7355.37
2024-12-30,,,,,15083.46,5419.34,22824.12,7313.56
2024-12-31,,,,,15224.17,5469.9,23033.78,7380.74
2025-01-02,,,,,15266.48,5479.79,23099.26,7393.76
2025-01-03,,,,,15046.13,5400.7,22750.78,7282.22
2025-01-06,,,,,15374.39,5518.53,23261.48,7445.69
2025-01-07,,,,,15446.9,5544.55,23397.89,7489.35
2025-01-08,,,,,15368.05,5516.25,23282.52,7452.42
2025-01-09,,,,,15440.04,5542.09,23400.78,7490.28
2025-01-10,,,,,15313.32,5496.6,23215.72,7431.04
2025-01-13,,,,,15267.54,5480.17,23145.74,7408.64
2025-01-14,,,,,15300.11,5491.42,23194.73,7423.67
2025-01-15,,,,,15416.91,5533.34,23353.85,7474.59
2025-01-16,,,,,15716.03,5640.7,23854.23,7634.74
2025-01-17,,,,,15868.83,5695.54,24088.57,7709.75
2025-01-20,,,,,15919.46,5713.54,24162.78,7733.5
2025-01-21,,,,,15992.26,5739.66,24279.81,7770.95
2025-01-22,,,,,16111.76,5782.55,24487.41,7837.4
2025-01-23,,,,,16213.15,5818.94,24659.93,7892.61
2025-01-24,,,,,16280.55,5843.13,24769.3,7927.62
2025-01-27,,,,,16246.71,5830.99,24703.56,7906.58
2025-01-28,,,,,16240.7,5828.83,24674.79,7897.37
2025-01-29,,,,,16186.59,5809.41,24597.02,7872.48
2025-01-30,,,,,16334.04,5862.33,24813.09,7941.64
2025-01-31,,,,,16353.78,5869.41,24839.76,7950.17
2025-02-03,,,,,16159.55,5799.7,24542.17,7854.92
2025-02-04,,,,,16265.71,5837.8,24703.0,7906.4
2025-02-05,,,,,16238.89,5828.18,24657.02,7891.68
2025-02-06,,,,,16464.35,5909.1,25019.25,8007.62
2025-02-07,,,,,16394.99,5884.2,24911.17,7973.03
2025-02-10,,,,,16465.03,5909.3,25014.87,8006.22
2025-02-11,,,,,16511.16,5925.86,25085.75,8028.9
2025-02-12,,,,,16533.66,5933.94,25127.26,8042.19
2025-02-13,,,,,16774.58,6020.4,25508.21,8164.11
2025-02-14,,,,,16806.27,6031.78,25553.27,8178.54
2025-02-17,,,,,16831.99,6040.68,25587.91,8189.13
2025-02-18,,,,,16863.1,6051.85,25642.35,8206.56
2025-02-19,,,,,16668.05,5981.84,25342.35,8110.54
2025-02-20,,,,,16691.38,5990.22,25379.95,8122.58
2025-02-21,,,,,16762.65,6015.79,25479.74,8154.51
2025-02-24,,,,,16650.55,5975.56,25281.25,8090.99
2025-02-25,,,,,16565.75,5945.07,25156.52,8051.07
2025-02-26,,,,,16751.35,6011.67,25446.63,8143.92
2025-02-27,,,,,16676.04,5984.65,25317.29,8102.52
2025-02-28,,,,,16682.8,5987.07,25345.74,8111.63
2025-03-03,,,,,16864.5,6051.91,25620.95,8199.71
2025-03-04,,,,,16548.39,5937.69,25146.67,8047.92
2025-03-05,,,,,16830.72,6038.99,25539.85,8173.75
2025-03-06,,,,,16913.98,6068.86,25614.57,8197.67
2025-03-07,,,,,16756.32,6012.29,25374.38,8120.8
2025-03-10,,,,,16603.06,5957.3,25145.68,8047.6
2025-03-11,,,,,16387.38,5879.91,24815.45,7941.91
2025-03-12,,,,,16486.76,5915.57,24962.46,7988.96
2025-03-13,,,,,16376.46,5876.0,24803.88,7938.21
2025-03-14,,,,,16568.99,5945.08,25085.31,8028.28
2025-03-17,,,,,16673.57,5982.6,25228.11,8073.98
2025-03-18,,,,,16761.29,6014.08,25354.94,8114.57
2025-03-19,,,,,16865.43,6051.44,25532.73,8171.47
2025-03-20,,,,,16700.55,5992.28,25291.3,8094.2
2025-03-21,,,,,16594.38,5954.13,25131.15,8042.95
2025-03-24,,,,,16553.42,5939.28,25067.45,8022.33
2025-03-25,,,,,16726.02,6001.2,25336.99,8108.59
2025-03-26,,,,,16587.7,5946.14,25118.39,8030.68
2025-03-27,,,,,16501.26,5915.15,24991.51,7990.11
2025-03-28,,,,,16350.0,5860.93,24759.95,7916.08
2025-03-31,,,,,16085.03,5765.95,24367.82,7790.71
2025-04-01,,,,,16254.64,5826.75,24635.72,7876.36
2025-04-02,,,,,16215.09,5812.52,24580.89,7858.83
2025-04-03,,,,,15702.53,5628.79,23768.12,7598.98
2025-04-04,,,,,15018.53,5383.6,22754.63,7274.95
2025-04-07,,,,,14319.53,5133.03,21666.67,6927.12
2025-04-08,,,,,14687.59,5264.97,22208.72,7100.42
2025-04-09,,,,,14203.25,5091.35,21466.18,6863.02
2025-04-10,,,,,14730.29,5280.28,22288.8,7126.02
2025-04-11,,,,,14701.82,5270.07,22222.43,7104.8
2025-04-14,,,,,15054.98,5396.67,22748.9,7273.12
2025-04-15,,,,,15202.89,5449.4,22943.72,7335.4
2025-04-16,,,,,15191.31,5445.25,22926.71,7329.97
2025-04-17,,,,,15109.54,5415.94,22788.75,7285.86
2025-04-22,,,,,15227.86,5444.8,22979.25,7326.47
2025-04-23,,,,,15538.31,5555.81,23468.19,7482.36
2025-04-24,,,,,15598.57,5571.65,23558.25,7502.78
2025-04-25,,,,,15687.88,5595.57,23700.92,7536.26
2025-04-28,,,,,15767.99,5623.85,23819.9,7573.76
2025-04-29,,,,,15740.88,5613.94,23763.64,7555.87
2025-04-30,,,,,15833.36,5646.29,23883.15,7593.87
2025-05-02,,,,,16189.87,5772.34,24438.6,7770.48
2025-05-05,,,,,16183.23,5745.65,24418.42,7727.93
2025-05-06,,,,,16121.0,5723.55,24320.42,7696.92
2025-05-07,,,,,15989.68,5673.2,24116.66,7626.84
2025-05-08,,,,,16132.03,5721.14,24342.59,7694.44
2025-05-09,,,,,16229.22,5755.52,24498.6,7743.75
2025-05-12,,,,,16490.51,5832.12,24911.21,7850.1
2025-05-13,,,,,16563.13,5850.81,25018.03,7873.83
2025-05-14,,,,,16481.21,5820.83,24900.33,7836.79
2025-05-15,,,,,16517.67,5833.33,24954.82,7853.47
2025-05-16,,,,,16583.87,5856.71,25060.37,7886.69
2025-05-19,,,,,16635.89,5853.4,25149.81,7883.63
2025-05-20,,,,,16768.16,5896.29,25349.04,7942.42
2025-05-21,,,,,16715.12,5873.31,25261.07,7910.49
2025-05-22,,,,,16619.49,5839.71,25113.99,7864.44
2025-05-23,,,,,16363.02,5749.54,24698.74,7734.4
2025-05-26,,,,,16587.63,5818.8,25029.29,7828.13
2025-05-27,,,,,16598.59,5818.87,25039.92,7826.79
2025-05-28,,,,,16520.58,5791.51,24916.15,7788.1
2025-05-29,,,,,16515.69,5788.09,24897.5,7779.72
2025-05-30,,,,,16462.18,5767.66,24815.5,7751.89
2025-06-02,,,,,16436.02,5757.16,24772.15,7737.2
2025-06-03,,,,,16494.56,5774.48,24869.33,7763.84
2025-06-04,,,,,16571.02,5801.13,25000.11,7804.67
2025-06-05,,,,,16543.81,5791.61,24953.97,7790.27
2025-06-06,,,,,16567.3,5799.83,25000.75,7804.87
2025-06-09,,,,,16549.91,5790.67,24971.98,7791.47
2025-06-10,,,,,16579.21,5799.15,25017.49,7804.33
2025-06-11,,,,,16530.28,5781.91,24926.35,7775.9
2025-06-12,,,,,16507.11,5773.81,24891.76,7765.11
2025-06-13,,,,,16333.98,5713.25,24633.93,7684.68
2025-06-16,,,,,16456.47,5755.91,24818.45,7742.24
2025-06-17,,,,,16337.65,5713.46,24630.89,7683.73
2025-06-18,,,,,16282.18,5694.06,24542.37,7656.12
2025-06-19,,,,,16086.72,5619.99,24240.72,7553.45
2025-06-20,,,,,16164.54,5647.17,24356.91,7589.66
2025-06-23,,,,,16058.58,5610.01,24190.45,7537.57
2025-06-24,,,,,16231.73,5670.45,24442.12,7615.99
2025-06-25,,,,,16117.8,5630.62,24256.55,7558.16
2025-06-26,,,,,16124.76,5633.05,24253.82,7557.31
2025-06-27,,,,,16398.63,5728.7,24684.62,7691.55
2025-06-30,,,,,16349.56,5711.56,24602.35,7665.91
2025-07-01,,,,,16345.59,5706.41,24607.73,7662.59
2025-07-02,,,,,16502.87,5760.9,24851.25,7738.42
2025-07-03,,,,,16533.59,5771.62,24903.06,7754.55
2025-07-04,,,,,16413.22,5729.61,24715.9,7696.27
2025-07-07,,,,,16465.58,5747.83,24803.25,7723.47
2025-07-08,,,,,16554.95,5778.39,24942.12,7766.71
2025-07-09,,,,,16782.9,5857.96,25301.0,7878.46
2025-07-10,,,,,16839.45,5877.7,25377.4,7902.25
2025-07-11,,,,,16691.11,5825.92,25143.09,7829.29
2025-07-14,,,,,16645.89,5810.14,25075.26,7808.17
2025-07-15,,,,,16558.73,5779.71,24940.49,7766.21
2025-07-16,,,,,16461.01,5745.6,24798.81,7722.09
2025-07-17,,,,,16666.28,5817.25,25119.68,7822.0
2025-07-18,,,,,16681.05,5822.4,25121.83,7822.67
2025-07-21,,,,,16635.28,5806.43,25043.29,7798.22
2025-07-22,,,,,16520.33,5766.3,24870.51,7744.41
2025-07-23,,,,,16753.31,5846.22,25217.75,7850.43
2025-07-24,,,,,16695.63,5826.09,25114.47,7818.28
2025-07-25,,,,,16722.86,5835.59,25166.82,7834.58
2025-07-28,,,,,16649.25,5809.8,25058.57,7800.88
2025-07-29,,,,,16754.57,5846.56,25240.0,7857.36
2025-07-30,,,,,16758.77,5848.02,25254.76,7861.96
2025-07-31,,,,,16575.37,5784.02,24965.69,7771.97
2025-08-01,,,,,16119.63,5624.99,24240.33,7546.16
2025-08-04,,,,,16296.11,5686.52,24516.1,7632.01
2025-08-05,,,,,16285.63,5682.86,24480.89,7621.04
2025-08-06,,,,,16314.17,5692.82,24525.82,7635.03
2025-08-07,,,,,16471.63,5747.76,24764.47,7709.32
2025-08-08,,,,,16542.5,5772.49,24872.66,7743.0
2025-08-11,,,,,16454.88,5741.92,24729.76,7698.52
2025-08-12,,,,,16565.88,5780.65,24906.11,7753.42
2025-08-13,,,,,16668.36,5816.41,25071.72,7804.97
2025-08-14,,,,,16799.35,5862.05,25281.7,7870.34
2025-08-15,,,,,16907.22,5899.7,25452.31,7923.45
2025-08-18,,,,,16832.79,5873.72,25325.75,7884.05
2025-08-19,,,,,17024.26,5940.54,25630.99,7979.08
2025-08-20,,,,,17009.39,5935.35,25611.58,7973.03
2025-08-21,,,,,16942.73,5912.09,25499.96,7938.29
2025-08-22,,,,,17020.16,5939.11,25600.83,7969.69
2025-08-25,,,,,16749.08,5844.51,25193.99,7843.04
2025-08-26,,,,,16450.46,5740.25,24766.04,7709.81
2025-08-27,,,,,16507.86,5760.28,24875.63,7743.93
2025-08-28,,,,,16543.11,5772.58,24935.6,7762.6
2025-08-29,,,,,16423.89,5730.98,24747.05,7703.9
2025-09-01,,,,,16424.05,5731.04,24759.88,7707.9
2025-09-02,,,,,16289.66,5684.15,24587.55,7654.25
2025-09-03,,,,,16418.27,5729.02,24797.82,7719.71
2025-09-04,,,,,16386.0,5717.76,24731.03,7698.92
2025-09-05,,,,,16339.19,5701.43,24653.49,7674.78
2025-09-08,,,,,16461.54,5744.12,24846.44,7734.84
2025-09-09,,,,,16492.57,5754.95,24893.16,7749.39
2025-09-10,,,,,16521.88,5765.18,24931.49,7761.32
2025-09-11,,,,,16652.69,5810.82,25131.31,7823.52
2025-09-12,,,,,16662.65,5814.29,25136.81,7825.24
2025-09-15,,,,,16808.83,5865.31,25367.1,7896.93
2025-09-16,,,,,16644.29,5807.77,25114.28,7818.22
2025-09-17,,,,,16582.44,5786.19,25013.91,7786.98
2025-09-18,,,,,16718.34,5833.61,25231.17,7854.61
2025-09-19,,,,,16710.77,5830.97,25227.89,7853.59
2025-09-22,,,,,16666.58,5815.4,25153.15,7830.11
2025-09-23,,,,,16748.99,5844.16,25287.79,7872.02
2025-09-24,,,,,16663.84,5814.45,25144.63,7827.45
2025-09-25,,,,,16590.95,5789.01,25041.74,7795.42
2025-09-26,,,,,16768.26,5842.58,25323.34,7870.68
2025-09-29,,,,,16795.57,5852.09,25356.11,7880.87
2025-09-30,,,,,16832.04,5864.8,25404.61,7895.94
2025-10-01,,,,,16995.78,5916.66,25658.11,7966.95
2025-10-02,,,,,17178.24,5980.18,25946.92,8056.63
2025-10-03,,,,,17232.15,5998.94,26027.15,8081.54
2025-10-06,,,,,16996.82,5916.98,25673.66,7971.78
2025-10-07,,,,,16998.79,5916.37,25689.71,7974.85
2025-10-08,,,,,17175.85,5978.0,25964.43,8060.13
2025-10-09,,,,,17146.04,5967.62,25903.99,8041.36
2025-10-10,,,,,16882.52,5875.9,25506.59,7918.0
2025-10-13,,,,,16916.59,5887.76,25558.97,7934.26
2025-10-14,,,,,16894.3,5878.1,25519.71,7919.62
2025-10-15,,,,,17198.5,5983.94,26026.86,8077.0
2025-10-16,,,,,17422.34,6061.82,26386.44,8188.59
2025-10-17,,,,,17377.79,6046.32,26340.06,8174.2
2025-10-20,,,,,17448.66,6070.98,26442.75,8206.07
2025-10-21,,,,,17554.8,6107.91,26612.88,8258.86
2025-10-22,,,,,17466.16,6077.06,26445.34,8206.87
2025-10-23,,,,,17509.08,6092.0,26506.29,8225.78
2025-10-24,,,,,17513.2,6093.43,26505.79,8225.63
2025-10-27,,,,,17530.62,6099.49,26549.44,8239.18
2025-10-28,,,,,17478.92,6081.5,26476.62,8216.58
2025-10-29,,,,,17444.2,6069.42,26426.02,8200.88
2025-10-30,,,,,17352.98,6037.68,26285.57,8157.29
2025-10-31,,,,,17281.87,6012.94,26168.86,8121.07
2025-11-03,,,,,17254.09,6003.28,26132.5,8109.79
2025-11-04,,,,,17160.82,5970.82,25996.34,8067.53
2025-11-05,,,,,17169.92,5973.97,26017.91,8074.23
2025-11-06,,,,,16936.7,5892.83,25665.22,7964.77
2025-11-07,,,,,16901.69,5880.65,25618.18,7950.18
2025-11-10,,,,,17121.08,5956.98,25957.62,8055.51
2025-11-11,,,,,17330.34,6029.79,26282.17,8156.23
2025-11-12,,,,,17504.05,6089.9,26557.55,8241.24
2025-11-13,,,,,17488.27,6084.41,26529.34,8232.49
2025-11-14,,,,,17363.59,6041.03,26328.27,8170.09
2025-11-17,,,,,17258.95,6004.56,26163.7,8119.02
2025-11-18,,,,,16944.92,5895.18,25676.81,7967.93
2025-11-19,,,,,16920.07,5886.53,25631.15,7953.77
2025-11-20,,,,,16967.62,5903.07,25719.15,7981.07
2025-11-21,,,,,16969.41,5903.69,25724.22,7982.65
2025-11-24,,,,,16938.9,5891.67,25656.98,7959.67
2025-11-25,,,,,17077.92,5940.02,25870.15,8025.8
2025-11-26,,,,,17222.1,5990.17,26097.83,8096.43
2025-11-27,,,,,17240.02,5996.41,26107.62,8099.47
2025-11-28,,,,,17289.94,6013.77,26182.52,8122.71
2025-12-01,,,,,17237.64,5995.58,26099.67,8097.0
2025-12-02,,,,,17199.08,5976.26,26055.98,8074.61
2025-12-03,,,,,17218.34,5982.96,26097.29,8087.42
2025-12-04,,,,,17290.24,6007.94,26209.0,8122.03
2025-12-05,,,,,17283.15,6005.48,26185.46,8114.74
2025-12-08,,,,,17271.54,6001.44,26165.09,8108.43
2025-12-09,,,,,17161.7,5962.83,25984.65,8052.51
2025-12-10,,,,,17100.4,5941.54,25888.42,8022.69
2025-12-11,,,,,17236.95,5988.98,26091.93,8085.76
2025-12-12,,,,,17203.11,5977.22,26036.63,8068.62
2025-12-15,,,,,17318.93,6017.32,26218.88,8124.88
2025-12-16,,,,,17274.11,6001.74,26158.48,8106.16
2025-12-17,,,,,17227.46,5985.54,26093.59,8086.05
2025-12-18,,,,,17362.45,6032.44,26302.01,8150.64
2025-12-19,,,,,17363.6,6032.1,26304.41,8151.38
2025-12-22,,,,,17322.15,6017.7,26206.58,8121.07
2025-12-23,,,,,17288.6,6006.04,26151.04,8103.85
2025-12-24,,,,,17289.93,6006.5,26150.16,8103.58
2025-12-29,,,,,17313.99,6014.86,26177.37,8112.02
2025-12-30,,,,,17430.17,6055.22,26358.52,8168.15
2025-12-31,,,,,17412.54,6043.88,26323.56,8149.5
2026-01-02,,,,,17502.53,6075.12,26471.19,8195.21
2026-01-05,,,,,17544.07,6089.54,26523.82,8211.5
2026-01-06,,,,,17593.8,6106.79,26607.57,8237.43
2026-01-07,,,,,17609.44,6112.22,26596.25,8233.92
2026-01-08,,,,,17614.39,6113.94,26627.07,8243.47
2026-01-09,,,,,17850.73,6195.97,27010.24,8362.09
2026-01-12,,,,,17841.71,6192.84,26999.48,8358.76
2026-01-13,,,,,17810.79,6181.83,26963.47,8347.2
2026-01-14,,,,,17789.24,6174.35,26911.06,8330.97
2026-01-15,,,,,17756.49,6162.98,26853.39,8313.12
2026-01-16,,,,,17641.46,6123.06,26678.39,8258.94
2026-01-19,,,,,17346.75,6020.57,26203.79,8112.02
2026-01-20,,,,,17241.94,5984.19,26044.09,8062.58
2026-01-21,,,,,17261.31,5990.92,26065.39,8069.17
2026-01-22,,,,,17434.29,6050.95,26322.88,8148.89
2026-01-23,,,,,17424.45,6047.54,26304.02,8143.05
2026-01-26,,,,,17395.04,6037.33,26265.59,8131.15
2026-01-27,,,,,17440.16,6052.99,26335.59,8152.82
2026-01-28,,,,,17274.67,5995.55,26057.32,8066.68
2026-01-29,,,,,17275.06,5995.69,26072.46,8071.36
2026-01-30,,,,,17382.26,6032.9,26250.66,8126.53
2026-02-02,,,,,17494.85,6071.97,26427.17,8181.17
2026-02-03,,,,,17495.7,6072.27,26421.77,8179.5
2026-02-04,,,,,17662.4,6130.12,26688.79,8262.16
2026-02-05,,,,,17613.55,6113.17,26611.27,8238.17
2026-02-06,,,,,17684.73,6137.87,26726.52,8273.84
2026-02-09,,,,,17796.42,6176.64,26886.22,8323.28
2026-02-10,,,,,17818.76,6184.39,26901.07,8327.88
2026-02-11,,,,,17777.0,6169.9,26853.78,8313.24
2026-02-12,,,,,17825.89,6186.71,26942.81,8340.56
2026-02-13,,,,,17773.08,6168.38,26849.7,8311.74
2026-02-16,,,,,17781.9,6170.93,26867.38,8316.5
2026-02-17,,,,,17882.97,6205.99,27012.63,8361.46
2026-02-18,,,,,18022.37,6254.36,27230.93,8429.03
2026-02-19,,,,,17966.64,6235.02,27133.21,8398.78
2026-02-20,,,,,18202.71,6316.95,27510.22,8515.49
2026-02-23,,,,,18152.1,6299.38,27451.06,8497.17
2026-02-24,,,,,18206.49,6318.2,27522.27,8519.21
2026-02-25,,,,,18289.09,6346.86,27651.02,8559.07
2026-02-26,,,,,18416.68,6391.13,27850.88,8620.93
2026-02-27,,,,,18339.55,6364.37,27721.07,8580.75
2026-03-02,,,,,17954.36,6230.7,27118.77,8394.32
2026-03-03,,,,,17335.26,6015.85,26180.34,8103.84
2026-03-04,,,,,17482.74,6067.03,26386.75,8167.73
2026-03-05,,,,,17221.74,5976.46,25992.86,8045.8
2026-03-06,,,,,17104.93,5935.31,25823.85,7993.49
2026-03-09,,,,,16931.0,5874.96,25571.45,7915.36
2026-03-10,,,,,17237.0,5980.76,26030.19,8057.36
2026-03-11,,,,,17193.35,5965.61,25979.95,8041.81
2026-03-12,,,,,17071.1,5923.2,25794.62,7984.44
2026-03-13,,,,,16916.16,5869.44,25559.08,7911.53
2026-03-16,,,,,16972.11,5888.85,25638.02,7935.97
2026-03-17,,,,,17060.75,5919.35,25762.48,7974.49
2026-03-18,,,,,17058.01,5918.4,25747.6,7969.88
2026-03-19,,,,,16711.4,5798.14,25224.18,7807.87
2026-03-20,,,,,16410.04,5693.59,24764.64,7665.62
2026-03-23,,,,,16531.82,5735.62,24961.05,7726.2
2026-03-24,,,,,16558.93,5745.02,25018.3,7743.92
2026-03-25,,,,,16777.65,5820.9,25349.87,7846.55
2026-03-26,,,,,16608.35,5762.17,25100.36,7769.31
2026-03-27,,,,,16464.02,5712.09,24882.73,7701.95
2026-03-30,,,,,16612.8,5763.71,25110.5,7772.45
2026-03-31,,,,,16738.29,5801.8,25279.47,7816.94
2026-04-01,,,,,17096.93,5926.11,25810.89,7981.27
2026-04-02,,,,,17060.94,5913.63,25749.85,7962.39
2026-04-07,,,,,16947.37,5874.27,25576.36,7908.74
2026-04-08,,,,,17691.61,6132.24,26724.82,8263.87
2026-04-09,,,,,17647.96,6117.11,26666.39,8245.8
2026-04-10,,,,,17679.7,6128.11,26711.0,8259.6
2026-04-13,,,,,17627.53,6110.02,26634.61,8235.98
2026-04-14,,,,,17831.59,6180.47,26931.74,8327.86
2026-04-15,,,,,17736.33,6147.46,26759.4,8274.57
2026-04-16,,,,,17722.87,6142.79,26721.04,8262.7
2026-04-17,,,,,18040.21,6252.78,27246.31,8425.13
2026-04-20,,,,,17842.91,6184.4,26942.07,8331.05
2026-04-21,,,,,17688.7,6117.68,26697.29,8235.72
2026-04-22,,,,,17526.56,6061.52,26440.24,8156.43
2026-04-23,,,,,17654.61,6105.8,26670.06,8227.32
2026-04-24,,,,,17516.02,6057.87,26444.78,8157.82
2026-04-27,,,,,17481.82,6046.04,26393.22,8141.92
2026-04-28,,,,,17429.26,6019.97,26304.88,8104.09
2026-04-29,,,,,17379.29,5997.42,26226.27,8072.13
2026-04-30,,,,,17513.8,6036.45,26400.92,8114.84
2026-05-04,,,,,17261.67,5943.79,25970.82,7976.12
2026-05-05,,,,,17506.05,6009.65,26340.42,8062.31
2026-05-06,,,,,18004.04,6180.6,27115.08,8299.42
2026-05-07,,,,,17787.19,6106.16,26797.09,8202.08
2026-05-08,,,,,17611.36,6044.54,26510.81,8112.57
2026-05-11,,,,,17579.45,6009.36,26439.89,8056.38
2026-05-12,,,,,17410.57,5951.47,26189.78,7979.92
2026-05-13,,,,,17482.25,5975.97,26281.84,8007.97
2026-05-14,,,,,17645.73,6031.86,26525.69,8082.27
2026-05-15,,,,,17372.8,5936.63,26108.0,7952.55
2026-05-18,,,,,17478.73,5956.22,26298.77,7987.49
2026-05-19,,,,,17461.79,5950.33,26279.91,7981.76
2026-05-20,,,,,17755.72,6048.2,26731.8,8117.42
2026-05-21,,,,,17700.64,6029.37,26628.3,8086.0
2026-05-22,,,,,17775.2,6054.77,26726.28,8115.75
2026-05-25,,,,,18083.83,6158.21,27199.16,8258.26
2026-05-26,,,,,17942.97,6096.15,26978.54,8173.11
2026-05-27,,,,,18009.94,6118.33,27096.02,8207.89
2026-05-28,,,,,17990.86,6111.85,27033.22,8188.87
2026-05-29,,,,,17986.17,6108.39,27024.2,8183.34
2026-06-01,,,,,17901.09,6076.52,26916.97,8146.59
2026-06-02,,,,,18004.26,6108.45,27132.71,8209.09
2026-06-03,,,,,17884.91,6067.73,26938.79,8150.42
2026-06-04,,,,,18081.28,6134.35,27249.04,8244.29
2026-06-05,,,,,18016.64,6112.38,27162.95,8218.24
2026-06-08,,,,,17988.04,6099.59,27115.6,8199.29
2026-06-09,,,,,17971.66,6093.12,27129.31,8203.43
2026-06-10,,,,,17882.45,6061.73,26991.72,8161.83
2026-06-11,,,,,17967.65,6088.28,27132.12,8200.8
2026-06-12,,,,,18286.64,6196.37,27628.63,8350.87
2026-06-15,,,,,18357.67,6220.39,27738.28,8384.01
2026-06-16,,,,,18475.21,6259.71,27947.58,8447.27
2026-06-17,,,,,18450.54,6250.78,27893.05,8430.79
2026-06-18,,,,,18507.43,6270.05,28016.09,8467.98
2026-06-19,,,,,18411.78,6237.65,27861.11,8421.14
2026-06-22,,,,,18366.47,6221.99,27792.3,8400.11
2026-06-23,,,,,18238.73,6178.43,27595.75,8340.71
2026-06-24,,,,,18313.51,6203.77,27743.93,8385.49
2026-06-25,,,,,18399.21,6232.8,27896.5,8431.61
2026-06-26,,,,,18308.57,6202.1,27741.86,8384.87
2026-06-29,,,,,18269.02,6188.64,27683.82,8367.33
2026-06-30,,,,,18380.38,6221.14,27831.03,8403.99
2026-07-01,,,,,18256.58,6176.27,27623.6,8337.29
2026-07-02,,,,,18558.36,6278.34,28079.4,8474.86
2026-07-03,,,,,18654.23,6310.16,28189.42,8508.07
2026-07-06,,,,,18594.62,6290.0,28096.0,8479.87
2026-07-07,,,,,18489.04,6253.83,27951.43,8436.24
2026-07-08,,,,,18097.45,6121.36,27343.19,8252.66
2026-07-09,,,,,18250.31,6173.07,27588.23,8326.62
2026-07-10,,,,,18272.82,6180.68,27629.16,8338.97
2026-07-13,,,,,18332.05,6200.72,27714.22,8364.65
2026-07-14,,,,,18337.0,6202.39,27721.52,8366.85
2026-07-15,,,,,18375.0,6214.86,27773.16,8382.43
2026-07-16,,,,,18364.2,6211.21,27758.0,8377.86
2026-07-17,,,,,18284.7,6184.32,27628.63,8338.81
2026-07-20,,,,,18283.52,6183.92,27632.94,8340.11
2026-07-21,,,,,18329.47,6199.46,27709.24,8363.14
