Nom,CAC All-Tradable
ISIN,FR0003999499
Symbole,CACT
Source,https://markets.ft.com/data/indices/tearsheet/summary?s=CACT%3APAR
Date,Close
1990-12-28,1000.0
1991-01-02,988.97
1991-01-03,1002.64
1991-01-04,1006.68
1991-01-07,990.47
1991-01-08,985.08
1991-01-09,1005.1
1991-01-10,981.6
1991-01-11,975.73
1991-01-14,950.59
1991-01-15,958.74
1991-01-16,958.36
1991-01-17,1011.6
1991-01-18,1006.15
1991-01-21,1001.45
1991-01-22,996.47
1991-01-23,985.6
1991-01-24,1000.96
1991-01-25,1005.84
1991-01-28,1007.21
1991-01-29,1000.87
1991-01-30,1015.36
1991-01-31,1016.86
1991-02-01,1017.15
1991-02-04,1019.19
1991-02-05,1032.29
1991-02-06,1029.87
1991-02-07,1032.64
1991-02-08,1046.11
1991-02-11,1053.96
1991-02-12,1049.83
1991-02-13,1055.28
1991-02-14,1066.13
1991-02-15,1075.11
1991-02-18,1088.98
1991-02-19,1093.87
1991-02-20,1089.75
1991-02-21,1099.56
1991-02-22,1108.04
1991-02-25,1125.31
1991-02-26,1111.17
1991-02-27,1119.69
1991-02-28,1136.18
1991-03-01,1130.75
1991-03-04,1141.34
1991-03-05,1159.53
1991-03-06,1172.97
1991-03-07,1178.32
1991-03-08,1179.55
1991-03-11,1164.0
1991-03-12,1165.36
1991-03-13,1155.85
1991-03-14,1171.23
1991-03-15,1163.69
1991-03-18,1152.58
1991-03-19,1135.44
1991-03-20,1137.93
1991-03-21,1147.8
1991-03-22,1144.9
1991-03-25,1145.48
1991-03-26,1145.13
1991-03-27,1155.66
1991-03-28,1164.87
1991-04-02,1170.66
1991-04-03,1184.52
1991-04-04,1180.22
1991-04-05,1187.36
1991-04-08,1185.39
1991-04-09,1185.04
1991-04-10,1170.6
1991-04-11,1175.13
1991-04-12,1175.26
1991-04-15,1176.47
1991-04-16,1167.06
1991-04-17,1177.62
1991-04-18,1170.39
1991-04-19,1160.39
1991-04-22,1148.77
1991-04-23,1155.48
1991-04-24,1154.82
1991-04-25,1151.64
1991-04-26,1150.43
1991-04-29,1159.03
1991-04-30,1152.33
1991-05-02,1171.47
1991-05-03,1176.43
1991-05-06,1174.68
1991-05-07,1174.86
1991-05-10,1184.7
1991-05-13,1177.1
1991-05-14,1162.65
1991-05-15,1160.95
1991-05-16,1171.21
1991-05-17,1171.25
1991-05-21,1170.2
1991-05-22,1168.99
1991-05-23,1162.04
1991-05-24,1157.25
1991-05-27,1155.04
1991-05-28,1156.64
1991-05-29,1163.76
1991-05-30,1167.54
1991-05-31,1178.75
1991-06-03,1182.35
1991-06-04,1176.87
1991-06-05,1181.57
1991-06-06,1183.25
1991-06-07,1179.1
1991-06-10,1174.98
1991-06-11,1186.66
1991-06-12,1175.02
1991-06-13,1172.89
1991-06-14,1176.44
1991-06-17,1169.68
1991-06-18,1162.75
1991-06-19,1146.53
1991-06-20,1141.65
1991-06-21,1147.45
1991-06-24,1133.52
1991-06-25,1133.22
1991-06-26,1125.55
1991-06-27,1127.93
1991-06-28,1118.77
1991-07-01,1128.08
1991-07-02,1119.82
1991-07-03,1105.0
1991-07-04,1100.32
1991-07-05,1105.79
1991-07-08,1099.77
1991-07-09,1108.63
1991-07-10,1119.56
1991-07-11,1119.43
1991-07-12,1121.89
1991-07-15,1123.14
1991-07-16,1122.43
1991-07-17,1123.07
1991-07-18,1122.09
1991-07-19,1122.67
1991-07-22,1120.5
1991-07-23,1120.87
1991-07-24,1132.75
1991-07-25,1133.87
1991-07-26,1129.06
1991-07-29,1124.49
1991-07-30,1123.75
1991-07-31,1121.59
1991-08-01,1126.16
1991-08-02,1125.5
1991-08-05,1122.69
1991-08-06,1121.04
1991-08-07,1130.64
1991-08-08,1133.48
1991-08-09,1131.63
1991-08-12,1130.13
1991-08-13,1140.76
1991-08-14,1147.38
1991-08-19,1075.74
1991-08-20,1097.46
1991-08-21,1129.04
1991-08-22,1142.47
1991-08-23,1151.98
1991-08-26,1164.28
1991-08-27,1164.25
1991-08-28,1166.78
1991-08-29,1171.0
1991-08-30,1174.19
1991-09-02,1174.56
1991-09-03,1180.94
1991-09-04,1176.47
1991-09-05,1182.02
1991-09-06,1178.86
1991-09-09,1176.07
1991-09-10,1168.18
1991-09-11,1169.71
1991-09-12,1178.7
1991-09-13,1187.61
1991-09-16,1188.2
1991-09-17,1189.07
1991-09-18,1183.29
1991-09-19,1185.69
1991-09-20,1188.97
1991-09-23,1190.96
1991-09-24,1190.94
1991-09-25,1188.58
1991-09-26,1185.18
1991-09-27,1188.46
1991-09-30,1188.41
1991-10-01,1192.47
1991-10-02,1190.33
1991-10-03,1184.85
1991-10-04,1177.05
1991-10-07,1171.22
1991-10-08,1171.63
1991-10-09,1169.49
1991-10-10,1168.55
1991-10-11,1163.95
1991-10-14,1162.14
1991-10-15,1174.79
1991-10-16,1178.76
1991-10-17,1176.32
1991-10-18,1177.87
1991-10-21,1169.62
1991-10-22,1165.58
1991-10-23,1163.87
1991-10-24,1164.26
1991-10-25,1165.86
1991-10-28,1174.76
1991-10-29,1174.65
1991-10-30,1178.77
1991-10-31,1178.29
1991-11-04,1172.22
1991-11-05,1174.68
1991-11-06,1169.67
1991-11-07,1170.5
1991-11-08,1179.1
1991-11-12,1179.17
1991-11-13,1174.78
1991-11-14,1186.09
1991-11-15,1184.78
1991-11-18,1158.1
1991-11-19,1137.37
1991-11-20,1136.4
1991-11-21,1136.57
1991-11-22,1124.35
1991-11-25,1124.3
1991-11-26,1135.49
1991-11-27,1131.64
1991-11-28,1130.35
1991-11-29,1122.67
1991-12-02,1106.42
1991-12-03,1111.81
1991-12-04,1109.01
1991-12-05,1101.82
1991-12-06,1091.44
1991-12-09,1076.56
1991-12-10,1059.34
1991-12-11,1061.56
1991-12-12,1077.7
1991-12-13,1089.71
1991-12-16,1092.07
1991-12-17,1097.91
1991-12-18,1094.65
1991-12-19,1083.03
1991-12-20,1065.69
1991-12-23,1058.13
1991-12-24,1088.49
1991-12-26,1100.02
1991-12-27,1101.62
1991-12-30,1111.56
1991-12-31,1126.41
1992-01-02,1118.68
1992-01-03,1129.99
1992-01-06,1140.02
1992-01-07,1134.85
1992-01-08,1136.78
1992-01-09,1162.16
1992-01-10,1167.49
1992-01-13,1160.32
1992-01-14,1169.65
1992-01-15,1186.24
1992-01-16,1182.72
1992-01-17,1183.26
1992-01-20,1183.62
1992-01-21,1185.97
1992-01-22,1176.56
1992-01-23,1176.34
1992-01-24,1180.97
1992-01-27,1191.73
1992-01-28,1201.78
1992-01-29,1196.89
1992-01-30,1193.37
1992-01-31,1192.98
1992-02-03,1185.26
1992-02-04,1184.56
1992-02-05,1188.71
1992-02-06,1186.4
1992-02-07,1188.88
1992-02-10,1188.72
1992-02-11,1188.07
1992-02-12,1188.32
1992-02-13,1195.12
1992-02-14,1188.47
1992-02-17,1194.83
1992-02-18,1206.25
1992-02-19,1209.22
1992-02-20,1226.88
1992-02-21,1233.83
1992-02-24,1240.68
1992-02-25,1230.05
1992-02-26,1242.16
1992-02-27,1246.97
1992-02-28,1247.56
1992-03-02,1245.37
1992-03-03,1248.9
1992-03-04,1253.9
1992-03-05,1247.66
1992-03-06,1246.47
1992-03-09,1250.66
1992-03-10,1259.3
1992-03-11,1249.59
1992-03-12,1236.0
1992-03-13,1238.02
1992-03-16,1229.0
1992-03-17,1235.39
1992-03-18,1231.23
1992-03-19,1228.49
1992-03-20,1227.48
1992-03-23,1212.14
1992-03-24,1215.71
1992-03-25,1231.82
1992-03-26,1235.82
1992-03-27,1233.19
1992-03-30,1240.63
1992-03-31,1240.49
1992-04-01,1234.33
1992-04-02,1241.8
1992-04-03,1243.87
1992-04-06,1257.67
1992-04-07,1256.96
1992-04-08,1224.59
1992-04-09,1235.78
1992-04-10,1251.16
1992-04-13,1244.86
1992-04-14,1249.65
1992-04-15,1258.62
1992-04-16,1254.49
1992-04-21,1253.28
1992-04-22,1254.91
1992-04-23,1252.69
1992-04-24,1256.59
1992-04-27,1260.43
1992-04-28,1263.92
1992-04-29,1278.65
1992-04-30,1276.9
1992-05-04,1285.03
1992-05-05,1287.92
1992-05-06,1288.93
1992-05-07,1297.45
1992-05-11,1305.29
1992-05-12,1298.17
1992-05-13,1293.55
1992-05-14,1277.15
1992-05-15,1277.01
1992-05-18,1289.31
1992-05-19,1277.11
1992-05-20,1280.44
1992-05-21,1272.86
1992-05-22,1287.04
1992-05-25,1287.93
1992-05-26,1281.93
1992-05-27,1275.32
1992-05-29,1283.83
1992-06-01,1277.31
1992-06-02,1280.68
1992-06-03,1267.64
1992-06-04,1267.42
1992-06-05,1260.62
1992-06-09,1251.1
1992-06-10,1246.53
1992-06-11,1234.04
1992-06-12,1233.71
1992-06-15,1225.54
1992-06-16,1229.69
1992-06-17,1217.33
1992-06-18,1208.15
1992-06-19,1216.61
1992-06-22,1201.78
1992-06-23,1204.27
1992-06-24,1205.22
1992-06-25,1214.14
1992-06-26,1209.8
1992-06-29,1205.51
1992-06-30,1202.44
1992-07-01,1190.29
1992-07-02,1186.99
1992-07-03,1191.26
1992-07-06,1181.79
1992-07-07,1184.59
1992-07-08,1169.71
1992-07-09,1175.72
1992-07-10,1175.26
1992-07-15,1170.67
1992-07-16,1165.8
1992-07-17,1141.53
1992-07-20,1120.45
1992-07-21,1121.56
1992-07-22,1104.5
1992-07-23,1107.15
1992-07-24,1106.86
1992-07-27,1116.26
1992-07-28,1124.49
1992-07-29,1140.37
1992-07-30,1131.29
1992-07-31,1119.91
1992-08-03,1129.56
1992-08-04,1131.83
1992-08-05,1135.07
1992-08-06,1133.01
1992-08-07,1127.91
1992-08-10,1118.13
1992-08-11,1110.33
1992-08-12,1105.2
1992-08-13,1099.87
1992-08-14,1113.2
1992-08-17,1116.06
1992-08-18,1106.14
1992-08-19,1103.73
1992-08-20,1098.98
1992-08-21,1106.38
1992-08-24,1079.81
1992-08-25,1068.42
1992-08-26,1066.35
1992-08-27,1076.35
1992-08-28,1076.89
1992-08-31,1077.19
1992-09-01,1071.59
1992-09-02,1084.73
1992-09-03,1115.17
1992-09-04,1113.49
1992-09-07,1114.55
1992-09-08,1108.51
1992-09-09,1103.12
1992-09-10,1107.94
1992-09-11,1119.76
1992-09-14,1158.18
1992-09-15,1141.13
1992-09-16,1147.39
1992-09-17,1145.03
1992-09-18,1163.73
1992-09-21,1137.04
1992-09-22,1137.56
1992-09-23,1133.12
1992-09-24,1133.82
1992-09-25,1138.62
1992-09-28,1105.43
1992-09-29,1088.97
1992-09-30,1091.14
1992-10-01,1086.24
1992-10-02,1067.38
1992-10-05,1028.32
1992-10-06,1027.11
1992-10-07,1044.67
1992-10-08,1054.38
1992-10-09,1048.09
1992-10-12,1046.82
1992-10-13,1059.38
1992-10-14,1052.02
1992-10-15,1041.85
1992-10-16,1046.74
1992-10-19,1049.63
1992-10-20,1074.27
1992-10-21,1071.36
1992-10-22,1075.29
1992-10-23,1090.6
1992-10-26,1095.48
1992-10-27,1097.64
1992-10-28,1087.84
1992-10-29,1080.55
1992-10-30,1083.46
1992-11-03,1104.54
1992-11-04,1111.93
1992-11-05,1112.76
1992-11-06,1108.59
1992-11-09,1105.67
1992-11-10,1111.1
1992-11-12,1121.64
1992-11-13,1112.78
1992-11-16,1099.7
1992-11-17,1095.81
1992-11-18,1094.25
1992-11-19,1076.56
1992-11-20,1075.72
1992-11-23,1055.01
1992-11-24,1075.99
1992-11-25,1075.48
1992-11-26,1084.01
1992-11-27,1086.86
1992-11-30,1096.69
1992-12-01,1106.78
1992-12-02,1103.22
1992-12-03,1109.43
1992-12-04,1102.88
1992-12-07,1107.04
1992-12-08,1097.06
1992-12-09,1107.71
1992-12-10,1099.46
1992-12-11,1094.11
1992-12-14,1084.26
1992-12-15,1085.21
1992-12-16,1079.3
1992-12-17,1078.57
1992-12-18,1091.09
1992-12-21,1102.0
1992-12-22,1117.86
1992-12-23,1117.59
1992-12-24,1133.14
1992-12-28,1135.81
1992-12-29,1141.08
1992-12-30,1137.35
1992-12-31,1140.14
1993-01-04,1132.29
1993-01-05,1137.31
1993-01-06,1143.37
1993-01-07,1137.83
1993-01-08,1144.92
1993-01-11,1129.39
1993-01-12,1123.38
1993-01-13,1116.66
1993-01-14,1128.1
1993-01-15,1141.42
1993-01-18,1146.9
1993-01-19,1147.06
1993-01-20,1140.42
1993-01-21,1137.72
1993-01-22,1142.97
1993-01-25,1125.26
1993-01-26,1128.87
1993-01-27,1123.17
1993-01-28,1123.62
1993-01-29,1120.21
1993-02-01,1126.62
1993-02-02,1127.96
1993-02-03,1144.59
1993-02-04,1160.97
1993-02-05,1189.54
1993-02-08,1189.34
1993-02-09,1183.95
1993-02-10,1183.41
1993-02-11,1191.17
1993-02-12,1195.85
1993-02-15,1193.32
1993-02-16,1182.53
1993-02-17,1194.63
1993-02-18,1208.21
1993-02-19,1216.02
1993-02-22,1229.65
1993-02-23,1223.38
1993-02-24,1225.93
1993-02-25,1222.97
1993-02-26,1240.82
1993-03-01,1250.32
1993-03-02,1252.45
1993-03-03,1250.34
1993-03-04,1246.6
1993-03-05,1252.51
1993-03-08,1259.65
1993-03-09,1265.96
1993-03-10,1260.94
1993-03-11,1258.57
1993-03-12,1246.86
1993-03-15,1258.22
1993-03-16,1254.32
1993-03-17,1251.25
1993-03-18,1251.5
1993-03-19,1251.28
1993-03-22,1238.51
1993-03-23,1245.4
1993-03-24,1246.67
1993-03-25,1270.36
1993-03-26,1285.01
1993-03-29,1290.75
1993-03-30,1291.82
1993-03-31,1291.16
1993-04-01,1280.84
1993-04-02,1273.76
1993-04-05,1266.43
1993-04-06,1273.45
1993-04-07,1267.85
1993-04-08,1271.89
1993-04-13,1288.1
1993-04-14,1288.0
1993-04-15,1275.58
1993-04-16,1273.95
1993-04-19,1265.49
1993-04-20,1254.03
1993-04-21,1244.49
1993-04-22,1250.13
1993-04-23,1238.63
1993-04-26,1236.2
1993-04-27,1241.07
1993-04-28,1247.63
1993-04-29,1236.31
1993-04-30,1242.4
1993-05-03,1241.31
1993-05-04,1234.77
1993-05-05,1235.16
1993-05-06,1234.95
1993-05-07,1216.09
1993-05-10,1213.71
1993-05-11,1203.46
1993-05-12,1209.71
1993-05-13,1214.26
1993-05-14,1201.1
1993-05-17,1192.6
1993-05-18,1198.59
1993-05-19,1193.56
1993-05-24,1204.42
1993-05-25,1220.45
1993-05-26,1222.13
1993-05-27,1229.36
1993-05-28,1221.31
1993-06-01,1212.61
1993-06-02,1214.3
1993-06-03,1209.65
1993-06-04,1205.32
1993-06-07,1217.87
1993-06-08,1220.99
1993-06-09,1236.59
1993-06-10,1235.1
1993-06-11,1238.86
1993-06-14,1237.24
1993-06-15,1228.08
1993-06-16,1237.19
1993-06-17,1230.77
1993-06-18,1236.6
1993-06-21,1244.44
1993-06-22,1247.76
1993-06-23,1249.46
1993-06-24,1260.61
1993-06-25,1260.26
1993-06-28,1273.59
1993-06-29,1268.79
1993-06-30,1269.34
1993-07-01,1266.55
1993-07-02,1258.8
1993-07-05,1250.73
1993-07-06,1255.28
1993-07-07,1258.75
1993-07-08,1275.9
1993-07-09,1277.94
1993-07-12,1279.01
1993-07-13,1279.95
1993-07-15,1268.34
1993-07-16,1273.79
1993-07-19,1274.6
1993-07-20,1270.27
1993-07-21,1262.51
1993-07-22,1270.1
1993-07-23,1283.83
1993-07-26,1291.39
1993-07-27,1289.16
1993-07-28,1285.62
1993-07-29,1308.3
1993-07-30,1331.92
1993-08-02,1356.35
1993-08-03,1350.01
1993-08-04,1349.33
1993-08-05,1357.21
1993-08-06,1376.22
1993-08-09,1371.32
1993-08-10,1373.43
1993-08-11,1389.96
1993-08-12,1392.08
1993-08-13,1386.59
1993-08-17,1380.51
1993-08-18,1393.06
1993-08-19,1384.46
1993-08-20,1378.4
1993-08-23,1369.81
1993-08-24,1375.82
1993-08-25,1395.32
1993-08-26,1402.73
1993-08-27,1408.61
1993-08-30,1418.94
1993-08-31,1422.67
1993-09-01,1412.06
1993-09-02,1408.46
1993-09-03,1394.29
1993-09-06,1395.98
1993-09-07,1386.6
1993-09-08,1381.36
1993-09-09,1372.66
1993-09-10,1374.79
1993-09-13,1380.54
1993-09-14,1387.59
1993-09-15,1361.25
1993-09-16,1359.39
1993-09-17,1369.56
1993-09-20,1372.36
1993-09-21,1367.04
1993-09-22,1358.01
1993-09-23,1350.17
1993-09-24,1367.77
1993-09-27,1377.11
1993-09-28,1383.93
1993-09-29,1386.63
1993-09-30,1380.54
1993-10-01,1383.04
1993-10-04,1387.49
1993-10-05,1402.69
1993-10-06,1406.29
1993-10-07,1399.4
1993-10-08,1403.01
1993-10-11,1394.64
1993-10-12,1387.43
1993-10-13,1388.78
1993-10-14,1382.5
1993-10-15,1396.16
1993-10-18,1399.13
1993-10-19,1399.13
1993-10-20,1401.12
1993-10-21,1424.54
1993-10-22,1444.64
1993-10-25,1443.55
1993-10-26,1438.26
1993-10-27,1429.87
1993-10-28,1431.23
1993-10-29,1428.11
1993-11-02,1424.82
1993-11-03,1425.34
1993-11-04,1409.44
1993-11-05,1381.29
1993-11-08,1384.08
1993-11-09,1398.02
1993-11-10,1384.56
1993-11-12,1387.94
1993-11-15,1397.03
1993-11-16,1398.0
1993-11-17,1412.44
1993-11-18,1413.99
1993-11-19,1410.92
1993-11-22,1379.53
1993-11-23,1374.67
1993-11-24,1375.1
1993-11-25,1399.03
1993-11-26,1401.36
1993-11-29,1399.87
1993-11-30,1395.17
1993-12-01,1416.53
1993-12-02,1420.73
1993-12-03,1432.85
1993-12-06,1433.37
1993-12-07,1429.88
1993-12-08,1444.74
1993-12-09,1449.45
1993-12-10,1445.86
1993-12-13,1449.16
1993-12-14,1432.25
1993-12-15,1434.01
1993-12-16,1437.01
1993-12-17,1455.05
1993-12-20,1467.85
1993-12-21,1467.18
1993-12-22,1471.77
1993-12-23,1482.21
1993-12-24,1486.37
1993-12-27,1503.76
1993-12-28,1498.85
1993-12-29,1509.35
1993-12-30,1510.72
1993-12-31,1506.09
1994-01-03,1517.39
1994-01-04,1511.83
1994-01-05,1504.29
1994-01-06,1518.6
1994-01-07,1538.72
1994-01-10,1546.91
1994-01-11,1559.03
1994-01-12,1530.84
1994-01-13,1515.52
1994-01-14,1520.82
1994-01-17,1509.81
1994-01-18,1515.62
1994-01-19,1530.14
1994-01-20,1521.45
1994-01-21,1513.88
1994-01-24,1526.49
1994-01-25,1533.6
1994-01-26,1539.01
1994-01-27,1541.33
1994-01-28,1560.6
1994-01-31,1573.38
1994-02-01,1572.29
1994-02-02,1585.2
1994-02-03,1568.53
1994-02-04,1572.68
1994-02-07,1545.16
1994-02-08,1554.55
1994-02-09,1552.73
1994-02-10,1549.43
1994-02-11,1534.11
1994-02-14,1516.76
1994-02-15,1522.18
1994-02-16,1527.44
1994-02-17,1534.28
1994-02-18,1520.36
1994-02-21,1500.4
1994-02-22,1506.61
1994-02-23,1519.18
1994-02-24,1500.76
1994-02-25,1494.31
1994-02-28,1510.66
1994-03-01,1485.28
1994-03-02,1459.88
1994-03-03,1467.13
1994-03-04,1478.48
1994-03-07,1500.52
1994-03-08,1499.04
1994-03-09,1490.18
1994-03-10,1483.52
1994-03-11,1472.43
1994-03-14,1487.63
1994-03-15,1508.19
1994-03-16,1501.47
1994-03-17,1504.4
1994-03-18,1491.38
1994-03-21,1478.99
1994-03-22,1478.5
1994-03-23,1478.41
1994-03-24,1452.96
1994-03-25,1447.55
1994-03-28,1451.45
1994-03-29,1438.46
1994-03-30,1418.37
1994-03-31,1419.69
1994-04-05,1426.47
1994-04-06,1442.15
1994-04-07,1435.57
1994-04-08,1432.84
1994-04-11,1447.36
1994-04-12,1448.99
1994-04-13,1450.32
1994-04-14,1443.38
1994-04-15,1450.29
1994-04-18,1449.03
1994-04-19,1430.23
1994-04-20,1411.42
1994-04-21,1402.99
1994-04-22,1425.06
1994-04-25,1418.99
1994-04-26,1427.2
1994-04-27,1436.35
1994-04-28,1440.33
1994-04-29,1445.4
1994-05-02,1455.54
1994-05-03,1452.88
1994-05-04,1431.93
1994-05-05,1438.25
1994-05-06,1434.83
1994-05-09,1422.97
1994-05-10,1435.56
1994-05-11,1440.92
1994-05-13,1447.84
1994-05-16,1448.3
1994-05-17,1450.78
1994-05-18,1448.14
1994-05-19,1441.0
1994-05-20,1432.82
1994-05-24,1417.26
1994-05-25,1395.85
1994-05-26,1397.97
1994-05-27,1378.63
1994-05-30,1379.81
1994-05-31,1365.51
1994-06-01,1337.2
1994-06-02,1347.97
1994-06-03,1367.89
1994-06-06,1367.23
1994-06-07,1360.66
1994-06-08,1372.03
1994-06-09,1361.98
1994-06-10,1358.21
1994-06-13,1332.6
1994-06-14,1336.77
1994-06-15,1332.96
1994-06-16,1306.06
1994-06-17,1300.98
1994-06-20,1277.24
1994-06-21,1270.51
1994-06-22,1281.81
1994-06-23,1292.19
1994-06-24,1280.28
1994-06-27,1280.72
1994-06-28,1292.15
1994-06-29,1298.25
1994-06-30,1278.69
1994-07-01,1268.47
1994-07-04,1265.36
1994-07-05,1269.27
1994-07-06,1274.53
1994-07-07,1288.66
1994-07-08,1289.97
1994-07-11,1303.92
1994-07-12,1299.73
1994-07-13,1317.09
1994-07-18,1344.97
1994-07-19,1360.71
1994-07-20,1359.66
1994-07-21,1362.65
1994-07-22,1358.34
1994-07-25,1369.19
1994-07-26,1380.14
1994-07-27,1370.32
1994-07-28,1367.47
1994-07-29,1381.16
1994-08-01,1380.95
1994-08-02,1404.71
1994-08-03,1405.17
1994-08-04,1398.18
1994-08-05,1403.31
1994-08-08,1401.36
1994-08-09,1385.45
1994-08-10,1378.65
1994-08-11,1365.87
1994-08-12,1346.84
1994-08-16,1349.4
1994-08-17,1360.22
1994-08-18,1349.38
1994-08-19,1344.9
1994-08-22,1328.68
1994-08-23,1338.99
1994-08-24,1339.94
1994-08-25,1354.57
1994-08-26,1372.5
1994-08-29,1380.84
1994-08-30,1373.97
1994-08-31,1378.35
1994-09-01,1364.46
1994-09-02,1358.42
1994-09-05,1346.1
1994-09-06,1327.71
1994-09-07,1328.37
1994-09-08,1338.72
1994-09-09,1322.89
1994-09-12,1329.15
1994-09-13,1328.58
1994-09-14,1321.28
1994-09-15,1331.1
1994-09-16,1303.78
1994-09-19,1301.82
1994-09-20,1294.88
1994-09-21,1280.23
1994-09-22,1278.47
1994-09-23,1291.75
1994-09-26,1279.47
1994-09-27,1278.42
1994-09-28,1279.66
1994-09-29,1262.98
1994-09-30,1267.69
1994-10-03,1251.82
1994-10-04,1262.63
1994-10-05,1238.08
1994-10-06,1241.06
1994-10-07,1245.61
1994-10-10,1267.51
1994-10-11,1278.5
1994-10-12,1280.32
1994-10-13,1298.09
1994-10-14,1288.05
1994-10-17,1274.44
1994-10-18,1268.76
1994-10-19,1256.64
1994-10-20,1251.21
1994-10-21,1237.88
1994-10-24,1238.73
1994-10-25,1227.86
1994-10-26,1231.77
1994-10-27,1243.52
1994-10-28,1266.92
1994-11-02,1252.89
1994-11-03,1270.46
1994-11-04,1281.87
1994-11-07,1269.46
1994-11-08,1277.12
1994-11-09,1291.58
1994-11-10,1293.15
1994-11-14,1291.71
1994-11-15,1299.76
1994-11-16,1297.66
1994-11-17,1284.58
1994-11-18,1280.81
1994-11-21,1280.62
1994-11-22,1271.08
1994-11-23,1259.44
1994-11-24,1283.06
1994-11-25,1288.38
1994-11-28,1292.91
1994-11-29,1286.84
1994-11-30,1303.53
1994-12-01,1299.84
1994-12-02,1305.9
1994-12-05,1302.63
1994-12-06,1297.85
1994-12-07,1298.32
1994-12-08,1290.13
1994-12-09,1282.34
1994-12-12,1271.33
1994-12-13,1267.82
1994-12-14,1270.93
1994-12-15,1270.11
1994-12-16,1266.23
1994-12-19,1267.07
1994-12-20,1262.42
1994-12-21,1270.47
1994-12-22,1277.15
1994-12-23,1276.06
1994-12-26,1285.89
1994-12-27,1279.81
1994-12-28,1266.29
1994-12-29,1252.28
1994-12-30,1250.66
1995-01-03,1252.58
1995-01-04,1258.62
1995-01-05,1242.83
1995-01-06,1249.39
1995-01-09,1239.01
1995-01-10,1233.51
1995-01-11,1228.88
1995-01-12,1226.43
1995-01-13,1228.85
1995-01-16,1237.8
1995-01-17,1228.94
1995-01-18,1228.34
1995-01-19,1216.78
1995-01-20,1202.37
1995-01-23,1178.82
1995-01-24,1180.78
1995-01-25,1192.07
1995-01-26,1204.09
1995-01-27,1200.7
1995-01-30,1200.07
1995-01-31,1191.14
1995-02-01,1207.05
1995-02-02,1202.04
1995-02-03,1215.41
1995-02-06,1232.91
1995-02-07,1232.9
1995-02-08,1223.85
1995-02-09,1236.43
1995-02-10,1235.43
1995-02-13,1225.01
1995-02-14,1225.89
1995-02-15,1228.98
1995-02-16,1216.19
1995-02-17,1210.1
1995-02-20,1197.97
1995-02-21,1197.8
1995-02-22,1196.99
1995-02-23,1208.51
1995-02-24,1199.51
1995-02-27,1196.14
1995-02-28,1184.73
1995-03-01,1198.46
1995-03-02,1198.76
1995-03-03,1192.77
1995-03-06,1181.54
1995-03-07,1168.86
1995-03-08,1170.4
1995-03-09,1157.1
1995-03-10,1164.44
1995-03-13,1154.41
1995-03-14,1175.48
1995-03-15,1162.38
1995-03-16,1182.15
1995-03-17,1185.4
1995-03-20,1197.38
1995-03-21,1198.15
1995-03-22,1198.04
1995-03-23,1187.48
1995-03-24,1198.5
1995-03-27,1210.94
1995-03-28,1210.9
1995-03-29,1216.31
1995-03-30,1236.87
1995-03-31,1223.3
1995-04-03,1225.19
1995-04-04,1235.93
1995-04-05,1233.4
1995-04-06,1242.05
1995-04-07,1248.05
1995-04-10,1239.0
1995-04-11,1234.54
1995-04-12,1233.96
1995-04-13,1237.98
1995-04-18,1226.18
1995-04-19,1233.43
1995-04-20,1236.46
1995-04-21,1259.18
1995-04-24,1256.1
1995-04-25,1271.78
1995-04-26,1271.79
1995-04-27,1265.97
1995-04-28,1260.96
1995-05-02,1271.32
1995-05-03,1289.13
1995-05-04,1278.85
1995-05-05,1269.92
1995-05-09,1302.19
1995-05-10,1310.02
1995-05-11,1313.91
1995-05-12,1322.3
1995-05-15,1309.68
1995-05-16,1313.54
1995-05-17,1315.72
1995-05-18,1308.21
1995-05-19,1295.96
1995-05-22,1302.37
1995-05-23,1299.22
1995-05-24,1299.74
1995-05-26,1280.06
1995-05-29,1282.95
1995-05-30,1282.66
1995-05-31,1291.97
1995-06-01,1298.42
1995-06-02,1303.41
1995-06-06,1302.68
1995-06-07,1307.94
1995-06-08,1295.57
1995-06-09,1270.73
1995-06-12,1272.12
1995-06-13,1277.23
1995-06-14,1264.27
1995-06-15,1276.52
1995-06-16,1268.53
1995-06-19,1273.26
1995-06-20,1260.5
1995-06-21,1262.0
1995-06-22,1271.43
1995-06-23,1258.19
1995-06-26,1261.85
1995-06-27,1249.72
1995-06-28,1242.09
1995-06-29,1240.68
1995-06-30,1239.86
1995-07-03,1248.53
1995-07-04,1253.44
1995-07-05,1263.04
1995-07-06,1254.61
1995-07-07,1284.14
1995-07-10,1283.29
1995-07-11,1288.98
1995-07-12,1288.79
1995-07-13,1282.29
1995-07-17,1281.24
1995-07-18,1272.22
1995-07-19,1271.67
1995-07-20,1258.79
1995-07-21,1259.01
1995-07-24,1267.72
1995-07-25,1275.12
1995-07-26,1274.75
1995-07-27,1276.63
1995-07-28,1271.43
1995-07-31,1265.77
1995-08-01,1264.82
1995-08-02,1284.28
1995-08-03,1278.99
1995-08-04,1282.72
1995-08-07,1280.0
1995-08-08,1283.41
1995-08-09,1277.99
1995-08-10,1280.06
1995-08-11,1279.33
1995-08-16,1290.02
1995-08-17,1287.66
1995-08-18,1290.07
1995-08-21,1289.47
1995-08-22,1286.36
1995-08-23,1282.54
1995-08-24,1274.3
1995-08-25,1275.96
1995-08-28,1251.84
1995-08-29,1255.36
1995-08-30,1266.12
1995-08-31,1248.83
1995-09-01,1250.73
1995-09-04,1259.41
1995-09-05,1259.98
1995-09-06,1251.83
1995-09-07,1239.8
1995-09-08,1234.09
1995-09-11,1239.81
1995-09-12,1242.9
1995-09-13,1255.85
1995-09-14,1255.7
1995-09-15,1251.0
1995-09-18,1245.36
1995-09-19,1248.56
1995-09-20,1238.81
1995-09-21,1232.83
1995-09-22,1201.01
1995-09-25,1203.7
1995-09-26,1213.22
1995-09-27,1200.0
1995-09-28,1187.76
1995-09-29,1198.64
1995-10-02,1197.09
1995-10-03,1207.72
1995-10-04,1208.66
1995-10-05,1206.93
1995-10-06,1209.21
1995-10-09,1197.32
1995-10-10,1192.91
1995-10-11,1199.27
1995-10-12,1205.33
1995-10-13,1211.88
1995-10-16,1199.41
1995-10-17,1194.37
1995-10-18,1190.99
1995-10-19,1182.44
1995-10-20,1169.05
1995-10-23,1155.11
1995-10-24,1156.31
1995-10-25,1176.6
1995-10-26,1172.22
1995-10-27,1164.8
1995-10-30,1190.83
1995-10-31,1200.36
1995-11-02,1208.19
1995-11-03,1209.79
1995-11-06,1204.83
1995-11-07,1221.67
1995-11-08,1226.7
1995-11-09,1220.2
1995-11-10,1216.13
1995-11-13,1215.67
1995-11-14,1216.27
1995-11-15,1233.71
1995-11-16,1253.66
1995-11-17,1248.51
1995-11-20,1243.19
1995-11-21,1237.31
1995-11-22,1237.83
1995-11-23,1234.28
1995-11-24,1248.55
1995-11-27,1247.15
1995-11-28,1237.72
1995-11-29,1230.93
1995-11-30,1215.23
1995-12-01,1212.04
1995-12-04,1182.68
1995-12-05,1202.7
1995-12-06,1213.74
1995-12-07,1219.0
1995-12-08,1225.56
1995-12-11,1219.78
1995-12-12,1218.69
1995-12-13,1208.28
1995-12-14,1229.28
1995-12-15,1224.28
1995-12-18,1203.15
1995-12-19,1195.86
1995-12-20,1205.15
1995-12-21,1204.7
1995-12-22,1226.56
1995-12-26,1225.05
1995-12-27,1230.22
1995-12-28,1232.92
1995-12-29,1232.86
1996-01-02,1250.16
1996-01-03,1269.16
1996-01-04,1268.14
1996-01-05,1262.91
1996-01-08,1263.96
1996-01-09,1267.11
1996-01-10,1262.13
1996-01-11,1255.44
1996-01-12,1262.73
1996-01-15,1270.25
1996-01-16,1284.6
1996-01-17,1292.7
1996-01-18,1292.31
1996-01-19,1297.44
1996-01-22,1293.94
1996-01-23,1284.22
1996-01-24,1289.88
1996-01-25,1295.43
1996-01-26,1303.57
1996-01-29,1309.44
1996-01-30,1322.9
1996-01-31,1336.56
1996-02-01,1338.17
1996-02-02,1337.73
1996-02-05,1320.54
1996-02-06,1323.62
1996-02-07,1325.02
1996-02-08,1313.17
1996-02-09,1316.88
1996-02-12,1320.86
1996-02-13,1328.95
1996-02-14,1318.04
1996-02-15,1322.84
1996-02-16,1319.38
1996-02-19,1312.33
1996-02-20,1309.78
1996-02-21,1310.48
1996-02-22,1320.69
1996-02-23,1338.17
1996-02-26,1331.32
1996-02-27,1340.31
1996-02-28,1354.91
1996-02-29,1355.08
1996-03-01,1371.09
1996-03-04,1372.31
1996-03-05,1366.62
1996-03-06,1368.07
1996-03-07,1368.95
1996-03-08,1351.92
1996-03-11,1336.24
1996-03-12,1330.24
1996-03-13,1336.59
1996-03-14,1344.94
1996-03-15,1341.15
1996-03-18,1348.02
1996-03-19,1347.77
1996-03-20,1346.36
1996-03-21,1350.71
1996-03-22,1350.55
1996-03-25,1368.75
1996-03-26,1369.07
1996-03-27,1382.39
1996-03-28,1378.39
1996-03-29,1392.96
1996-04-01,1401.52
1996-04-02,1407.66
1996-04-03,1404.99
1996-04-04,1410.74
1996-04-09,1412.1
1996-04-10,1420.1
1996-04-11,1408.64
1996-04-12,1408.5
1996-04-15,1412.25
1996-04-16,1420.33
1996-04-17,1411.34
1996-04-18,1417.34
1996-04-19,1421.9
1996-04-22,1435.38
1996-04-23,1433.29
1996-04-24,1440.73
1996-04-25,1436.97
1996-04-26,1449.7
1996-04-29,1446.26
1996-04-30,1453.88
1996-05-02,1452.3
1996-05-03,1439.61
1996-05-06,1427.29
1996-05-07,1424.3
1996-05-09,1424.35
1996-05-10,1436.52
1996-05-13,1431.8
1996-05-14,1441.38
1996-05-15,1444.2
1996-05-17,1451.06
1996-05-20,1444.42
1996-05-21,1451.51
1996-05-22,1439.36
1996-05-23,1444.26
1996-05-24,1448.97
1996-05-28,1456.83
1996-05-29,1449.92
1996-05-30,1444.35
1996-05-31,1445.67
1996-06-03,1450.26
1996-06-04,1447.69
1996-06-05,1449.53
1996-06-06,1457.56
1996-06-07,1441.96
1996-06-10,1451.27
1996-06-11,1455.44
1996-06-12,1455.47
1996-06-13,1449.86
1996-06-14,1442.59
1996-06-17,1443.36
1996-06-18,1440.16
1996-06-19,1436.33
1996-06-20,1422.32
1996-06-21,1422.64
1996-06-24,1432.75
1996-06-25,1444.13
1996-06-26,1440.71
1996-06-27,1441.2
1996-06-28,1448.4
1996-07-01,1445.82
1996-07-02,1442.11
1996-07-03,1442.3
1996-07-04,1449.08
1996-07-05,1435.94
1996-07-08,1423.02
1996-07-09,1421.75
1996-07-10,1424.41
1996-07-11,1419.23
1996-07-12,1403.78
1996-07-15,1391.04
1996-07-16,1363.19
1996-07-17,1367.7
1996-07-18,1373.97
1996-07-19,1369.0
1996-07-22,1350.95
1996-07-23,1360.39
1996-07-24,1342.94
1996-07-25,1356.14
1996-07-26,1350.75
1996-07-29,1350.5
1996-07-30,1352.95
1996-07-31,1365.47
1996-08-01,1373.58
1996-08-02,1382.69
1996-08-05,1377.89
1996-08-06,1370.54
1996-08-07,1368.11
1996-08-08,1370.26
1996-08-09,1367.24
1996-08-12,1361.18
1996-08-13,1363.06
1996-08-14,1361.55
1996-08-19,1362.57
1996-08-20,1378.08
1996-08-21,1365.24
1996-08-22,1373.6
1996-08-23,1376.09
1996-08-26,1376.44
1996-08-27,1375.37
1996-08-28,1370.23
1996-08-29,1356.18
1996-08-30,1353.5
1996-09-02,1357.62
1996-09-03,1352.3
1996-09-04,1361.55
1996-09-05,1368.39
1996-09-06,1373.77
1996-09-09,1381.37
1996-09-10,1392.31
1996-09-11,1390.64
1996-09-12,1404.06
1996-09-13,1411.59
1996-09-16,1414.41
1996-09-17,1410.94
1996-09-18,1407.22
1996-09-19,1409.1
1996-09-20,1406.34
1996-09-23,1397.81
1996-09-24,1406.77
1996-09-25,1419.41
1996-09-26,1417.59
1996-09-27,1418.3
1996-09-30,1430.13
1996-10-01,1426.77
1996-10-02,1436.97
1996-10-03,1435.43
1996-10-04,1441.56
1996-10-07,1441.42
1996-10-08,1447.31
1996-10-09,1441.26
1996-10-10,1435.01
1996-10-11,1441.98
1996-10-14,1440.58
1996-10-15,1456.33
1996-10-16,1452.67
1996-10-17,1456.69
1996-10-18,1468.67
1996-10-21,1466.9
1996-10-22,1463.55
1996-10-23,1448.63
1996-10-24,1449.94
1996-10-25,1456.15
1996-10-28,1453.17
1996-10-29,1439.71
1996-10-30,1439.61
1996-10-31,1447.8
1996-11-04,1450.84
1996-11-05,1472.3
1996-11-06,1485.43
1996-11-07,1485.87
1996-11-08,1485.45
1996-11-12,1497.11
1996-11-13,1491.66
1996-11-14,1491.05
1996-11-15,1502.55
1996-11-18,1496.72
1996-11-19,1502.34
1996-11-20,1500.71
1996-11-21,1502.89
1996-11-22,1512.7
1996-11-25,1526.96
1996-11-26,1526.31
1996-11-27,1523.72
1996-11-28,1534.41
1996-11-29,1548.88
1996-12-02,1551.97
1996-12-03,1570.25
1996-12-04,1548.88
1996-12-05,1541.49
1996-12-06,1509.48
1996-12-09,1520.15
1996-12-10,1520.09
1996-12-11,1498.62
1996-12-12,1499.05
1996-12-13,1493.43
1996-12-16,1504.99
1996-12-17,1490.75
1996-12-18,1503.51
1996-12-19,1519.76
1996-12-20,1537.42
1996-12-23,1541.73
1996-12-24,1544.91
1996-12-26,1552.09
1996-12-27,1554.13
1996-12-30,1561.32
1996-12-31,1561.66
1997-01-02,1533.19
1997-01-03,1547.46
1997-01-06,1563.24
1997-01-07,1563.25
1997-01-08,1581.07
1997-01-09,1589.81
1997-01-10,1580.1
1997-01-13,1599.28
1997-01-14,1622.69
1997-01-15,1618.77
1997-01-16,1631.61
1997-01-17,1641.69
1997-01-20,1633.62
1997-01-21,1632.31
1997-01-22,1652.08
1997-01-23,1663.61
1997-01-24,1646.85
1997-01-27,1652.22
1997-01-28,1676.99
1997-01-29,1667.85
1997-01-30,1684.66
1997-01-31,1693.44
1997-02-03,1691.3
1997-02-04,1687.96
1997-02-05,1708.89
1997-02-06,1716.13
1997-02-07,1736.25
1997-02-10,1736.62
1997-02-11,1733.04
1997-02-12,1746.49
1997-02-13,1761.06
1997-02-14,1759.75
1997-02-17,1762.3
1997-02-18,1755.49
1997-02-19,1743.73
1997-02-20,1733.86
1997-02-21,1726.71
1997-02-24,1732.4
1997-02-25,1755.1
1997-02-26,1752.8
1997-02-27,1768.15
1997-02-28,1758.66
1997-03-03,1754.43
1997-03-04,1780.52
1997-03-05,1789.17
1997-03-06,1808.69
1997-03-07,1812.63
1997-03-10,1815.36
1997-03-11,1807.15
1997-03-12,1781.6
1997-03-13,1773.62
1997-03-14,1778.88
1997-03-17,1750.67
1997-03-18,1739.29
1997-03-19,1749.05
1997-03-20,1724.62
1997-03-21,1745.04
1997-03-24,1739.87
1997-03-25,1762.63
1997-03-26,1776.73
1997-03-27,1783.23
1997-04-01,1738.66
1997-04-02,1712.22
1997-04-03,1702.05
1997-04-04,1704.63
1997-04-07,1733.5
1997-04-08,1738.59
1997-04-09,1759.17
1997-04-10,1755.34
1997-04-11,1740.77
1997-04-14,1734.31
1997-04-15,1763.84
1997-04-16,1765.62
1997-04-17,1761.06
1997-04-18,1722.61
1997-04-21,1705.91
1997-04-22,1700.69
1997-04-23,1712.17
1997-04-24,1718.66
1997-04-25,1716.38
1997-04-28,1723.89
1997-04-29,1750.14
1997-04-30,1767.83
1997-05-02,1777.93
1997-05-05,1786.32
1997-05-06,1775.53
1997-05-07,1770.47
1997-05-09,1765.29
1997-05-12,1793.81
1997-05-13,1808.5
1997-05-14,1834.58
1997-05-15,1834.01
1997-05-16,1838.29
1997-05-20,1819.29
1997-05-21,1837.34
1997-05-22,1813.68
1997-05-23,1824.38
1997-05-26,1759.09
1997-05-27,1773.77
1997-05-28,1720.88
1997-05-29,1721.23
1997-05-30,1721.15
1997-06-02,1725.58
1997-06-03,1742.4
1997-06-04,1747.83
1997-06-05,1781.26
1997-06-06,1795.19
1997-06-09,1779.31
1997-06-10,1766.44
1997-06-11,1780.43
1997-06-12,1811.67
1997-06-13,1835.23
1997-06-16,1829.72
1997-06-17,1811.76
1997-06-18,1806.17
1997-06-19,1801.19
1997-06-20,1811.27
1997-06-23,1814.11
1997-06-24,1828.59
1997-06-25,1873.73
1997-06-26,1885.73
1997-06-27,1884.88
1997-06-30,1871.39
1997-07-01,1912.22
1997-07-02,1896.29
1997-07-03,1911.48
1997-07-04,1914.71
1997-07-07,1925.24
1997-07-08,1918.35
1997-07-09,1928.23
1997-07-10,1915.58
1997-07-11,1921.38
1997-07-15,1926.77
1997-07-16,1949.73
1997-07-17,1933.27
1997-07-18,1890.32
1997-07-21,1884.77
1997-07-22,1909.96
1997-07-23,1953.4
1997-07-24,1940.9
1997-07-25,1967.74
1997-07-28,1967.58
1997-07-29,1969.61
1997-07-30,1996.02
1997-07-31,2003.43
1997-08-01,1990.56
1997-08-04,1962.36
1997-08-05,1956.6
1997-08-06,1980.24
1997-08-07,1990.35
1997-08-08,1960.87
1997-08-11,1950.14
1997-08-12,1956.86
1997-08-13,1917.44
1997-08-14,1918.0
1997-08-18,1886.47
1997-08-19,1922.55
1997-08-20,1947.06
1997-08-21,1937.41
1997-08-22,1905.75
1997-08-25,1904.04
1997-08-26,1885.95
1997-08-27,1887.38
1997-08-28,1864.52
1997-08-29,1835.83
1997-09-01,1852.8
1997-09-02,1911.96
1997-09-03,1911.33
1997-09-04,1914.44
1997-09-05,1913.1
1997-09-08,1918.79
1997-09-09,1909.46
1997-09-10,1886.06
1997-09-11,1864.54
1997-09-12,1858.97
1997-09-15,1888.69
1997-09-16,1907.71
1997-09-17,1915.74
1997-09-18,1936.71
1997-09-19,1937.04
1997-09-22,1957.28
1997-09-23,1946.6
1997-09-24,1961.46
1997-09-25,1951.65
1997-09-26,1943.46
1997-09-29,1944.14
1997-09-30,1956.52
1997-10-01,1979.85
1997-10-02,1976.51
1997-10-03,1996.3
1997-10-06,1987.95
1997-10-07,1981.27
1997-10-08,1962.88
1997-10-09,1927.82
1997-10-10,1924.4
1997-10-13,1950.24
1997-10-14,1951.69
1997-10-15,1942.79
1997-10-16,1941.25
1997-10-17,1919.73
1997-10-20,1911.8
1997-10-21,1931.64
1997-10-22,1915.26
1997-10-23,1854.4
1997-10-24,1851.58
1997-10-27,1804.2
1997-10-28,1723.5
1997-10-29,1825.46
1997-10-30,1782.12
1997-10-31,1782.81
1997-11-03,1808.81
1997-11-04,1804.77
1997-11-05,1828.89
1997-11-06,1810.0
1997-11-07,1765.26
1997-11-12,1763.58
1997-11-13,1763.35
1997-11-14,1760.91
1997-11-17,1800.27
1997-11-18,1805.99
1997-11-19,1807.44
1997-11-20,1823.35
1997-11-21,1845.57
1997-11-24,1815.31
1997-11-25,1809.37
1997-11-26,1824.34
1997-11-27,1836.77
1997-11-28,1853.75
1997-12-01,1884.17
1997-12-02,1884.57
1997-12-03,1883.6
1997-12-04,1893.56
1997-12-05,1893.72
1997-12-08,1905.41
1997-12-09,1918.22
1997-12-10,1905.62
1997-12-11,1849.97
1997-12-12,1850.3
1997-12-15,1850.96
1997-12-16,1884.98
1997-12-17,1875.64
1997-12-18,1876.22
1997-12-19,1840.82
1997-12-22,1863.25
1997-12-23,1858.14
1997-12-24,1869.33
1997-12-26,1870.79
1997-12-29,1907.79
1997-12-30,1928.99
1997-12-31,1944.91
1998-01-02,1968.03
1998-01-05,1986.63
1998-01-06,1970.84
1998-01-07,1957.01
1998-01-08,1932.36
1998-01-09,1912.85
1998-01-12,1873.1
1998-01-13,1901.72
1998-01-14,1913.42
1998-01-15,1919.99
1998-01-16,1945.04
1998-01-19,1952.13
1998-01-20,1963.36
1998-01-21,1956.77
1998-01-22,1951.72
1998-01-23,1939.52
1998-01-26,1959.62
1998-01-27,1985.95
1998-01-28,2004.74
1998-01-29,2027.04
1998-01-30,2050.28
1998-02-02,2060.01
1998-02-03,2061.72
1998-02-04,2049.66
1998-02-05,2062.05
1998-02-06,2076.95
1998-02-09,2081.62
1998-02-10,2090.25
1998-02-11,2094.27
1998-02-12,2064.08
1998-02-13,2068.29
1998-02-16,2088.0
1998-02-17,2117.71
1998-02-18,2119.97
1998-02-19,2104.02
1998-02-20,2110.98
1998-02-23,2124.2
1998-02-24,2120.13
1998-02-25,2167.5
1998-02-26,2196.33
1998-02-27,2211.98
1998-03-02,2227.17
1998-03-03,2212.46
1998-03-04,2196.48
1998-03-05,2202.72
1998-03-06,2253.3
1998-03-09,2277.62
1998-03-10,2275.99
1998-03-11,2288.03
1998-03-12,2284.99
1998-03-13,2298.45
1998-03-16,2331.05
1998-03-17,2367.32
1998-03-18,2362.13
1998-03-19,2382.2
1998-03-20,2380.85
1998-03-23,2373.6
1998-03-24,2405.19
1998-03-25,2451.31
1998-03-26,2431.45
1998-03-27,2449.19
1998-03-30,2444.04
1998-03-31,2482.03
1998-04-01,2489.99
1998-04-02,2520.54
1998-04-03,2520.51
1998-04-06,2550.18
1998-04-07,2508.49
1998-04-08,2491.37
1998-04-09,2504.41
1998-04-14,2494.75
1998-04-15,2503.97
1998-04-16,2484.42
1998-04-17,2492.5
1998-04-20,2508.11
1998-04-21,2496.85
1998-04-22,2486.93
1998-04-23,2478.87
1998-04-24,2462.49
1998-04-27,2405.43
1998-04-28,2448.34
1998-04-29,2429.61
1998-04-30,2506.94
1998-05-04,2564.82
1998-05-05,2553.07
1998-05-06,2558.42
1998-05-07,2534.08
1998-05-11,2593.17
1998-05-12,2577.59
1998-05-13,2594.11
1998-05-14,2591.62
1998-05-15,2583.1
1998-05-18,2559.43
1998-05-19,2576.09
1998-05-20,2611.68
1998-05-22,2613.19
1998-05-25,2651.06
1998-05-26,2656.97
1998-05-27,2603.9
1998-05-28,2607.12
1998-05-29,2625.01
1998-06-02,2654.95
1998-06-03,2690.38
1998-06-04,2675.92
1998-06-05,2710.65
1998-06-08,2722.63
1998-06-09,2723.08
1998-06-10,2722.28
1998-06-11,2684.52
1998-06-12,2632.41
1998-06-15,2602.08
1998-06-16,2603.07
1998-06-17,2650.61
1998-06-18,2630.49
1998-06-19,2617.65
1998-06-22,2607.37
1998-06-23,2626.64
1998-06-24,2659.69
1998-06-25,2698.74
1998-06-26,2702.23
1998-06-29,2723.07
1998-06-30,2700.52
1998-07-01,2733.75
1998-07-02,2729.23
1998-07-03,2757.2
1998-07-06,2759.17
1998-07-07,2769.64
1998-07-08,2773.67
1998-07-09,2764.86
1998-07-10,2727.27
1998-07-15,2775.75
1998-07-16,2783.32
1998-07-17,2799.73
1998-07-20,2790.86
1998-07-21,2764.51
1998-07-22,2709.19
1998-07-23,2713.7
1998-07-24,2692.91
1998-07-27,2654.99
1998-07-28,2649.29
1998-07-29,2654.1
1998-07-30,2686.02
1998-07-31,2679.78
1998-08-03,2630.27
1998-08-04,2601.84
1998-08-05,2557.23
1998-08-06,2550.61
1998-08-07,2594.16
1998-08-10,2538.86
1998-08-11,2479.46
1998-08-12,2534.27
1998-08-13,2533.54
1998-08-14,2557.47
1998-08-17,2548.84
1998-08-18,2621.16
1998-08-19,2625.44
1998-08-20,2605.81
1998-08-21,2527.64
1998-08-24,2516.2
1998-08-25,2570.03
1998-08-26,2503.65
1998-08-27,2405.28
1998-08-28,2386.85
1998-08-31,2358.58
1998-09-01,2340.88
1998-09-02,2390.05
1998-09-03,2337.43
1998-09-04,2359.88
1998-09-07,2399.99
1998-09-08,2418.27
1998-09-09,2400.39
1998-09-10,2301.55
1998-09-11,2290.95
1998-09-14,2368.36
1998-09-15,2361.13
1998-09-16,2376.34
1998-09-17,2257.23
1998-09-18,2217.88
1998-09-21,2135.97
1998-09-22,2146.89
1998-09-23,2187.61
1998-09-24,2176.16
1998-09-25,2132.64
1998-09-28,2147.25
1998-09-29,2147.84
1998-09-30,2074.12
1998-10-01,1977.44
1998-10-02,1961.03
1998-10-05,1926.93
1998-10-06,2012.56
1998-10-07,1993.61
1998-10-08,1914.78
1998-10-09,1982.45
1998-10-12,2078.7
1998-10-13,2090.98
1998-10-14,2136.58
1998-10-15,2144.28
1998-10-16,2164.77
1998-10-19,2168.58
1998-10-20,2224.12
1998-10-21,2202.86
1998-10-22,2195.18
1998-10-23,2179.01
1998-10-26,2209.65
1998-10-27,2268.96
1998-10-28,2238.49
1998-10-29,2235.7
1998-10-30,2264.11
1998-11-02,2297.17
1998-11-03,2306.63
1998-11-04,2364.13
1998-11-05,2318.75
1998-11-06,2316.28
1998-11-09,2314.16
1998-11-10,2286.55
1998-11-12,2291.75
1998-11-13,2294.37
1998-11-16,2325.58
1998-11-17,2309.23
1998-11-18,2312.95
1998-11-19,2361.83
1998-11-20,2415.61
1998-11-23,2436.41
1998-11-24,2436.29
1998-11-25,2441.94
1998-11-26,2483.79
1998-11-27,2502.88
1998-11-30,2444.69
1998-12-01,2360.98
1998-12-02,2339.58
1998-12-03,2370.45
1998-12-04,2384.42
1998-12-07,2399.69
1998-12-08,2396.41
1998-12-09,2398.46
1998-12-10,2384.19
1998-12-11,2354.59
1998-12-14,2333.98
1998-12-15,2339.37
1998-12-16,2358.22
1998-12-17,2381.58
1998-12-18,2354.23
1998-12-21,2411.14
1998-12-22,2422.21
1998-12-23,2457.08
1998-12-28,2459.77
1998-12-29,2471.02
1998-12-30,2500.01
1999-01-04,2611.37
1999-01-05,2641.1
1999-01-06,2697.48
1999-01-07,2661.58
1999-01-08,2669.99
1999-01-11,2645.67
1999-01-12,2592.03
1999-01-13,2507.84
1999-01-14,2526.15
1999-01-15,2560.45
1999-01-18,2615.93
1999-01-19,2593.77
1999-01-20,2625.44
1999-01-21,2607.66
1999-01-22,2536.71
1999-01-25,2552.67
1999-01-26,2563.98
1999-01-27,2582.03
1999-01-28,2637.57
1999-01-29,2669.66
1999-02-01,2698.33
1999-02-02,2667.46
1999-02-03,2637.29
1999-02-04,2623.49
1999-02-05,2610.4
1999-02-08,2618.27
1999-02-09,2555.62
1999-02-10,2532.14
1999-02-11,2565.28
1999-02-12,2564.52
1999-02-15,2563.79
1999-02-16,2562.46
1999-02-17,2526.96
1999-02-18,2551.43
1999-02-19,2595.7
1999-02-22,2623.68
1999-02-23,2647.06
1999-02-24,2651.54
1999-02-25,2621.51
1999-02-26,2587.0
1999-03-01,2553.72
1999-03-02,2561.97
1999-03-03,2541.6
1999-03-04,2583.2
1999-03-05,2635.48
1999-03-08,2633.64
1999-03-09,2625.55
1999-03-10,2628.02
1999-03-11,2646.13
1999-03-12,2642.8
1999-03-15,2645.49
1999-03-16,2648.52
1999-03-17,2637.14
1999-03-18,2627.4
1999-03-19,2661.26
1999-03-22,2650.21
1999-03-23,2586.52
1999-03-24,2569.82
1999-03-25,2619.14
1999-03-26,2609.82
1999-03-29,2632.05
1999-03-30,2627.11
1999-03-31,2659.74
1999-04-01,2674.97
1999-04-06,2711.52
1999-04-07,2718.67
1999-04-08,2726.65
1999-04-09,2747.49
1999-04-12,2743.43
1999-04-13,2752.27
1999-04-14,2744.03
1999-04-15,2724.67
1999-04-16,2719.57
1999-04-19,2760.87
1999-04-20,2692.87
1999-04-21,2712.36
1999-04-22,2715.23
1999-04-23,2700.82
1999-04-26,2718.28
1999-04-27,2781.01
1999-04-28,2775.07
1999-04-29,2773.72
1999-04-30,2799.45
1999-05-03,2822.9
1999-05-04,2823.22
1999-05-05,2782.15
1999-05-06,2768.11
1999-05-07,2747.39
1999-05-10,2772.79
1999-05-11,2777.87
1999-05-12,2781.01
1999-05-13,2815.85
1999-05-14,2772.68
1999-05-17,2727.28
1999-05-18,2762.24
1999-05-19,2797.26
1999-05-20,2826.53
1999-05-21,2816.06
1999-05-25,2801.68
1999-05-26,2801.13
1999-05-27,2776.04
1999-05-28,2768.16
1999-05-31,2789.0
1999-06-01,2769.08
1999-06-02,2768.5
1999-06-03,2792.78
1999-06-04,2792.0
1999-06-07,2826.38
1999-06-08,2833.35
1999-06-09,2843.65
1999-06-10,2820.62
1999-06-11,2824.03
1999-06-14,2818.85
1999-06-15,2841.26
1999-06-16,2871.95
1999-06-17,2887.94
1999-06-18,2907.98
1999-06-21,2919.13
1999-06-22,2907.58
1999-06-23,2881.82
1999-06-24,2857.39
1999-06-25,2846.72
1999-06-28,2869.06
1999-06-29,2890.28
1999-06-30,2910.2
1999-07-01,2955.07
1999-07-02,2959.47
1999-07-05,2999.61
1999-07-06,2992.04
1999-07-07,2977.53
1999-07-08,2966.75
1999-07-09,2977.15
1999-07-12,2983.93
1999-07-13,2941.66
1999-07-15,2982.24
1999-07-16,2980.11
1999-07-19,2961.96
1999-07-20,2922.14
1999-07-21,2892.62
1999-07-22,2881.95
1999-07-23,2854.72
1999-07-26,2827.21
1999-07-27,2842.82
1999-07-28,2848.5
1999-07-29,2787.5
1999-07-30,2830.47
1999-08-02,2821.74
1999-08-03,2809.65
1999-08-04,2800.61
1999-08-05,2753.39
1999-08-06,2746.41
1999-08-09,2785.14
1999-08-10,2755.54
1999-08-11,2768.68
1999-08-12,2824.28
1999-08-13,2866.27
1999-08-16,2878.5
1999-08-17,2892.94
1999-08-18,2896.45
1999-08-19,2859.64
1999-08-20,2890.16
1999-08-23,2899.78
1999-08-24,2927.16
1999-08-25,2983.08
1999-08-26,2986.69
1999-08-27,2994.31
1999-08-30,3002.0
1999-08-31,2963.63
1999-09-01,2988.05
1999-09-02,2945.74
1999-09-03,3010.96
1999-09-06,3016.71
1999-09-07,3026.92
1999-09-08,3026.34
1999-09-09,3047.96
1999-09-10,3065.5
1999-09-13,3051.35
1999-09-14,3038.14
1999-09-15,3016.25
1999-09-16,3002.89
1999-09-17,3006.05
1999-09-20,3023.53
1999-09-21,2983.25
1999-09-22,2960.02
1999-09-23,2979.88
1999-09-24,2945.6
1999-09-27,2980.24
1999-09-28,2953.19
1999-09-29,2940.8
1999-09-30,2970.34
1999-10-01,2951.67
1999-10-04,2987.5
1999-10-05,3009.83
1999-10-06,3029.55
1999-10-07,3059.94
1999-10-08,3048.57
1999-10-11,3045.56
1999-10-12,3014.3
1999-10-13,2986.5
1999-10-14,2980.84
1999-10-15,2941.97
1999-10-18,2916.06
1999-10-19,2967.98
1999-10-20,2960.8
1999-10-21,2974.25
1999-10-22,3020.01
1999-10-25,3020.31
1999-10-26,3045.49
1999-10-27,3030.75
1999-10-28,3053.55
1999-10-29,3123.05
1999-11-02,3134.6
1999-11-03,3146.65
1999-11-04,3165.81
1999-11-05,3181.48
1999-11-08,3189.31
1999-11-09,3191.22
1999-11-10,3224.55
1999-11-11,3267.31
1999-11-12,3273.98
1999-11-15,3294.0
1999-11-16,3302.22
1999-11-17,3294.37
1999-11-18,3335.41
1999-11-19,3341.13
1999-11-22,3281.4
1999-11-23,3283.14
1999-11-24,3304.56
1999-11-25,3401.13
1999-11-26,3426.54
1999-11-29,3414.94
1999-11-30,3395.85
1999-12-01,3418.82
1999-12-02,3415.18
1999-12-03,3482.37
1999-12-06,3510.02
1999-12-07,3527.76
1999-12-08,3511.92
1999-12-09,3547.16
1999-12-10,3518.69
1999-12-13,3549.52
1999-12-14,3564.58
1999-12-15,3538.15
1999-12-16,3543.62
1999-12-17,3530.45
1999-12-20,3543.51
1999-12-21,3548.93
1999-12-22,3605.14
1999-12-23,3662.99
1999-12-24,3743.67
1999-12-27,3738.96
1999-12-28,3734.3
1999-12-29,3742.83
1999-12-30,3810.86
2000-01-03,3799.47
2000-01-04,3650.17
2000-01-05,3527.24
2000-01-06,3512.81
2000-01-07,3573.98
2000-01-10,3650.63
2000-01-11,3632.91
2000-01-12,3608.7
2000-01-13,3641.12
2000-01-14,3733.72
2000-01-17,3765.69
2000-01-18,3666.0
2000-01-19,3649.81
2000-01-20,3684.32
2000-01-21,3664.02
2000-01-24,3664.77
2000-01-25,3613.7
2000-01-26,3648.76
2000-01-27,3674.47
2000-01-28,3697.75
2000-01-31,3650.78
2000-02-01,3711.68
2000-02-02,3814.51
2000-02-03,3926.83
2000-02-04,3993.43
2000-02-07,3953.78
2000-02-08,4010.88
2000-02-09,4000.1
2000-02-10,3959.71
2000-02-11,4011.08
2000-02-14,4004.78
2000-02-15,3905.83
2000-02-16,3884.68
2000-02-17,3943.09
2000-02-18,3886.73
2000-02-21,3821.37
2000-02-22,3820.65
2000-02-23,3873.29
2000-02-24,3912.76
2000-02-25,3979.95
2000-02-28,3931.09
2000-02-29,3981.26
2000-03-01,4037.01
2000-03-02,4159.49
2000-03-03,4183.26
2000-03-06,4217.91
2000-03-07,4151.86
2000-03-08,4090.64
2000-03-09,4138.23
2000-03-10,4189.47
2000-03-13,4073.69
2000-03-14,4078.44
2000-03-15,3971.31
2000-03-16,3989.61
2000-03-17,4033.9
2000-03-20,4070.51
2000-03-21,4030.58
2000-03-22,4005.2
2000-03-23,3983.21
2000-03-24,4039.39
2000-03-27,4110.98
2000-03-28,4160.36
2000-03-29,4139.74
2000-03-30,4007.55
2000-03-31,4000.27
2000-04-03,3891.9
2000-04-04,3931.79
2000-04-05,3818.77
2000-04-06,3948.79
2000-04-07,4002.7
2000-04-10,4037.67
2000-04-11,3968.7
2000-04-12,3956.08
2000-04-13,3963.24
2000-04-14,3839.43
2000-04-17,3821.45
2000-04-18,3872.49
2000-04-19,3890.67
2000-04-20,3935.09
2000-04-25,3980.17
2000-04-26,4032.42
2000-04-27,3951.21
2000-04-28,4051.24
2000-05-02,4137.95
2000-05-03,4068.41
2000-05-04,4103.04
2000-05-05,4138.73
2000-05-08,4127.13
2000-05-09,4045.8
2000-05-10,3981.02
2000-05-11,4042.72
2000-05-12,4088.22
2000-05-15,4057.67
2000-05-16,4151.18
2000-05-17,4092.51
2000-05-18,4088.77
2000-05-19,3932.78
2000-05-22,3853.84
2000-05-23,3877.65
2000-05-24,3793.62
2000-05-25,3873.92
2000-05-26,3870.31
2000-05-29,3917.98
2000-05-30,3987.14
2000-05-31,4047.43
2000-06-01,4145.69
2000-06-02,4193.01
2000-06-05,4184.97
2000-06-06,4151.95
2000-06-07,4101.35
2000-06-08,4122.83
2000-06-09,4136.58
2000-06-13,4123.15
2000-06-14,4168.62
2000-06-15,4112.55
2000-06-16,4090.55
2000-06-19,4117.41
2000-06-20,4142.61
2000-06-21,4102.68
2000-06-22,4093.55
2000-06-23,4125.32
2000-06-26,4150.47
2000-06-27,4142.81
2000-06-28,4160.3
2000-06-29,4038.42
2000-06-30,4069.4
2000-07-03,4101.8
2000-07-04,4090.37
2000-07-05,4080.06
2000-07-06,4074.96
2000-07-07,4139.24
2000-07-10,4098.6
2000-07-11,4098.38
2000-07-12,4124.77
2000-07-13,4148.24
2000-07-17,4182.19
2000-07-18,4132.33
2000-07-19,4118.98
2000-07-20,4151.35
2000-07-21,4102.24
2000-07-24,4118.69
2000-07-25,4109.55
2000-07-26,4125.04
2000-07-27,4131.48
2000-07-28,4070.87
2000-07-31,4142.82
2000-08-01,4138.45
2000-08-02,4133.6
2000-08-03,4035.0
2000-08-04,4098.71
2000-08-07,4131.06
2000-08-08,4136.37
2000-08-09,4159.03
2000-08-10,4154.79
2000-08-11,4152.5
2000-08-14,4186.42
2000-08-15,4200.11
2000-08-16,4227.67
2000-08-17,4201.79
2000-08-18,4180.22
2000-08-21,4167.31
2000-08-22,4143.87
2000-08-23,4137.09
2000-08-24,4116.77
2000-08-25,4198.98
2000-08-28,4218.86
2000-08-29,4232.33
2000-08-30,4231.2
2000-08-31,4229.21
2000-09-01,4334.65
2000-09-04,4390.68
2000-09-05,4357.76
2000-09-06,4317.86
2000-09-07,4331.66
2000-09-08,4263.42
2000-09-11,4246.61
2000-09-12,4252.54
2000-09-13,4178.32
2000-09-14,4223.38
2000-09-15,4201.94
2000-09-18,4147.77
2000-09-19,4144.25
2000-09-20,4073.59
2000-09-21,3978.29
2000-09-22,3981.37
2000-09-25,4035.48
2000-09-26,4010.12
2000-09-27,4019.13
2000-09-28,4008.29
2000-09-29,3984.03
2000-10-02,4026.2
2000-10-03,4054.19
2000-10-04,3992.09
2000-10-05,4018.88
2000-10-06,3969.77
2000-10-09,3880.66
2000-10-10,3897.99
2000-10-11,3782.56
2000-10-12,3796.91
2000-10-13,3828.28
2000-10-16,3845.03
2000-10-17,3833.7
2000-10-18,3757.92
2000-10-19,3841.13
2000-10-20,3889.86
2000-10-23,3912.77
2000-10-24,3995.49
2000-10-25,3964.69
2000-10-26,3926.22
2000-10-27,3966.66
2000-10-30,3981.55
2000-10-31,4039.9
2000-11-01,4048.64
2000-11-02,4047.22
2000-11-03,4048.54
2000-11-06,4027.92
2000-11-07,4043.64
2000-11-08,4016.85
2000-11-09,3974.61
2000-11-10,3901.87
2000-11-13,3830.92
2000-11-14,3939.8
2000-11-15,3987.7
2000-11-16,3975.97
2000-11-17,3907.43
2000-11-20,3829.95
2000-11-21,3859.75
2000-11-22,3783.25
2000-11-23,3843.73
2000-11-24,3887.38
2000-11-27,3910.73
2000-11-28,3852.25
2000-11-29,3844.93
2000-11-30,3769.69
2000-12-01,3769.94
2000-12-04,3688.12
2000-12-05,3805.89
2000-12-06,3809.57
2000-12-07,3802.33
2000-12-08,3781.68
2000-12-11,3857.93
2000-12-12,3840.58
2000-12-13,3791.62
2000-12-14,3758.3
2000-12-15,3712.8
2000-12-18,3740.1
2000-12-19,3781.67
2000-12-20,3671.09
2000-12-21,3659.34
2000-12-22,3680.79
2000-12-27,3725.53
2000-12-28,3763.55
2000-12-29,3771.25
2001-01-02,3698.68
2001-01-03,3620.07
2001-01-04,3692.46
2001-01-05,3662.12
2001-01-08,3642.08
2001-01-09,3605.11
2001-01-10,3599.79
2001-01-11,3631.14
2001-01-12,3711.21
2001-01-15,3714.41
2001-01-16,3670.64
2001-01-17,3743.27
2001-01-18,3734.77
2001-01-19,3736.03
2001-01-22,3753.86
2001-01-23,3729.6
2001-01-24,3761.13
2001-01-25,3781.27
2001-01-26,3775.81
2001-01-29,3755.68
2001-01-30,3774.64
2001-01-31,3820.16
2001-02-01,3767.89
2001-02-02,3730.81
2001-02-05,3729.43
2001-02-06,3747.07
2001-02-07,3693.86
2001-02-08,3706.72
2001-02-09,3667.94
2001-02-12,3693.25
2001-02-13,3679.11
2001-02-14,3624.44
2001-02-15,3665.55
2001-02-16,3604.34
2001-02-19,3598.17
2001-02-20,3580.41
2001-02-21,3536.05
2001-02-22,3518.5
2001-02-23,3447.92
2001-02-26,3501.14
2001-02-27,3515.18
2001-02-28,3472.34
2001-03-01,3449.82
2001-03-02,3423.14
2001-03-05,3469.39
2001-03-06,3523.87
2001-03-07,3541.03
2001-03-08,3515.11
2001-03-09,3475.4
2001-03-12,3396.14
2001-03-13,3361.22
2001-03-14,3309.89
2001-03-15,3342.55
2001-03-16,3296.11
2001-03-19,3262.84
2001-03-20,3310.68
2001-03-21,3233.4
2001-03-22,3107.94
2001-03-23,3188.0
2001-03-26,3286.84
2001-03-27,3355.56
2001-03-28,3310.52
2001-03-29,3311.1
2001-03-30,3330.61
2001-04-02,3340.41
2001-04-03,3218.63
2001-04-04,3247.61
2001-04-05,3304.26
2001-04-06,3291.92
2001-04-09,3313.84
2001-04-10,3401.08
2001-04-11,3422.88
2001-04-12,3430.17
2001-04-17,3407.21
2001-04-18,3508.77
2001-04-19,3497.04
2001-04-20,3478.38
2001-04-23,3450.78
2001-04-24,3467.94
2001-04-25,3459.12
2001-04-26,3503.77
2001-04-27,3559.8
2001-04-30,3600.33
2001-05-02,3565.93
2001-05-03,3505.56
2001-05-04,3500.28
2001-05-07,3526.2
2001-05-08,3541.22
2001-05-09,3524.96
2001-05-10,3585.96
2001-05-11,3570.12
2001-05-14,3522.15
2001-05-15,3553.64
2001-05-16,3541.99
2001-05-17,3587.73
2001-05-18,3611.29
2001-05-21,3619.89
2001-05-22,3645.72
2001-05-23,3613.78
2001-05-24,3626.63
2001-05-25,3586.93
2001-05-28,3601.89
2001-05-29,3567.89
2001-05-30,3512.41
2001-05-31,3514.79
2001-06-01,3500.51
2001-06-05,3546.48
2001-06-06,3532.16
2001-06-07,3509.55
2001-06-08,3502.39
2001-06-11,3484.56
2001-06-12,3418.35
2001-06-13,3438.3
2001-06-14,3402.68
2001-06-15,3366.68
2001-06-18,3319.86
2001-06-19,3341.24
2001-06-20,3317.37
2001-06-21,3294.97
2001-06-22,3325.09
2001-06-25,3337.95
2001-06-26,3266.59
2001-06-27,3248.54
2001-06-28,3290.63
2001-06-29,3344.76
2001-07-02,3384.84
2001-07-03,3334.06
2001-07-04,3316.97
2001-07-05,3284.08
2001-07-06,3211.53
2001-07-09,3227.3
2001-07-10,3204.35
2001-07-11,3169.46
2001-07-12,3197.46
2001-07-13,3231.25
2001-07-16,3229.59
2001-07-17,3200.9
2001-07-18,3143.3
2001-07-19,3176.26
2001-07-20,3148.35
2001-07-23,3166.95
2001-07-24,3134.04
2001-07-25,3084.69
2001-07-26,3121.81
2001-07-27,3191.12
2001-07-30,3231.67
2001-07-31,3259.26
2001-08-01,3277.17
2001-08-02,3269.67
2001-08-03,3237.34
2001-08-06,3256.16
2001-08-07,3247.35
2001-08-08,3211.23
2001-08-09,3152.72
2001-08-10,3128.2
2001-08-13,3168.08
2001-08-14,3193.12
2001-08-15,3177.26
2001-08-16,3146.01
2001-08-17,3087.94
2001-08-20,3092.18
2001-08-21,3118.43
2001-08-22,3104.43
2001-08-23,3103.63
2001-08-24,3163.74
2001-08-27,3160.32
2001-08-28,3109.66
2001-08-29,3121.41
2001-08-30,3045.83
2001-08-31,3036.98
2001-09-03,2996.78
2001-09-04,3019.91
2001-09-05,2960.1
2001-09-06,2898.81
2001-09-07,2857.67
2001-09-10,2833.76
2001-09-11,2630.36
2001-09-12,2647.01
2001-09-13,2644.84
2001-09-14,2516.48
2001-09-17,2567.25
2001-09-18,2542.03
2001-09-19,2495.22
2001-09-20,2397.25
2001-09-21,2335.29
2001-09-24,2460.95
2001-09-25,2495.86
2001-09-26,2544.18
2001-09-27,2558.83
2001-09-28,2597.47
2001-10-01,2557.59
2001-10-02,2573.0
2001-10-03,2557.44
2001-10-04,2660.09
2001-10-05,2645.47
2001-10-08,2649.76
2001-10-09,2656.55
2001-10-10,2740.5
2001-10-11,2757.34
2001-10-12,2763.82
2001-10-15,2693.72
2001-10-16,2748.14
2001-10-17,2809.89
2001-10-18,2763.73
2001-10-19,2726.01
2001-10-22,2770.1
2001-10-23,2838.14
2001-10-24,2860.06
2001-10-25,2800.37
2001-10-26,2864.03
2001-10-29,2809.97
2001-10-30,2728.88
2001-10-31,2779.68
2001-11-01,2793.61
2001-11-02,2795.09
2001-11-05,2862.22
2001-11-06,2849.77
2001-11-07,2870.96
2001-11-08,2921.16
2001-11-09,2886.86
2001-11-12,2809.02
2001-11-13,2920.47
2001-11-14,2936.51
2001-11-15,2947.96
2001-11-16,2953.77
2001-11-19,3003.12
2001-11-20,2957.76
2001-11-21,2936.35
2001-11-22,2962.08
2001-11-23,2946.92
2001-11-26,2944.63
2001-11-27,2904.87
2001-11-28,2876.4
2001-11-29,2878.37
2001-11-30,2894.97
2001-12-03,2885.3
2001-12-04,2925.16
2001-12-05,3018.17
2001-12-06,3022.73
2001-12-07,3003.51
2001-12-10,2955.05
2001-12-11,2953.24
2001-12-12,2927.57
2001-12-13,2863.79
2001-12-14,2824.28
2001-12-17,2905.68
2001-12-18,2899.7
2001-12-19,2893.02
2001-12-20,2870.28
2001-12-21,2908.57
2001-12-24,2908.71
2001-12-27,2958.11
2001-12-28,2981.35
2002-01-02,2959.07
2002-01-03,3021.36
2002-01-04,3028.35
2002-01-07,2995.51
2002-01-08,2966.39
2002-01-09,2982.41
2002-01-10,2941.35
2002-01-11,2963.86
2002-01-14,2907.89
2002-01-15,2941.99
2002-01-16,2891.36
2002-01-17,2916.44
2002-01-18,2901.3
2002-01-21,2885.4
2002-01-22,2900.08
2002-01-23,2900.53
2002-01-24,2933.3
2002-01-25,2921.11
2002-01-28,2953.21
2002-01-29,2919.11
2002-01-30,2877.81
2002-01-31,2911.95
2002-02-01,2910.14
2002-02-04,2876.94
2002-02-05,2823.08
2002-02-06,2803.92
2002-02-07,2814.94
2002-02-08,2817.81
2002-02-11,2849.62
2002-02-12,2839.38
2002-02-13,2854.59
2002-02-14,2893.66
2002-02-15,2863.9
2002-02-18,2847.91
2002-02-19,2794.27
2002-02-20,2782.54
2002-02-21,2811.59
2002-02-22,2785.86
2002-02-25,2823.99
2002-02-26,2850.1
2002-02-27,2898.93
2002-02-28,2920.27
2002-03-01,2936.33
2002-03-04,3012.17
2002-03-05,2996.49
2002-03-06,3003.56
2002-03-07,3027.72
2002-03-08,3034.94
2002-03-11,3014.3
2002-03-12,2989.61
2002-03-13,2978.06
2002-03-14,2991.97
2002-03-15,3016.33
2002-03-18,3044.35
2002-03-19,3053.99
2002-03-20,3032.02
2002-03-21,3019.04
2002-03-22,3030.58
2002-03-25,3022.14
2002-03-26,3044.09
2002-03-27,3043.29
2002-03-28,3081.9
2002-04-02,3048.85
2002-04-03,3048.25
2002-04-04,2994.36
2002-04-05,2984.42
2002-04-08,2935.11
2002-04-09,2955.86
2002-04-10,2990.64
2002-04-11,2944.49
2002-04-12,2960.73
2002-04-15,2980.44
2002-04-16,3036.62
2002-04-17,3035.97
2002-04-18,3034.97
2002-04-19,3042.57
2002-04-22,3016.49
2002-04-23,3015.06
2002-04-24,2993.7
2002-04-25,2952.99
2002-04-26,2952.04
2002-04-29,2936.56
2002-04-30,2954.25
2002-05-02,2928.2
2002-05-03,2889.81
2002-05-06,2899.82
2002-05-07,2857.07
2002-05-08,2921.57
2002-05-09,2915.07
2002-05-10,2883.83
2002-05-13,2905.09
2002-05-14,2949.71
2002-05-15,2964.12
2002-05-16,2960.89
2002-05-17,2949.57
2002-05-20,2927.9
2002-05-21,2925.7
2002-05-22,2882.38
2002-05-23,2887.49
2002-05-24,2883.31
2002-05-27,2894.69
2002-05-28,2882.29
2002-05-29,2877.21
2002-05-30,2834.58
2002-05-31,2846.81
2002-06-03,2818.85
2002-06-04,2722.34
2002-06-05,2728.85
2002-06-06,2741.25
2002-06-07,2695.11
2002-06-10,2698.56
2002-06-11,2742.73
2002-06-12,2680.16
2002-06-13,2646.11
2002-06-14,2573.22
2002-06-17,2667.96
2002-06-18,2668.46
2002-06-19,2628.78
2002-06-20,2562.68
2002-06-21,2547.17
2002-06-24,2465.92
2002-06-25,2520.94
2002-06-26,2474.6
2002-06-27,2501.52
2002-06-28,2590.53
2002-07-01,2593.36
2002-07-02,2496.09
2002-07-03,2425.1
2002-07-04,2464.64
2002-07-05,2562.97
2002-07-08,2561.49
2002-07-09,2539.43
2002-07-10,2451.51
2002-07-11,2365.63
2002-07-12,2367.73
2002-07-15,2260.04
2002-07-16,2251.17
2002-07-17,2323.97
2002-07-18,2366.32
2002-07-19,2259.65
2002-07-22,2159.69
2002-07-23,2113.29
2002-07-24,2067.7
2002-07-25,2139.81
2002-07-26,2150.46
2002-07-29,2263.22
2002-07-30,2273.04
2002-07-31,2295.01
2002-08-01,2198.93
2002-08-02,2197.16
2002-08-05,2128.94
2002-08-06,2212.43
2002-08-07,2203.99
2002-08-08,2265.21
2002-08-09,2299.23
2002-08-12,2252.29
2002-08-13,2267.84
2002-08-14,2184.83
2002-08-15,2258.3
2002-08-16,2257.73
2002-08-19,2323.75
2002-08-20,2299.73
2002-08-21,2329.54
2002-08-22,2394.72
2002-08-23,2358.42
2002-08-26,2327.52
2002-08-27,2381.69
2002-08-28,2298.86
2002-08-29,2274.15
2002-08-30,2266.84
2002-09-02,2215.12
2002-09-03,2129.54
2002-09-04,2148.11
2002-09-05,2126.94
2002-09-06,2186.48
2002-09-09,2159.33
2002-09-10,2216.19
2002-09-11,2272.13
2002-09-12,2186.56
2002-09-13,2136.68
2002-09-16,2122.2
2002-09-17,2108.33
2002-09-18,2038.25
2002-09-19,1988.9
2002-09-20,1967.26
2002-09-23,1904.43
2002-09-24,1867.0
2002-09-25,1887.33
2002-09-26,1989.98
2002-09-27,1984.08
2002-09-30,1881.93
2002-10-01,1904.54
2002-10-02,1964.51
2002-10-03,1921.49
2002-10-04,1868.4
2002-10-07,1842.8
2002-10-08,1819.48
2002-10-09,1794.47
2002-10-10,1851.89
2002-10-11,1941.31
2002-10-14,1929.94
2002-10-15,2049.22
2002-10-16,2040.63
2002-10-17,2115.39
2002-10-18,2108.1
2002-10-21,2107.83
2002-10-22,2089.01
2002-10-23,2011.72
2002-10-24,2060.03
2002-10-25,2048.47
2002-10-28,2089.42
2002-10-29,2001.68
2002-10-30,2069.58
2002-10-31,2110.28
2002-11-01,2090.31
2002-11-04,2157.88
2002-11-05,2168.8
2002-11-06,2149.57
2002-11-07,2090.84
2002-11-08,2057.37
2002-11-11,2050.45
2002-11-12,2059.0
2002-11-13,2042.17
2002-11-14,2107.33
2002-11-15,2115.75
2002-11-18,2143.41
2002-11-19,2123.0
2002-11-20,2110.26
2002-11-21,2195.42
2002-11-22,2207.11
2002-11-25,2203.14
2002-11-26,2158.95
2002-11-27,2216.99
2002-11-28,2233.21
2002-11-29,2233.3
2002-12-02,2220.42
2002-12-03,2171.3
2002-12-04,2155.07
2002-12-05,2131.06
2002-12-06,2100.52
2002-12-09,2099.55
2002-12-10,2113.71
2002-12-11,2140.32
2002-12-12,2109.81
2002-12-13,2073.65
2002-12-16,2126.27
2002-12-17,2104.72
2002-12-18,2064.55
2002-12-19,2050.74
2002-12-20,2065.97
2002-12-23,2064.69
2002-12-24,2062.36
2002-12-27,2023.11
2002-12-30,2030.59
2002-12-31,2053.26
2003-01-02,2131.26
2003-01-03,2131.61
2003-01-06,2144.75
2003-01-07,2116.34
2003-01-08,2074.67
2003-01-09,2103.29
2003-01-10,2110.58
2003-01-13,2117.36
2003-01-14,2122.88
2003-01-15,2098.92
2003-01-16,2103.18
2003-01-17,2050.7
2003-01-20,2030.25
2003-01-21,2013.86
2003-01-22,1974.27
2003-01-23,1968.44
2003-01-24,1957.35
2003-01-27,1892.84
2003-01-28,1894.6
2003-01-29,1912.65
2003-01-30,1958.48
2003-01-31,1970.65
2003-02-03,1984.43
2003-02-04,1929.01
2003-02-05,1939.98
2003-02-06,1910.71
2003-02-07,1886.86
2003-02-10,1867.57
2003-02-11,1907.83
2003-02-12,1864.49
2003-02-13,1855.77
2003-02-14,1895.39
2003-02-17,1928.34
2003-02-18,1959.43
2003-02-19,1914.86
2003-02-20,1883.25
2003-02-21,1893.04
2003-02-24,1868.22
2003-02-25,1804.96
2003-02-26,1788.75
2003-02-27,1820.6
2003-02-28,1847.04
2003-03-03,1850.53
2003-03-04,1798.2
2003-03-05,1783.27
2003-03-06,1771.33
2003-03-07,1734.08
2003-03-10,1697.17
2003-03-11,1683.8
2003-03-12,1630.06
2003-03-13,1717.29
2003-03-14,1828.32
2003-03-17,1882.08
2003-03-18,1866.53
2003-03-19,1895.36
2003-03-20,1868.54
2003-03-21,1926.98
2003-03-24,1831.03
2003-03-25,1867.86
2003-03-26,1865.84
2003-03-27,1827.04
2003-03-28,1830.34
2003-03-31,1762.24
2003-04-01,1773.79
2003-04-02,1836.57
2003-04-03,1862.98
2003-04-04,1890.82
2003-04-07,1954.53
2003-04-08,1929.36
2003-04-09,1926.25
2003-04-10,1880.77
2003-04-11,1900.26
2003-04-14,1919.59
2003-04-15,1951.46
2003-04-16,1940.09
2003-04-17,1940.55
2003-04-22,1950.27
2003-04-23,1983.77
2003-04-24,1950.84
2003-04-25,1929.31
2003-04-28,1979.81
2003-04-29,1977.67
2003-04-30,1986.93
2003-05-02,1991.07
2003-05-05,2012.54
2003-05-06,2050.7
2003-05-07,2036.31
2003-05-08,1986.0
2003-05-09,2000.74
2003-05-12,1997.37
2003-05-13,2000.07
2003-05-14,2003.57
2003-05-15,2022.65
2003-05-16,2023.08
2003-05-19,1946.33
2003-05-20,1950.91
2003-05-21,1949.75
2003-05-22,1965.04
2003-05-23,1963.44
2003-05-26,1956.6
2003-05-27,1961.91
2003-05-28,1997.13
2003-05-29,2010.79
2003-05-30,2025.34
2003-06-02,2057.68
2003-06-03,2048.56
2003-06-04,2064.95
2003-06-05,2050.69
2003-06-06,2089.0
2003-06-09,2068.02
2003-06-10,2081.3
2003-06-11,2103.52
2003-06-12,2121.19
2003-06-13,2096.41
2003-06-16,2133.14
2003-06-17,2150.75
2003-06-18,2154.49
2003-06-19,2125.81
2003-06-20,2137.76
2003-06-23,2096.86
2003-06-24,2083.97
2003-06-25,2089.83
2003-06-26,2086.75
2003-06-27,2092.64
2003-06-30,2078.89
2003-07-01,2036.81
2003-07-02,2076.95
2003-07-03,2085.55
2003-07-04,2075.2
2003-07-07,2141.39
2003-07-08,2141.94
2003-07-09,2122.33
2003-07-10,2096.9
2003-07-11,2120.07
2003-07-14,2151.74
2003-07-15,2147.09
2003-07-16,2132.59
2003-07-17,2119.33
2003-07-18,2120.19
2003-07-21,2094.05
2003-07-22,2098.02
2003-07-23,2098.04
2003-07-24,2136.63
2003-07-25,2111.29
2003-07-28,2144.95
2003-07-29,2132.26
2003-07-30,2148.52
2003-07-31,2171.84
2003-08-01,2150.43
2003-08-04,2135.07
2003-08-05,2161.99
2003-08-06,2125.16
2003-08-07,2124.46
2003-08-08,2144.81
2003-08-11,2157.2
2003-08-12,2169.81
2003-08-13,2171.31
2003-08-14,2201.68
2003-08-15,2211.97
2003-08-18,2225.35
2003-08-19,2234.47
2003-08-20,2217.92
2003-08-21,2236.77
2003-08-22,2253.11
2003-08-25,2228.77
2003-08-26,2209.33
2003-08-27,2223.52
2003-08-28,2248.65
2003-08-29,2244.6
2003-09-01,2274.84
2003-09-02,2279.37
2003-09-03,2317.96
2003-09-04,2312.13
2003-09-05,2301.24
2003-09-08,2312.68
2003-09-09,2290.58
2003-09-10,2259.21
2003-09-11,2270.67
2003-09-12,2258.16
2003-09-15,2270.0
2003-09-16,2297.46
2003-09-17,2304.63
2003-09-18,2316.34
2003-09-19,2291.2
2003-09-22,2236.87
2003-09-23,2227.32
2003-09-24,2227.3
2003-09-25,2205.84
2003-09-26,2194.82
2003-09-29,2178.64
2003-09-30,2146.06
2003-10-01,2176.26
2003-10-02,2179.95
2003-10-03,2244.91
2003-10-06,2239.95
2003-10-07,2223.82
2003-10-08,2223.15
2003-10-09,2268.16
2003-10-10,2257.19
2003-10-13,2287.43
2003-10-14,2279.39
2003-10-15,2300.03
2003-10-16,2289.1
2003-10-17,2287.04
2003-10-20,2290.22
2003-10-21,2294.13
2003-10-22,2258.0
2003-10-23,2234.92
2003-10-24,2239.2
2003-10-27,2262.12
2003-10-28,2290.22
2003-10-29,2300.53
2003-10-30,2312.69
2003-10-31,2306.75
2003-11-03,2348.67
2003-11-04,2341.31
2003-11-05,2323.04
2003-11-06,2332.86
2003-11-07,2358.36
2003-11-10,2342.17
2003-11-11,2330.05
2003-11-12,2333.98
2003-11-13,2335.67
2003-11-14,2354.46
2003-11-17,2300.89
2003-11-18,2297.15
2003-11-19,2288.68
2003-11-20,2284.36
2003-11-21,2308.99
2003-11-24,2338.64
2003-11-25,2344.73
2003-11-26,2342.71
2003-11-27,2351.52
2003-11-28,2348.03
2003-12-01,2389.08
2003-12-02,2379.43
2003-12-03,2394.39
2003-12-04,2391.1
2003-12-05,2365.66
2003-12-08,2350.66
2003-12-09,2361.06
2003-12-10,2346.74
2003-12-11,2363.63
2003-12-12,2365.93
2003-12-15,2378.45
2003-12-16,2370.17
2003-12-17,2366.09
2003-12-18,2379.95
2003-12-19,2378.95
2003-12-22,2374.18
2003-12-23,2377.09
2003-12-24,2382.59
2003-12-29,2388.4
2003-12-30,2395.06
2003-12-31,2411.51
2004-01-02,2438.15
2004-01-05,2446.38
2004-01-06,2440.71
2004-01-07,2426.52
2004-01-08,2448.77
2004-01-09,2437.68
2004-01-12,2420.54
2004-01-13,2429.99
2004-01-14,2455.14
2004-01-15,2464.06
2004-01-16,2491.15
2004-01-19,2503.35
2004-01-20,2486.76
2004-01-21,2497.19
2004-01-22,2508.19
2004-01-23,2509.79
2004-01-26,2499.53
2004-01-27,2516.13
2004-01-28,2519.6
2004-01-29,2495.59
2004-01-30,2483.28
2004-02-02,2498.37
2004-02-03,2480.59
2004-02-04,2457.41
2004-02-05,2461.63
2004-02-06,2471.34
2004-02-09,2499.06
2004-02-10,2505.25
2004-02-11,2511.53
2004-02-12,2518.7
2004-02-13,2502.12
2004-02-16,2519.04
2004-02-17,2535.1
2004-02-18,2538.88
2004-02-19,2567.68
2004-02-20,2550.99
2004-02-23,2552.21
2004-02-24,2525.12
2004-02-25,2534.08
2004-02-26,2541.91
2004-02-27,2552.28
2004-03-01,2567.98
2004-03-02,2591.07
2004-03-03,2577.03
2004-03-04,2588.13
2004-03-05,2580.49
2004-03-08,2594.38
2004-03-09,2567.91
2004-03-10,2573.17
2004-03-11,2501.84
2004-03-12,2509.48
2004-03-15,2448.81
2004-03-16,2455.87
2004-03-17,2502.91
2004-03-18,2464.88
2004-03-19,2475.12
2004-03-22,2426.01
2004-03-23,2427.44
2004-03-24,2416.5
2004-03-25,2453.08
2004-03-26,2466.05
2004-03-29,2493.47
2004-03-30,2485.23
2004-03-31,2493.48
2004-04-01,2522.04
2004-04-02,2562.51
2004-04-05,2588.46
2004-04-06,2562.67
2004-04-07,2558.7
2004-04-08,2560.95
2004-04-13,2580.53
2004-04-14,2551.07
2004-04-15,2543.98
2004-04-16,2557.3
2004-04-19,2554.44
2004-04-20,2572.97
2004-04-21,2552.21
2004-04-22,2573.54
2004-04-23,2593.12
2004-04-26,2582.95
2004-04-27,2583.18
2004-04-28,2549.2
2004-04-29,2525.29
2004-04-30,2510.34
2004-05-03,2527.54
2004-05-04,2525.22
2004-05-05,2540.32
2004-05-06,2493.48
2004-05-07,2490.37
2004-05-10,2423.47
2004-05-11,2458.11
2004-05-12,2429.15
2004-05-13,2456.43
2004-05-14,2445.97
2004-05-17,2414.28
2004-05-18,2427.8
2004-05-19,2476.49
2004-05-20,2457.42
2004-05-21,2457.46
2004-05-24,2473.4
2004-05-25,2460.25
2004-05-26,2489.52
2004-05-27,2501.49
2004-05-28,2486.3
2004-05-31,2495.91
2004-06-01,2469.17
2004-06-02,2482.36
2004-06-03,2487.33
2004-06-04,2514.17
2004-06-07,2530.06
2004-06-08,2530.62
2004-06-09,2520.55
2004-06-10,2524.68
2004-06-11,2517.21
2004-06-14,2486.26
2004-06-15,2507.67
2004-06-16,2524.65
2004-06-17,2527.59
2004-06-18,2538.51
2004-06-21,2541.04
2004-06-22,2520.41
2004-06-23,2531.45
2004-06-24,2553.98
2004-06-25,2548.34
2004-06-28,2568.68
2004-06-29,2562.38
2004-06-30,2550.41
2004-07-01,2541.09
2004-07-02,2522.14
2004-07-05,2523.19
2004-07-06,2503.86
2004-07-07,2504.12
2004-07-08,2508.6
2004-07-09,2505.0
2004-07-12,2496.47
2004-07-13,2498.1
2004-07-14,2492.43
2004-07-15,2469.51
2004-07-16,2471.55
2004-07-19,2461.83
2004-07-20,2469.97
2004-07-21,2488.58
2004-07-22,2450.06
2004-07-23,2446.75
2004-07-26,2424.07
2004-07-27,2440.35
2004-07-28,2448.3
2004-07-29,2487.9
2004-07-30,2490.04
2004-08-02,2478.06
2004-08-03,2492.57
2004-08-04,2463.91
2004-08-05,2473.1
2004-08-06,2417.66
2004-08-09,2394.84
2004-08-10,2416.31
2004-08-11,2397.89
2004-08-12,2388.44
2004-08-13,2386.05
2004-08-16,2405.2
2004-08-17,2417.49
2004-08-18,2423.23
2004-08-19,2427.76
2004-08-20,2423.15
2004-08-23,2455.45
2004-08-24,2459.99
2004-08-25,2460.69
2004-08-26,2481.5
2004-08-27,2492.05
2004-08-30,2483.61
2004-08-31,2459.24
2004-09-01,2469.83
2004-09-02,2479.42
2004-09-03,2497.14
2004-09-06,2504.34
2004-09-07,2508.21
2004-09-08,2507.76
2004-09-09,2493.25
2004-09-10,2508.54
2004-09-13,2537.87
2004-09-14,2529.76
2004-09-15,2522.72
2004-09-16,2522.69
2004-09-17,2541.04
2004-09-20,2528.39
2004-09-21,2543.41
2004-09-22,2520.62
2004-09-23,2497.21
2004-09-24,2508.52
2004-09-27,2497.56
2004-09-28,2503.57
2004-09-29,2518.59
2004-09-30,2496.89
2004-10-01,2547.89
2004-10-04,2575.1
2004-10-05,2574.67
2004-10-06,2569.86
2004-10-07,2565.36
2004-10-08,2553.89
2004-10-11,2545.84
2004-10-12,2522.5
2004-10-13,2528.79
2004-10-14,2510.13
2004-10-15,2515.27
2004-10-18,2508.73
2004-10-19,2534.26
2004-10-20,2512.2
2004-10-21,2525.29
2004-10-22,2524.22
2004-10-25,2474.34
2004-10-26,2481.51
2004-10-27,2519.99
2004-10-28,2546.85
2004-10-29,2538.94
2004-11-01,2556.0
2004-11-02,2575.55
2004-11-03,2578.89
2004-11-04,2573.17
2004-11-05,2585.11
2004-11-08,2584.5
2004-11-09,2581.38
2004-11-10,2591.63
2004-11-11,2621.54
2004-11-12,2623.3
2004-11-15,2610.98
2004-11-16,2593.11
2004-11-17,2623.21
2004-11-18,2616.01
2004-11-19,2598.74
2004-11-22,2584.39
2004-11-23,2589.03
2004-11-24,2578.05
2004-11-25,2597.84
2004-11-26,2588.26
2004-11-29,2588.7
2004-11-30,2575.35
2004-12-01,2600.77
2004-12-02,2612.0
2004-12-03,2596.6
2004-12-06,2587.24
2004-12-07,2600.25
2004-12-08,2594.54
2004-12-09,2577.22
2004-12-10,2588.48
2004-12-13,2609.65
2004-12-14,2614.53
2004-12-15,2610.45
2004-12-16,2618.06
2004-12-17,2584.05
2004-12-20,2595.89
2004-12-21,2599.02
2004-12-22,2619.11
2004-12-23,2627.98
2004-12-24,2629.74
2004-12-27,2627.27
2004-12-28,2632.15
2004-12-29,2634.29
2004-12-30,2636.58
2004-12-31,2634.12
2005-01-03,2656.54
2005-01-04,2659.54
2005-01-05,2637.1
2005-01-06,2655.18
2005-01-07,2670.39
2005-01-10,2672.05
2005-01-11,2654.04
2005-01-12,2633.56
2005-01-13,2646.5
2005-01-14,2659.87
2005-01-17,2677.87
2005-01-18,2675.32
2005-01-19,2673.25
2005-01-20,2655.81
2005-01-21,2664.26
2005-01-24,2661.26
2005-01-25,2682.79
2005-01-26,2683.38
2005-01-27,2692.22
2005-01-28,2681.75
2005-01-31,2709.73
2005-02-01,2726.83
2005-02-02,2735.7
2005-02-03,2720.57
2005-02-04,2741.24
2005-02-07,2758.82
2005-02-08,2759.01
2005-02-09,2752.53
2005-02-10,2752.93
2005-02-11,2783.6
2005-02-14,2781.65
2005-02-15,2795.01
2005-02-16,2781.26
2005-02-17,2780.38
2005-02-18,2794.93
2005-02-21,2788.56
2005-02-22,2773.79
2005-02-23,2758.23
2005-02-24,2759.7
2005-02-25,2798.18
2005-02-28,2794.35
2005-03-01,2811.14
2005-03-02,2815.07
2005-03-03,2813.74
2005-03-04,2833.26
2005-03-07,2844.08
2005-03-08,2829.35
2005-03-09,2818.56
2005-03-10,2797.93
2005-03-11,2804.72
2005-03-14,2804.0
2005-03-15,2823.5
2005-03-16,2784.76
2005-03-17,2792.5
2005-03-18,2804.97
2005-03-21,2793.11
2005-03-22,2801.29
2005-03-23,2790.27
2005-03-24,2821.34
2005-03-29,2823.16
2005-03-30,2812.47
2005-03-31,2815.94
2005-04-01,2825.09
2005-04-04,2807.68
2005-04-05,2829.81
2005-04-06,2842.88
2005-04-07,2854.79
2005-04-08,2855.6
2005-04-11,2851.11
2005-04-12,2838.85
2005-04-13,2851.89
2005-04-14,2845.75
2005-04-15,2792.94
2005-04-18,2734.8
2005-04-19,2745.22
2005-04-20,2738.56
2005-04-21,2737.89
2005-04-22,2757.53
2005-04-25,2765.34
2005-04-26,2764.84
2005-04-27,2719.8
2005-04-28,2707.98
2005-04-29,2709.1
2005-05-02,2726.83
2005-05-03,2737.69
2005-05-04,2756.69
2005-05-05,2778.48
2005-05-06,2787.25
2005-05-09,2779.92
2005-05-10,2766.76
2005-05-11,2754.67
2005-05-12,2777.58
2005-05-13,2778.21
2005-05-16,2774.3
2005-05-17,2771.36
2005-05-18,2815.33
2005-05-19,2825.3
2005-05-20,2832.13
2005-05-23,2846.62
2005-05-24,2835.65
2005-05-25,2835.91
2005-05-26,2860.74
2005-05-27,2856.59
2005-05-30,2859.5
2005-05-31,2852.44
2005-06-01,2891.44
2005-06-02,2895.85
2005-06-03,2882.39
2005-06-06,2872.8
2005-06-07,2896.87
2005-06-08,2893.44
2005-06-09,2881.66
2005-06-10,2901.84
2005-06-13,2916.84
2005-06-14,2914.04
2005-06-15,2905.63
2005-06-16,2907.33
2005-06-17,2930.74
2005-06-20,2913.34
2005-06-21,2930.68
2005-06-22,2936.25
2005-06-23,2942.48
2005-06-24,2915.71
2005-06-27,2887.89
2005-06-28,2912.98
2005-06-29,2937.47
2005-06-30,2937.28
2005-07-01,2963.95
2005-07-04,2962.79
2005-07-05,2955.67
2005-07-06,2975.56
2005-07-07,2935.52
2005-07-08,2990.26
2005-07-11,3006.17
2005-07-12,3000.79
2005-07-13,3021.03
2005-07-14,3039.13
2005-07-15,3038.89
2005-07-18,3032.2
2005-07-19,3070.13
2005-07-20,3065.52
2005-07-21,3068.79
2005-07-22,3063.46
2005-07-25,3069.01
2005-07-26,3070.47
2005-07-27,3079.46
2005-07-28,3099.0
2005-07-29,3094.5
2005-08-01,3098.67
2005-08-02,3128.88
2005-08-03,3124.67
2005-08-04,3101.25
2005-08-05,3076.58
2005-08-08,3090.13
2005-08-09,3122.77
2005-08-10,3146.06
2005-08-11,3133.52
2005-08-12,3112.73
2005-08-15,3107.34
2005-08-16,3092.64
2005-08-17,3086.8
2005-08-18,3079.54
2005-08-19,3115.58
2005-08-22,3116.2
2005-08-23,3085.82
2005-08-24,3078.11
2005-08-25,3047.6
2005-08-26,3026.49
2005-08-29,3037.21
2005-08-30,3037.56
2005-08-31,3068.49
2005-09-01,3087.15
2005-09-02,3074.63
2005-09-05,3089.32
2005-09-06,3116.41
2005-09-07,3126.33
2005-09-08,3114.07
2005-09-09,3132.08
2005-09-12,3133.5
2005-09-13,3109.1
2005-09-14,3121.25
2005-09-15,3128.69
2005-09-16,3151.41
2005-09-19,3150.95
2005-09-20,3167.78
2005-09-21,3127.84
2005-09-22,3113.54
2005-09-23,3131.27
2005-09-26,3187.97
2005-09-27,3176.5
2005-09-28,3211.59
2005-09-29,3200.89
2005-09-30,3216.43
2005-10-03,3232.09
2005-10-04,3248.34
2005-10-05,3210.82
2005-10-06,3169.56
2005-10-07,3165.33
2005-10-10,3171.43
2005-10-11,3182.49
2005-10-12,3158.74
2005-10-13,3123.93
2005-10-14,3127.45
2005-10-17,3133.93
2005-10-18,3115.06
2005-10-19,3051.03
2005-10-20,3063.96
2005-10-21,3047.03
2005-10-24,3085.4
2005-10-25,3071.25
2005-10-26,3080.88
2005-10-27,3026.1
2005-10-28,3019.65
2005-10-31,3094.19
2005-11-01,3094.3
2005-11-02,3088.98
2005-11-03,3139.96
2005-11-04,3139.06
2005-11-07,3141.38
2005-11-08,3140.73
2005-11-09,3126.23
2005-11-10,3123.44
2005-11-11,3159.82
2005-11-14,3168.78
2005-11-15,3166.26
2005-11-16,3146.61
2005-11-17,3155.25
2005-11-18,3177.1
2005-11-21,3197.02
2005-11-22,3195.05
2005-11-23,3214.03
2005-11-24,3198.81
2005-11-25,3209.13
2005-11-28,3193.75
2005-11-29,3202.24
2005-11-30,3190.38
2005-12-01,3235.72
2005-12-02,3255.6
2005-12-05,3250.0
2005-12-06,3266.62
2005-12-07,3258.9
2005-12-08,3266.15
2005-12-09,3261.65
2005-12-12,3268.95
2005-12-13,3280.56
2005-12-14,3269.03
2005-12-15,3268.98
2005-12-16,3289.38
2005-12-19,3283.31
2005-12-20,3287.36
2005-12-21,3318.69
2005-12-22,3319.6
2005-12-23,3322.84
2005-12-27,3331.15
2005-12-28,3323.4
2005-12-29,3334.98
2005-12-30,3300.94
2006-01-02,3327.55
2006-01-03,3344.12
2006-01-04,3385.88
2006-01-05,3383.94
2006-01-06,3405.68
2006-01-09,3411.68
2006-01-10,3403.46
2006-01-11,3424.43
2006-01-12,3429.0
2006-01-13,3402.87
2006-01-16,3408.3
2006-01-17,3377.72
2006-01-18,3353.83
2006-01-19,3384.13
2006-01-20,3358.74
2006-01-23,3344.97
2006-01-24,3344.51
2006-01-25,3371.97
2006-01-26,3426.96
2006-01-27,3479.66
2006-01-30,3467.95
2006-01-31,3474.66
2006-02-01,3510.39
2006-02-02,3463.71
2006-02-03,3468.23
2006-02-06,3469.75
2006-02-07,3468.18
2006-02-08,3442.42
2006-02-09,3484.79
2006-02-10,3456.3
2006-02-13,3486.95
2006-02-14,3487.61
2006-02-15,3475.19
2006-02-16,3498.42
2006-02-17,3515.66
2006-02-20,3503.88
2006-02-21,3510.31
2006-02-22,3539.91
2006-02-23,3540.2
2006-02-24,3562.11
2006-02-27,3570.52
2006-02-28,3518.06
2006-03-01,3558.85
2006-03-02,3529.58
2006-03-03,3518.28
2006-03-06,3533.49
2006-03-07,3516.0
2006-03-08,3498.31
2006-03-09,3524.79
2006-03-10,3566.27
2006-03-13,3596.21
2006-03-14,3601.43
2006-03-15,3612.68
2006-03-16,3615.22
2006-03-17,3626.94
2006-03-20,3627.83
2006-03-21,3631.02
2006-03-22,3659.7
2006-03-23,3661.8
2006-03-24,3679.17
2006-03-27,3643.86
2006-03-28,3636.89
2006-03-29,3656.89
2006-03-30,3693.77
2006-03-31,3683.96
2006-04-03,3709.41
2006-04-04,3678.33
2006-04-05,3689.59
2006-04-06,3692.2
2006-04-07,3663.1
2006-04-10,3672.09
2006-04-11,3618.42
2006-04-12,3598.85
2006-04-13,3609.81
2006-04-18,3605.3
2006-04-19,3647.25
2006-04-20,3679.35
2006-04-21,3714.04
2006-04-24,3698.24
2006-04-25,3706.98
2006-04-26,3717.39
2006-04-27,3688.97
2006-04-28,3666.6
2006-05-02,3699.23
2006-05-03,3669.78
2006-05-04,3698.44
2006-05-05,3736.91
2006-05-08,3737.04
2006-05-09,3755.62
2006-05-10,3735.8
2006-05-11,3726.25
2006-05-12,3644.79
2006-05-15,3578.58
2006-05-16,3586.24
2006-05-17,3474.18
2006-05-18,3458.06
2006-05-19,3481.81
2006-05-22,3378.68
2006-05-23,3465.61
2006-05-24,3419.13
2006-05-25,3472.27
2006-05-26,3544.72
2006-05-29,3531.96
2006-05-30,3445.95
2006-05-31,3472.44
2006-06-01,3484.42
2006-06-02,3497.2
2006-06-05,3470.06
2006-06-06,3384.1
2006-06-07,3398.71
2006-06-08,3298.88
2006-06-09,3356.45
2006-06-12,3325.22
2006-06-13,3244.18
2006-06-14,3244.76
2006-06-15,3330.46
2006-06-16,3310.12
2006-06-19,3334.74
2006-06-20,3359.18
2006-06-21,3361.1
2006-06-22,3381.64
2006-06-23,3392.08
2006-06-26,3389.91
2006-06-27,3370.04
2006-06-28,3370.37
2006-06-29,3439.8
2006-06-30,3500.25
2006-07-03,3510.44
2006-07-04,3510.94
2006-07-05,3465.63
2006-07-06,3495.32
2006-07-07,3486.82
2006-07-10,3503.97
2006-07-11,3457.66
2006-07-12,3478.58
2006-07-13,3418.46
2006-07-14,3371.69
2006-07-17,3344.38
2006-07-18,3328.9
2006-07-19,3406.48
2006-07-20,3420.88
2006-07-21,3387.13
2006-07-24,3449.22
2006-07-25,3463.28
2006-07-26,3477.79
2006-07-27,3517.21
2006-07-28,3532.42
2006-07-31,3521.71
2006-08-01,3483.01
2006-08-02,3531.17
2006-08-03,3501.75
2006-08-04,3537.34
2006-08-07,3486.21
2006-08-08,3490.9
2006-08-09,3524.38
2006-08-10,3490.89
2006-08-11,3498.35
2006-08-14,3537.84
2006-08-15,3581.38
2006-08-16,3599.7
2006-08-17,3607.55
2006-08-18,3601.8
2006-08-21,3583.31
2006-08-22,3598.51
2006-08-23,3571.61
2006-08-24,3590.57
2006-08-25,3593.16
2006-08-28,3618.12
2006-08-29,3626.85
2006-08-30,3642.15
2006-08-31,3630.82
2006-09-01,3644.96
2006-09-04,3657.8
2006-09-05,3636.58
2006-09-06,3599.75
2006-09-07,3562.55
2006-09-08,3571.8
2006-09-11,3559.28
2006-09-12,3603.42
2006-09-13,3610.83
2006-09-14,3603.5
2006-09-15,3618.67
2006-09-18,3622.32
2006-09-19,3603.35
2006-09-20,3651.18
2006-09-21,3661.34
2006-09-22,3619.83
2006-09-25,3619.99
2006-09-26,3669.45
2006-09-27,3686.89
2006-09-28,3694.99
2006-09-29,3695.33
2006-10-02,3692.37
2006-10-03,3674.79
2006-10-04,3699.05
2006-10-05,3721.27
2006-10-06,3717.05
2006-10-09,3718.57
2006-10-10,3737.9
2006-10-11,3740.12
2006-10-12,3771.77
2006-10-13,3767.23
2006-10-16,3775.14
2006-10-17,3733.42
2006-10-18,3773.73
2006-10-19,3774.22
2006-10-20,3786.29
2006-10-23,3810.98
2006-10-24,3808.14
2006-10-25,3821.49
2006-10-26,3831.18
2006-10-27,3806.31
2006-10-30,3784.35
2006-10-31,3778.61
2006-11-01,3793.74
2006-11-02,3754.68
2006-11-03,3773.84
2006-11-06,3818.67
2006-11-07,3843.86
2006-11-08,3846.33
2006-11-09,3857.19
2006-11-10,3857.91
2006-11-13,3886.04
2006-11-14,3876.29
2006-11-15,3900.43
2006-11-16,3899.2
2006-11-17,3854.1
2006-11-20,3864.55
2006-11-21,3870.61
2006-11-22,3870.07
2006-11-23,3851.35
2006-11-24,3828.36
2006-11-27,3770.77
2006-11-28,3763.63
2006-11-29,3818.12
2006-11-30,3783.97
2006-12-01,3738.21
2006-12-04,3764.48
2006-12-05,3804.97
2006-12-06,3799.53
2006-12-07,3820.03
2006-12-08,3824.93
2006-12-11,3853.55
2006-12-12,3852.98
2006-12-13,3884.01
2006-12-14,3907.02
2006-12-15,3930.05
2006-12-18,3924.68
2006-12-19,3892.66
2006-12-20,3915.42
2006-12-21,3914.91
2006-12-22,3879.28
2006-12-27,3933.62
2006-12-28,3932.83
2006-12-29,3940.27
2007-01-02,3991.97
2007-01-03,3988.34
2007-01-04,3962.52
2007-01-05,3927.67
2007-01-08,3931.96
2007-01-09,3941.05
2007-01-10,3920.21
2007-01-11,3992.48
2007-01-12,3996.92
2007-01-15,4008.19
2007-01-16,3981.27
2007-01-17,3964.22
2007-01-18,3959.53
2007-01-19,3995.49
2007-01-22,3975.67
2007-01-23,3969.77
2007-01-24,4013.24
2007-01-25,3993.92
2007-01-26,3975.06
2007-01-29,4001.19
2007-01-30,4018.12
2007-01-31,3997.59
2007-02-01,4036.41
2007-02-02,4048.56
2007-02-05,4052.14
2007-02-06,4052.62
2007-02-07,4073.13
2007-02-08,4045.68
2007-02-09,4064.92
2007-02-12,4032.75
2007-02-13,4058.64
2007-02-14,4090.72
2007-02-15,4087.47
2007-02-16,4081.65
2007-02-19,4100.93
2007-02-20,4082.98
2007-02-21,4072.66
2007-02-22,4082.13
2007-02-23,4086.05
2007-02-26,4112.03
2007-02-27,3985.11
2007-02-28,3939.19
2007-03-01,3897.17
2007-03-02,3878.37
2007-03-05,3844.23
2007-03-06,3880.36
2007-03-07,3898.09
2007-03-08,3946.94
2007-03-09,3954.98
2007-03-12,3929.17
2007-03-13,3885.69
2007-03-14,3788.6
2007-03-15,3856.91
2007-03-16,3854.41
2007-03-19,3910.38
2007-03-20,3939.85
2007-03-21,3946.94
2007-03-22,4014.37
2007-03-23,4039.37
2007-03-26,4005.72
2007-03-27,4010.94
2007-03-28,3987.95
2007-03-29,4041.81
2007-03-30,4043.19
2007-04-02,4055.47
2007-04-03,4101.2
2007-04-04,4119.91
2007-04-05,4125.41
2007-04-10,4139.42
2007-04-11,4126.85
2007-04-12,4121.39
2007-04-13,4147.18
2007-04-16,4193.84
2007-04-17,4191.1
2007-04-18,4176.4
2007-04-19,4168.67
2007-04-20,4240.34
2007-04-23,4226.74
2007-04-24,4202.86
2007-04-25,4242.89
2007-04-26,4241.45
2007-04-27,4232.03
2007-04-30,4250.37
2007-05-02,4270.87
2007-05-03,4278.73
2007-05-04,4322.14
2007-05-07,4324.03
2007-05-08,4297.23
2007-05-09,4307.99
2007-05-10,4281.59
2007-05-11,4302.68
2007-05-14,4284.18
2007-05-15,4298.21
2007-05-16,4277.78
2007-05-17,4286.41
2007-05-18,4334.82
2007-05-21,4330.7
2007-05-22,4335.43
2007-05-23,4356.77
2007-05-24,4310.33
2007-05-25,4314.53
2007-05-28,4324.56
2007-05-29,4318.56
2007-05-30,4311.93
2007-05-31,4354.42
2007-06-01,4395.34
2007-06-04,4370.89
2007-06-05,4337.94
2007-06-06,4264.04
2007-06-07,4199.99
2007-06-08,4192.05
2007-06-11,4233.05
2007-06-12,4202.28
2007-06-13,4227.47
2007-06-14,4302.48
2007-06-15,4344.1
2007-06-18,4329.81
2007-06-19,4318.04
2007-06-20,4331.45
2007-06-21,4287.36
2007-06-22,4279.76
2007-06-25,4263.58
2007-06-26,4232.24
2007-06-27,4224.97
2007-06-28,4271.24
2007-06-29,4301.69
2007-07-02,4282.4
2007-07-03,4310.46
2007-07-04,4331.1
2007-07-05,4305.63
2007-07-06,4335.11
2007-07-09,4336.65
2007-07-10,4282.31
2007-07-11,4269.77
2007-07-12,4336.96
2007-07-13,4348.14
2007-07-16,4352.92
2007-07-17,4332.87
2007-07-18,4265.11
2007-07-19,4313.09
2007-07-20,4243.78
2007-07-23,4277.09
2007-07-24,4208.52
2007-07-25,4160.31
2007-07-26,4045.61
2007-07-27,4022.04
2007-07-30,4024.46
2007-07-31,4098.65
2007-08-01,4028.1
2007-08-02,4045.77
2007-08-03,3987.64
2007-08-06,3937.67
2007-08-07,3995.9
2007-08-08,4084.55
2007-08-09,4001.91
2007-08-10,3884.32
2007-08-13,3963.04
2007-08-14,3902.95
2007-08-15,3876.76
2007-08-16,3745.78
2007-08-17,3812.06
2007-08-20,3841.28
2007-08-21,3852.36
2007-08-22,3924.35
2007-08-23,3930.74
2007-08-24,3960.6
2007-08-27,3976.46
2007-08-28,3897.6
2007-08-29,3926.17
2007-08-30,3977.28
2007-08-31,4025.72
2007-09-03,4020.45
2007-09-04,4037.1
2007-09-05,3953.99
2007-09-06,3970.39
2007-09-07,3869.8
2007-09-10,3836.94
2007-09-11,3898.75
2007-09-12,3915.98
2007-09-13,3951.72
2007-09-14,3931.42
2007-09-17,3861.64
2007-09-18,3934.84
2007-09-19,4056.29
2007-09-20,4027.01
2007-09-21,4039.19
2007-09-24,4035.07
2007-09-25,3999.41
2007-09-26,4029.0
2007-09-27,4061.73
2007-09-28,4052.2
2007-10-01,4090.69
2007-10-02,4111.77
2007-10-03,4118.19
2007-10-04,4119.21
2007-10-05,4146.21
2007-10-08,4145.36
2007-10-09,4169.99
2007-10-10,4156.03
2007-10-11,4172.09
2007-10-12,4159.09
2007-10-15,4134.11
2007-10-16,4108.91
2007-10-17,4139.01
2007-10-18,4101.91
2007-10-19,4083.59
2007-10-22,4026.39
2007-10-23,4061.31
2007-10-24,4042.68
2007-10-25,4100.87
2007-10-26,4120.77
2007-10-29,4148.32
2007-10-30,4121.7
2007-10-31,4154.68
2007-11-01,4076.2
2007-11-02,4066.84
2007-11-05,4038.54
2007-11-06,4055.62
2007-11-07,4034.79
2007-11-08,3997.86
2007-11-09,3923.1
2007-11-12,3929.21
2007-11-13,3928.58
2007-11-14,3981.26
2007-11-15,3938.96
2007-11-16,3905.87
2007-11-19,3835.52
2007-11-20,3882.2
2007-11-21,3792.67
2007-11-22,3814.5
2007-11-23,3891.49
2007-11-26,3852.38
2007-11-27,3835.53
2007-11-28,3923.76
2007-11-29,3950.61
2007-11-30,4000.8
2007-12-03,3975.78
2007-12-04,3915.2
2007-12-05,3990.85
2007-12-06,4000.59
2007-12-07,4033.71
2007-12-10,4056.31
2007-12-11,4040.88
2007-12-12,4050.32
2007-12-13,3947.17
2007-12-14,3957.61
2007-12-17,3890.43
2007-12-18,3883.51
2007-12-19,3873.27
2007-12-20,3881.69
2007-12-21,3941.61
2007-12-24,3952.73
2007-12-27,3960.33
2007-12-28,3960.47
2007-12-31,3956.31
2008-01-02,3913.71
2008-01-03,3903.61
2008-01-04,3828.39
2008-01-07,3818.76
2008-01-08,3846.35
2008-01-09,3796.34
2008-01-10,3767.05
2008-01-11,3747.7
2008-01-14,3773.16
2008-01-15,3668.36
2008-01-16,3643.26
2008-01-17,3598.99
2008-01-18,3550.02
2008-01-21,3315.17
2008-01-22,3389.53
2008-01-23,3259.12
2008-01-24,3447.55
2008-01-25,3433.17
2008-01-28,3409.87
2008-01-29,3480.97
2008-01-30,3434.84
2008-01-31,3429.97
2008-02-01,3509.5
2008-02-04,3512.51
2008-02-05,3375.26
2008-02-06,3398.11
2008-02-07,3332.82
2008-02-08,3324.64
2008-02-11,3303.25
2008-02-12,3413.67
2008-02-13,3426.56
2008-02-14,3431.29
2008-02-15,3373.26
2008-02-18,3434.23
2008-02-19,3451.22
2008-02-20,3405.22
2008-02-21,3437.61
2008-02-22,3414.21
2008-02-25,3479.45
2008-02-26,3518.65
2008-02-27,3513.28
2008-02-28,3442.1
2008-02-29,3391.06
2008-03-03,3355.3
2008-03-04,3310.65
2008-03-05,3370.2
2008-03-06,3316.44
2008-03-07,3273.02
2008-03-10,3231.84
2008-03-11,3276.49
2008-03-12,3325.41
2008-03-13,3275.92
2008-03-14,3253.56
2008-03-17,3136.96
2008-03-18,3237.88
2008-03-19,3214.84
2008-03-20,3200.02
2008-03-25,3312.21
2008-03-26,3303.59
2008-03-27,3335.8
2008-03-28,3319.81
2008-03-31,3329.71
2008-04-01,3437.02
2008-04-02,3468.98
2008-04-03,3449.54
2008-04-04,3461.38
2008-04-07,3494.08
2008-04-08,3469.72
2008-04-09,3442.79
2008-04-10,3431.14
2008-04-11,3390.39
2008-04-14,3365.95
2008-04-15,3377.88
2008-04-16,3431.9
2008-04-17,3436.58
2008-04-18,3502.73
2008-04-21,3469.28
2008-04-22,3445.72
2008-04-23,3492.39
2008-04-24,3481.25
2008-04-25,3514.88
2008-04-28,3542.08
2008-04-29,3517.37
2008-04-30,3533.54
2008-05-02,3583.38
2008-05-05,3579.6
2008-05-06,3566.87
2008-05-07,3596.77
2008-05-08,3584.13
2008-05-09,3523.76
2008-05-12,3535.72
2008-05-13,3547.89
2008-05-14,3585.2
2008-05-15,3590.28
2008-05-16,3605.18
2008-05-19,3649.68
2008-05-20,3583.89
2008-05-21,3564.13
2008-05-22,3562.07
2008-05-23,3497.25
2008-05-26,3499.95
2008-05-27,3478.49
2008-05-28,3522.24
2008-05-29,3526.11
2008-05-30,3552.86
2008-06-02,3501.57
2008-06-03,3532.96
2008-06-04,3488.22
2008-06-05,3485.24
2008-06-06,3410.46
2008-06-09,3405.06
2008-06-10,3376.91
2008-06-11,3309.82
2008-06-12,3317.99
2008-06-13,3326.25
2008-06-16,3312.79
2008-06-17,3332.83
2008-06-18,3280.65
2008-06-19,3258.63
2008-06-20,3204.9
2008-06-23,3199.6
2008-06-24,3171.36
2008-06-25,3218.01
2008-06-26,3141.87
2008-06-27,3118.2
2008-06-30,3139.63
2008-07-01,3073.62
2008-07-02,3040.2
2008-07-03,3067.22
2008-07-04,3015.76
2008-07-07,3065.12
2008-07-08,3016.21
2008-07-09,3062.57
2008-07-10,2986.1
2008-07-11,2895.53
2008-07-14,2923.64
2008-07-15,2862.44
2008-07-16,2899.43
2008-07-17,2986.17
2008-07-18,3036.29
2008-07-21,3059.33
2008-07-22,3054.52
2008-07-23,3113.72
2008-07-24,3070.64
2008-07-25,3086.28
2008-07-28,3048.94
2008-07-29,3045.72
2008-07-30,3103.38
2008-07-31,3096.14
2008-08-01,3043.41
2008-08-04,3020.4
2008-08-05,3093.43
2008-08-06,3139.61
2008-08-07,3142.43
2008-08-08,3168.12
2008-08-11,3205.61
2008-08-12,3192.62
2008-08-13,3111.74
2008-08-14,3123.15
2008-08-15,3147.49
2008-08-18,3142.57
2008-08-19,3058.73
2008-08-20,3080.2
2008-08-21,3040.15
2008-08-22,3107.74
2008-08-25,3077.51
2008-08-26,3087.18
2008-08-27,3090.74
2008-08-28,3149.88
2008-08-29,3167.35
2008-09-01,3158.92
2008-09-02,3205.82
2008-09-03,3145.37
2008-09-04,3048.61
2008-09-05,2973.41
2008-09-08,3071.81
2008-09-09,3037.19
2008-09-10,3028.29
2008-09-11,3001.77
2008-09-12,3058.14
2008-09-15,2948.82
2008-09-16,2895.63
2008-09-17,2835.18
2008-09-18,2806.19
2008-09-19,3054.54
2008-09-22,2987.68
2008-09-23,2928.63
2008-09-24,2909.4
2008-09-25,2979.65
2008-09-26,2931.82
2008-09-29,2788.41
2008-09-30,2842.21
2008-10-01,2855.53
2008-10-02,2794.23
2008-10-03,2865.02
2008-10-06,2611.51
2008-10-07,2612.82
2008-10-08,2455.24
2008-10-09,2420.67
2008-10-10,2239.14
2008-10-13,2480.11
2008-10-14,2551.1
2008-10-15,2380.98
2008-10-16,2243.91
2008-10-17,2336.52
2008-10-20,2414.14
2008-10-21,2432.89
2008-10-22,2315.2
2008-10-23,2318.25
2008-10-24,2232.58
2008-10-27,2144.9
2008-10-28,2178.0
2008-10-29,2367.08
2008-10-30,2379.09
2008-10-31,2433.26
2008-11-03,2463.22
2008-11-04,2575.74
2008-11-05,2525.6
2008-11-06,2367.01
2008-11-07,2419.0
2008-11-10,2447.26
2008-11-11,2337.83
2008-11-12,2271.84
2008-11-13,2288.74
2008-11-14,2304.42
2008-11-17,2231.73
2008-11-18,2250.99
2008-11-19,2162.64
2008-11-20,2088.23
2008-11-21,2022.54
2008-11-24,2212.78
2008-11-25,2240.29
2008-11-26,2215.52
2008-11-27,2270.0
2008-11-28,2279.65
2008-12-01,2157.72
2008-12-02,2203.33
2008-12-03,2213.14
2008-12-04,2209.88
2008-12-05,2096.45
2008-12-08,2265.91
2008-12-09,2301.22
2008-12-10,2317.69
2008-12-11,2310.34
2008-12-12,2248.19
2008-12-15,2232.43
2008-12-16,2275.0
2008-12-17,2266.36
2008-12-18,2260.81
2008-12-19,2253.55
2008-12-22,2202.05
2008-12-23,2190.0
2008-12-24,2180.55
2008-12-29,2192.56
2008-12-30,2248.3
2008-12-31,2251.35
2009-01-02,2342.68
2009-01-05,2355.4
2009-01-06,2382.16
2009-01-07,2348.67
2009-01-08,2332.44
2009-01-09,2316.49
2009-01-12,2278.42
2009-01-13,2243.72
2009-01-14,2144.65
2009-01-15,2108.05
2009-01-16,2121.79
2009-01-19,2105.29
2009-01-20,2059.12
2009-01-21,2046.54
2009-01-22,2024.66
2009-01-23,2007.44
2009-01-26,2079.09
2009-01-27,2080.0
2009-01-28,2162.55
2009-01-29,2119.54
2009-01-30,2098.04
2009-02-02,2063.34
2009-02-03,2097.86
2009-02-04,2156.13
2009-02-05,2156.22
2009-02-06,2197.25
2009-02-09,2206.39
2009-02-10,2131.95
2009-02-11,2135.46
2009-02-12,2091.57
2009-02-13,2112.52
2009-02-16,2090.23
2009-02-17,2029.46
2009-02-18,2025.22
2009-02-19,2025.21
2009-02-20,1942.08
2009-02-23,1922.54
2009-02-24,1905.87
2009-02-25,1902.17
2009-02-26,1934.72
2009-02-27,1909.34
2009-03-02,1826.41
2009-03-03,1805.81
2009-03-04,1888.18
2009-03-05,1817.27
2009-03-06,1790.89
2009-03-09,1780.09
2009-03-10,1876.67
2009-03-11,1883.42
2009-03-12,1898.45
2009-03-13,1904.24
2009-03-16,1962.16
2009-03-17,1946.24
2009-03-18,1943.52
2009-03-19,1954.22
2009-03-20,1963.96
2009-03-23,2014.83
2009-03-24,2019.59
2009-03-25,2031.63
2009-03-26,2031.82
2009-03-27,1998.71
2009-03-30,1918.07
2009-03-31,1978.47
2009-04-01,2002.62
2009-04-02,2104.41
2009-04-03,2085.71
2009-04-06,2069.97
2009-04-07,2050.5
2009-04-08,2062.44
2009-04-09,2103.03
2009-04-14,2122.56
2009-04-15,2115.05
2009-04-16,2150.99
2009-04-17,2188.16
2009-04-20,2101.8
2009-04-21,2105.18
2009-04-22,2141.74
2009-04-23,2136.29
2009-04-24,2198.91
2009-04-27,2197.78
2009-04-28,2161.64
2009-04-29,2207.32
2009-04-30,2236.71
2009-05-04,2290.56
2009-05-05,2285.04
2009-05-06,2324.95
2009-05-07,2304.42
2009-05-08,2344.11
2009-05-11,2298.69
2009-05-12,2286.12
2009-05-13,2231.16
2009-05-14,2233.18
2009-05-15,2243.81
2009-05-18,2294.27
2009-05-19,2315.82
2009-05-20,2335.68
2009-05-21,2278.0
2009-05-22,2284.75
2009-05-25,2289.24
2009-05-26,2311.08
2009-05-27,2330.25
2009-05-28,2308.59
2009-05-29,2318.75
2009-06-01,2388.07
2009-06-02,2388.17
2009-06-03,2344.8
2009-06-04,2345.51
2009-06-05,2363.45
2009-06-08,2329.93
2009-06-09,2333.94
2009-06-10,2347.46
2009-06-11,2360.76
2009-06-12,2355.86
2009-06-15,2285.16
2009-06-16,2280.07
2009-06-17,2240.68
2009-06-18,2259.34
2009-06-19,2279.02
2009-06-22,2210.23
2009-06-23,2205.08
2009-06-24,2252.15
2009-06-25,2240.84
2009-06-26,2222.33
2009-06-29,2264.32
2009-06-30,2233.07
2009-07-01,2283.07
2009-07-02,2217.28
2009-07-03,2217.68
2009-07-06,2192.14
2009-07-07,2170.37
2009-07-08,2140.73
2009-07-09,2151.51
2009-07-10,2122.77
2009-07-13,2168.56
2009-07-14,2189.47
2009-07-15,2249.34
2009-07-16,2268.58
2009-07-17,2281.2
2009-07-20,2315.53
2009-07-21,2337.75
2009-07-22,2340.2
2009-07-23,2386.14
2009-07-24,2381.38
2009-07-27,2387.33
2009-07-28,2359.53
2009-07-29,2382.76
2009-07-30,2432.99
2009-07-31,2432.1
2009-08-03,2467.01
2009-08-04,2465.94
2009-08-05,2456.3
2009-08-06,2470.86
2009-08-07,2498.75
2009-08-10,2491.19
2009-08-11,2456.74
2009-08-12,2489.93
2009-08-13,2502.9
2009-08-14,2485.03
2009-08-17,2432.36
2009-08-18,2453.66
2009-08-19,2451.87
2009-08-20,2489.03
2009-08-21,2561.18
2009-08-24,2589.52
2009-08-25,2610.36
2009-08-26,2605.55
2009-08-27,2592.64
2009-08-28,2623.72
2009-08-31,2595.52
2009-09-01,2547.09
2009-09-02,2536.12
2009-09-03,2527.25
2009-09-04,2559.56
2009-09-07,2599.57
2009-09-08,2608.76
2009-09-09,2641.22
2009-09-10,2641.94
2009-09-11,2660.78
2009-09-14,2656.99
2009-09-15,2673.6
2009-09-16,2718.75
2009-09-17,2734.14
2009-09-18,2729.92
2009-09-21,2717.99
2009-09-22,2726.39
2009-09-23,2726.33
2009-09-24,2682.52
2009-09-25,2669.89
2009-09-28,2727.81
2009-09-29,2722.24
2009-09-30,2712.55
2009-10-01,2661.41
2009-10-02,2609.33
2009-10-05,2628.76
2009-10-06,2694.77
2009-10-07,2688.89
2009-10-08,2725.32
2009-10-09,2721.79
2009-10-12,2753.82
2009-10-13,2722.66
2009-10-14,2778.11
2009-10-15,2778.07
2009-10-16,2740.4
2009-10-19,2782.75
2009-10-20,2767.29
2009-10-21,2767.71
2009-10-22,2729.72
2009-10-23,2721.31
2009-10-26,2673.42
2009-10-27,2669.02
2009-10-28,2608.1
2009-10-29,2647.37
2009-10-30,2575.07
2009-11-02,2595.56
2009-11-03,2558.66
2009-11-04,2620.2
2009-11-05,2644.42
2009-11-06,2645.49
2009-11-09,2698.02
2009-11-10,2693.84
2009-11-11,2712.99
2009-11-12,2708.87
2009-11-13,2706.34
2009-11-16,2746.52
2009-11-17,2723.29
2009-11-18,2721.29
2009-11-19,2673.71
2009-11-20,2652.4
2009-11-23,2706.6
2009-11-24,2687.79
2009-11-25,2703.36
2009-11-26,2613.4
2009-11-27,2643.21
2009-11-30,2613.02
2009-12-01,2677.89
2009-12-02,2692.16
2009-12-03,2695.16
2009-12-04,2725.09
2009-12-07,2721.89
2009-12-08,2685.53
2009-12-09,2665.3
2009-12-10,2691.19
2009-12-11,2696.66
2009-12-14,2715.03
2009-12-15,2718.86
2009-12-16,2748.57
2009-12-17,2718.24
2009-12-18,2693.76
2009-12-21,2745.0
2009-12-22,2762.37
2009-12-23,2770.77
2009-12-24,2771.42
2009-12-28,2793.07
2009-12-29,2803.69
2009-12-30,2788.17
2009-12-31,2789.32
2010-01-04,2844.1
2010-01-05,2846.67
2010-01-06,2851.3
2010-01-07,2856.14
2010-01-08,2871.02
2010-01-11,2870.82
2010-01-12,2840.26
2010-01-13,2841.66
2010-01-14,2852.79
2010-01-15,2814.26
2010-01-18,2829.83
2010-01-19,2849.77
2010-01-20,2798.38
2010-01-21,2753.68
2010-01-22,2724.35
2010-01-25,2700.54
2010-01-26,2716.38
2010-01-27,2685.63
2010-01-28,2642.26
2010-01-29,2675.75
2010-02-01,2692.89
2010-02-02,2728.25
2010-02-03,2715.49
2010-02-04,2642.33
2010-02-05,2557.24
2010-02-08,2582.19
2010-02-09,2586.5
2010-02-10,2603.29
2010-02-11,2590.18
2010-02-12,2577.13
2010-02-15,2582.92
2010-02-16,2622.19
2010-02-17,2663.71
2010-02-18,2679.49
2010-02-19,2693.21
2010-02-22,2685.82
2010-02-23,2653.51
2010-02-24,2659.65
2010-02-25,2610.64
2010-02-26,2657.74
2010-03-01,2699.97
2010-03-02,2729.0
2010-03-03,2750.55
2010-03-04,2743.15
2010-03-05,2796.42
2010-03-08,2791.99
2010-03-09,2794.38
2010-03-10,2818.23
2010-03-11,2808.66
2010-03-12,2808.57
2010-03-15,2784.36
2010-03-16,2817.94
2010-03-17,2832.08
2010-03-18,2820.83
2010-03-19,2813.79
2010-03-22,2814.82
2010-03-23,2831.85
2010-03-24,2831.5
2010-03-25,2865.87
2010-03-26,2860.07
2010-03-29,2868.42
2010-03-30,2858.01
2010-03-31,2850.31
2010-04-01,2892.92
2010-04-06,2908.87
2010-04-07,2890.49
2010-04-08,2857.52
2010-04-09,2905.82
2010-04-12,2906.1
2010-04-13,2893.67
2010-04-14,2912.6
2010-04-15,2920.8
2010-04-16,2867.11
2010-04-19,2853.85
2010-04-20,2892.9
2010-04-21,2863.47
2010-04-22,2828.28
2010-04-23,2848.11
2010-04-26,2877.35
2010-04-27,2778.1
2010-04-28,2733.0
2010-04-29,2774.16
2010-04-30,2759.18
2010-05-03,2768.21
2010-05-04,2672.31
2010-05-05,2631.26
2010-05-06,2579.87
2010-05-07,2464.49
2010-05-10,2689.41
2010-05-11,2671.25
2010-05-12,2706.39
2010-05-13,2705.01
2010-05-14,2588.63
2010-05-17,2573.21
2010-05-18,2623.94
2010-05-19,2548.85
2010-05-20,2491.87
2010-05-21,2490.4
2010-05-24,2489.13
2010-05-25,2414.99
2010-05-26,2471.47
2010-05-27,2553.32
2010-05-28,2547.49
2010-05-31,2545.12
2010-06-01,2540.25
2010-06-02,2539.06
2010-06-03,2580.94
2010-06-04,2511.87
2010-06-07,2481.32
2010-06-08,2456.36
2010-06-09,2504.05
2010-06-10,2553.98
2010-06-11,2578.5
2010-06-14,2627.25
2010-06-15,2651.98
2010-06-16,2660.08
2010-06-17,2666.3
2010-06-18,2668.87
2010-06-21,2701.37
2010-06-22,2679.33
2010-06-23,2636.92
2010-06-24,2576.34
2010-06-25,2552.65
2010-06-28,2590.99
2010-06-29,2493.01
2010-06-30,2498.74
2010-07-01,2427.11
2010-07-02,2433.31
2010-07-05,2422.78
2010-07-06,2485.97
2010-07-07,2526.02
2010-07-08,2564.47
2010-07-09,2575.88
2010-07-12,2586.52
2010-07-13,2635.5
2010-07-14,2632.66
2010-07-15,2598.15
2010-07-16,2542.8
2010-07-19,2532.01
2010-07-20,2519.64
2010-07-21,2540.69
2010-07-22,2613.0
2010-07-23,2618.96
2010-07-26,2640.63
2010-07-27,2658.54
2010-07-28,2659.41
2010-07-29,2648.18
2010-07-30,2641.13
2010-08-02,2714.46
2010-08-03,2711.35
2010-08-04,2717.75
2010-08-05,2719.59
2010-08-06,2686.87
2010-08-09,2727.86
2010-08-10,2695.74
2010-08-11,2623.53
2010-08-12,2617.09
2010-08-13,2611.92
2010-08-16,2603.92
2010-08-17,2650.25
2010-08-18,2641.76
2010-08-19,2591.84
2010-08-20,2558.3
2010-08-23,2577.08
2010-08-24,2533.96
2010-08-25,2506.39
2010-08-26,2526.15
2010-08-27,2547.86
2010-08-30,2535.67
2010-08-31,2538.24
2010-09-01,2627.56
2010-09-02,2634.77
2010-09-03,2662.9
2010-09-06,2673.6
2010-09-07,2645.61
2010-09-08,2668.22
2010-09-09,2700.11
2010-09-10,2704.52
2010-09-13,2733.14
2010-09-14,2737.36
2010-09-15,2725.46
2010-09-16,2712.08
2010-09-17,2703.2
2010-09-20,2749.3
2010-09-21,2748.71
2010-09-22,2714.02
2010-09-23,2696.65
2010-09-24,2745.49
2010-09-27,2735.81
2010-09-28,2735.12
2010-09-29,2719.05
2010-09-30,2705.1
2010-10-01,2690.85
2010-10-04,2664.29
2010-10-05,2720.49
2010-10-06,2743.65
2010-10-07,2747.3
2010-10-08,2741.42
2010-10-11,2747.75
2010-10-12,2735.5
2010-10-13,2789.89
2010-10-14,2785.01
2010-10-15,2789.98
2010-10-18,2794.32
2010-10-19,2776.38
2010-10-20,2789.68
2010-10-21,2825.21
2010-10-22,2820.32
2010-10-25,2827.91
2010-10-26,2812.38
2010-10-27,2785.7
2010-10-28,2798.42
2010-10-29,2796.15
2010-11-01,2803.4
2010-11-02,2821.49
2010-11-03,2806.63
2010-11-04,2855.45
2010-11-05,2856.83
2010-11-08,2854.05
2010-11-09,2878.18
2010-11-10,2837.67
2010-11-11,2818.66
2010-11-12,2794.49
2010-11-15,2819.25
2010-11-16,2747.27
2010-11-17,2766.78
2010-11-18,2817.55
2010-11-19,2812.72
2010-11-22,2784.68
2010-11-23,2720.72
2010-11-24,2739.14
2010-11-25,2748.75
2010-11-26,2729.75
2010-11-29,2666.51
2010-11-30,2649.77
2010-12-01,2697.83
2010-12-02,2756.48
2010-12-03,2757.51
2010-12-06,2757.44
2010-12-07,2799.33
2010-12-08,2812.19
2010-12-09,2826.97
2010-12-10,2826.47
2010-12-13,2850.07
2010-12-14,2856.83
2010-12-15,2842.3
2010-12-16,2848.18
2010-12-17,2837.86
2010-12-20,2849.59
2010-12-21,2879.7
2010-12-22,2877.67
2010-12-23,2871.45
2010-12-24,2862.36
2010-12-27,2835.5
2010-12-28,2833.17
2010-12-29,2856.11
2010-12-30,2830.45
2010-12-31,2800.66
2011-01-03,2866.52
2011-01-04,2879.22
2011-01-05,2871.24
2011-01-06,2872.88
2011-01-07,2849.07
2011-01-10,2805.06
2011-01-11,2848.38
2011-01-12,2899.82
2011-01-13,2915.26
2011-01-14,2920.21
2011-01-17,2914.38
2011-01-18,2941.33
2011-01-19,2915.09
2011-01-20,2900.18
2011-01-21,2934.52
2011-01-24,2942.61
2011-01-25,2934.72
2011-01-26,2959.07
2011-01-27,2967.3
2011-01-28,2930.37
2011-01-31,2928.35
2011-02-01,2975.68
2011-02-02,2970.82
2011-02-03,2952.03
2011-02-04,2961.0
2011-02-07,2991.85
2011-02-08,3005.83
2011-02-09,2993.36
2011-02-10,2992.06
2011-02-11,2997.46
2011-02-14,2997.46
2011-02-15,3004.05
2011-02-16,3030.58
2011-02-17,3030.31
2011-02-18,3033.57
2011-02-21,2992.12
2011-02-22,2959.36
2011-02-23,2932.11
2011-02-24,2927.99
2011-02-25,2975.6
2011-02-28,3005.88
2011-03-01,2979.4
2011-03-02,2954.79
2011-03-03,2973.31
2011-03-04,2947.09
2011-03-07,2929.21
2011-03-08,2945.27
2011-03-09,2932.06
2011-03-10,2908.33
2011-03-11,2880.23
2011-03-14,2843.23
2011-03-15,2774.32
2011-03-16,2716.18
2011-03-17,2778.98
2011-03-18,2797.91
2011-03-21,2865.63
2011-03-22,2856.24
2011-03-23,2870.66
2011-03-24,2910.47
2011-03-25,2914.48
2011-03-28,2918.56
2011-03-29,2926.88
2011-03-30,2952.09
2011-03-31,2928.12
2011-04-01,2974.0
2011-04-04,2972.93
2011-04-05,2971.85
2011-04-06,2976.73
2011-04-07,2960.55
2011-04-08,2982.09
2011-04-11,2964.93
2011-04-12,2920.31
2011-04-13,2942.0
2011-04-14,2917.7
2011-04-15,2921.16
2011-04-18,2856.04
2011-04-19,2875.43
2011-04-20,2941.46
2011-04-21,2953.63
2011-04-26,2972.02
2011-04-27,2986.94
2011-04-28,3012.4
2011-04-29,3015.46
2011-05-02,3018.59
2011-05-03,3008.32
2011-05-04,2972.22
2011-05-05,2947.8
2011-05-06,2985.2
2011-05-09,2954.37
2011-05-10,2986.09
2011-05-11,2991.5
2011-05-12,2967.32
2011-05-13,2964.83
2011-05-16,2945.83
2011-05-17,2911.62
2011-05-18,2935.61
2011-05-19,2969.67
2011-05-20,2946.72
2011-05-23,2888.64
2011-05-24,2896.17
2011-05-25,2903.43
2011-05-26,2896.09
2011-05-27,2919.73
2011-05-30,2915.69
2011-05-31,2958.83
2011-06-01,2932.53
2011-06-02,2882.37
2011-06-03,2883.59
2011-06-06,2866.1
2011-06-07,2871.76
2011-06-08,2845.19
2011-06-09,2873.86
2011-06-10,2822.28
2011-06-13,2823.59
2011-06-14,2862.98
2011-06-15,2823.68
2011-06-16,2810.01
2011-06-17,2829.12
2011-06-20,2811.05
2011-06-21,2866.88
2011-06-22,2862.62
2011-06-23,2804.28
2011-06-24,2802.51
2011-06-27,2810.09
2011-06-28,2844.3
2011-06-29,2897.67
2011-06-30,2940.24
2011-07-01,2957.55
2011-07-04,2957.63
2011-07-05,2940.73
2011-07-06,2928.29
2011-07-07,2942.61
2011-07-08,2897.78
2011-07-11,2821.09
2011-07-12,2798.47
2011-07-13,2815.24
2011-07-14,2784.05
2011-07-15,2766.78
2011-07-18,2710.56
2011-07-19,2744.23
2011-07-20,2787.34
2011-07-21,2832.93
2011-07-22,2850.87
2011-07-25,2832.22
2011-07-26,2813.03
2011-07-27,2775.0
2011-07-28,2760.96
2011-07-29,2732.81
2011-08-01,2676.42
2011-08-02,2624.77
2011-08-03,2571.56
2011-08-04,2471.16
2011-08-05,2437.84
2011-08-08,2319.79
2011-08-09,2360.21
2011-08-10,2249.71
2011-08-11,2311.71
2011-08-12,2404.14
2011-08-15,2424.83
2011-08-16,2416.32
2011-08-17,2432.22
2011-08-18,2301.21
2011-08-19,2260.2
2011-08-22,2283.51
2011-08-23,2305.95
2011-08-24,2348.11
2011-08-25,2335.85
2011-08-26,2315.72
2011-08-29,2363.92
2011-08-30,2371.48
2011-08-31,2443.91
2011-09-01,2449.9
2011-09-02,2368.28
2011-09-05,2259.57
2011-09-06,2233.75
2011-09-07,2313.63
2011-09-08,2324.8
2011-09-09,2244.78
2011-09-12,2157.19
2011-09-13,2180.44
2011-09-14,2220.95
2011-09-15,2286.95
2011-09-16,2279.59
2011-09-19,2214.74
2011-09-20,2245.75
2011-09-21,2214.22
2011-09-22,2100.35
2011-09-23,2116.68
2011-09-26,2149.23
2011-09-27,2267.5
2011-09-28,2246.64
2011-09-29,2268.64
2011-09-30,2233.9
2011-10-03,2191.26
2011-10-04,2131.53
2011-10-05,2217.14
2011-10-06,2292.54
2011-10-07,2305.76
2011-10-10,2354.1
2011-10-11,2348.47
2011-10-12,2403.85
2011-10-13,2373.88
2011-10-14,2396.56
2011-10-17,2359.78
2011-10-18,2343.05
2011-10-19,2351.64
2011-10-20,2298.25
2011-10-21,2362.05
2011-10-24,2399.02
2011-10-25,2369.07
2011-10-26,2365.9
2011-10-27,2502.71
2011-10-28,2488.58
2011-10-31,2414.0
2011-11-01,2289.48
2011-11-02,2318.02
2011-11-03,2380.92
2011-11-04,2333.31
2011-11-07,2318.73
2011-11-08,2344.76
2011-11-09,2294.46
2011-11-10,2284.53
2011-11-11,2344.44
2011-11-14,2314.42
2011-11-15,2271.54
2011-11-16,2280.0
2011-11-17,2239.03
2011-11-18,2227.83
2011-11-21,2154.08
2011-11-22,2135.89
2011-11-23,2101.16
2011-11-24,2102.83
2011-11-25,2125.89
2011-11-28,2237.44
2011-11-29,2248.63
2011-11-30,2341.03
2011-12-01,2322.72
2011-12-02,2347.03
2011-12-05,2374.41
2011-12-06,2358.72
2011-12-07,2355.2
2011-12-08,2296.21
2011-12-09,2347.77
2011-12-12,2287.67
2011-12-13,2280.24
2011-12-14,2207.14
2011-12-15,2223.37
2011-12-16,2207.82
2011-12-19,2207.98
2011-12-20,2268.52
2011-12-21,2250.95
2011-12-22,2279.76
2011-12-23,2302.18
2011-12-27,2303.14
2011-12-28,2282.42
2011-12-29,2320.52
2011-12-30,2344.44
2012-01-02,2389.07
2012-01-03,2406.91
2012-01-04,2371.26
2012-01-05,2335.15
2012-01-06,2330.89
2012-01-09,2323.46
2012-01-10,2381.23
2012-01-11,2379.86
2012-01-12,2381.77
2012-01-13,2377.44
2012-01-16,2397.72
2012-01-17,2431.12
2012-01-18,2430.83
2012-01-19,2476.71
2012-01-20,2471.62
2012-01-23,2485.53
2012-01-24,2471.44
2012-01-25,2466.02
2012-01-26,2505.44
2012-01-27,2476.22
2012-01-30,2436.57
2012-01-31,2462.46
2012-02-01,2513.54
2012-02-02,2521.47
2012-02-03,2557.67
2012-02-06,2543.43
2012-02-07,2544.46
2012-02-08,2545.02
2012-02-09,2555.79
2012-02-10,2521.0
2012-02-13,2529.4
2012-02-14,2521.98
2012-02-15,2533.77
2012-02-16,2535.01
2012-02-17,2567.52
2012-02-20,2591.66
2012-02-21,2584.73
2012-02-22,2571.22
2012-02-23,2570.33
2012-02-24,2588.18
2012-02-27,2568.63
2012-02-28,2578.44
2012-02-29,2579.85
2012-03-01,2613.29
2012-03-02,2616.0
2012-03-05,2604.61
2012-03-06,2513.35
2012-03-07,2536.97
2012-03-08,2600.28
2012-03-09,2608.02
2012-03-12,2611.04
2012-03-13,2655.37
2012-03-14,2663.76
2012-03-15,2674.87
2012-03-16,2686.09
2012-03-19,2675.23
2012-03-20,2642.75
2012-03-21,2640.1
2012-03-22,2600.5
2012-03-23,2604.72
2012-03-26,2626.42
2012-03-27,2606.71
2012-03-28,2578.0
2012-03-29,2541.4
2012-03-30,2573.29
2012-04-02,2600.66
2012-04-03,2563.01
2012-04-04,2490.95
2012-04-05,2494.75
2012-04-10,2421.3
2012-04-11,2438.47
2012-04-12,2464.88
2012-04-13,2410.24
2012-04-16,2418.07
2012-04-17,2480.43
2012-04-18,2443.74
2012-04-19,2399.63
2012-04-20,2405.33
2012-04-23,2337.7
2012-04-24,2387.6
2012-04-25,2437.35
2012-04-26,2437.03
2012-04-27,2464.58
2012-04-30,2429.23
2012-05-02,2439.04
2012-05-03,2436.41
2012-05-04,2389.5
2012-05-07,2426.68
2012-05-08,2362.33
2012-05-09,2357.77
2012-05-10,2366.94
2012-05-11,2366.38
2012-05-14,2313.6
2012-05-15,2298.45
2012-05-16,2303.03
2012-05-17,2276.33
2012-05-18,2269.38
2012-05-21,2283.31
2012-05-22,2326.38
2012-05-23,2266.21
2012-05-24,2290.71
2012-05-25,2296.63
2012-05-28,2295.23
2012-05-29,2325.55
2012-05-30,2275.88
2012-05-31,2275.01
2012-06-01,2224.21
2012-06-04,2224.82
2012-06-05,2247.13
2012-06-06,2299.85
2012-06-07,2313.58
2012-06-08,2299.09
2012-06-11,2292.75
2012-06-12,2292.45
2012-06-13,2279.27
2012-06-14,2279.6
2012-06-15,2318.95
2012-06-18,2306.37
2012-06-19,2343.48
2012-06-20,2351.12
2012-06-21,2341.69
2012-06-22,2322.77
2012-06-25,2274.59
2012-06-26,2266.17
2012-06-27,2303.47
2012-06-28,2294.57
2012-06-29,2397.42
2012-07-02,2430.62
2012-07-03,2453.45
2012-07-04,2451.95
2012-07-05,2425.71
2012-07-06,2383.21
2012-07-09,2374.13
2012-07-10,2387.6
2012-07-11,2373.83
2012-07-12,2356.63
2012-07-13,2389.55
2012-07-16,2390.18
2012-07-17,2389.09
2012-07-18,2429.96
2012-07-19,2454.35
2012-07-20,2406.72
2012-07-23,2336.27
2012-07-24,2318.99
2012-07-25,2325.26
2012-07-26,2413.42
2012-07-27,2462.91
2012-07-30,2491.56
2012-07-31,2468.91
2012-08-01,2488.4
2012-08-02,2428.37
2012-08-03,2525.22
2012-08-06,2546.69
2012-08-07,2579.67
2012-08-08,2568.94
2012-08-09,2580.93
2012-08-10,2566.99
2012-08-13,2559.64
2012-08-14,2575.45
2012-08-15,2575.49
2012-08-16,2598.52
2012-08-17,2606.57
2012-08-20,2598.24
2012-08-21,2622.72
2012-08-22,2587.84
2012-08-23,2567.72
2012-08-24,2565.83
2012-08-27,2585.23
2012-08-28,2564.19
2012-08-29,2554.26
2012-08-30,2529.98
2012-08-31,2552.99
2012-09-03,2580.21
2012-09-04,2542.9
2012-09-05,2546.33
2012-09-06,2619.17
2012-09-07,2628.08
2012-09-10,2618.86
2012-09-11,2638.9
2012-09-12,2647.71
2012-09-13,2619.5
2012-09-14,2677.08
2012-09-17,2659.6
2012-09-18,2631.11
2012-09-19,2644.45
2012-09-20,2630.38
2012-09-21,2646.25
2012-09-24,2621.12
2012-09-25,2634.96
2012-09-26,2566.19
2012-09-27,2581.24
2012-09-28,2528.44
2012-10-01,2581.83
2012-10-02,2568.79
2012-10-03,2562.69
2012-10-04,2559.75
2012-10-05,2599.02
2012-10-08,2564.49
2012-10-09,2548.04
2012-10-10,2533.47
2012-10-11,2564.78
2012-10-12,2547.63
2012-10-15,2569.66
2012-10-16,2623.73
2012-10-17,2641.16
2012-10-18,2646.27
2012-10-19,2626.23
2012-10-22,2610.81
2012-10-23,2556.88
2012-10-24,2571.26
2012-10-25,2564.35
2012-10-26,2579.32
2012-10-29,2561.49
2012-10-30,2595.0
2012-10-31,2575.15
2012-11-01,2608.31
2012-11-02,2621.18
2012-11-05,2590.93
2012-11-06,2612.35
2012-11-07,2566.43
2012-11-08,2562.88
2012-11-09,2573.17
2012-11-12,2565.45
2012-11-13,2577.79
2012-11-14,2557.55
2012-11-15,2542.07
2012-11-16,2512.98
2012-11-19,2579.91
2012-11-20,2596.26
2012-11-21,2606.54
2012-11-22,2624.23
2012-11-23,2646.69
2012-11-26,2626.61
2012-11-27,2629.84
2012-11-28,2638.59
2012-11-29,2676.64
2012-11-30,2670.61
2012-12-03,2675.91
2012-12-04,2684.48
2012-12-05,2692.33
2012-12-06,2701.72
2012-12-07,2706.29
2012-12-10,2710.26
2012-12-11,2734.77
2012-12-12,2735.27
2012-12-13,2732.12
2012-12-14,2732.23
2012-12-17,2728.43
2012-12-18,2735.81
2012-12-19,2747.96
2012-12-20,2748.64
2012-12-21,2741.72
2012-12-24,2734.25
2012-12-27,2750.64
2012-12-28,2714.27
2012-12-31,2728.5
2013-01-02,2794.64
2013-01-03,2789.13
2013-01-04,2795.71
2013-01-07,2781.36
2013-01-08,2780.92
2013-01-09,2788.57
2013-01-10,2778.04
2013-01-11,2780.3
2013-01-14,2782.5
2013-01-15,2775.01
2013-01-16,2782.06
2013-01-17,2809.92
2013-01-18,2810.09
2013-01-21,2825.77
2013-01-22,2811.55
2013-01-23,2803.32
2013-01-24,2821.15
2013-01-25,2838.75
2013-01-28,2840.36
2013-01-29,2842.34
2013-01-30,2826.61
2013-01-31,2804.82
2013-02-01,2838.58
2013-02-04,2762.18
2013-02-05,2785.32
2013-02-06,2752.5
2013-02-07,2726.25
2013-02-08,2760.92
2013-02-11,2760.14
2013-02-12,2785.26
2013-02-13,2795.58
2013-02-14,2776.74
2013-02-15,2774.01
2013-02-18,2779.31
2013-02-19,2827.74
2013-02-20,2810.63
2013-02-21,2750.56
2013-02-22,2806.27
2013-02-25,2814.47
2013-02-26,2747.16
2013-02-27,2794.49
2013-02-28,2815.55
2013-03-01,2800.28
2013-03-04,2805.86
2013-03-05,2862.27
2013-03-06,2853.11
2013-03-07,2866.03
2013-03-08,2897.08
2013-03-11,2894.14
2013-03-12,2896.74
2013-03-13,2893.21
2013-03-14,2917.82
2013-03-15,2899.64
2013-03-18,2889.05
2013-03-19,2855.66
2013-03-20,2889.53
2013-03-21,2853.0
2013-03-22,2849.61
2013-03-25,2820.48
2013-03-26,2833.3
2013-03-27,2805.08
2013-03-28,2820.16
2013-04-02,2870.73
2013-04-03,2837.95
2013-04-04,2815.41
2013-04-05,2766.97
2013-04-08,2770.26
2013-04-09,2772.48
2013-04-10,2825.05
2013-04-11,2848.86
2013-04-12,2816.6
2013-04-15,2798.31
2013-04-16,2780.08
2013-04-17,2718.4
2013-04-18,2715.86
2013-04-19,2748.93
2013-04-22,2750.84
2013-04-23,2841.8
2013-04-24,2882.17
2013-04-25,2884.16
2013-04-26,2864.17
2013-04-29,2903.54
2013-04-30,2896.33
2013-05-02,2897.28
2013-05-03,2934.62
2013-05-06,2933.11
2013-05-07,2943.63
2013-05-08,2965.95
2013-05-09,2949.38
2013-05-10,2968.12
2013-05-13,2962.68
2013-05-14,2977.16
2013-05-15,2990.28
2013-05-16,2988.8
2013-05-17,3005.25
2013-05-20,3024.01
2013-05-21,3034.05
2013-05-22,3043.44
2013-05-23,2980.36
2013-05-24,2972.89
2013-05-27,2999.26
2013-05-28,3038.69
2013-05-29,2984.38
2013-05-30,3001.94
2013-05-31,2970.55
2013-06-03,2949.97
2013-06-04,2954.68
2013-06-05,2903.45
2013-06-06,2877.45
2013-06-07,2916.81
2013-06-10,2912.19
2013-06-11,2873.1
2013-06-12,2861.39
2013-06-13,2862.76
2013-06-14,2870.46
2013-06-17,2910.45
2013-06-18,2910.76
2013-06-19,2897.05
2013-06-20,2798.65
2013-06-21,2764.95
2013-06-24,2714.31
2013-06-25,2753.67
2013-06-26,2808.54
2013-06-27,2836.63
2013-06-28,2819.37
2013-07-01,2841.71
2013-07-02,2825.09
2013-07-03,2796.68
2013-07-04,2872.73
2013-07-05,2836.37
2013-07-08,2885.93
2013-07-09,2902.19
2013-07-10,2901.57
2013-07-11,2922.36
2013-07-12,2914.35
2013-07-15,2930.49
2013-07-16,2911.17
2013-07-17,2924.13
2013-07-18,2964.99
2013-07-19,2963.5
2013-07-22,2973.01
2013-07-23,2961.94
2013-07-24,2991.01
2013-07-25,2985.53
2013-07-26,2992.0
2013-07-29,2992.77
2013-07-30,3009.21
2013-07-31,3013.85
2013-08-01,3050.15
2013-08-02,3052.57
2013-08-05,3058.53
2013-08-06,3045.43
2013-08-07,3046.03
2013-08-08,3065.3
2013-08-09,3074.69
2013-08-12,3073.0
2013-08-13,3087.34
2013-08-14,3103.5
2013-08-15,3085.68
2013-08-16,3107.25
2013-08-19,3081.97
2013-08-20,3042.08
2013-08-21,3033.38
2013-08-22,3066.19
2013-08-23,3074.54
2013-08-26,3070.7
2013-08-27,2998.94
2013-08-28,2990.56
2013-08-29,3010.03
2013-08-30,2973.8
2013-09-02,3025.2
2013-09-03,3005.79
2013-09-04,3010.96
2013-09-05,3033.41
2013-09-06,3061.16
2013-09-09,3057.29
2013-09-10,3112.52
2013-09-11,3114.38
2013-09-12,3106.13
2013-09-13,3111.28
2013-09-16,3139.05
2013-09-17,3131.06
2013-09-18,3148.84
2013-09-19,3173.16
2013-09-20,3173.54
2013-09-23,3149.0
2013-09-24,3166.3
2013-09-25,3165.63
2013-09-26,3161.65
2013-09-27,3162.24
2013-09-30,3133.28
2013-10-01,3172.51
2013-10-02,3145.85
2013-10-03,3124.73
2013-10-04,3148.27
2013-10-07,3147.18
2013-10-08,3125.43
2013-10-09,3118.74
2013-10-10,3184.0
2013-10-11,3187.56
2013-10-14,3186.1
2013-10-15,3208.62
2013-10-16,3198.42
2013-10-17,3198.18
2013-10-18,3234.29
2013-10-21,3230.79
2013-10-22,3241.48
2013-10-23,3218.55
2013-10-24,3228.03
2013-10-25,3225.17
2013-10-28,3209.22
2013-10-29,3228.75
2013-10-30,3226.45
2013-10-31,3249.03
2013-11-01,3233.37
2013-11-04,3243.87
2013-11-05,3219.76
2013-11-06,3245.1
2013-11-07,3239.86
2013-11-08,3226.44
2013-11-11,3249.24
2013-11-12,3229.55
2013-11-13,3210.95
2013-11-14,3243.42
2013-11-15,3248.17
2013-11-18,3266.77
2013-11-19,3233.39
2013-11-20,3227.98
2013-11-21,3217.29
2013-11-22,3233.94
2013-11-25,3252.59
2013-11-26,3238.02
2013-11-27,3249.22
2013-11-28,3256.55
2013-11-29,3253.45
2013-12-02,3245.78
2013-12-03,3167.15
2013-12-04,3151.4
2013-12-05,3119.8
2013-12-06,3141.47
2013-12-09,3146.12
2013-12-10,3116.73
2013-12-11,3114.67
2013-12-12,3099.94
2013-12-13,3092.69
2013-12-16,3133.58
2013-12-17,3096.78
2013-12-18,3125.53
2013-12-19,3173.95
2013-12-20,3186.1
2013-12-23,3202.7
2013-12-24,3206.24
2013-12-27,3247.57
2013-12-30,3248.6
2013-12-31,3262.93
2014-01-02,3218.13
2014-01-03,3234.09
2014-01-06,3220.32
2014-01-07,3245.86
2014-01-08,3247.46
2014-01-09,3221.78
2014-01-10,3238.48
2014-01-13,3251.66
2014-01-14,3258.48
2014-01-15,3300.36
2014-01-16,3290.31
2014-01-17,3298.25
2014-01-20,3294.18
2014-01-21,3295.1
2014-01-22,3295.72
2014-01-23,3265.38
2014-01-24,3177.75
2014-01-27,3162.77
2014-01-28,3194.04
2014-01-29,3176.57
2014-01-30,3190.04
2014-01-31,3178.89
2014-02-03,3139.94
2014-02-04,3145.62
2014-02-05,3146.67
2014-02-06,3197.16
2014-02-07,3225.18
2014-02-10,3232.99
2014-02-11,3267.62
2014-02-12,3285.86
2014-02-13,3290.27
2014-02-14,3310.32
2014-02-17,3310.86
2014-02-18,3306.95
2014-02-19,3314.81
2014-02-20,3325.51
2014-02-21,3346.61
2014-02-24,3375.0
2014-02-25,3373.36
2014-02-26,3360.61
2014-02-27,3360.46
2014-02-28,3371.46
2014-03-03,3286.61
2014-03-04,3360.71
2014-03-05,3359.93
2014-03-06,3383.03
2014-03-07,3348.43
2014-03-10,3349.61
2014-03-11,3336.65
2014-03-12,3303.76
2014-03-13,3266.07
2014-03-14,3238.6
2014-03-17,3282.34
2014-03-18,3313.69
2014-03-19,3313.31
2014-03-20,3325.5
2014-03-21,3330.29
2014-03-24,3287.28
2014-03-25,3332.83
2014-03-26,3362.99
2014-03-27,3360.17
2014-03-28,3383.23
2014-03-31,3373.1
2014-04-01,3399.16
2014-04-02,3402.17
2014-04-03,3413.65
2014-04-04,3438.7
2014-04-07,3403.79
2014-04-08,3390.41
2014-04-09,3408.29
2014-04-10,3386.86
2014-04-11,3349.45
2014-04-14,3352.66
2014-04-15,3324.62
2014-04-16,3371.08
2014-04-17,3390.37
2014-04-22,3430.4
2014-04-23,3410.05
2014-04-24,3428.46
2014-04-25,3402.53
2014-04-28,3413.07
2014-04-29,3440.97
2014-04-30,3433.22
2014-05-02,3416.73
2014-05-05,3417.79
2014-05-06,3394.39
2014-05-07,3404.31
2014-05-08,3445.95
2014-05-09,3427.43
2014-05-12,3441.46
2014-05-13,3449.48
2014-05-14,3444.15
2014-05-15,3401.55
2014-05-16,3403.46
2014-05-19,3414.4
2014-05-20,3404.93
2014-05-21,3416.96
2014-05-22,3425.8
2014-05-23,3436.74
2014-05-26,3463.82
2014-05-27,3466.7
2014-05-28,3469.47
2014-05-29,3471.71
2014-05-30,3466.41
2014-06-02,3464.45
2014-06-03,3452.25
2014-06-04,3451.47
2014-06-05,3486.67
2014-06-06,3512.78
2014-06-09,3518.4
2014-06-10,3522.76
2014-06-11,3490.1
2014-06-12,3491.17
2014-06-13,3479.17
2014-06-16,3453.94
2014-06-17,3473.31
2014-06-18,3470.86
2014-06-19,3493.57
2014-06-20,3477.18
2014-06-23,3457.26
2014-06-24,3457.43
2014-06-25,3414.6
2014-06-26,3403.79
2014-06-27,3401.51
2014-06-30,3391.92
2014-07-01,3420.38
2014-07-02,3410.85
2014-07-03,3444.96
2014-07-04,3431.16
2014-07-07,3385.25
2014-07-08,3335.03
2014-07-09,3345.25
2014-07-10,3301.98
2014-07-11,3312.93
2014-07-14,3339.27
2014-07-15,3306.81
2014-07-16,3353.14
2014-07-17,3317.0
2014-07-18,3328.2
2014-07-21,3306.71
2014-07-22,3350.31
2014-07-23,3356.82
2014-07-24,3381.36
2014-07-25,3325.13
2014-07-28,3332.82
2014-07-29,3347.94
2014-07-30,3312.36
2014-07-31,3263.28
2014-08-01,3222.8
2014-08-04,3229.02
2014-08-05,3239.85
2014-08-06,3217.48
2014-08-07,3176.72
2014-08-08,3169.94
2014-08-11,3210.92
2014-08-12,3189.54
2014-08-13,3210.18
2014-08-14,3219.16
2014-08-15,3196.75
2014-08-18,3237.46
2014-08-19,3257.17
2014-08-20,3247.15
2014-08-21,3285.51
2014-08-22,3258.34
2014-08-25,3319.93
2014-08-26,3356.96
2014-08-27,3360.12
2014-08-28,3335.92
2014-08-29,3345.01
2014-09-01,3343.91
2014-09-02,3344.77
2014-09-03,3375.47
2014-09-04,3425.79
2014-09-05,3421.77
2014-09-08,3413.66
2014-09-09,3397.78
2014-09-10,3393.66
2014-09-11,3388.73
2014-09-12,3390.98
2014-09-15,3380.53
2014-09-16,3362.65
2014-09-17,3378.86
2014-09-18,3402.02
2014-09-19,3397.81
2014-09-22,3383.06
2014-09-23,3322.82
2014-09-24,3356.2
2014-09-25,3314.91
2014-09-26,3341.68
2014-09-29,3316.54
2014-09-30,3355.52
2014-10-01,3320.65
2014-10-02,3234.38
2014-10-03,3263.4
2014-10-06,3266.57
2014-10-07,3207.79
2014-10-08,3173.89
2014-10-09,3152.98
2014-10-10,3101.1
2014-10-13,3100.44
2014-10-14,3110.72
2014-10-15,3003.19
2014-10-16,2986.2
2014-10-17,3073.61
2014-10-20,3045.12
2014-10-21,3114.46
2014-10-22,3133.58
2014-10-23,3169.03
2014-10-24,3150.33
2014-10-27,3125.77
2014-10-28,3141.34
2014-10-29,3141.3
2014-10-30,3163.0
2014-10-31,3229.24
2014-11-03,3205.75
2014-11-04,3161.61
2014-11-05,3216.7
2014-11-06,3231.62
2014-11-07,3206.21
2014-11-10,3229.35
2014-11-11,3244.92
2014-11-12,3199.43
2014-11-13,3204.41
2014-11-14,3216.8
2014-11-17,3232.03
2014-11-18,3260.33
2014-11-19,3263.03
2014-11-20,3241.02
2014-11-21,3320.25
2014-11-24,3337.43
2014-11-25,3348.72
2014-11-26,3343.35
2014-11-27,3351.8
2014-11-28,3358.57
2014-12-01,3350.77
2014-12-02,3358.0
2014-12-03,3362.65
2014-12-04,3320.42
2014-12-05,3386.86
2014-12-08,3357.15
2014-12-09,3275.88
2014-12-10,3251.55
2014-12-11,3247.27
2014-12-12,3163.86
2014-12-15,3088.52
2014-12-16,3149.8
2014-12-17,3163.0
2014-12-18,3262.66
2014-12-19,3261.19
2014-12-22,3272.77
2014-12-23,3316.16
2014-12-24,3304.02
2014-12-29,3317.27
2014-12-30,3268.31
2014-12-31,3288.66
2015-01-02,3278.66
2015-01-05,3181.5
2015-01-06,3157.8
2015-01-07,3177.8
2015-01-08,3282.65
2015-01-09,3231.04
2015-01-12,3267.2
2015-01-13,3313.37
2015-01-14,3266.76
2015-01-15,3337.17
2015-01-16,3373.7
2015-01-19,3387.01
2015-01-20,3420.65
2015-01-21,3447.05
2015-01-22,3498.54
2015-01-23,3563.95
2015-01-26,3596.2
2015-01-27,3557.64
2015-01-28,3551.85
2015-01-29,3566.4
2015-01-30,3547.46
2015-02-02,3560.19
2015-02-03,3601.25
2015-02-04,3615.31
2015-02-05,3625.89
2015-02-06,3617.63
2015-02-09,3584.88
2015-02-10,3620.52
2015-02-11,3608.17
2015-02-12,3644.81
2015-02-13,3666.77
2015-02-16,3662.53
2015-02-17,3662.81
2015-02-18,3698.42
2015-02-19,3723.01
2015-02-20,3719.79
2015-02-23,3744.84
2015-02-24,3761.63
2015-02-25,3755.33
2015-02-26,3778.18
2015-02-27,3805.89
2015-03-02,3786.42
2015-03-03,3750.83
2015-03-04,3783.62
2015-03-05,3822.62
2015-03-06,3825.96
2015-03-09,3804.37
2015-03-10,3765.32
2015-03-11,3848.83
2015-03-12,3842.75
2015-03-13,3861.53
2015-03-16,3899.08
2015-03-17,3870.01
2015-03-18,3873.53
2015-03-19,3878.1
2015-03-20,3914.63
2015-03-23,3890.96
2015-03-24,3916.69
2015-03-25,3866.65
2015-03-26,3848.96
2015-03-27,3868.07
2015-03-30,3907.02
2015-03-31,3871.05
2015-04-01,3890.64
2015-04-02,3900.61
2015-04-07,3955.59
2015-04-08,3948.15
2015-04-09,4002.87
2015-04-10,4028.73
2015-04-13,4037.73
2015-04-14,4012.56
2015-04-15,4036.68
2015-04-16,4013.88
2015-04-17,3950.84
2015-04-20,3984.06
2015-04-21,3996.28
2015-04-22,4006.38
2015-04-23,3984.83
2015-04-24,4001.54
2015-04-27,4052.6
2015-04-28,3981.86
2015-04-29,3886.03
2015-04-30,3892.24
2015-05-04,3922.63
2015-05-05,3840.46
2015-05-06,3840.79
2015-05-07,3829.66
2015-05-08,3918.88
2015-05-11,3880.76
2015-05-12,3839.36
2015-05-13,3836.81
2015-05-14,3883.31
2015-05-15,3861.52
2015-05-18,3873.01
2015-05-19,3948.54
2015-05-20,3958.75
2015-05-21,3968.48
2015-05-22,3964.24
2015-05-25,3946.03
2015-05-26,3921.68
2015-05-27,3989.45
2015-05-28,3960.31
2015-05-29,3869.46
2015-06-01,3881.73
2015-06-02,3867.53
2015-06-03,3885.58
2015-06-04,3850.17
2015-06-05,3798.54
2015-06-08,3752.86
2015-06-09,3748.85
2015-06-10,3811.24
2015-06-11,3835.43
2015-06-12,3783.75
2015-06-15,3717.79
2015-06-16,3738.17
2015-06-17,3701.17
2015-06-18,3708.58
2015-06-19,3717.58
2015-06-22,3850.67
2015-06-23,3896.09
2015-06-24,3883.25
2015-06-25,3881.47
2015-06-26,3892.45
2015-06-29,3754.04
2015-06-30,3694.43
2015-07-01,3764.17
2015-07-02,3726.47
2015-07-03,3706.34
2015-07-06,3638.52
2015-07-07,3561.78
2015-07-08,3585.16
2015-07-09,3671.55
2015-07-10,3777.07
2015-07-13,3847.82
2015-07-14,3870.38
2015-07-15,3885.78
2015-07-16,3939.73
2015-07-17,3944.4
2015-07-20,3959.44
2015-07-21,3931.64
2015-07-22,3913.61
2015-07-23,3916.8
2015-07-24,3896.44
2015-07-27,3800.06
2015-07-28,3835.4
2015-07-29,3863.06
2015-07-30,3880.34
2015-07-31,3904.91
2015-08-03,3932.71
2015-08-04,3928.98
2015-08-05,3983.43
2015-08-06,3978.59
2015-08-07,3947.17
2015-08-10,3976.94
2015-08-11,3908.84
2015-08-12,3782.98
2015-08-13,3830.73
2015-08-14,3814.54
2015-08-17,3831.8
2015-08-18,3825.37
2015-08-19,3761.82
2015-08-20,3684.78
2015-08-21,3571.54
2015-08-24,3390.24
2015-08-25,3526.56
2015-08-26,3479.22
2015-08-27,3592.22
2015-08-28,3602.19
2015-08-31,3585.6
2015-09-01,3501.79
2015-09-02,3509.07
2015-09-03,3583.09
2015-09-04,3488.2
2015-09-07,3505.64
2015-09-08,3542.22
2015-09-09,3590.5
2015-09-10,3542.79
2015-09-11,3504.36
2015-09-14,3480.9
2015-09-15,3515.5
2015-09-16,3565.14
2015-09-17,3574.73
2015-09-18,3496.24
2015-09-21,3531.04
2015-09-22,3418.71
2015-09-23,3423.32
2015-09-24,3358.62
2015-09-25,3457.05
2015-09-28,3367.44
2015-09-29,3351.21
2015-09-30,3433.16
2015-10-01,3412.98
2015-10-02,3435.99
2015-10-05,3550.52
2015-10-06,3583.59
2015-10-07,3585.08
2015-10-08,3594.2
2015-10-09,3612.67
2015-10-12,3602.05
2015-10-13,3569.66
2015-10-14,3545.28
2015-10-15,3595.02
2015-10-16,3614.93
2015-10-19,3618.84
2015-10-20,3597.21
2015-10-21,3613.64
2015-10-22,3688.06
2015-10-23,3775.58
2015-10-26,3756.53
2015-10-27,3717.34
2015-10-28,3750.34
2015-10-29,3747.08
2015-10-30,3754.04
2015-11-02,3769.57
2015-11-03,3782.43
2015-11-04,3794.47
2015-11-05,3814.21
2015-11-06,3821.09
2015-11-09,3765.86
2015-11-10,3765.14
2015-11-11,3796.6
2015-11-12,3729.74
2015-11-13,3693.54
2015-11-16,3690.22
2015-11-17,3785.78
2015-11-18,3766.86
2015-11-19,3777.8
2015-11-20,3775.23
2015-11-23,3760.98
2015-11-24,3706.34
2015-11-25,3761.16
2015-11-26,3801.3
2015-11-27,3793.54
2015-11-30,3815.83
2015-12-01,3789.81
2015-12-02,3785.25
2015-12-03,3663.82
2015-12-04,3653.01
2015-12-07,3683.64
2015-12-08,3627.13
2015-12-09,3595.08
2015-12-10,3587.54
2015-12-11,3522.78
2015-12-14,3466.42
2015-12-15,3568.01
2015-12-16,3578.78
2015-12-17,3619.35
2015-12-18,3579.79
2015-12-21,3536.13
2015-12-22,3536.7
2015-12-23,3614.69
2015-12-24,3607.27
2015-12-28,3577.58
2015-12-29,3639.94
2015-12-30,3625.59
2015-12-31,3596.97
2016-01-04,3510.8
2016-01-05,3523.15
2016-01-06,3478.27
2016-01-07,3419.15
2016-01-08,3370.41
2016-01-11,3353.04
2016-01-12,3401.29
2016-01-13,3412.14
2016-01-14,3349.72
2016-01-15,3271.93
2016-01-18,3250.4
2016-01-19,3313.55
2016-01-20,3202.74
2016-01-21,3260.51
2016-01-22,3362.36
2016-01-25,3348.99
2016-01-26,3380.14
2016-01-27,3398.58
2016-01-28,3354.44
2016-01-29,3426.87
2016-02-01,3412.51
2016-02-02,3333.85
2016-02-03,3287.46
2016-02-04,3286.46
2016-02-05,3263.72
2016-02-08,3153.51
2016-02-09,3102.54
2016-02-10,3150.99
2016-02-11,3028.13
2016-02-12,3095.79
2016-02-15,3189.78
2016-02-16,3189.38
2016-02-17,3279.67
2016-02-18,3289.51
2016-02-19,3274.53
2016-02-22,3330.26
2016-02-23,3290.65
2016-02-24,3228.82
2016-02-25,3291.4
2016-02-26,3340.09
2016-02-29,3370.75
2016-03-01,3416.06
2016-03-02,3423.57
2016-03-03,3418.55
2016-03-04,3449.91
2016-03-07,3437.7
2016-03-08,3408.06
2016-03-09,3422.74
2016-03-10,3368.97
2016-03-11,3473.85
2016-03-14,3488.75
2016-03-15,3465.7
2016-03-16,3459.45
2016-03-17,3446.15
2016-03-18,3462.72
2016-03-21,3439.17
2016-03-22,3441.53
2016-03-23,3438.5
2016-03-24,3370.55
2016-03-29,3395.99
2016-03-30,3453.94
2016-03-31,3412.76
2016-04-01,3368.7
2016-04-04,3382.89
2016-04-05,3312.65
2016-04-06,3336.85
2016-04-07,3309.81
2016-04-08,3353.89
2016-04-11,3361.12
2016-04-12,3383.72
2016-04-13,3486.78
2016-04-14,3500.67
2016-04-15,3487.9
2016-04-18,3495.74
2016-04-19,3539.56
2016-04-20,3555.33
2016-04-21,3547.25
2016-04-22,3539.45
2016-04-25,3521.0
2016-04-26,3514.14
2016-04-27,3536.22
2016-04-28,3535.76
2016-04-29,3450.4
2016-05-02,3460.34
2016-05-03,3409.04
2016-05-04,3375.13
2016-05-05,3374.66
2016-05-06,3360.22
2016-05-09,3376.41
2016-05-10,3389.48
2016-05-11,3374.41
2016-05-12,3355.97
2016-05-13,3368.39
2016-05-16,3363.78
2016-05-17,3355.04
2016-05-18,3370.04
2016-05-19,3340.96
2016-05-20,3392.69
2016-05-23,3375.43
2016-05-24,3450.42
2016-05-25,3485.25
2016-05-26,3507.93
2016-05-27,3506.08
2016-05-30,3515.93
2016-05-31,3500.96
2016-06-01,3478.8
2016-06-02,3475.15
2016-06-03,3443.17
2016-06-06,3443.24
2016-06-07,3481.41
2016-06-08,3459.3
2016-06-09,3428.36
2016-06-10,3350.5
2016-06-13,3289.17
2016-06-14,3216.84
2016-06-15,3249.0
2016-06-16,3229.37
2016-06-17,3263.59
2016-06-20,3373.86
2016-06-21,3391.58
2016-06-22,3400.43
2016-06-23,3462.38
2016-06-24,3201.09
2016-06-27,3093.79
2016-06-28,3176.21
2016-06-29,3257.73
2016-06-30,3291.34
2016-07-01,3322.02
2016-07-04,3291.47
2016-07-05,3233.58
2016-07-06,3175.25
2016-07-07,3201.2
2016-07-08,3257.93
2016-07-11,3314.79
2016-07-12,3361.7
2016-07-13,3364.47
2016-07-14,3400.69
2016-07-15,3388.59
2016-07-18,3382.72
2016-07-19,3364.25
2016-07-20,3402.09
2016-07-21,3398.52
2016-07-22,3403.79
2016-07-25,3413.01
2016-07-26,3418.12
2016-07-27,3457.83
2016-07-28,3439.42
2016-07-29,3454.42
2016-08-01,3432.67
2016-08-02,3375.42
2016-08-03,3367.77
2016-08-04,3390.02
2016-08-05,3437.27
2016-08-08,3440.7
2016-08-09,3479.25
2016-08-10,3469.55
2016-08-11,3507.17
2016-08-12,3504.68
2016-08-15,3504.57
2016-08-16,3474.46
2016-08-17,3441.29
2016-08-18,3458.64
2016-08-19,3433.41
2016-08-22,3430.06
2016-08-23,3454.36
2016-08-24,3463.34
2016-08-25,3440.37
2016-08-26,3465.26
2016-08-29,3453.44
2016-08-30,3478.06
2016-08-31,3465.06
2016-09-01,3469.98
2016-09-02,3542.29
2016-09-05,3543.92
2016-09-06,3535.22
2016-09-07,3556.42
2016-09-08,3545.64
2016-09-09,3509.8
2016-09-12,3471.86
2016-09-13,3436.35
2016-09-14,3422.44
2016-09-15,3426.86
2016-09-16,3399.89
2016-09-19,3445.3
2016-09-20,3441.52
2016-09-21,3455.92
2016-09-22,3527.65
2016-09-23,3511.21
2016-09-26,3452.93
2016-09-27,3443.15
2016-09-28,3470.47
2016-09-29,3476.22
2016-09-30,3479.57
2016-10-03,3483.8
2016-10-04,3515.88
2016-10-05,3502.57
2016-10-06,3493.06
2016-10-07,3466.77
2016-10-10,3501.96
2016-10-11,3482.8
2016-10-12,3468.76
2016-10-13,3437.06
2016-10-14,3485.56
2016-10-17,3468.95
2016-10-18,3512.77
2016-10-19,3523.05
2016-10-20,3533.03
2016-10-21,3530.22
2016-10-24,3542.41
2016-10-25,3529.81
2016-10-26,3525.09
2016-10-27,3524.71
2016-10-28,3536.98
2016-10-31,3511.39
2016-11-01,3480.63
2016-11-02,3437.66
2016-11-03,3435.39
2016-11-04,3406.94
2016-11-07,3466.81
2016-11-08,3477.97
2016-11-09,3523.19
2016-11-10,3509.57
2016-11-11,3480.79
2016-11-14,3490.55
2016-11-15,3512.96
2016-11-16,3490.45
2016-11-17,3510.42
2016-11-18,3498.21
2016-11-21,3515.94
2016-11-22,3531.06
2016-11-23,3516.5
2016-11-24,3527.8
2016-11-25,3534.14
2016-11-28,3506.81
2016-11-29,3534.74
2016-11-30,3553.42
2016-12-01,3537.32
2016-12-02,3511.2
2016-12-05,3546.24
2016-12-06,3587.28
2016-12-07,3632.48
2016-12-08,3663.13
2016-12-09,3687.74
2016-12-12,3685.66
2016-12-13,3717.83
2016-12-14,3693.73
2016-12-15,3727.43
2016-12-16,3738.29
2016-12-19,3732.63
2016-12-20,3752.6
2016-12-21,3744.77
2016-12-22,3744.44
2016-12-23,3751.02
2016-12-27,3759.54
2016-12-28,3758.95
2016-12-29,3753.62
2016-12-30,3769.25
2017-01-02,3788.34
2017-01-03,3801.21
2017-01-04,3798.79
2017-01-05,3799.86
2017-01-06,3805.49
2017-01-09,3791.29
2017-01-10,3792.14
2017-01-11,3792.86
2017-01-12,3773.12
2017-01-13,3815.36
2017-01-16,3785.64
2017-01-17,3770.34
2017-01-18,3765.21
2017-01-19,3761.69
2017-01-20,3766.92
2017-01-23,3748.62
2017-01-24,3756.75
2017-01-25,3791.42
2017-01-26,3786.23
2017-01-27,3769.06
2017-01-30,3726.53
2017-01-31,3698.44
2017-02-01,3732.87
2017-02-02,3738.76
2017-02-03,3761.05
2017-02-06,3724.57
2017-02-07,3711.33
2017-02-08,3720.12
2017-02-09,3760.72
2017-02-10,3765.42
2017-02-13,3808.96
2017-02-14,3814.78
2017-02-15,3834.94
2017-02-16,3819.68
2017-02-17,3796.61
2017-02-20,3797.38
2017-02-21,3814.42
2017-02-22,3819.15
2017-02-23,3815.48
2017-02-24,3779.14
2017-02-27,3782.1
2017-02-28,3793.21
2017-03-01,3864.87
2017-03-02,3866.83
2017-03-03,3887.29
2017-03-06,3871.02
2017-03-07,3858.16
2017-03-08,3862.54
2017-03-09,3878.34
2017-03-10,3887.66
2017-03-13,3892.89
2017-03-14,3874.92
2017-03-15,3880.87
2017-03-16,3904.51
2017-03-17,3916.82
2017-03-20,3905.45
2017-03-21,3894.54
2017-03-22,3884.35
2017-03-23,3914.4
2017-03-24,3909.91
2017-03-27,3905.73
2017-03-28,3929.22
2017-03-29,3944.58
2017-03-30,3964.29
2017-03-31,3992.21
2017-04-03,3966.95
2017-04-04,3976.82
2017-04-05,3971.84
2017-04-06,3992.46
2017-04-07,4004.4
2017-04-10,3985.95
2017-04-11,3978.2
2017-04-12,3979.75
2017-04-13,3957.75
2017-04-18,3896.03
2017-04-19,3908.2
2017-04-20,3959.71
2017-04-21,3944.88
2017-04-24,4101.32
2017-04-25,4110.44
2017-04-26,4116.57
2017-04-27,4108.45
2017-04-28,4106.66
2017-05-02,4138.93
2017-05-03,4135.77
2017-05-04,4190.27
2017-05-05,4234.07
2017-05-08,4201.28
2017-05-09,4212.99
2017-05-10,4215.78
2017-05-11,4198.39
2017-05-12,4217.04
2017-05-15,4228.25
2017-05-16,4223.0
2017-05-17,4154.86
2017-05-18,4127.95
2017-05-19,4160.22
2017-05-22,4160.15
2017-05-23,4180.72
2017-05-24,4178.9
2017-05-25,4177.06
2017-05-26,4178.91
2017-05-29,4175.54
2017-05-30,4159.35
2017-05-31,4145.34
2017-06-01,4178.15
2017-06-02,4198.18
2017-06-05,4172.14
2017-06-06,4141.35
2017-06-07,4141.14
2017-06-08,4138.46
2017-06-09,4164.25
2017-06-12,4113.49
2017-06-13,4133.35
2017-06-14,4123.47
2017-06-15,4102.72
2017-06-16,4138.44
2017-06-19,4173.35
2017-06-20,4159.49
2017-06-21,4146.43
2017-06-22,4152.17
2017-06-23,4141.24
2017-06-26,4162.25
2017-06-27,4129.95
2017-06-28,4122.86
2017-06-29,4046.82
2017-06-30,4024.89
2017-07-03,4075.72
2017-07-04,4057.91
2017-07-05,4063.72
2017-07-06,4039.22
2017-07-07,4036.63
2017-07-10,4052.64
2017-07-11,4034.91
2017-07-12,4095.76
2017-07-13,4107.59
2017-07-14,4111.22
2017-07-17,4109.02
2017-07-18,4068.42
2017-07-19,4100.37
2017-07-20,4087.71
2017-07-21,4029.47
2017-07-24,4030.93
2017-07-25,4053.78
2017-07-26,4077.18
2017-07-27,4073.26
2017-07-28,4030.67
2017-07-31,4005.34
2017-08-01,4032.07
2017-08-02,4017.29
2017-08-03,4035.25
2017-08-04,4086.01
2017-08-07,4089.13
2017-08-08,4098.17
2017-08-09,4045.9
2017-08-10,4022.54
2017-08-11,3979.46
2017-08-14,4027.54
2017-08-15,4041.18
2017-08-16,4070.59
2017-08-17,4051.16
2017-08-18,4023.88
2017-08-21,4004.42
2017-08-22,4037.17
2017-08-23,4024.68
2017-08-24,4021.36
2017-08-25,4013.94
2017-08-28,3994.44
2017-08-29,3954.98
2017-08-30,3978.08
2017-08-31,4004.96
2017-09-01,4031.85
2017-09-04,4017.26
2017-09-05,4008.76
2017-09-06,4018.43
2017-09-07,4029.77
2017-09-08,4030.59
2017-09-11,4078.85
2017-09-12,4102.09
2017-09-13,4105.45
2017-09-14,4112.83
2017-09-15,4102.6
2017-09-18,4116.71
2017-09-19,4124.47
2017-09-20,4124.97
2017-09-21,4140.72
2017-09-22,4152.43
2017-09-25,4144.23
2017-09-26,4144.34
2017-09-27,4154.13
2017-09-28,4166.1
2017-09-29,4191.73
2017-10-02,4208.17
2017-10-03,4222.1
2017-10-04,4219.42
2017-10-05,4228.97
2017-10-06,4215.19
2017-10-09,4219.52
2017-10-10,4217.97
2017-10-11,4216.96
2017-10-12,4217.98
2017-10-13,4210.33
2017-10-16,4217.1
2017-10-17,4215.89
2017-10-18,4233.61
2017-10-19,4214.6
2017-10-20,4220.3
2017-10-23,4227.86
2017-10-24,4229.35
2017-10-25,4213.48
2017-10-26,4270.03
2017-10-27,4296.48
2017-10-30,4296.64
2017-10-31,4303.82
2017-11-01,4314.04
2017-11-02,4309.8
2017-11-03,4317.44
2017-11-06,4309.67
2017-11-07,4289.03
2017-11-08,4284.43
2017-11-09,4235.59
2017-11-10,4215.42
2017-11-13,4181.07
2017-11-14,4165.64
2017-11-15,4150.72
2017-11-16,4180.38
2017-11-17,4164.5
2017-11-20,4180.68
2017-11-21,4200.14
2017-11-22,4191.43
2017-11-23,4211.41
2017-11-24,4217.36
2017-11-27,4198.17
2017-11-28,4221.2
2017-11-29,4226.51
2017-11-30,4214.71
2017-12-01,4173.28
2017-12-04,4224.33
2017-12-05,4214.46
2017-12-06,4211.63
2017-12-07,4220.45
2017-12-08,4232.23
2017-12-11,4224.66
2017-12-12,4253.37
2017-12-13,4234.08
2017-12-14,4204.78
2017-12-15,4197.98
2017-12-18,4254.16
2017-12-19,4229.69
2017-12-20,4207.83
2017-12-21,4229.81
2017-12-22,4215.87
2017-12-27,4220.63
2017-12-28,4202.42
2017-12-29,4184.48
2018-01-02,4171.67
2018-01-03,4205.11
2018-01-04,4263.76
2018-01-05,4305.75
2018-01-08,4319.85
2018-01-09,4347.75
2018-01-10,4330.24
2018-01-11,4316.23
2018-01-12,4335.7
2018-01-15,4331.15
2018-01-16,4338.19
2018-01-17,4326.75
2018-01-18,4327.62
2018-01-19,4352.2
2018-01-22,4364.06
2018-01-23,4359.88
2018-01-24,4327.42
2018-01-25,4313.61
2018-01-26,4347.99
2018-01-29,4341.39
2018-01-30,4306.1
2018-01-31,4314.93
2018-02-01,4299.3
2018-02-02,4230.91
2018-02-05,4166.61
2018-02-06,4070.74
2018-02-07,4145.95
2018-02-08,4064.07
2018-02-09,4011.82
2018-02-12,4056.21
2018-02-13,4034.03
2018-02-14,4079.77
2018-02-15,4122.01
2018-02-16,4167.56
2018-02-19,4149.75
2018-02-20,4174.76
2018-02-21,4185.98
2018-02-22,4186.01
2018-02-23,4191.24
2018-02-26,4211.28
2018-02-27,4207.98
2018-02-28,4188.95
2018-03-01,4145.13
2018-03-02,4052.79
2018-03-05,4075.61
2018-03-06,4084.37
2018-03-07,4100.02
2018-03-08,4150.81
2018-03-09,4168.24
2018-03-12,4173.61
2018-03-13,4146.68
2018-03-14,4138.97
2018-03-15,4162.19
2018-03-16,4168.89
2018-03-19,4126.54
2018-03-20,4145.69
2018-03-21,4137.57
2018-03-22,4082.67
2018-03-23,4030.9
2018-03-26,4009.78
2018-03-27,4050.22
2018-03-28,4060.27
2018-03-29,4083.23
2018-04-03,4068.21
2018-04-04,4054.61
2018-04-05,4154.51
2018-04-06,4144.3
2018-04-09,4149.78
2018-04-10,4181.36
2018-04-11,4160.16
2018-04-12,4182.26
2018-04-13,4189.66
2018-04-16,4189.0
2018-04-17,4220.94
2018-04-18,4241.24
2018-04-19,4250.9
2018-04-20,4262.98
2018-04-23,4275.07
2018-04-24,4276.21
2018-04-25,4247.97
2018-04-26,4281.29
2018-04-27,4307.48
2018-04-30,4331.78
2018-05-02,4344.43
2018-05-03,4324.52
2018-05-04,4335.77
2018-05-07,4349.22
2018-05-08,4347.04
2018-05-09,4356.15
2018-05-10,4365.12
2018-05-11,4362.71
2018-05-14,4360.83
2018-05-15,4360.79
2018-05-16,4368.52
2018-05-17,4409.86
2018-05-18,4403.49
2018-05-21,4422.64
2018-05-22,4424.19
2018-05-23,4370.18
2018-05-24,4360.07
2018-05-25,4358.83
2018-05-28,4334.41
2018-05-29,4278.44
2018-05-30,4271.7
2018-05-31,4258.4
2018-06-01,4304.12
2018-06-04,4313.9
2018-06-05,4304.49
2018-06-06,4302.15
2018-06-07,4289.66
2018-06-08,4289.23
2018-06-11,4305.6
2018-06-12,4295.51
2018-06-13,4300.45
2018-06-14,4352.85
2018-06-15,4334.2
2018-06-18,4297.41
2018-06-19,4254.09
2018-06-20,4241.31
2018-06-21,4201.7
2018-06-22,4248.91
2018-06-25,4173.37
2018-06-26,4170.92
2018-06-27,4202.72
2018-06-28,4163.48
2018-06-29,4195.98
2018-07-02,4158.63
2018-07-03,4187.12
2018-07-04,4185.57
2018-07-05,4217.6
2018-07-06,4228.12
2018-07-09,4246.89
2018-07-10,4274.5
2018-07-11,4219.02
2018-07-12,4259.27
2018-07-13,4272.99
2018-07-16,4260.86
2018-07-17,4267.17
2018-07-18,4285.03
2018-07-19,4262.55
2018-07-20,4248.02
2018-07-23,4231.42
2018-07-24,4270.81
2018-07-25,4266.66
2018-07-26,4304.3
2018-07-27,4329.48
2018-07-30,4314.69
2018-07-31,4325.96
2018-08-01,4315.66
2018-08-02,4291.47
2018-08-03,4307.44
2018-08-06,4306.24
2018-08-07,4336.44
2018-08-08,4325.02
2018-08-09,4328.39
2018-08-10,4268.73
2018-08-13,4263.15
2018-08-14,4256.3
2018-08-15,4186.55
2018-08-16,4217.74
2018-08-17,4215.42
2018-08-20,4245.12
2018-08-21,4266.92
2018-08-22,4276.42
2018-08-23,4276.83
2018-08-24,4285.19
2018-08-27,4320.4
2018-08-28,4324.57
2018-08-29,4335.68
2018-08-30,4318.17
2018-08-31,4268.15
2018-09-03,4268.32
2018-09-04,4219.36
2018-09-05,4156.34
2018-09-06,4145.04
2018-09-07,4152.69
2018-09-10,4166.89
2018-09-11,4176.58
2018-09-12,4211.45
2018-09-13,4205.56
2018-09-14,4224.61
2018-09-17,4222.44
2018-09-18,4235.61
2018-09-19,4252.09
2018-09-20,4289.86
2018-09-21,4320.29
2018-09-24,4307.5
2018-09-25,4309.54
2018-09-26,4330.69
2018-09-27,4347.72
2018-09-28,4314.51
2018-10-01,4324.94
2018-10-02,4294.91
2018-10-03,4313.98
2018-10-04,4252.56
2018-10-05,4212.55
2018-10-08,4166.23
2018-10-09,4175.31
2018-10-10,4083.76
2018-10-11,4008.38
2018-10-12,4004.41
2018-10-15,3999.44
2018-10-16,4066.38
2018-10-17,4049.79
2018-10-18,4030.38
2018-10-19,4003.13
2018-10-22,3976.33
2018-10-23,3904.13
2018-10-24,3895.54
2018-10-25,3954.05
2018-10-26,3905.49
2018-10-29,3925.31
2018-10-30,3916.77
2018-10-31,4000.61
2018-11-01,3998.7
2018-11-02,4014.78
2018-11-05,4008.29
2018-11-06,3991.46
2018-11-07,4040.99
2018-11-08,4036.87
2018-11-09,4014.15
2018-11-12,3974.32
2018-11-13,4003.37
2018-11-14,3980.34
2018-11-15,3947.4
2018-11-16,3938.2
2018-11-19,3903.44
2018-11-20,3849.93
2018-11-21,3889.37
2018-11-22,3860.09
2018-11-23,3868.58
2018-11-26,3908.69
2018-11-27,3903.06
2018-11-28,3903.73
2018-11-29,3923.52
2018-11-30,3917.85
2018-12-03,3953.94
2018-12-04,3916.19
2018-12-05,3863.64
2018-12-06,3732.98
2018-12-07,3759.8
2018-12-10,3697.76
2018-12-11,3747.29
2018-12-12,3827.16
2018-12-13,3817.95
2018-12-14,3783.63
2018-12-17,3738.56
2018-12-18,3703.36
2018-12-19,3718.69
2018-12-20,3648.68
2018-12-21,3647.64
2018-12-24,3600.24
2018-12-27,3577.33
2018-12-28,3641.37
2018-12-31,3684.17
2019-01-02,3653.49
2019-01-03,3594.4
2019-01-04,3691.13
2019-01-07,3683.61
2019-01-08,3730.45
2019-01-09,3764.13
2019-01-10,3761.58
2019-01-11,3744.54
2019-01-14,3724.24
2019-01-15,3739.61
2019-01-16,3762.88
2019-01-17,3752.3
2019-01-18,3817.47
2019-01-21,3811.7
2019-01-22,3797.28
2019-01-23,3788.61
2019-01-24,3811.27
2019-01-25,3852.58
2019-01-28,3823.77
2019-01-29,3850.31
2019-01-30,3883.3
2019-01-31,3891.99
2019-02-01,3911.82
2019-02-04,3899.75
2019-02-05,3965.7
2019-02-06,3959.35
2019-02-07,3886.9
2019-02-08,3861.34
2019-02-11,3901.23
2019-02-12,3930.33
2019-02-13,3949.0
2019-02-14,3941.98
2019-02-15,4005.77
2019-02-18,4021.66
2019-02-19,4014.72
2019-02-20,4040.8
2019-02-21,4040.92
2019-02-22,4056.43
2019-02-25,4068.88
2019-02-26,4072.64
2019-02-27,4062.26
2019-02-28,4079.94
2019-03-01,4104.54
2019-03-04,4121.49
2019-03-05,4122.96
2019-03-06,4113.81
2019-03-07,4093.31
2019-03-08,4065.7
2019-03-11,4092.11
2019-03-12,4097.31
2019-03-13,4123.72
2019-03-14,4157.43
2019-03-15,4195.87
2019-03-18,4201.12
2019-03-19,4213.93
2019-03-20,4177.4
2019-03-21,4173.95
2019-03-22,4090.06
2019-03-25,4076.34
2019-03-26,4112.65
2019-03-27,4107.12
2019-03-28,4102.1
2019-03-29,4144.31
2019-04-01,4191.19
2019-04-02,4207.67
2019-04-03,4246.4
2019-04-04,4240.01
2019-04-05,4250.26
2019-04-08,4244.48
2019-04-09,4215.29
2019-04-10,4226.83
2019-04-11,4255.67
2019-04-12,4272.21
2019-04-15,4279.18
2019-04-16,4295.57
2019-04-17,4317.52
2019-04-18,4330.0
2019-04-23,4339.11
2019-04-24,4331.47
2019-04-25,4312.91
2019-04-26,4325.76
2019-04-29,4336.63
2019-04-30,4336.1
2019-05-02,4301.95
2019-05-03,4306.65
2019-05-06,4255.4
2019-05-07,4192.68
2019-05-08,4207.62
2019-05-09,4125.77
2019-05-10,4136.31
2019-05-13,4081.6
2019-05-14,4142.49
2019-05-15,4166.74
2019-05-16,4220.73
2019-05-17,4210.94
2019-05-20,4147.84
2019-05-21,4169.35
2019-05-22,4163.99
2019-05-23,4087.08
2019-05-24,4114.0
2019-05-27,4128.24
2019-05-28,4113.19
2019-05-29,4045.35
2019-05-30,4067.9
2019-05-31,4038.75
2019-06-03,4059.49
2019-06-04,4079.61
2019-06-05,4102.09
2019-06-06,4088.48
2019-06-07,4153.75
2019-06-10,4168.94
2019-06-11,4188.56
2019-06-12,4163.46
2019-06-13,4164.68
2019-06-14,4154.87
2019-06-17,4169.81
2019-06-18,4259.43
2019-06-19,4266.65
2019-06-20,4275.54
2019-06-21,4264.26
2019-06-24,4257.75
2019-06-25,4254.1
2019-06-26,4245.27
2019-06-27,4243.91
2019-06-28,4279.73
2019-07-01,4303.12
2019-07-02,4308.25
2019-07-03,4340.28
2019-07-04,4344.03
2019-07-05,4320.32
2019-07-08,4314.84
2019-07-09,4298.28
2019-07-10,4295.55
2019-07-11,4284.36
2019-07-12,4302.56
2019-07-15,4310.03
2019-07-16,4335.52
2019-07-17,4303.25
2019-07-18,4285.92
2019-07-19,4292.47
2019-07-22,4302.43
2019-07-23,4342.95
2019-07-24,4338.42
2019-07-25,4318.58
2019-07-26,4346.7
2019-07-29,4338.45
2019-07-30,4270.96
2019-07-31,4276.23
2019-08-01,4305.84
2019-08-02,4161.64
2019-08-05,4066.97
2019-08-06,4062.06
2019-08-07,4086.28
2019-08-08,4177.38
2019-08-09,4130.79
2019-08-12,4116.21
2019-08-13,4152.43
2019-08-14,4066.53
2019-08-15,4050.36
2019-08-16,4103.51
2019-08-19,4161.89
2019-08-20,4137.89
2019-08-21,4210.13
2019-08-22,4174.27
2019-08-23,4128.28
2019-08-26,4143.41
2019-08-27,4170.69
2019-08-28,4154.11
2019-08-29,4213.92
2019-08-30,4242.11
2019-09-02,4250.62
2019-09-03,4226.79
2019-09-04,4276.71
2019-09-05,4322.75
2019-09-06,4327.55
2019-09-09,4316.02
2019-09-10,4316.86
2019-09-11,4339.29
2019-09-12,4358.2
2019-09-13,4369.56
2019-09-16,4331.03
2019-09-17,4340.55
2019-09-18,4343.39
2019-09-19,4373.21
2019-09-20,4393.29
2019-09-23,4345.81
2019-09-24,4345.14
2019-09-25,4312.21
2019-09-26,4339.39
2019-09-27,4356.14
2019-09-30,4380.91
2019-10-01,4322.95
2019-10-02,4192.16
2019-10-03,4202.06
2019-10-04,4240.07
2019-10-07,4264.28
2019-10-08,4213.34
2019-10-09,4244.41
2019-10-10,4295.62
2019-10-11,4370.24
2019-10-14,4355.56
2019-10-15,4400.92
2019-10-16,4394.69
2019-10-17,4379.91
2019-10-18,4354.21
2019-10-21,4364.11
2019-10-22,4369.52
2019-10-23,4367.57
2019-10-24,4389.72
2019-10-25,4417.79
2019-10-28,4427.08
2019-10-29,4436.52
2019-10-30,4450.22
2019-10-31,4425.62
2019-11-01,4450.81
2019-11-04,4496.19
2019-11-05,4512.86
2019-11-06,4524.96
2019-11-07,4543.94
2019-11-08,4541.68
2019-11-11,4543.77
2019-11-12,4561.56
2019-11-13,4548.91
2019-11-14,4544.15
2019-11-15,4573.51
2019-11-18,4567.54
2019-11-19,4549.71
2019-11-20,4540.05
2019-11-21,4528.42
2019-11-22,4538.29
2019-11-25,4563.42
2019-11-26,4571.32
2019-11-27,4569.73
2019-11-28,4558.38
2019-11-29,4549.41
2019-12-02,4465.05
2019-12-03,4420.23
2019-12-04,4474.16
2019-12-05,4478.27
2019-12-06,4527.11
2019-12-09,4503.31
2019-12-10,4509.8
2019-12-11,4518.07
2019-12-12,4533.96
2019-12-13,4559.77
2019-12-16,4613.94
2019-12-17,4598.32
2019-12-18,4590.99
2019-12-19,4600.47
2019-12-20,4635.02
2019-12-23,4642.39
2019-12-24,4644.91
2019-12-27,4650.43
2019-12-30,4612.84
2019-12-31,4607.88
2020-01-02,4657.09
2020-01-03,4655.22
2020-01-06,4630.44
2020-01-07,4632.62
2020-01-08,4646.31
2020-01-09,4655.75
2020-01-10,4651.11
2020-01-13,4650.82
2020-01-14,4654.07
2020-01-15,4651.66
2020-01-16,4657.48
2020-01-17,4699.01
2020-01-20,4688.12
2020-01-21,4663.52
2020-01-22,4640.41
2020-01-23,4610.1
2020-01-24,4645.82
2020-01-27,4532.67
2020-01-28,4578.65
2020-01-29,4599.57
2020-01-30,4539.06
2020-01-31,4493.57
2020-02-03,4518.32
2020-02-04,4590.85
2020-02-05,4632.1
2020-02-06,4668.64
2020-02-07,4660.18
2020-02-10,4651.47
2020-02-11,4683.28
2020-02-12,4718.48
2020-02-13,4712.29
2020-02-14,4700.07
2020-02-17,4713.67
2020-02-18,4694.27
2020-02-19,4732.14
2020-02-20,4695.18
2020-02-21,4671.51
2020-02-24,4496.18
2020-02-25,4411.09
2020-02-26,4416.17
2020-02-27,4273.15
2020-02-28,4129.09
2020-03-02,4140.04
2020-03-03,4187.34
2020-03-04,4240.77
2020-03-05,4157.52
2020-03-06,3987.21
2020-03-09,3660.74
2020-03-10,3605.42
2020-03-11,3576.49
2020-03-12,3136.22
2020-03-13,3184.06
2020-03-16,2983.89
2020-03-17,3052.37
2020-03-18,2888.89
2020-03-19,2972.49
2020-03-20,3129.8
2020-03-23,3019.24
2020-03-24,3269.98
2020-03-25,3401.49
2020-03-26,3489.34
2020-03-27,3343.35
2020-03-30,3352.27
2020-03-31,3372.23
2020-04-01,3235.12
2020-04-02,3249.22
2020-04-03,3195.67
2020-04-06,3345.38
2020-04-07,3420.22
2020-04-08,3427.23
2020-04-09,3483.74
2020-04-14,3489.83
2020-04-15,3355.35
2020-04-16,3348.37
2020-04-17,3465.53
2020-04-20,3484.13
2020-04-21,3360.34
2020-04-22,3400.22
2020-04-23,3436.34
2020-04-24,3394.51
2020-04-27,3478.78
2020-04-28,3527.75
2020-04-29,3608.11
2020-04-30,3536.88
2020-05-04,3389.62
2020-05-05,3473.09
2020-05-06,3438.77
2020-05-07,3487.99
2020-05-08,3531.73
2020-05-11,3485.74
2020-05-12,3472.13
2020-05-13,3378.33
2020-05-14,3319.08
2020-05-15,3330.89
2020-05-18,3498.42
2020-05-19,3451.16
2020-05-20,3480.9
2020-05-21,3442.98
2020-05-22,3447.41
2020-05-25,3526.78
2020-05-26,3579.83
2020-05-27,3634.16
2020-05-28,3693.53
2020-05-29,3636.29
2020-06-01,3690.61
2020-06-02,3767.45
2020-06-03,3887.46
2020-06-04,3883.66
2020-06-05,4015.24
2020-06-08,3998.96
2020-06-09,3935.59
2020-06-10,3899.78
2020-06-11,3717.57
2020-06-12,3737.17
2020-06-15,3723.19
2020-06-16,3826.98
2020-06-17,3854.49
2020-06-18,3829.48
2020-06-19,3838.93
2020-06-22,3813.51
2020-06-23,3863.85
2020-06-24,3751.96
2020-06-25,3790.45
2020-06-26,3783.45
2020-06-29,3809.17
2020-06-30,3805.41
2020-07-01,3800.64
2020-07-02,3891.77
2020-07-03,3862.89
2020-07-06,3920.22
2020-07-07,3891.13
2020-07-08,3844.99
2020-07-09,3796.46
2020-07-10,3835.12
2020-07-13,3898.78
2020-07-14,3861.33
2020-07-15,3936.59
2020-07-16,3923.72
2020-07-17,3908.44
2020-07-20,3928.43
2020-07-21,3938.36
2020-07-22,3893.04
2020-07-23,3892.43
2020-07-24,3832.59
2020-07-27,3817.72
2020-07-28,3811.31
2020-07-29,3832.48
2020-07-30,3752.91
2020-07-31,3706.22
2020-08-03,3774.78
2020-08-04,3782.65
2020-08-05,3819.49
2020-08-06,3787.65
2020-08-07,3792.49
2020-08-10,3809.95
2020-08-11,3898.59
2020-08-12,3931.63
2020-08-13,3912.09
2020-08-14,3851.44
2020-08-17,3858.5
2020-08-18,3831.44
2020-08-19,3859.65
2020-08-20,3810.34
2020-08-21,3801.55
2020-08-24,3883.66
2020-08-25,3883.7
2020-08-26,3915.45
2020-08-27,3887.07
2020-08-28,3879.32
2020-08-31,3841.0
2020-09-01,3831.61
2020-09-02,3902.5
2020-09-03,3881.62
2020-09-04,3848.42
2020-09-07,3917.93
2020-09-08,3854.8
2020-09-09,3908.42
2020-09-10,3896.2
2020-09-11,3901.04
2020-09-14,3917.59
2020-09-15,3928.08
2020-09-16,3936.1
2020-09-17,3908.91
2020-09-18,3861.85
2020-09-21,3717.77
2020-09-22,3706.09
2020-09-23,3724.78
2020-09-24,3691.89
2020-09-25,3672.49
2020-09-28,3762.17
2020-09-29,3749.96
2020-09-30,3737.75
2020-10-01,3750.5
2020-10-02,3749.65
2020-10-05,3791.55
2020-10-06,3813.95
2020-10-07,3804.55
2020-10-08,3829.72
2020-10-09,3852.95
2020-10-12,3876.16
2020-10-13,3849.42
2020-10-14,3845.52
2020-10-15,3766.39
2020-10-16,3834.6
2020-10-19,3840.67
2020-10-20,3835.48
2020-10-21,3776.91
2020-10-22,3775.16
2020-10-23,3818.12
2020-10-26,3743.47
2020-10-27,3678.36
2020-10-28,3552.05
2020-10-29,3553.27
2020-10-30,3569.85
2020-11-02,3642.57
2020-11-03,3728.02
2020-11-04,3814.41
2020-11-05,3862.36
2020-11-06,3843.82
2020-11-09,4125.53
2020-11-10,4193.16
2020-11-11,4209.37
2020-11-12,4154.11
2020-11-13,4170.28
2020-11-16,4246.14
2020-11-17,4252.89
2020-11-18,4273.74
2020-11-19,4244.84
2020-11-20,4258.45
2020-11-23,4258.66
2020-11-24,4312.15
2020-11-25,4318.68
2020-11-26,4315.69
2020-11-27,4341.97
2020-11-30,4281.89
2020-12-01,4330.2
2020-12-02,4327.45
2020-12-03,4321.7
2020-12-04,4350.81
2020-12-07,4325.29
2020-12-08,4316.46
2020-12-09,4304.81
2020-12-10,4303.4
2020-12-11,4272.47
2020-12-14,4288.34
2020-12-15,4292.14
2020-12-16,4307.72
2020-12-17,4312.33
2020-12-18,4296.63
2020-12-21,4194.94
2020-12-22,4250.12
2020-12-23,4297.96
2020-12-24,4294.76
2020-12-28,4340.22
2020-12-29,4358.89
2020-12-30,4348.83
2020-12-31,4313.46
2021-01-04,4343.15
2021-01-05,4328.09
2021-01-06,4377.86
2021-01-07,4407.24
2021-01-08,4436.21
2021-01-11,4402.92
2021-01-12,4397.18
2021-01-13,4405.15
2021-01-14,4424.72
2021-01-15,4376.03
2021-01-18,4380.83
2021-01-19,4368.45
2021-01-20,4391.16
2021-01-21,4365.55
2021-01-22,4336.64
2021-01-25,4261.68
2021-01-26,4301.53
2021-01-27,4256.71
2021-01-28,4292.54
2021-01-29,4214.56
2021-02-01,4263.35
2021-02-02,4341.46
2021-02-03,4342.93
2021-02-04,4377.25
2021-02-05,4415.04
2021-02-08,4432.61
2021-02-09,4435.35
2021-02-10,4419.0
2021-02-11,4421.91
2021-02-12,4443.42
2021-02-15,4503.28
2021-02-16,4502.46
2021-02-17,4485.09
2021-02-18,4453.61
2021-02-19,4483.37
2021-02-22,4477.19
2021-02-23,4484.64
2021-02-24,4499.45
2021-02-25,4490.97
2021-02-26,4429.15
2021-03-01,4498.88
2021-03-02,4509.61
2021-03-03,4522.34
2021-03-04,4523.85
2021-03-05,4485.17
2021-03-08,4574.01
2021-03-09,4592.09
2021-03-10,4634.9
2021-03-11,4667.42
2021-03-12,4676.81
2021-03-15,4668.61
2021-03-16,4685.73
2021-03-17,4684.85
2021-03-18,4688.52
2021-03-19,4642.76
2021-03-22,4623.41
2021-03-23,4606.38
2021-03-24,4607.57
2021-03-25,4609.27
2021-03-26,4635.76
2021-03-29,4653.37
2021-03-30,4703.84
2021-03-31,4689.53
2021-04-01,4723.51
2021-04-06,4748.18
2021-04-07,4748.89
2021-04-08,4774.47
2021-04-09,4773.75
2021-04-12,4766.52
2021-04-13,4786.61
2021-04-14,4801.9
2021-04-15,4818.68
2021-04-16,4857.18
2021-04-19,4865.08
2021-04-20,4768.53
2021-04-21,4795.57
2021-04-22,4837.98
2021-04-23,4830.61
2021-04-26,4848.18
2021-04-27,4846.88
2021-04-28,4870.8
2021-04-29,4864.4
2021-04-30,4838.77
2021-05-03,4868.28
2021-05-04,4823.9
2021-05-05,4887.88
2021-05-06,4899.29
2021-05-07,4924.91
2021-05-10,4926.85
2021-05-11,4839.62
2021-05-12,4843.17
2021-05-13,4844.91
2021-05-14,4916.2
2021-05-17,4901.0
2021-05-18,4892.72
2021-05-19,4823.66
2021-05-20,4880.11
2021-05-21,4909.28
2021-05-24,4925.21
2021-05-25,4911.94
2021-05-26,4914.7
2021-05-27,4946.46
2021-05-28,4982.01
2021-05-31,4956.72
2021-06-01,4988.8
2021-06-02,5009.39
2021-06-03,4998.8
2021-06-04,5008.07
2021-06-07,5029.73
2021-06-08,5036.3
2021-06-09,5047.05
2021-06-10,5033.86
2021-06-11,5077.67
2021-06-14,5090.52
2021-06-15,5102.71
2021-06-16,5110.46
2021-06-17,5115.56
2021-06-18,5043.88
2021-06-21,5064.79
2021-06-22,5072.36
2021-06-23,5028.97
2021-06-24,5087.3
2021-06-25,5084.5
2021-06-28,5035.23
2021-06-29,5042.78
2021-06-30,5000.61
2021-07-01,5037.12
2021-07-02,5039.09
2021-07-05,5050.44
2021-07-06,5008.21
2021-07-07,5022.79
2021-07-08,4926.91
2021-07-09,5019.8
2021-07-12,5040.49
2021-07-13,5037.85
2021-07-14,5034.94
2021-07-15,4984.81
2021-07-16,4964.39
2021-07-19,4841.6
2021-07-20,4876.49
2021-07-21,4964.8
2021-07-22,4980.41
2021-07-23,5043.01
2021-07-26,5050.23
2021-07-27,5016.22
2021-07-28,5072.45
2021-07-29,5090.04
2021-07-30,5077.54
2021-08-02,5120.99
2021-08-03,5147.04
2021-08-04,5165.25
2021-08-05,5195.54
2021-08-06,5219.09
2021-08-09,5216.03
2021-08-10,5221.33
2021-08-11,5248.12
2021-08-12,5265.08
2021-08-13,5273.73
2021-08-16,5233.95
2021-08-17,5219.66
2021-08-18,5193.18
2021-08-19,5075.05
2021-08-20,5089.18
2021-08-23,5130.13
2021-08-24,5121.67
2021-08-25,5131.59
2021-08-26,5123.53
2021-08-27,5138.98
2021-08-30,5145.74
2021-08-31,5139.65
2021-09-01,5196.73
2021-09-02,5201.28
2021-09-03,5147.27
2021-09-06,5184.41
2021-09-07,5174.29
2021-09-08,5132.69
2021-09-09,5142.84
2021-09-10,5124.06
2021-09-13,5131.24
2021-09-14,5117.47
2021-09-15,5066.69
2021-09-16,5093.03
2021-09-17,5058.46
2021-09-20,4972.52
2021-09-21,5040.67
2021-09-22,5102.24
2021-09-23,5152.57
2021-09-24,5107.98
2021-09-27,5117.88
2021-09-28,5011.66
2021-09-29,5046.23
2021-09-30,5019.12
2021-10-01,5016.47
2021-10-04,4986.95
2021-10-05,5054.98
2021-10-06,4988.33
2021-10-07,5065.31
2021-10-08,5039.87
2021-10-11,5048.36
2021-10-12,5035.02
2021-10-13,5071.11
2021-10-14,5131.8
2021-10-15,5163.29
2021-10-18,5124.2
2021-10-19,5126.61
2021-10-20,5149.35
2021-10-21,5138.65
2021-10-22,5172.4
2021-10-25,5158.49
2021-10-26,5199.66
2021-10-27,5193.84
2021-10-28,5229.69
2021-10-29,5244.98
2021-11-01,5292.43
2021-11-02,5314.53
2021-11-03,5328.87
2021-11-04,5358.67
2021-11-05,5392.56
2021-11-08,5397.75
2021-11-09,5391.11
2021-11-10,5392.82
2021-11-11,5399.38
2021-11-12,5421.38
2021-11-15,5448.07
2021-11-16,5464.78
2021-11-17,5464.35
2021-11-18,5448.78
2021-11-19,5422.04
2021-11-22,5415.61
2021-11-23,5369.62
2021-11-24,5367.73
2021-11-25,5396.55
2021-11-26,5152.79
2021-11-29,5176.62
2021-11-30,5137.19
2021-12-01,5248.49
2021-12-02,5184.75
2021-12-03,5160.3
2021-12-06,5233.9
2021-12-07,5375.15
2021-12-08,5337.88
2021-12-09,5332.03
2021-12-10,5318.95
2021-12-13,5279.55
2021-12-14,5244.73
2021-12-15,5264.48
2021-12-16,5318.37
2021-12-17,5267.17
2021-12-20,5221.83
2021-12-21,5294.81
2021-12-22,5360.65
2021-12-23,5400.47
2021-12-24,5388.39
2021-12-27,5426.4
2021-12-28,5455.99
2021-12-29,5444.13
2021-12-30,5454.0
2021-12-31,5441.42
2022-01-03,5490.55
2022-01-04,5557.79
2022-01-05,5598.58
2022-01-06,5508.72
2022-01-07,5485.81
2022-01-10,5411.19
2022-01-11,5461.31
2022-01-12,5497.5
2022-01-13,5478.23
2022-01-14,5432.29
2022-01-17,5474.16
2022-01-18,5425.73
2022-01-19,5451.37
2022-01-20,5464.92
2022-01-21,5371.89
2022-01-24,5156.97
2022-01-25,5189.2
2022-01-26,5292.76
2022-01-27,5318.66
2022-01-28,5277.51
2022-01-31,5303.87
2022-02-01,5378.67
2022-02-02,5391.62
2022-02-03,5310.97
2022-02-04,5263.54
2022-02-07,5303.14
2022-02-08,5318.63
2022-02-09,5400.4
2022-02-10,5385.86
2022-02-11,5320.26
2022-02-14,5203.65
2022-02-15,5300.03
2022-02-16,5290.99
2022-02-17,5273.49
2022-02-18,5252.97
2022-02-21,5149.32
2022-02-22,5150.56
2022-02-23,5143.67
2022-02-24,4953.63
2022-02-25,5123.9
2022-02-28,5061.42
2022-03-01,4865.25
2022-03-02,4935.69
2022-03-03,4842.65
2022-03-04,4604.51
2022-03-07,4538.28
2022-03-08,4525.31
2022-03-09,4844.36
2022-03-10,4718.45
2022-03-11,4765.07
2022-03-14,4846.32
2022-03-15,4833.21
2022-03-16,5007.69
2022-03-17,5026.0
2022-03-18,5035.51
2022-03-21,5009.77
2022-03-22,5067.05
2022-03-23,5007.97
2022-03-24,4985.04
2022-03-25,4986.26
2022-03-28,5011.49
2022-03-29,5165.11
2022-03-30,5126.64
2022-03-31,5065.08
2022-04-01,5080.85
2022-04-04,5114.53
2022-04-05,5049.37
2022-04-06,4940.0
2022-04-07,4914.49
2022-04-08,4978.65
2022-04-11,4986.17
2022-04-12,4972.83
2022-04-13,4976.17
2022-04-14,5013.31
2022-04-19,4975.39
2022-04-20,5040.37
2022-04-21,5108.91
2022-04-22,5011.18
2022-04-25,4918.75
2022-04-26,4888.67
2022-04-27,4907.1
2022-04-28,4954.62
2022-04-29,4973.6
2022-05-02,4891.83
2022-05-03,4932.14
2022-05-04,4877.75
2022-05-05,4855.94
2022-05-06,4776.39
2022-05-09,4643.97
2022-05-10,4667.93
2022-05-11,4776.32
2022-05-12,4728.35
2022-05-13,4847.38
2022-05-16,4838.76
2022-05-17,4901.07
2022-05-18,4846.99
2022-05-19,4786.4
2022-05-20,4799.51
2022-05-23,4853.64
2022-05-24,4772.62
2022-05-25,4807.24
2022-05-26,4890.08
2022-05-27,4965.51
2022-05-30,4999.14
2022-05-31,4930.16
2022-06-01,4891.35
2022-06-02,4950.44
2022-06-03,4939.11
2022-06-06,4987.72
2022-06-07,4953.74
2022-06-08,4913.87
2022-06-09,4846.07
2022-06-10,4719.15
2022-06-13,4585.11
2022-06-14,4525.36
2022-06-15,4588.94
2022-06-16,4476.29
2022-06-17,4479.05
2022-06-20,4508.82
2022-06-21,4542.17
2022-06-22,4504.37
2022-06-23,4473.06
2022-06-24,4610.34
2022-06-27,4595.24
2022-06-28,4625.28
2022-06-29,4576.96
2022-06-30,4492.4
2022-07-01,4500.71
2022-07-04,4515.91
2022-07-05,4396.88
2022-07-06,4482.52
2022-07-07,4559.02
2022-07-08,4585.72
2022-07-11,4554.04
2022-07-12,4589.6
2022-07-13,4557.58
2022-07-14,4493.76
2022-07-15,4584.98
2022-07-18,4628.84
2022-07-19,4712.1
2022-07-20,4701.47
2022-07-21,4712.83
2022-07-22,4726.97
2022-07-25,4737.24
2022-07-26,4716.21
2022-07-27,4754.56
2022-07-28,4813.86
2022-07-29,4895.05
2022-08-01,4886.5
2022-08-02,4864.47
2022-08-03,4912.81
2022-08-04,4942.11
2022-08-05,4910.32
2022-08-08,4950.17
2022-08-09,4923.57
2022-08-10,4953.89
2022-08-11,4968.66
2022-08-12,4973.49
2022-08-15,4985.95
2022-08-16,5002.36
2022-08-17,4950.62
2022-08-18,4971.19
2022-08-19,4921.77
2022-08-22,4832.01
2022-08-23,4819.71
2022-08-24,4837.79
2022-08-25,4837.23
2022-08-26,4757.11
2022-08-29,4718.33
2022-08-30,4708.33
2022-08-31,4650.04
2022-09-01,4578.43
2022-09-02,4677.89
2022-09-05,4621.19
2022-09-06,4629.09
2022-09-07,4627.74
2022-09-08,4641.92
2022-09-09,4708.01
2022-09-12,4797.56
2022-09-13,4728.01
2022-09-14,4708.09
2022-09-15,4661.74
2022-09-16,4599.51
2022-09-19,4588.91
2022-09-20,4521.17
2022-09-21,4556.5
2022-09-22,4466.71
2022-09-23,4363.05
2022-09-26,4352.05
2022-09-27,4341.69
2022-09-28,4350.77
2022-09-29,4281.45
2022-09-30,4347.86
2022-10-03,4375.33
2022-10-04,4555.21
2022-10-05,4510.6
2022-10-06,4477.84
2022-10-07,4423.84
2022-10-10,4402.64
2022-10-11,4395.93
2022-10-12,4380.49
2022-10-13,4429.46
2022-10-14,4467.97
2022-10-17,4551.75
2022-10-18,4573.73
2022-10-19,4549.84
2022-10-20,4585.13
2022-10-21,4548.48
2022-10-24,4620.13
2022-10-25,4704.95
2022-10-26,4728.92
2022-10-27,4708.22
2022-10-28,4724.9
2022-10-31,4724.13
2022-11-01,4766.88
2022-11-02,4727.3
2022-11-03,4700.7
2022-11-04,4824.88
2022-11-07,4829.49
2022-11-08,4851.0
2022-11-09,4842.46
2022-11-10,4942.74
2022-11-11,4971.06
2022-11-14,4979.87
2022-11-15,5002.13
2022-11-16,4966.26
2022-11-17,4942.74
2022-11-18,4992.15
2022-11-21,4985.21
2022-11-22,5002.47
2022-11-23,5017.73
2022-11-24,5042.81
2022-11-25,5046.38
2022-11-28,5010.38
2022-11-29,5010.46
2022-11-30,5056.02
2022-12-01,5073.52
2022-12-02,5067.19
2022-12-05,5034.85
2022-12-06,5023.94
2022-12-07,5001.98
2022-12-08,4994.24
2022-12-09,5018.34
2022-12-12,4995.51
2022-12-13,5065.44
2022-12-14,5057.09
2022-12-15,4908.64
2022-12-16,4855.16
2022-12-19,4870.2
2022-12-20,4851.33
2022-12-21,4947.75
2022-12-22,4902.6
2022-12-23,4896.27
2022-12-27,4926.96
2022-12-28,4899.25
2022-12-29,4947.52
2022-12-30,4873.96
2023-01-02,4962.62
2023-01-03,4983.28
2023-01-04,5089.13
2023-01-05,5077.66
2023-01-06,5148.25
2023-01-09,5185.49
2023-01-10,5155.29
2023-01-11,5197.08
2023-01-12,5236.53
2023-01-13,5272.28
2023-01-16,5289.03
2023-01-17,5314.3
2023-01-18,5320.46
2023-01-19,5224.01
2023-01-20,5255.73
2023-01-23,5284.12
2023-01-24,5295.93
2023-01-25,5288.16
2023-01-26,5326.68
2023-01-27,5329.53
2023-01-30,5316.11
2023-01-31,5315.35
2023-02-01,5316.36
2023-02-02,5387.3
2023-02-03,5435.46
2023-02-06,5365.05
2023-02-07,5358.94
2023-02-08,5352.85
2023-02-09,5401.06
2023-02-10,5353.95
2023-02-13,5409.94
2023-02-14,5415.95
2023-02-15,5475.91
2023-02-16,5521.74
2023-02-17,5508.22
2023-02-20,5501.17
2023-02-21,5481.43
2023-02-22,5468.64
2023-02-23,5483.61
2023-02-24,5395.15
2023-02-27,5473.7
2023-02-28,5453.9
2023-03-01,5431.19
2023-03-02,5467.09
2023-03-03,5515.93
2023-03-06,5534.08
2023-03-07,5507.09
2023-03-08,5498.38
2023-03-09,5489.69
2023-03-10,5417.66
2023-03-13,5260.28
2023-03-14,5356.54
2023-03-15,5164.89
2023-03-16,5265.21
2023-03-17,5191.51
2023-03-20,5252.82
2023-03-21,5330.18
2023-03-22,5340.09
2023-03-23,5342.77
2023-03-24,5246.1
2023-03-27,5291.42
2023-03-28,5295.72
2023-03-29,5368.28
2023-03-30,5429.19
2023-03-31,5468.96
2023-04-03,5483.59
2023-04-04,5481.61
2023-04-05,5458.79
2023-04-06,5468.43
2023-04-11,5516.01
2023-04-12,5521.19
2023-04-13,5578.92
2023-04-14,5606.05
2023-04-17,5595.88
2023-04-18,5620.8
2023-04-19,5630.27
2023-04-20,5617.97
2023-04-21,5642.72
2023-04-24,5640.39
2023-04-25,5607.11
2023-04-26,5563.16
2023-04-27,5575.36
2023-04-28,5587.86
2023-05-02,5508.72
2023-05-03,5524.23
2023-05-04,5475.78
2023-05-05,5543.74
2023-05-08,5550.71
2023-05-09,5517.72
2023-05-10,5493.22
2023-05-11,5507.64
2023-05-12,5530.36
2023-05-15,5533.64
2023-05-16,5523.96
2023-05-17,5519.87
2023-05-18,5554.75
2023-05-19,5586.72
2023-05-22,5577.77
2023-05-23,5509.22
2023-05-24,5415.68
2023-05-25,5395.3
2023-05-26,5459.29
2023-05-29,5448.27
2023-05-30,5381.07
2023-05-31,5300.84
2023-06-01,5332.37
2023-06-02,5430.75
2023-06-05,5381.36
2023-06-06,5389.09
2023-06-07,5385.55
2023-06-08,5400.89
2023-06-09,5395.3
2023-06-12,5422.82
2023-06-13,5452.07
2023-06-14,5481.08
2023-06-15,5452.83
2023-06-16,5520.81
2023-06-19,5461.3
2023-06-20,5442.98
2023-06-21,5418.87
2023-06-22,5378.39
2023-06-23,5343.93
2023-06-26,5356.79
2023-06-27,5378.99
2023-06-28,5434.6
2023-06-29,5454.69
2023-06-30,5515.74
2023-07-03,5506.26
2023-07-04,5495.51
2023-07-05,5452.86
2023-07-06,5287.71
2023-07-07,5313.16
2023-07-10,5335.59
2023-07-11,5391.82
2023-07-12,5476.62
2023-07-13,5503.76
2023-07-14,5504.04
2023-07-17,5444.84
2023-07-18,5467.06
2023-07-19,5476.32
2023-07-20,5513.96
2023-07-21,5547.89
2023-07-24,5546.94
2023-07-25,5538.07
2023-07-26,5473.18
2023-07-27,5576.12
2023-07-28,5582.15
2023-07-31,5592.27
2023-08-01,5527.74
2023-08-02,5459.37
2023-08-03,5420.27
2023-08-04,5459.0
2023-08-07,5463.12
2023-08-08,5427.49
2023-08-09,5464.16
2023-08-10,5543.28
2023-08-11,5473.26
2023-08-14,5479.21
2023-08-15,5421.42
2023-08-16,5415.24
2023-08-17,5364.89
2023-08-18,5341.63
2023-08-21,5365.4
2023-08-22,5398.47
2023-08-23,5403.68
2023-08-24,5379.48
2023-08-25,5389.19
2023-08-28,5459.15
2023-08-29,5496.87
2023-08-30,5489.82
2023-08-31,5460.01
2023-09-01,5448.11
2023-09-04,5434.64
2023-09-05,5415.96
2023-09-06,5373.6
2023-09-07,5370.86
2023-09-08,5401.61
2023-09-11,5429.05
2023-09-12,5409.07
2023-09-13,5387.8
2023-09-14,5449.68
2023-09-15,5497.91
2023-09-18,5419.06
2023-09-19,5423.37
2023-09-20,5460.92
2023-09-21,5372.2
2023-09-22,5350.58
2023-09-25,5302.36
2023-09-26,5264.01
2023-09-27,5262.29
2023-09-28,5293.66
2023-09-29,5311.12
2023-10-02,5258.93
2023-10-03,5200.91
2023-10-04,5200.14
2023-10-05,5201.27
2023-10-06,5245.98
2023-10-09,5216.26
2023-10-10,5320.02
2023-10-11,5297.6
2023-10-12,5279.42
2023-10-13,5199.5
2023-10-16,5214.15
2023-10-17,5218.24
2023-10-18,5169.92
2023-10-19,5132.84
2023-10-20,5054.87
2023-10-23,5076.82
2023-10-24,5107.96
2023-10-25,5116.87
2023-10-26,5098.75
2023-10-27,5036.71
2023-10-30,5059.73
2023-10-31,5106.07
2023-11-01,5140.51
2023-11-02,5237.86
2023-11-03,5234.19
2023-11-06,5207.13
2023-11-07,5184.95
2023-11-08,5219.8
2023-11-09,5278.76
2023-11-10,5227.62
2023-11-13,5257.95
2023-11-14,5337.35
2023-11-15,5355.05
2023-11-16,5322.99
2023-11-17,5372.96
2023-11-20,5382.01
2023-11-21,5365.83
2023-11-22,5390.93
2023-11-23,5401.98
2023-11-24,5415.2
2023-11-27,5394.53
2023-11-28,5384.12
2023-11-29,5399.51
2023-11-30,5428.76
2023-12-01,5456.57
2023-12-04,5435.91
2023-12-05,5475.41
2023-12-06,5510.86
2023-12-07,5505.19
2023-12-08,5574.89
2023-12-11,5592.9
2023-12-12,5585.88
2023-12-13,5577.19
2023-12-14,5623.16
2023-12-15,5636.95
2023-12-18,5617.83
2023-12-19,5627.47
2023-12-20,5636.16
2023-12-21,5626.34
2023-12-22,5625.78
2023-12-27,5630.74
2023-12-28,5605.02
2023-12-29,5609.67
2024-01-02,5601.76
2024-01-03,5513.1
2024-01-04,5543.15
2024-01-05,5518.92
2024-01-08,5541.33
2024-01-09,5523.4
2024-01-10,5520.46
2024-01-11,5491.5
2024-01-12,5548.48
2024-01-15,5511.22
2024-01-16,5497.96
2024-01-17,5437.57
2024-01-18,5496.27
2024-01-19,5474.1
2024-01-22,5509.0
2024-01-23,5492.89
2024-01-24,5543.35
2024-01-25,5549.59
2024-01-26,5669.47
2024-01-29,5671.33
2024-01-30,5693.88
2024-01-31,5682.07
2024-02-01,5633.2
2024-02-02,5635.13
2024-02-05,5631.01
2024-02-06,5665.3
2024-02-07,5643.55
2024-02-08,5681.96
2024-02-09,5670.28
2024-02-12,5701.38
2024-02-13,5651.73
2024-02-14,5687.88
2024-02-15,5736.52
2024-02-16,5756.99
2024-02-19,5752.93
2024-02-20,5766.89
2024-02-21,5779.27
2024-02-22,5854.04
2024-02-23,5890.94
2024-02-26,5862.34
2024-02-27,5877.49
2024-02-28,5877.11
2024-02-29,5857.29
2024-03-01,5863.59
2024-03-04,5877.1
2024-03-05,5860.42
2024-03-06,5877.33
2024-03-07,5922.09
2024-03-08,5930.9
2024-03-11,5922.08
2024-03-12,5971.16
2024-03-13,6005.39
2024-03-14,6019.38
2024-03-15,6018.76
2024-03-18,6008.79
2024-03-19,6044.34
2024-03-20,6021.22
2024-03-21,6039.89
2024-03-22,6022.48
2024-03-25,6023.91
2024-03-26,6048.89
2024-03-27,6063.57
2024-03-28,6066.75
2024-04-02,6012.36
2024-04-03,6032.67
2024-04-04,6030.48
2024-04-05,5964.29
2024-04-08,6008.49
2024-04-09,5961.25
2024-04-10,5955.96
2024-04-11,5939.5
2024-04-12,5928.36
2024-04-15,5950.93
2024-04-16,5868.28
2024-04-17,5902.05
2024-04-18,5932.32
2024-04-19,5928.16
2024-04-22,5944.23
2024-04-23,5991.54
2024-04-24,5979.46
2024-04-25,5924.12
2024-04-26,5977.39
2024-04-29,5966.15
2024-04-30,5907.63
2024-05-02,5864.39
2024-05-03,5897.91
2024-05-06,5928.05
2024-05-07,5987.06
2024-05-08,6026.57
2024-05-09,6066.28
2024-05-10,6090.28
2024-05-13,6084.27
2024-05-14,6099.21
2024-05-15,6110.33
2024-05-16,6076.4
2024-05-17,6059.86
2024-05-20,6079.67
2024-05-21,6039.25
2024-05-22,6003.92
2024-05-23,6009.89
2024-05-24,6006.84
2024-05-27,6035.74
2024-05-28,5982.82
2024-05-29,5893.39
2024-05-30,5927.27
2024-05-31,5939.54
2024-06-03,5944.96
2024-06-04,5899.95
2024-06-05,5948.69
2024-06-06,5972.09
2024-06-07,5940.92
2024-06-10,5860.54
2024-06-11,5780.4
2024-06-12,5835.92
2024-06-13,5715.04
2024-06-14,5557.28
2024-06-17,5603.88
2024-06-18,5648.98
2024-06-19,5605.83
2024-06-20,5681.73
2024-06-21,5645.11
2024-06-24,5703.51
2024-06-25,5668.1
2024-06-26,5626.37
2024-06-27,5569.41
2024-06-28,5528.26
2024-07-01,5592.51
2024-07-02,5575.76
2024-07-03,5646.97
2024-07-04,5694.19
2024-07-05,5680.75
2024-07-08,5647.61
2024-07-09,5556.88
2024-07-10,5606.26
2024-07-11,5650.43
2024-07-12,5718.47
2024-07-15,5654.95
2024-07-16,5617.21
2024-07-17,5612.04
2024-07-18,5625.83
2024-07-19,5580.37
2024-07-22,5645.26
2024-07-23,5629.14
2024-07-24,5572.01
2024-07-25,5509.22
2024-07-26,5580.07
2024-07-29,5528.45
2024-07-30,5551.26
2024-07-31,5591.32
2024-08-01,5475.36
2024-08-02,5383.6
2024-08-05,5302.79
2024-08-06,5291.65
2024-08-07,5390.87
2024-08-08,5373.03
2024-08-09,5392.29
2024-08-12,5378.84
2024-08-13,5398.71
2024-08-14,5439.37
2024-08-15,5504.34
2024-08-16,5522.16
2024-08-19,5560.45
2024-08-20,5546.53
2024-08-21,5574.81
2024-08-22,5576.4
2024-08-23,5615.7
2024-08-26,5625.52
2024-08-27,5608.74
2024-08-28,5617.08
2024-08-29,5661.21
2024-08-30,5657.46
2024-09-02,5665.21
2024-09-03,5612.84
2024-09-04,5561.19
2024-09-05,5518.23
2024-09-06,5456.19
2024-09-09,5508.14
2024-09-10,5493.41
2024-09-11,5483.7
2024-09-12,5513.01
2024-09-13,5538.79
2024-09-16,5526.88
2024-09-17,5556.77
2024-09-18,5527.7
2024-09-19,5651.21
2024-09-20,5565.16
2024-09-23,5570.17
2024-09-24,5635.45
2024-09-25,5610.1
2024-09-26,5735.16
2024-09-27,5773.11
2024-09-30,5656.65
2024-10-01,5612.94
2024-10-02,5613.27
2024-10-03,5541.26
2024-10-04,5592.54
2024-10-07,5612.66
2024-10-08,5574.32
2024-10-09,5604.59
2024-10-10,5589.22
2024-10-11,5617.46
2024-10-14,5633.49
2024-10-15,5579.56
2024-10-16,5560.24
2024-10-17,5625.01
2024-10-18,5646.19
2024-10-21,5588.51
2024-10-22,5588.41
2024-10-23,5560.46
2024-10-24,5565.53
2024-10-25,5559.43
2024-10-28,5603.74
2024-10-29,5569.7
2024-10-30,5508.04
2024-10-31,5455.47
2024-11-01,5498.13
2024-11-04,5471.8
2024-11-05,5497.02
2024-11-06,5466.98
2024-11-07,5509.29
2024-11-08,5450.19
2024-11-11,5512.0
2024-11-12,5365.71
2024-11-13,5356.91
2024-11-14,5428.05
2024-11-15,5398.29
2024-11-18,5403.36
2024-11-19,5366.4
2024-11-20,5342.23
2024-11-21,5350.19
2024-11-22,5381.52
2024-11-25,5386.27
2024-11-26,5338.92
2024-11-27,5302.03
2024-11-28,5329.2
2024-11-29,5366.51
2024-12-02,5358.58
2024-12-03,5369.27
2024-12-04,5408.18
2024-12-05,5433.41
2024-12-06,5502.55
2024-12-09,5539.76
2024-12-10,5484.4
2024-12-11,5502.96
2024-12-12,5500.08
2024-12-13,5490.86
2024-12-16,5451.05
2024-12-17,5453.89
2024-12-18,5468.41
2024-12-19,5401.06
2024-12-20,5388.22
2024-12-23,5387.11
2024-12-24,5395.12
2024-12-27,5448.73
2024-12-30,5419.34
2024-12-31,5469.9
2025-01-02,5479.79
2025-01-03,5400.7
2025-01-06,5518.53
2025-01-07,5544.55
2025-01-08,5516.25
2025-01-09,5542.09
2025-01-10,5496.6
2025-01-13,5480.17
2025-01-14,5491.42
2025-01-15,5533.34
2025-01-16,5640.7
2025-01-17,5695.54
2025-01-20,5713.54
2025-01-21,5739.66
2025-01-22,5782.55
2025-01-23,5818.94
2025-01-24,5843.13
2025-01-27,5830.99
2025-01-28,5828.83
2025-01-29,5809.41
2025-01-30,5862.33
2025-01-31,5869.41
2025-02-03,5799.7
2025-02-04,5837.8
2025-02-05,5828.18
2025-02-06,5909.1
2025-02-07,5884.2
2025-02-10,5909.3
2025-02-11,5925.86
2025-02-12,5933.94
2025-02-13,6020.4
2025-02-14,6031.78
2025-02-17,6040.68
2025-02-18,6051.85
2025-02-19,5981.84
2025-02-20,5990.22
2025-02-21,6015.79
2025-02-24,5975.56
2025-02-25,5945.07
2025-02-26,6011.67
2025-02-27,5984.65
2025-02-28,5987.07
2025-03-03,6051.91
2025-03-04,5937.69
2025-03-05,6038.99
2025-03-06,6068.86
2025-03-07,6012.29
2025-03-10,5957.3
2025-03-11,5879.91
2025-03-12,5915.57
2025-03-13,5876.0
2025-03-14,5945.08
2025-03-17,5982.6
2025-03-18,6014.08
2025-03-19,6051.44
2025-03-20,5992.28
2025-03-21,5954.13
2025-03-24,5939.28
2025-03-25,6001.2
2025-03-26,5946.14
2025-03-27,5915.15
2025-03-28,5860.93
2025-03-31,5765.95
2025-04-01,5826.75
2025-04-02,5812.52
2025-04-03,5628.79
2025-04-04,5383.6
2025-04-07,5133.03
2025-04-08,5264.97
2025-04-09,5091.35
2025-04-10,5280.28
2025-04-11,5270.07
2025-04-14,5396.67
2025-04-15,5449.4
2025-04-16,5445.25
2025-04-17,5415.94
2025-04-22,5444.8
2025-04-23,5555.81
2025-04-24,5571.65
2025-04-25,5595.57
2025-04-28,5623.85
2025-04-29,5613.94
2025-04-30,5646.29
2025-05-02,5772.34
2025-05-05,5745.65
2025-05-06,5723.55
2025-05-07,5673.2
2025-05-08,5721.14
2025-05-09,5755.52
2025-05-12,5832.12
2025-05-13,5850.81
2025-05-14,5820.83
2025-05-15,5833.33
2025-05-16,5856.71
2025-05-19,5853.4
2025-05-20,5896.29
2025-05-21,5873.31
2025-05-22,5839.71
2025-05-23,5749.54
2025-05-26,5818.8
2025-05-27,5818.87
2025-05-28,5791.51
2025-05-29,5788.09
2025-05-30,5767.66
2025-06-02,5757.16
2025-06-03,5774.48
2025-06-04,5801.13
2025-06-05,5791.61
2025-06-06,5799.83
2025-06-09,5790.67
2025-06-10,5799.15
2025-06-11,5781.91
2025-06-12,5773.81
2025-06-13,5713.25
2025-06-16,5755.91
2025-06-17,5713.46
2025-06-18,5694.06
2025-06-19,5619.99
2025-06-20,5647.17
2025-06-23,5610.01
2025-06-24,5670.45
2025-06-25,5630.62
2025-06-26,5633.05
2025-06-27,5728.7
2025-06-30,5711.56
2025-07-01,5706.41
2025-07-02,5760.9
2025-07-03,5771.62
2025-07-04,5729.61
2025-07-07,5747.83
2025-07-08,5778.39
2025-07-09,5857.96
2025-07-10,5877.7
2025-07-11,5825.92
2025-07-14,5810.14
2025-07-15,5779.71
2025-07-16,5745.6
2025-07-17,5817.25
2025-07-18,5822.4
2025-07-21,5806.43
2025-07-22,5766.3
2025-07-23,5846.22
2025-07-24,5826.09
2025-07-25,5835.59
2025-07-28,5809.8
2025-07-29,5846.56
2025-07-30,5848.02
2025-07-31,5784.02
2025-08-01,5624.99
2025-08-04,5686.52
2025-08-05,5682.86
2025-08-06,5692.82
2025-08-07,5747.76
2025-08-08,5772.49
2025-08-11,5741.92
2025-08-12,5780.65
2025-08-13,5816.41
2025-08-14,5862.05
2025-08-15,5899.7
2025-08-18,5873.72
2025-08-19,5940.54
2025-08-20,5935.35
2025-08-21,5912.09
2025-08-22,5939.11
2025-08-25,5844.51
2025-08-26,5740.25
2025-08-27,5760.28
2025-08-28,5772.58
2025-08-29,5730.98
2025-09-01,5731.04
2025-09-02,5684.15
2025-09-03,5729.02
2025-09-04,5717.76
2025-09-05,5701.43
2025-09-08,5744.12
2025-09-09,5754.95
2025-09-10,5765.18
2025-09-11,5810.82
2025-09-12,5814.29
2025-09-15,5865.31
2025-09-16,5807.77
2025-09-17,5786.19
2025-09-18,5833.61
2025-09-19,5830.97
2025-09-22,5815.4
2025-09-23,5844.16
2025-09-24,5814.45
2025-09-25,5789.01
2025-09-26,5842.58
2025-09-29,5852.09
2025-09-30,5864.8
2025-10-01,5916.66
2025-10-02,5980.18
2025-10-03,5998.94
2025-10-06,5916.98
2025-10-07,5916.37
2025-10-08,5978.0
2025-10-09,5967.62
2025-10-10,5875.9
2025-10-13,5887.76
2025-10-14,5878.1
2025-10-15,5983.94
2025-10-16,6061.82
2025-10-17,6046.32
2025-10-20,6070.98
2025-10-21,6107.91
2025-10-22,6077.06
2025-10-23,6092.0
2025-10-24,6093.43
2025-10-27,6099.49
2025-10-28,6081.5
2025-10-29,6069.42
2025-10-30,6037.68
2025-10-31,6012.94
2025-11-03,6003.28
2025-11-04,5970.82
2025-11-05,5973.97
2025-11-06,5892.83
2025-11-07,5880.65
2025-11-10,5956.98
2025-11-11,6029.79
2025-11-12,6089.9
2025-11-13,6084.41
2025-11-14,6041.03
2025-11-17,6004.56
2025-11-18,5895.18
2025-11-19,5886.53
2025-11-20,5903.07
2025-11-21,5903.69
2025-11-24,5891.67
2025-11-25,5940.02
2025-11-26,5990.17
2025-11-27,5996.41
2025-11-28,6013.77
2025-12-01,5995.58
2025-12-02,5976.26
2025-12-03,5982.96
2025-12-04,6007.94
2025-12-05,6005.48
2025-12-08,6001.44
2025-12-09,5962.83
2025-12-10,5941.54
2025-12-11,5988.98
2025-12-12,5977.22
2025-12-15,6017.32
2025-12-16,6001.74
2025-12-17,5985.54
2025-12-18,6032.44
2025-12-19,6032.1
2025-12-22,6017.7
2025-12-23,6006.04
2025-12-24,6006.5
2025-12-29,6014.86
2025-12-30,6055.22
2025-12-31,6043.88
2026-01-02,6075.12
2026-01-05,6089.54
2026-01-06,6106.79
2026-01-07,6112.22
2026-01-08,6113.94
2026-01-09,6195.97
2026-01-12,6192.84
2026-01-13,6181.83
2026-01-14,6174.35
2026-01-15,6162.98
2026-01-16,6123.06
2026-01-19,6020.57
2026-01-20,5984.19
2026-01-21,5990.92
2026-01-22,6050.95
2026-01-23,6047.54
2026-01-26,6037.33
2026-01-27,6052.99
2026-01-28,5995.55
2026-01-29,5995.69
2026-01-30,6032.9
2026-02-02,6071.97
2026-02-03,6072.27
2026-02-04,6130.12
2026-02-05,6113.17
2026-02-06,6137.87
2026-02-09,6176.64
2026-02-10,6184.39
2026-02-11,6169.9
2026-02-12,6186.71
2026-02-13,6168.38
2026-02-16,6170.93
2026-02-17,6205.99
2026-02-18,6254.36
2026-02-19,6235.02
2026-02-20,6316.95
2026-02-23,6299.38
2026-02-24,6318.2
2026-02-25,6346.86
2026-02-26,6391.13
2026-02-27,6364.37
2026-03-02,6230.7
2026-03-03,6015.85
2026-03-04,6067.03
2026-03-05,5976.46
2026-03-06,5935.31
2026-03-09,5874.96
2026-03-10,5980.76
2026-03-11,5965.61
2026-03-12,5923.2
2026-03-13,5869.44
2026-03-16,5888.85
2026-03-17,5919.35
2026-03-18,5918.4
2026-03-19,5798.14
2026-03-20,5693.59
2026-03-23,5735.62
2026-03-24,5745.02
2026-03-25,5820.9
2026-03-26,5762.17
2026-03-27,5712.09
2026-03-30,5763.71
2026-03-31,5801.8
2026-04-01,5926.11
2026-04-02,5913.63
2026-04-07,5874.27
2026-04-08,6132.24
2026-04-09,6117.11
2026-04-10,6128.11
2026-04-13,6110.02
2026-04-14,6180.47
2026-04-15,6147.46
2026-04-16,6142.79
2026-04-17,6252.78
2026-04-20,6184.4
2026-04-21,6117.68
2026-04-22,6061.52
2026-04-23,6105.8
2026-04-24,6057.87
2026-04-27,6046.04
2026-04-28,6019.97
2026-04-29,5997.42
2026-04-30,6036.45
2026-05-04,5943.79
2026-05-05,6009.65
2026-05-06,6180.6
2026-05-07,6106.16
2026-05-08,6044.54
2026-05-11,6009.36
2026-05-12,5951.47
2026-05-13,5975.97
2026-05-14,6031.86
2026-05-15,5936.63
2026-05-18,5956.22
2026-05-19,5950.33
2026-05-20,6048.2
2026-05-21,6029.37
2026-05-22,6054.77
2026-05-25,6158.21
2026-05-26,6096.15
2026-05-27,6118.33
2026-05-28,6111.85
2026-05-29,6108.39
2026-06-01,6076.52
2026-06-02,6108.45
2026-06-03,6067.73
2026-06-04,6134.35
2026-06-05,6112.38
2026-06-08,6099.59
2026-06-09,6093.12
2026-06-10,6061.73
2026-06-11,6088.28
2026-06-12,6196.37
2026-06-15,6220.39
2026-06-16,6259.71
2026-06-17,6250.78
2026-06-18,6270.05
2026-06-19,6237.65
2026-06-22,6221.99
2026-06-23,6178.43
2026-06-24,6203.77
2026-06-25,6232.8
2026-06-26,6202.1
2026-06-29,6188.64
2026-06-30,6221.14
2026-07-01,6176.27
2026-07-02,6278.34
2026-07-03,6310.16
2026-07-06,6290.0
2026-07-07,6253.83
2026-07-08,6121.36
2026-07-09,6173.07
2026-07-10,6180.68
2026-07-13,6200.72
2026-07-14,6202.39
2026-07-15,6214.86
2026-07-16,6211.21
2026-07-17,6184.32
2026-07-20,6183.92
2026-07-21,6199.46
