Nom,CAC 40 Gross Return
ISIN,QS0011131834
Symbole,PX1GR
Source,https://markets.ft.com/data/indices/tearsheet/summary?s=PX1GR%3APAR
Date,Close
1987-12-31,1000.0
1988-01-04,984.64
1988-01-05,1021.59
1988-01-06,1028.47
1988-01-07,1024.5
1988-01-08,1029.64
1988-01-11,999.14
1988-01-12,992.39
1988-01-13,968.49
1988-01-14,973.51
1988-01-15,1008.52
1988-01-18,988.23
1988-01-19,972.62
1988-01-20,941.25
1988-01-21,929.27
1988-01-22,917.86
1988-01-25,915.99
1988-01-26,923.99
1988-01-27,914.58
1988-01-28,904.24
1988-01-29,894.4
1988-02-01,912.94
1988-02-02,936.25
1988-02-03,959.15
1988-02-04,973.15
1988-02-05,988.11
1988-02-08,982.86
1988-02-09,982.18
1988-02-10,994.13
1988-02-11,1029.51
1988-02-12,1035.71
1988-02-15,1046.06
1988-02-16,1044.96
1988-02-17,1063.95
1988-02-18,1083.7
1988-02-19,1097.96
1988-02-22,1115.54
1988-02-23,1097.01
1988-02-24,1103.34
1988-02-25,1124.02
1988-02-26,1110.85
1988-02-29,1113.97
1988-03-01,1109.96
1988-03-02,1094.24
1988-03-03,1085.81
1988-03-04,1080.86
1988-03-07,1076.18
1988-03-08,1068.75
1988-03-09,1089.03
1988-03-10,1082.7
1988-03-11,1065.96
1988-03-14,1066.25
1988-03-15,1059.9
1988-03-16,1066.19
1988-03-17,1071.87
1988-03-18,1088.79
1988-03-21,1066.35
1988-03-22,1050.94
1988-03-23,1055.24
1988-03-24,1056.38
1988-03-25,1044.02
1988-03-28,1016.43
1988-03-29,1025.52
1988-03-30,1022.64
1988-03-31,1018.53
1988-04-05,1020.4
1988-04-06,1024.72
1988-04-07,1037.18
1988-04-08,1044.62
1988-04-11,1071.96
1988-04-12,1079.67
1988-04-13,1108.33
1988-04-14,1095.74
1988-04-15,1094.18
1988-04-18,1102.12
1988-04-19,1099.52
1988-04-20,1100.84
1988-04-21,1117.58
1988-04-22,1132.02
1988-04-25,1109.53
1988-04-26,1139.03
1988-04-27,1139.44
1988-04-28,1139.84
1988-04-29,1130.7
1988-05-02,1135.25
1988-05-03,1136.8
1988-05-04,1148.73
1988-05-05,1134.43
1988-05-06,1137.37
1988-05-09,1146.01
1988-05-10,1140.9
1988-05-11,1119.97
1988-05-12,1120.97
1988-05-13,1120.97
1988-05-16,1120.04
1988-05-17,1133.85
1988-05-18,1122.92
1988-05-19,1119.61
1988-05-20,1141.66
1988-05-24,1147.6
1988-05-25,1187.03
1988-05-26,1188.03
1988-05-27,1205.93
1988-05-30,1228.0
1988-05-31,1242.26
1988-06-01,1255.94
1988-06-02,1244.1
1988-06-03,1248.95
1988-06-06,1264.8
1988-06-07,1264.13
1988-06-08,1281.05
1988-06-09,1305.03
1988-06-10,1304.0
1988-06-13,1286.21
1988-06-14,1302.74
1988-06-15,1301.98
1988-06-16,1274.91
1988-06-17,1279.73
1988-06-20,1282.25
1988-06-21,1274.21
1988-06-22,1294.62
1988-06-23,1303.2
1988-06-24,1332.04
1988-06-27,1325.45
1988-06-28,1318.36
1988-06-29,1325.02
1988-06-30,1340.31
1988-07-01,1350.53
1988-07-04,1362.16
1988-07-05,1377.05
1988-07-06,1395.96
1988-07-07,1399.19
1988-07-08,1402.67
1988-07-11,1378.86
1988-07-12,1363.88
1988-07-13,1344.62
1988-07-15,1355.91
1988-07-18,1333.78
1988-07-19,1314.91
1988-07-20,1330.55
1988-07-21,1339.99
1988-07-22,1340.7
1988-07-25,1336.19
1988-07-26,1348.66
1988-07-27,1349.35
1988-07-28,1345.92
1988-07-29,1361.62
1988-08-01,1370.12
1988-08-02,1373.36
1988-08-03,1369.09
1988-08-04,1368.77
1988-08-05,1366.19
1988-08-08,1362.93
1988-08-09,1364.82
1988-08-10,1347.06
1988-08-11,1332.87
1988-08-12,1336.11
1988-08-16,1326.4
1988-08-17,1344.56
1988-08-18,1344.94
1988-08-19,1351.27
1988-08-22,1350.44
1988-08-23,1334.56
1988-08-24,1347.91
1988-08-25,1326.93
1988-08-26,1321.62
1988-08-29,1320.88
1988-08-30,1326.86
1988-08-31,1333.52
1988-09-01,1318.0
1988-09-02,1326.62
1988-09-05,1330.98
1988-09-06,1330.68
1988-09-07,1347.74
1988-09-08,1344.71
1988-09-09,1342.59
1988-09-12,1353.95
1988-09-13,1377.22
1988-09-14,1412.89
1988-09-15,1407.79
1988-09-16,1408.21
1988-09-19,1409.21
1988-09-20,1408.76
1988-09-21,1433.79
1988-09-22,1439.83
1988-09-23,1431.28
1988-09-26,1447.75
1988-09-27,1437.72
1988-09-28,1443.1
1988-09-29,1461.65
1988-09-30,1462.79
1988-10-03,1467.38
1988-10-04,1477.11
1988-10-05,1478.63
1988-10-06,1481.42
1988-10-07,1484.64
1988-10-10,1484.3
1988-10-11,1456.74
1988-10-12,1452.92
1988-10-13,1473.17
1988-10-14,1482.62
1988-10-17,1462.53
1988-10-18,1474.05
1988-10-19,1498.05
1988-10-20,1496.92
1988-10-21,1503.08
1988-10-24,1510.45
1988-10-25,1514.92
1988-10-26,1520.74
1988-10-27,1525.81
1988-10-28,1543.97
1988-11-02,1552.19
1988-11-03,1549.25
1988-11-04,1552.64
1988-11-07,1531.63
1988-11-08,1543.28
1988-11-09,1534.49
1988-11-10,1539.53
1988-11-14,1517.66
1988-11-15,1515.13
1988-11-16,1527.2
1988-11-17,1519.33
1988-11-18,1518.86
1988-11-21,1504.04
1988-11-22,1501.55
1988-11-23,1517.35
1988-11-24,1526.02
1988-11-25,1519.35
1988-11-28,1514.36
1988-11-29,1510.95
1988-11-30,1524.75
1988-12-01,1521.16
1988-12-02,1514.49
1988-12-05,1509.99
1988-12-06,1515.18
1988-12-07,1523.64
1988-12-08,1526.78
1988-12-09,1544.34
1988-12-12,1544.98
1988-12-13,1533.74
1988-12-14,1531.51
1988-12-15,1518.57
1988-12-16,1523.13
1988-12-19,1525.75
1988-12-20,1545.9
1988-12-21,1552.73
1988-12-22,1576.15
1988-12-23,1588.49
1988-12-27,1595.5
1988-12-28,1594.37
1988-12-29,1608.15
1988-12-30,1623.5
1989-01-03,1620.24
1989-01-04,1645.61
1989-01-05,1679.39
1989-01-06,1695.16
1989-01-09,1681.59
1989-01-10,1683.54
1989-01-11,1670.77
1989-01-12,1699.95
1989-01-13,1695.64
1989-01-16,1696.17
1989-01-17,1688.28
1989-01-18,1680.89
1989-01-19,1696.34
1989-01-20,1696.31
1989-01-23,1683.08
1989-01-24,1697.32
1989-01-25,1733.3
1989-01-26,1720.6
1989-01-27,1730.82
1989-01-30,1718.59
1989-01-31,1707.78
1989-02-01,1711.25
1989-02-02,1737.65
1989-02-03,1748.19
1989-02-06,1726.15
1989-02-07,1731.33
1989-02-08,1757.09
1989-02-09,1748.53
1989-02-10,1744.76
1989-02-13,1704.29
1989-02-14,1697.27
1989-02-15,1667.51
1989-02-16,1679.79
1989-02-17,1664.83
1989-02-20,1685.57
1989-02-21,1698.66
1989-02-22,1677.46
1989-02-23,1632.72
1989-02-24,1625.03
1989-02-27,1590.8
1989-02-28,1631.12
1989-03-01,1625.54
1989-03-02,1634.16
1989-03-03,1660.11
1989-03-06,1679.59
1989-03-07,1669.28
1989-03-08,1659.31
1989-03-09,1664.22
1989-03-10,1654.15
1989-03-13,1656.7
1989-03-14,1671.31
1989-03-15,1685.37
1989-03-16,1691.54
1989-03-17,1666.18
1989-03-20,1655.18
1989-03-21,1675.3
1989-03-22,1674.25
1989-03-23,1677.22
1989-03-28,1688.21
1989-03-29,1697.01
1989-03-30,1693.73
1989-03-31,1698.49
1989-04-03,1709.81
1989-04-04,1720.88
1989-04-05,1718.12
1989-04-06,1709.72
1989-04-07,1703.9
1989-04-10,1712.77
1989-04-11,1720.57
1989-04-12,1729.11
1989-04-13,1721.57
1989-04-14,1737.88
1989-04-17,1747.63
1989-04-18,1756.69
1989-04-19,1762.35
1989-04-20,1750.71
1989-04-21,1755.93
1989-04-24,1754.11
1989-04-25,1744.73
1989-04-26,1722.82
1989-04-27,1729.74
1989-04-28,1736.63
1989-05-02,1737.63
1989-05-03,1725.88
1989-05-05,1734.47
1989-05-09,1730.14
1989-05-10,1718.07
1989-05-11,1712.7
1989-05-12,1731.86
1989-05-16,1724.12
1989-05-17,1712.86
1989-05-18,1715.6
1989-05-19,1732.93
1989-05-22,1737.25
1989-05-23,1735.43
1989-05-24,1748.27
1989-05-25,1775.74
1989-05-26,1780.68
1989-05-29,1782.72
1989-05-30,1784.86
1989-05-31,1791.89
1989-06-01,1800.96
1989-06-02,1828.24
1989-06-05,1833.46
1989-06-06,1824.84
1989-06-07,1824.73
1989-06-08,1830.52
1989-06-09,1827.99
1989-06-12,1823.23
1989-06-13,1822.39
1989-06-14,1819.22
1989-06-15,1813.25
1989-06-16,1795.05
1989-06-19,1793.46
1989-06-20,1817.96
1989-06-21,1815.9
1989-06-22,1817.42
1989-06-23,1839.7
1989-06-26,1841.15
1989-06-27,1839.45
1989-06-28,1833.09
1989-06-29,1811.74
1989-06-30,1810.91
1989-07-03,1825.34
1989-07-04,1837.33
1989-07-05,1832.66
1989-07-06,1834.08
1989-07-07,1827.72
1989-07-10,1830.14
1989-07-11,1858.08
1989-07-12,1852.8
1989-07-13,1859.36
1989-07-17,1873.16
1989-07-18,1863.59
1989-07-19,1872.33
1989-07-20,1880.87
1989-07-21,1889.31
1989-07-24,1893.37
1989-07-25,1899.37
1989-07-26,1900.1
1989-07-27,1925.57
1989-07-28,1934.47
1989-07-31,1924.13
1989-08-01,1940.5
1989-08-02,1940.2
1989-08-03,1935.41
1989-08-04,1928.4
1989-08-07,1915.42
1989-08-08,1929.33
1989-08-09,1932.57
1989-08-10,1930.03
1989-08-11,1940.49
1989-08-16,1940.29
1989-08-17,1937.89
1989-08-18,1926.03
1989-08-21,1926.89
1989-08-22,1918.03
1989-08-23,1928.49
1989-08-24,1958.76
1989-08-25,1980.52
1989-08-28,1967.74
1989-08-29,1969.02
1989-08-30,1973.82
1989-08-31,1991.02
1989-09-01,2000.87
1989-09-04,2014.95
1989-09-05,2012.77
1989-09-06,2007.44
1989-09-07,2026.99
1989-09-08,2026.49
1989-09-11,2018.13
1989-09-12,2016.28
1989-09-13,2018.32
1989-09-14,2005.56
1989-09-15,2008.27
1989-09-18,2008.84
1989-09-19,2010.68
1989-09-20,2011.39
1989-09-21,2013.79
1989-09-22,2031.49
1989-09-25,2023.43
1989-09-26,2037.47
1989-09-27,2049.07
1989-09-28,2050.84
1989-09-29,2023.07
1989-10-02,1991.36
1989-10-03,2019.46
1989-10-04,2026.17
1989-10-05,2036.12
1989-10-06,2061.6
1989-10-09,2061.73
1989-10-10,2082.1
1989-10-11,2046.25
1989-10-12,2051.39
1989-10-13,2049.77
1989-10-16,1920.85
1989-10-17,1916.48
1989-10-18,1940.29
1989-10-19,1990.09
1989-10-20,1978.71
1989-10-23,1980.0
1989-10-24,1945.33
1989-10-25,1938.89
1989-10-26,1927.41
1989-10-27,1876.77
1989-10-30,1915.74
1989-10-31,1931.15
1989-11-02,1932.29
1989-11-03,1918.98
1989-11-06,1892.32
1989-11-07,1879.63
1989-11-08,1894.05
1989-11-09,1911.6
1989-11-10,1932.02
1989-11-13,1931.15
1989-11-14,1925.85
1989-11-15,1928.09
1989-11-16,1942.3
1989-11-17,1950.41
1989-11-20,1947.06
1989-11-21,1937.2
1989-11-22,1949.91
1989-11-23,1956.68
1989-11-24,1972.1
1989-11-27,1978.16
1989-11-28,1974.38
1989-11-29,1987.18
1989-11-30,2007.05
1989-12-01,2038.16
1989-12-04,2058.72
1989-12-05,2058.9
1989-12-06,2081.23
1989-12-07,2086.89
1989-12-08,2101.39
1989-12-11,2092.69
1989-12-12,2093.66
1989-12-13,2081.37
1989-12-14,2075.2
1989-12-15,2069.68
1989-12-18,2065.78
1989-12-19,2051.21
1989-12-20,2071.69
1989-12-21,2098.79
1989-12-22,2103.61
1989-12-26,2099.49
1989-12-27,2108.16
1989-12-28,2122.14
1989-12-29,2124.53
1990-01-02,2111.55
1990-01-03,2102.03
1990-01-04,2130.67
1990-01-05,2117.86
1990-01-08,2090.87
1990-01-09,2092.29
1990-01-10,2092.39
1990-01-11,2116.3
1990-01-12,2090.56
1990-01-15,2084.44
1990-01-16,2055.04
1990-01-17,2074.09
1990-01-18,2054.52
1990-01-19,2045.21
1990-01-22,2034.45
1990-01-23,2030.78
1990-01-24,1998.25
1990-01-25,2010.47
1990-01-26,2003.58
1990-01-29,2022.65
1990-01-30,2009.19
1990-01-31,1999.63
1990-02-01,2013.33
1990-02-02,2044.32
1990-02-05,2045.85
1990-02-06,2035.43
1990-02-07,2013.02
1990-02-08,2023.94
1990-02-09,2016.23
1990-02-12,1983.46
1990-02-13,1960.12
1990-02-14,1969.21
1990-02-15,1972.26
1990-02-16,1987.41
1990-02-19,1952.26
1990-02-20,1933.28
1990-02-21,1915.89
1990-02-22,1951.07
1990-02-23,1915.72
1990-02-26,1916.22
1990-02-27,1938.82
1990-02-28,1964.63
1990-03-01,1946.32
1990-03-02,1976.1
1990-03-05,1990.92
1990-03-06,1988.66
1990-03-07,1997.45
1990-03-08,2037.19
1990-03-09,2040.5
1990-03-12,2031.45
1990-03-13,2043.89
1990-03-14,2067.33
1990-03-15,2086.56
1990-03-16,2080.55
1990-03-19,2057.34
1990-03-20,2045.05
1990-03-21,2057.57
1990-03-22,2033.07
1990-03-23,2057.81
1990-03-26,2086.23
1990-03-27,2066.9
1990-03-28,2059.85
1990-03-29,2068.95
1990-03-30,2095.05
1990-04-02,2068.9
1990-04-03,2109.67
1990-04-04,2126.61
1990-04-05,2154.84
1990-04-06,2199.29
1990-04-09,2214.16
1990-04-10,2205.12
1990-04-11,2234.57
1990-04-12,2248.98
1990-04-17,2259.27
1990-04-18,2229.88
1990-04-19,2228.21
1990-04-20,2262.43
1990-04-23,2220.4
1990-04-24,2232.76
1990-04-25,2222.31
1990-04-26,2203.02
1990-04-27,2196.77
1990-04-30,2175.71
1990-05-02,2198.28
1990-05-03,2233.32
1990-05-04,2237.24
1990-05-07,2255.53
1990-05-09,2238.36
1990-05-10,2239.83
1990-05-11,2226.3
1990-05-14,2224.48
1990-05-15,2204.59
1990-05-16,2204.62
1990-05-17,2240.01
1990-05-18,2235.99
1990-05-21,2227.53
1990-05-22,2251.78
1990-05-23,2260.67
1990-05-25,2249.03
1990-05-28,2251.68
1990-05-29,2260.94
1990-05-30,2258.51
1990-05-31,2244.35
1990-06-01,2223.68
1990-06-05,2206.55
1990-06-06,2183.84
1990-06-07,2189.55
1990-06-08,2160.99
1990-06-11,2145.97
1990-06-12,2149.66
1990-06-13,2170.84
1990-06-14,2176.03
1990-06-15,2158.84
1990-06-18,2133.58
1990-06-19,2150.36
1990-06-20,2154.15
1990-06-21,2158.79
1990-06-22,2184.32
1990-06-25,2195.08
1990-06-26,2210.05
1990-06-27,2192.37
1990-06-28,2193.93
1990-06-29,2195.4
1990-07-02,2206.05
1990-07-03,2208.7
1990-07-04,2191.25
1990-07-05,2175.07
1990-07-06,2177.17
1990-07-09,2165.29
1990-07-10,2138.72
1990-07-11,2146.96
1990-07-12,2151.96
1990-07-13,2177.2
1990-07-16,2198.7
1990-07-17,2203.71
1990-07-18,2214.74
1990-07-19,2207.87
1990-07-20,2215.82
1990-07-23,2171.57
1990-07-24,2177.65
1990-07-25,2180.89
1990-07-26,2165.38
1990-07-27,2145.1
1990-07-30,2133.72
1990-07-31,2145.42
1990-08-01,2139.91
1990-08-02,2094.47
1990-08-03,2040.97
1990-08-06,1936.54
1990-08-07,1978.08
1990-08-08,1918.31
1990-08-09,1943.17
1990-08-10,1943.13
1990-08-13,1878.91
1990-08-14,1869.11
1990-08-16,1881.54
1990-08-17,1817.76
1990-08-20,1759.81
1990-08-21,1688.41
1990-08-22,1731.81
1990-08-23,1695.87
1990-08-24,1765.82
1990-08-27,1855.67
1990-08-28,1834.77
1990-08-29,1854.52
1990-08-30,1881.34
1990-08-31,1845.25
1990-09-03,1794.85
1990-09-04,1769.65
1990-09-05,1788.64
1990-09-06,1757.18
1990-09-07,1767.72
1990-09-10,1814.23
1990-09-11,1805.69
1990-09-12,1799.31
1990-09-13,1797.32
1990-09-14,1763.1
1990-09-17,1751.18
1990-09-18,1724.89
1990-09-19,1714.36
1990-09-20,1681.95
1990-09-21,1685.15
1990-09-24,1640.68
1990-09-25,1621.67
1990-09-26,1636.72
1990-09-27,1663.77
1990-09-28,1628.63
1990-10-01,1682.18
1990-10-02,1717.26
1990-10-03,1711.3
1990-10-04,1695.2
1990-10-05,1694.32
1990-10-08,1731.69
1990-10-09,1693.81
1990-10-10,1681.43
1990-10-11,1683.22
1990-10-12,1720.28
1990-10-15,1745.61
1990-10-16,1748.89
1990-10-17,1764.27
1990-10-18,1798.84
1990-10-19,1795.6
1990-10-22,1790.42
1990-10-23,1829.96
1990-10-24,1820.22
1990-10-25,1797.01
1990-10-26,1767.09
1990-10-29,1777.26
1990-10-30,1761.64
1990-10-31,1796.56
1990-11-02,1784.79
1990-11-05,1769.25
1990-11-06,1761.53
1990-11-07,1728.75
1990-11-08,1713.89
1990-11-09,1717.14
1990-11-12,1743.89
1990-11-13,1757.86
1990-11-14,1745.85
1990-11-15,1744.64
1990-11-16,1760.02
1990-11-19,1783.54
1990-11-20,1782.99
1990-11-21,1776.25
1990-11-22,1790.13
1990-11-23,1790.53
1990-11-26,1754.7
1990-11-27,1753.26
1990-11-28,1748.16
1990-11-29,1754.51
1990-11-30,1753.15
1990-12-03,1796.56
1990-12-04,1798.38
1990-12-05,1813.57
1990-12-06,1849.7
1990-12-07,1846.63
1990-12-10,1829.48
1990-12-11,1819.14
1990-12-12,1821.66
1990-12-13,1812.43
1990-12-14,1786.35
1990-12-17,1754.36
1990-12-18,1738.44
1990-12-19,1735.89
1990-12-20,1695.92
1990-12-21,1708.2
1990-12-26,1678.62
1990-12-27,1669.9
1990-12-28,1657.91
1991-01-02,1643.9
1991-01-03,1681.48
1991-01-04,1690.39
1991-01-07,1648.75
1991-01-08,1643.18
1991-01-09,1697.21
1991-01-10,1647.9
1991-01-11,1634.61
1991-01-14,1576.34
1991-01-15,1593.94
1991-01-16,1594.49
1991-01-17,1706.82
1991-01-18,1706.61
1991-01-21,1699.27
1991-01-22,1693.88
1991-01-23,1665.16
1991-01-24,1699.49
1991-01-25,1709.59
1991-01-28,1712.53
1991-01-29,1700.28
1991-01-30,1730.86
1991-01-31,1729.08
1991-02-01,1726.25
1991-02-04,1730.24
1991-02-05,1757.21
1991-02-06,1748.16
1991-02-07,1748.54
1991-02-08,1775.38
1991-02-11,1791.29
1991-02-12,1779.2
1991-02-13,1789.7
1991-02-14,1808.12
1991-02-15,1827.49
1991-02-18,1854.38
1991-02-19,1860.91
1991-02-20,1852.31
1991-02-21,1870.53
1991-02-22,1878.36
1991-02-25,1909.31
1991-02-26,1873.36
1991-02-27,1893.83
1991-02-28,1925.31
1991-03-01,1911.08
1991-03-04,1932.91
1991-03-05,1969.99
1991-03-06,1992.28
1991-03-07,2004.15
1991-03-08,2000.09
1991-03-11,1965.69
1991-03-12,1964.35
1991-03-13,1948.7
1991-03-14,1987.69
1991-03-15,1969.83
1991-03-18,1945.13
1991-03-19,1904.72
1991-03-20,1917.02
1991-03-21,1937.92
1991-03-22,1938.82
1991-03-25,1940.36
1991-03-26,1942.7
1991-03-27,1966.75
1991-03-28,1987.87
1991-04-02,1999.63
1991-04-03,2026.76
1991-04-04,2009.6
1991-04-05,2026.56
1991-04-08,2022.03
1991-04-09,2020.27
1991-04-10,1988.48
1991-04-11,1997.98
1991-04-12,1993.43
1991-04-15,1994.43
1991-04-16,1973.15
1991-04-17,2002.2
1991-04-18,1987.19
1991-04-19,1960.25
1991-04-22,1934.07
1991-04-23,1950.08
1991-04-24,1950.3
1991-04-25,1946.15
1991-04-26,1943.59
1991-04-29,1968.43
1991-04-30,1948.53
1991-05-02,1997.87
1991-05-03,2006.72
1991-05-06,2002.84
1991-05-07,2004.38
1991-05-10,2026.39
1991-05-13,2009.06
1991-05-14,1977.43
1991-05-15,1974.21
1991-05-16,2000.15
1991-05-17,2000.86
1991-05-21,2008.2
1991-05-22,2006.05
1991-05-23,1986.97
1991-05-24,1977.24
1991-05-27,1973.61
1991-05-28,1980.51
1991-05-29,2000.11
1991-05-30,2013.19
1991-05-31,2040.25
1991-06-03,2048.4
1991-06-04,2033.25
1991-06-05,2046.03
1991-06-06,2052.55
1991-06-07,2041.11
1991-06-10,2038.73
1991-06-11,2070.27
1991-06-12,2041.88
1991-06-13,2042.16
1991-06-14,2054.45
1991-06-17,2039.72
1991-06-18,2028.26
1991-06-19,1992.32
1991-06-20,1987.29
1991-06-21,2001.67
1991-06-24,1967.32
1991-06-25,1967.22
1991-06-26,1950.58
1991-06-27,1958.86
1991-06-28,1938.74
1991-07-01,1977.86
1991-07-02,1966.12
1991-07-03,1930.28
1991-07-04,1922.33
1991-07-05,1939.32
1991-07-08,1929.36
1991-07-09,1952.31
1991-07-10,1980.61
1991-07-11,1976.84
1991-07-12,1977.14
1991-07-15,1985.91
1991-07-16,1981.97
1991-07-17,1984.91
1991-07-18,1984.26
1991-07-19,1991.04
1991-07-22,1990.18
1991-07-23,1997.13
1991-07-24,2007.44
1991-07-25,2010.35
1991-07-26,1996.93
1991-07-29,1985.91
1991-07-30,1984.42
1991-07-31,1982.92
1991-08-01,1996.57
1991-08-02,1996.25
1991-08-05,1991.39
1991-08-06,1988.35
1991-08-07,2014.23
1991-08-08,2022.21
1991-08-09,2015.48
1991-08-12,2011.91
1991-08-13,2044.07
1991-08-14,2057.03
1991-08-19,1907.0
1991-08-20,1949.97
1991-08-21,2026.02
1991-08-22,2055.7
1991-08-23,2071.88
1991-08-26,2094.4
1991-08-27,2090.21
1991-08-28,2092.65
1991-08-29,2099.32
1991-08-30,2106.7
1991-09-02,2105.85
1991-09-03,2116.78
1991-09-04,2102.81
1991-09-05,2111.67
1991-09-06,2102.32
1991-09-09,2097.23
1991-09-10,2079.81
1991-09-11,2082.17
1991-09-12,2103.2
1991-09-13,2120.18
1991-09-16,2122.52
1991-09-17,2122.7
1991-09-18,2112.51
1991-09-19,2124.89
1991-09-20,2130.68
1991-09-23,2133.92
1991-09-24,2130.39
1991-09-25,2122.14
1991-09-26,2120.51
1991-09-27,2128.78
1991-09-30,2125.15
1991-10-01,2132.81
1991-10-02,2122.51
1991-10-03,2109.92
1991-10-04,2092.73
1991-10-07,2083.33
1991-10-08,2088.45
1991-10-09,2083.16
1991-10-10,2083.4
1991-10-11,2072.29
1991-10-14,2071.8
1991-10-15,2098.36
1991-10-16,2105.72
1991-10-17,2096.77
1991-10-18,2106.62
1991-10-21,2086.02
1991-10-22,2075.65
1991-10-23,2068.39
1991-10-24,2069.8
1991-10-25,2073.4
1991-10-28,2092.92
1991-10-29,2094.53
1991-10-30,2103.92
1991-10-31,2098.12
1991-11-04,2080.99
1991-11-05,2087.09
1991-11-06,2074.83
1991-11-07,2077.66
1991-11-08,2099.11
1991-11-12,2100.12
1991-11-13,2086.96
1991-11-14,2111.53
1991-11-15,2105.5
1991-11-18,2043.42
1991-11-19,1994.63
1991-11-20,1992.82
1991-11-21,1995.68
1991-11-22,1967.72
1991-11-25,1969.95
1991-11-26,1999.02
1991-11-27,1986.46
1991-11-28,1983.1
1991-11-29,1966.76
1991-12-02,1931.8
1991-12-03,1946.98
1991-12-04,1937.63
1991-12-05,1925.53
1991-12-06,1905.73
1991-12-09,1880.46
1991-12-10,1850.57
1991-12-11,1860.32
1991-12-12,1889.79
1991-12-13,1908.61
1991-12-16,1918.26
1991-12-17,1935.13
1991-12-18,1928.84
1991-12-19,1904.0
1991-12-20,1863.66
1991-12-23,1846.77
1991-12-24,1920.85
1991-12-26,1947.28
1991-12-27,1945.22
1991-12-30,1969.2
1991-12-31,1996.1
1992-01-02,1978.3
1992-01-03,2001.35
1992-01-06,2020.87
1992-01-07,2010.88
1992-01-08,2018.69
1992-01-09,2073.21
1992-01-10,2077.25
1992-01-13,2062.38
1992-01-14,2084.45
1992-01-15,2118.16
1992-01-16,2103.51
1992-01-17,2103.24
1992-01-20,2109.91
1992-01-21,2112.25
1992-01-22,2082.17
1992-01-23,2079.2
1992-01-24,2091.9
1992-01-27,2113.78
1992-01-28,2137.9
1992-01-29,2125.51
1992-01-30,2119.07
1992-01-31,2120.8
1992-02-03,2100.32
1992-02-04,2099.74
1992-02-05,2110.27
1992-02-06,2104.42
1992-02-07,2105.55
1992-02-10,2110.01
1992-02-11,2108.32
1992-02-12,2105.54
1992-02-13,2122.36
1992-02-14,2109.51
1992-02-17,2128.69
1992-02-18,2162.78
1992-02-19,2166.4
1992-02-20,2206.9
1992-02-21,2219.52
1992-02-24,2235.52
1992-02-25,2209.51
1992-02-26,2240.93
1992-02-27,2245.24
1992-02-28,2243.27
1992-03-02,2239.08
1992-03-03,2243.72
1992-03-04,2248.6
1992-03-05,2231.58
1992-03-06,2224.64
1992-03-09,2235.25
1992-03-10,2255.15
1992-03-11,2225.91
1992-03-12,2196.19
1992-03-13,2202.19
1992-03-16,2182.02
1992-03-17,2198.27
1992-03-18,2180.84
1992-03-19,2173.84
1992-03-20,2170.6
1992-03-23,2131.52
1992-03-24,2144.74
1992-03-25,2180.95
1992-03-26,2188.28
1992-03-27,2175.6
1992-03-30,2198.45
1992-03-31,2197.66
1992-04-01,2181.41
1992-04-02,2197.11
1992-04-03,2198.0
1992-04-06,2234.25
1992-04-07,2234.93
1992-04-08,2158.11
1992-04-09,2199.02
1992-04-10,2233.44
1992-04-13,2221.24
1992-04-14,2231.45
1992-04-15,2252.25
1992-04-16,2238.14
1992-04-21,2240.57
1992-04-22,2244.32
1992-04-23,2238.06
1992-04-24,2245.71
1992-04-27,2257.95
1992-04-28,2271.54
1992-04-29,2305.61
1992-04-30,2299.3
1992-05-04,2311.16
1992-05-05,2317.18
1992-05-06,2317.42
1992-05-07,2335.82
1992-05-11,2351.76
1992-05-12,2336.08
1992-05-13,2324.23
1992-05-14,2283.29
1992-05-15,2291.16
1992-05-18,2322.5
1992-05-19,2290.83
1992-05-20,2299.56
1992-05-21,2283.7
1992-05-22,2315.73
1992-05-25,2319.53
1992-05-26,2300.64
1992-05-27,2283.07
1992-05-29,2304.84
1992-06-01,2293.41
1992-06-02,2301.9
1992-06-03,2265.23
1992-06-04,2267.8
1992-06-05,2259.61
1992-06-09,2240.97
1992-06-10,2231.87
1992-06-11,2205.5
1992-06-12,2205.41
1992-06-15,2194.0
1992-06-16,2209.18
1992-06-17,2186.95
1992-06-18,2167.43
1992-06-19,2197.27
1992-06-22,2164.95
1992-06-23,2176.47
1992-06-24,2180.88
1992-06-25,2204.65
1992-06-26,2200.29
1992-06-29,2194.7
1992-06-30,2189.0
1992-07-01,2172.85
1992-07-02,2174.84
1992-07-03,2188.6
1992-07-06,2177.15
1992-07-07,2189.46
1992-07-08,2152.95
1992-07-09,2169.37
1992-07-10,2168.93
1992-07-15,2161.71
1992-07-16,2159.35
1992-07-17,2101.67
1992-07-20,2063.14
1992-07-21,2057.04
1992-07-22,2015.98
1992-07-23,2024.24
1992-07-24,2024.31
1992-07-27,2048.5
1992-07-28,2064.43
1992-07-29,2102.52
1992-07-30,2080.27
1992-07-31,2048.33
1992-08-03,2083.08
1992-08-04,2086.8
1992-08-05,2098.88
1992-08-06,2094.05
1992-08-07,2074.71
1992-08-10,2048.97
1992-08-11,2028.64
1992-08-12,2019.59
1992-08-13,2010.61
1992-08-14,2046.92
1992-08-17,2051.41
1992-08-18,2027.37
1992-08-19,2024.44
1992-08-20,2012.73
1992-08-21,2036.08
1992-08-24,1972.5
1992-08-25,1946.83
1992-08-26,1946.92
1992-08-27,1969.99
1992-08-28,1969.95
1992-08-31,1966.86
1992-09-01,1954.43
1992-09-02,1997.83
1992-09-03,2078.43
1992-09-04,2076.71
1992-09-07,2077.08
1992-09-08,2058.83
1992-09-09,2050.78
1992-09-10,2071.11
1992-09-11,2103.57
1992-09-14,2187.17
1992-09-15,2143.44
1992-09-16,2171.02
1992-09-17,2162.81
1992-09-18,2198.06
1992-09-21,2131.66
1992-09-22,2139.55
1992-09-23,2135.02
1992-09-24,2135.68
1992-09-25,2152.06
1992-09-28,2066.52
1992-09-29,2021.79
1992-09-30,2027.39
1992-10-01,2012.53
1992-10-02,1965.06
1992-10-05,1880.66
1992-10-06,1882.38
1992-10-07,1930.98
1992-10-08,1954.0
1992-10-09,1934.71
1992-10-12,1932.04
1992-10-13,1967.1
1992-10-14,1947.07
1992-10-15,1926.16
1992-10-16,1942.7
1992-10-19,1960.06
1992-10-20,2021.0
1992-10-21,2010.47
1992-10-22,2020.39
1992-10-23,2062.04
1992-10-26,2067.08
1992-10-27,2071.46
1992-10-28,2042.71
1992-10-29,2020.54
1992-10-30,2034.0
1992-11-03,2085.99
1992-11-04,2105.99
1992-11-05,2106.73
1992-11-06,2093.8
1992-11-09,2085.66
1992-11-10,2099.45
1992-11-12,2126.36
1992-11-13,2097.51
1992-11-16,2069.41
1992-11-17,2059.73
1992-11-18,2053.58
1992-11-19,2010.58
1992-11-20,2012.74
1992-11-23,1955.05
1992-11-24,2008.57
1992-11-25,2008.99
1992-11-26,2030.83
1992-11-27,2042.48
1992-11-30,2068.66
1992-12-01,2093.09
1992-12-02,2082.63
1992-12-03,2101.42
1992-12-04,2080.7
1992-12-07,2088.79
1992-12-08,2062.25
1992-12-09,2091.77
1992-12-10,2066.45
1992-12-11,2053.86
1992-12-14,2029.99
1992-12-15,2037.61
1992-12-16,2028.16
1992-12-17,2026.45
1992-12-18,2055.52
1992-12-21,2086.08
1992-12-22,2130.55
1992-12-23,2126.75
1992-12-24,2165.84
1992-12-28,2169.27
1992-12-29,2184.17
1992-12-30,2170.72
1992-12-31,2169.57
1993-01-04,2152.4
1993-01-05,2161.39
1993-01-06,2171.72
1993-01-07,2154.03
1993-01-08,2163.55
1993-01-11,2119.12
1993-01-12,2098.31
1993-01-13,2081.69
1993-01-14,2106.79
1993-01-15,2134.29
1993-01-18,2146.5
1993-01-19,2146.74
1993-01-20,2124.64
1993-01-21,2116.88
1993-01-22,2126.51
1993-01-25,2079.17
1993-01-26,2093.95
1993-01-27,2076.19
1993-01-28,2080.04
1993-01-29,2070.47
1993-02-01,2086.65
1993-02-02,2088.3
1993-02-03,2131.33
1993-02-04,2166.67
1993-02-05,2229.52
1993-02-08,2225.5
1993-02-09,2213.02
1993-02-10,2212.16
1993-02-11,2226.47
1993-02-12,2233.95
1993-02-15,2219.37
1993-02-16,2194.46
1993-02-17,2225.77
1993-02-18,2250.95
1993-02-19,2263.4
1993-02-22,2289.17
1993-02-23,2271.87
1993-02-24,2282.69
1993-02-25,2272.46
1993-02-26,2318.12
1993-03-01,2335.75
1993-03-02,2338.9
1993-03-03,2331.6
1993-03-04,2321.67
1993-03-05,2331.45
1993-03-08,2342.13
1993-03-09,2348.48
1993-03-10,2328.3
1993-03-11,2324.23
1993-03-12,2296.47
1993-03-15,2320.83
1993-03-16,2308.23
1993-03-17,2298.92
1993-03-18,2294.52
1993-03-19,2293.55
1993-03-22,2266.2
1993-03-23,2281.28
1993-03-24,2284.07
1993-03-25,2338.75
1993-03-26,2367.96
1993-03-29,2377.41
1993-03-30,2379.81
1993-03-31,2374.51
1993-04-01,2344.72
1993-04-02,2327.1
1993-04-05,2308.23
1993-04-06,2332.38
1993-04-07,2319.08
1993-04-08,2322.47
1993-04-13,2358.97
1993-04-14,2355.87
1993-04-15,2324.54
1993-04-16,2322.28
1993-04-19,2301.49
1993-04-20,2278.6
1993-04-21,2258.21
1993-04-22,2272.91
1993-04-23,2240.32
1993-04-26,2234.52
1993-04-27,2252.98
1993-04-28,2270.63
1993-04-29,2244.96
1993-04-30,2267.86
1993-05-03,2265.45
1993-05-04,2249.85
1993-05-05,2253.03
1993-05-06,2246.18
1993-05-07,2197.15
1993-05-10,2196.25
1993-05-11,2169.7
1993-05-12,2190.94
1993-05-13,2199.43
1993-05-14,2166.45
1993-05-17,2148.32
1993-05-18,2160.81
1993-05-19,2149.56
1993-05-24,2178.34
1993-05-25,2214.44
1993-05-26,2213.67
1993-05-27,2230.24
1993-05-28,2211.64
1993-06-01,2198.15
1993-06-02,2201.71
1993-06-03,2193.74
1993-06-04,2184.07
1993-06-07,2223.64
1993-06-08,2230.46
1993-06-09,2257.15
1993-06-10,2253.24
1993-06-11,2264.11
1993-06-14,2265.83
1993-06-15,2244.13
1993-06-16,2270.3
1993-06-17,2248.42
1993-06-18,2262.56
1993-06-21,2284.92
1993-06-22,2292.16
1993-06-23,2300.6
1993-06-24,2325.34
1993-06-25,2333.47
1993-06-28,2369.3
1993-06-29,2356.82
1993-06-30,2351.61
1993-07-01,2339.08
1993-07-02,2326.04
1993-07-05,2313.87
1993-07-06,2325.5
1993-07-07,2336.99
1993-07-08,2381.64
1993-07-09,2388.91
1993-07-12,2398.72
1993-07-13,2397.44
1993-07-15,2363.63
1993-07-16,2377.91
1993-07-19,2387.12
1993-07-20,2371.16
1993-07-21,2345.97
1993-07-22,2367.88
1993-07-23,2403.2
1993-07-26,2416.67
1993-07-27,2406.89
1993-07-28,2396.56
1993-07-29,2452.53
1993-07-30,2514.73
1993-08-02,2566.76
1993-08-03,2544.51
1993-08-04,2533.4
1993-08-05,2550.2
1993-08-06,2591.83
1993-08-09,2578.2
1993-08-10,2579.72
1993-08-11,2613.01
1993-08-12,2606.35
1993-08-13,2589.63
1993-08-17,2575.51
1993-08-18,2605.0
1993-08-19,2579.02
1993-08-20,2565.75
1993-08-23,2545.47
1993-08-24,2559.97
1993-08-25,2603.26
1993-08-26,2620.5
1993-08-27,2632.88
1993-08-30,2659.15
1993-08-31,2672.2
1993-09-01,2642.59
1993-09-02,2634.38
1993-09-03,2599.38
1993-09-06,2601.64
1993-09-07,2576.72
1993-09-08,2567.25
1993-09-09,2542.31
1993-09-10,2541.86
1993-09-13,2554.75
1993-09-14,2572.92
1993-09-15,2505.85
1993-09-16,2502.4
1993-09-17,2531.16
1993-09-20,2540.63
1993-09-21,2525.0
1993-09-22,2507.6
1993-09-23,2480.56
1993-09-24,2522.84
1993-09-27,2542.14
1993-09-28,2555.83
1993-09-29,2564.07
1993-09-30,2549.39
1993-10-01,2551.92
1993-10-04,2566.31
1993-10-05,2602.61
1993-10-06,2609.47
1993-10-07,2588.91
1993-10-08,2599.73
1993-10-11,2578.44
1993-10-12,2564.13
1993-10-13,2564.65
1993-10-14,2548.49
1993-10-15,2579.09
1993-10-18,2586.0
1993-10-19,2588.81
1993-10-20,2591.66
1993-10-21,2651.98
1993-10-22,2690.73
1993-10-25,2685.75
1993-10-26,2664.82
1993-10-27,2642.7
1993-10-28,2647.48
1993-10-29,2630.56
1993-11-02,2615.81
1993-11-03,2617.55
1993-11-04,2575.13
1993-11-05,2508.86
1993-11-08,2513.42
1993-11-09,2547.3
1993-11-10,2516.48
1993-11-12,2527.96
1993-11-15,2553.34
1993-11-16,2550.86
1993-11-17,2589.62
1993-11-18,2591.64
1993-11-19,2586.29
1993-11-22,2510.8
1993-11-23,2497.36
1993-11-24,2496.33
1993-11-25,2553.94
1993-11-26,2556.62
1993-11-29,2555.03
1993-11-30,2544.68
1993-12-01,2597.61
1993-12-02,2605.41
1993-12-03,2639.12
1993-12-06,2637.12
1993-12-07,2624.31
1993-12-08,2659.52
1993-12-09,2666.86
1993-12-10,2650.85
1993-12-13,2648.66
1993-12-14,2600.65
1993-12-15,2608.04
1993-12-16,2605.18
1993-12-17,2648.82
1993-12-20,2681.42
1993-12-21,2672.23
1993-12-22,2684.22
1993-12-23,2704.99
1993-12-24,2715.19
1993-12-27,2745.42
1993-12-28,2731.06
1993-12-29,2751.87
1993-12-30,2751.05
1993-12-31,2735.38
1994-01-03,2762.32
1994-01-04,2742.76
1994-01-05,2712.87
1994-01-06,2743.62
1994-01-07,2782.81
1994-01-10,2794.51
1994-01-11,2811.48
1994-01-12,2751.87
1994-01-13,2716.59
1994-01-14,2728.73
1994-01-17,2695.6
1994-01-18,2710.76
1994-01-19,2743.71
1994-01-20,2723.37
1994-01-21,2706.68
1994-01-24,2743.49
1994-01-25,2748.14
1994-01-26,2752.97
1994-01-27,2751.29
1994-01-28,2790.15
1994-01-31,2815.97
1994-02-01,2812.44
1994-02-02,2842.17
1994-02-03,2801.23
1994-02-04,2809.88
1994-02-07,2759.08
1994-02-08,2774.51
1994-02-09,2777.18
1994-02-10,2770.8
1994-02-11,2744.65
1994-02-14,2706.12
1994-02-15,2723.99
1994-02-16,2731.65
1994-02-17,2751.99
1994-02-18,2716.53
1994-02-21,2672.39
1994-02-22,2686.3
1994-02-23,2716.78
1994-02-24,2664.05
1994-02-25,2652.75
1994-02-28,2699.97
1994-03-01,2633.69
1994-03-02,2587.29
1994-03-03,2599.06
1994-03-04,2628.34
1994-03-07,2678.04
1994-03-08,2673.88
1994-03-09,2653.61
1994-03-10,2635.46
1994-03-11,2623.78
1994-03-14,2672.18
1994-03-15,2724.65
1994-03-16,2705.57
1994-03-17,2711.77
1994-03-18,2679.8
1994-03-21,2657.3
1994-03-22,2654.87
1994-03-23,2654.26
1994-03-24,2596.82
1994-03-25,2577.6
1994-03-28,2587.08
1994-03-29,2561.7
1994-03-30,2514.6
1994-03-31,2512.28
1994-04-05,2534.37
1994-04-06,2568.12
1994-04-07,2557.68
1994-04-08,2551.9
1994-04-11,2588.71
1994-04-12,2592.66
1994-04-13,2597.26
1994-04-14,2581.19
1994-04-15,2605.98
1994-04-18,2606.55
1994-04-19,2577.49
1994-04-20,2537.34
1994-04-21,2524.36
1994-04-22,2576.52
1994-04-25,2553.72
1994-04-26,2572.82
1994-04-27,2592.64
1994-04-28,2596.17
1994-04-29,2615.14
1994-05-02,2639.61
1994-05-03,2630.87
1994-05-04,2585.7
1994-05-05,2611.1
1994-05-06,2605.79
1994-05-09,2583.09
1994-05-10,2613.95
1994-05-11,2628.15
1994-05-13,2640.54
1994-05-16,2645.43
1994-05-17,2654.47
1994-05-18,2640.95
1994-05-19,2619.17
1994-05-20,2607.17
1994-05-24,2580.43
1994-05-25,2521.27
1994-05-26,2530.92
1994-05-27,2481.04
1994-05-30,2485.47
1994-05-31,2458.1
1994-06-01,2397.28
1994-06-02,2430.82
1994-06-03,2472.43
1994-06-06,2475.22
1994-06-07,2458.92
1994-06-08,2486.95
1994-06-09,2466.0
1994-06-10,2457.88
1994-06-13,2412.08
1994-06-14,2429.55
1994-06-15,2400.14
1994-06-16,2373.03
1994-06-17,2364.65
1994-06-20,2324.46
1994-06-21,2309.48
1994-06-22,2341.56
1994-06-23,2368.4
1994-06-24,2329.32
1994-06-27,2346.29
1994-06-28,2365.37
1994-06-29,2382.45
1994-06-30,2329.34
1994-07-01,2311.26
1994-07-04,2315.35
1994-07-05,2333.23
1994-07-06,2345.96
1994-07-07,2386.0
1994-07-08,2386.04
1994-07-11,2422.02
1994-07-12,2412.49
1994-07-13,2454.06
1994-07-18,2516.87
1994-07-19,2550.67
1994-07-20,2540.97
1994-07-21,2553.48
1994-07-22,2538.1
1994-07-25,2561.01
1994-07-26,2582.15
1994-07-27,2555.85
1994-07-28,2553.05
1994-07-29,2580.45
1994-08-01,2573.72
1994-08-02,2632.98
1994-08-03,2630.29
1994-08-04,2607.14
1994-08-05,2620.35
1994-08-08,2619.44
1994-08-09,2579.82
1994-08-10,2566.99
1994-08-11,2535.61
1994-08-12,2495.83
1994-08-16,2502.55
1994-08-17,2530.69
1994-08-18,2500.3
1994-08-19,2488.85
1994-08-22,2453.16
1994-08-23,2487.98
1994-08-24,2495.02
1994-08-25,2520.18
1994-08-26,2565.22
1994-08-29,2580.8
1994-08-30,2562.27
1994-08-31,2573.1
1994-09-01,2530.61
1994-09-02,2512.53
1994-09-05,2484.95
1994-09-06,2439.25
1994-09-07,2442.68
1994-09-08,2466.55
1994-09-09,2423.55
1994-09-12,2445.9
1994-09-13,2449.1
1994-09-14,2428.67
1994-09-15,2458.97
1994-09-16,2393.41
1994-09-19,2391.27
1994-09-20,2386.78
1994-09-21,2359.33
1994-09-22,2362.05
1994-09-23,2396.84
1994-09-26,2366.21
1994-09-27,2364.42
1994-09-28,2368.99
1994-09-29,2333.21
1994-09-30,2337.04
1994-10-03,2304.19
1994-10-04,2333.15
1994-10-05,2280.42
1994-10-06,2292.44
1994-10-07,2308.6
1994-10-10,2360.75
1994-10-11,2386.5
1994-10-12,2385.41
1994-10-13,2432.1
1994-10-14,2403.92
1994-10-17,2370.84
1994-10-18,2361.12
1994-10-19,2333.4
1994-10-20,2322.28
1994-10-21,2290.84
1994-10-24,2290.21
1994-10-25,2268.86
1994-10-26,2277.72
1994-10-27,2310.76
1994-10-28,2369.93
1994-11-02,2330.03
1994-11-03,2376.7
1994-11-04,2402.22
1994-11-07,2370.41
1994-11-08,2389.64
1994-11-09,2417.4
1994-11-10,2422.99
1994-11-14,2413.95
1994-11-15,2430.67
1994-11-16,2425.28
1994-11-17,2397.09
1994-11-18,2395.8
1994-11-21,2397.46
1994-11-22,2377.04
1994-11-23,2354.25
1994-11-24,2405.97
1994-11-25,2419.92
1994-11-28,2427.99
1994-11-29,2412.56
1994-11-30,2458.45
1994-12-01,2443.53
1994-12-02,2466.87
1994-12-05,2455.59
1994-12-06,2449.74
1994-12-07,2450.84
1994-12-08,2431.24
1994-12-09,2409.96
1994-12-12,2387.97
1994-12-13,2385.22
1994-12-14,2401.28
1994-12-15,2402.62
1994-12-16,2393.99
1994-12-19,2398.88
1994-12-20,2394.69
1994-12-21,2414.81
1994-12-22,2428.7
1994-12-23,2425.96
1994-12-26,2446.76
1994-12-27,2433.58
1994-12-28,2398.56
1994-12-29,2356.66
1994-12-30,2340.49
1995-01-03,2346.41
1995-01-04,2366.17
1995-01-05,2328.52
1995-01-06,2347.03
1995-01-09,2319.44
1995-01-10,2313.18
1995-01-11,2300.66
1995-01-12,2294.91
1995-01-13,2307.26
1995-01-16,2330.69
1995-01-17,2310.94
1995-01-18,2315.09
1995-01-19,2286.27
1995-01-20,2256.68
1995-01-23,2206.29
1995-01-24,2215.41
1995-01-25,2243.15
1995-01-26,2272.8
1995-01-27,2257.68
1995-01-30,2256.8
1995-01-31,2237.76
1995-02-01,2275.12
1995-02-02,2260.58
1995-02-03,2293.36
1995-02-06,2330.31
1995-02-07,2328.23
1995-02-08,2303.92
1995-02-09,2333.2
1995-02-10,2326.93
1995-02-13,2303.17
1995-02-14,2310.36
1995-02-15,2317.59
1995-02-16,2284.11
1995-02-17,2268.51
1995-02-20,2243.32
1995-02-21,2247.52
1995-02-22,2245.96
1995-02-23,2274.14
1995-02-24,2247.67
1995-02-27,2243.23
1995-02-28,2211.71
1995-03-01,2250.93
1995-03-02,2249.67
1995-03-03,2234.59
1995-03-06,2207.22
1995-03-07,2176.55
1995-03-08,2186.7
1995-03-09,2149.75
1995-03-10,2169.71
1995-03-13,2143.19
1995-03-14,2201.93
1995-03-15,2164.1
1995-03-16,2222.8
1995-03-17,2226.63
1995-03-20,2254.93
1995-03-21,2257.68
1995-03-22,2262.9
1995-03-23,2235.12
1995-03-24,2262.04
1995-03-27,2285.46
1995-03-28,2286.82
1995-03-29,2305.77
1995-03-30,2356.9
1995-03-31,2315.16
1995-04-03,2320.79
1995-04-04,2344.16
1995-04-05,2331.89
1995-04-06,2353.36
1995-04-07,2366.06
1995-04-10,2341.86
1995-04-11,2327.41
1995-04-12,2330.68
1995-04-13,2342.15
1995-04-18,2310.48
1995-04-19,2334.39
1995-04-20,2343.23
1995-04-21,2400.96
1995-04-24,2388.69
1995-04-25,2424.51
1995-04-26,2420.01
1995-04-27,2405.86
1995-04-28,2390.29
1995-05-02,2413.21
1995-05-03,2455.85
1995-05-04,2424.85
1995-05-05,2401.46
1995-05-09,2477.78
1995-05-10,2487.75
1995-05-11,2497.02
1995-05-12,2514.03
1995-05-15,2485.64
1995-05-16,2497.8
1995-05-17,2502.05
1995-05-18,2483.45
1995-05-19,2456.11
1995-05-22,2473.71
1995-05-23,2455.93
1995-05-24,2450.13
1995-05-26,2398.14
1995-05-29,2409.08
1995-05-30,2408.43
1995-05-31,2434.24
1995-06-01,2452.38
1995-06-02,2469.05
1995-06-06,2481.39
1995-06-07,2492.43
1995-06-08,2462.77
1995-06-09,2394.87
1995-06-12,2408.42
1995-06-13,2427.41
1995-06-14,2390.63
1995-06-15,2427.55
1995-06-16,2407.64
1995-06-19,2427.46
1995-06-20,2399.24
1995-06-21,2410.46
1995-06-22,2438.92
1995-06-23,2400.74
1995-06-26,2410.08
1995-06-27,2383.51
1995-06-28,2369.93
1995-06-29,2374.37
1995-06-30,2371.28
1995-07-03,2404.73
1995-07-04,2420.6
1995-07-05,2447.79
1995-07-06,2425.13
1995-07-07,2503.82
1995-07-10,2503.24
1995-07-11,2518.56
1995-07-12,2519.0
1995-07-13,2501.87
1995-07-17,2505.96
1995-07-18,2477.06
1995-07-19,2480.96
1995-07-20,2448.53
1995-07-21,2452.96
1995-07-24,2479.57
1995-07-25,2494.7
1995-07-26,2496.23
1995-07-27,2503.11
1995-07-28,2483.71
1995-07-31,2467.34
1995-08-01,2464.47
1995-08-02,2518.72
1995-08-03,2506.89
1995-08-04,2514.93
1995-08-07,2506.3
1995-08-08,2511.81
1995-08-09,2497.77
1995-08-10,2504.81
1995-08-11,2500.94
1995-08-16,2531.99
1995-08-17,2528.01
1995-08-18,2533.52
1995-08-21,2550.07
1995-08-22,2522.98
1995-08-23,2515.35
1995-08-24,2491.9
1995-08-25,2490.15
1995-08-28,2428.77
1995-08-29,2440.92
1995-08-30,2469.08
1995-08-31,2420.19
1995-09-01,2418.01
1995-09-04,2442.21
1995-09-05,2444.73
1995-09-06,2421.98
1995-09-07,2392.33
1995-09-08,2383.59
1995-09-11,2402.59
1995-09-12,2407.58
1995-09-13,2439.28
1995-09-14,2431.76
1995-09-15,2415.83
1995-09-18,2405.25
1995-09-19,2419.08
1995-09-20,2395.04
1995-09-21,2382.36
1995-09-22,2301.1
1995-09-25,2313.81
1995-09-26,2334.01
1995-09-27,2302.55
1995-09-28,2271.4
1995-09-29,2298.09
1995-10-02,2288.27
1995-10-03,2313.96
1995-10-04,2318.03
1995-10-05,2313.47
1995-10-06,2325.36
1995-10-09,2294.69
1995-10-10,2284.72
1995-10-11,2305.88
1995-10-12,2317.85
1995-10-13,2334.92
1995-10-16,2300.82
1995-10-17,2287.0
1995-10-18,2275.34
1995-10-19,2258.17
1995-10-20,2236.86
1995-10-23,2211.7
1995-10-24,2215.64
1995-10-25,2266.92
1995-10-26,2254.07
1995-10-27,2238.99
1995-10-30,2307.04
1995-10-31,2331.03
1995-11-02,2349.96
1995-11-03,2354.27
1995-11-06,2342.11
1995-11-07,2386.72
1995-11-08,2398.26
1995-11-09,2380.65
1995-11-10,2364.19
1995-11-13,2362.15
1995-11-14,2362.11
1995-11-15,2409.61
1995-11-16,2448.11
1995-11-17,2429.32
1995-11-20,2417.6
1995-11-21,2406.71
1995-11-22,2409.97
1995-11-23,2399.23
1995-11-24,2429.86
1995-11-27,2428.33
1995-11-28,2403.38
1995-11-29,2386.67
1995-11-30,2350.54
1995-12-01,2341.06
1995-12-04,2281.86
1995-12-05,2333.31
1995-12-06,2358.87
1995-12-07,2374.36
1995-12-08,2386.62
1995-12-11,2377.95
1995-12-12,2377.11
1995-12-13,2357.59
1995-12-14,2410.59
1995-12-15,2390.37
1995-12-18,2340.52
1995-12-19,2327.33
1995-12-20,2354.32
1995-12-21,2358.41
1995-12-22,2408.53
1995-12-26,2399.92
1995-12-27,2413.25
1995-12-28,2415.86
1995-12-29,2406.75
1996-01-02,2453.56
1996-01-03,2498.02
1996-01-04,2482.91
1996-01-05,2465.57
1996-01-08,2464.08
1996-01-09,2463.73
1996-01-10,2455.79
1996-01-11,2440.6
1996-01-12,2453.13
1996-01-15,2474.75
1996-01-16,2510.38
1996-01-17,2528.25
1996-01-18,2520.61
1996-01-19,2526.04
1996-01-22,2513.36
1996-01-23,2487.2
1996-01-24,2502.5
1996-01-25,2507.92
1996-01-26,2529.2
1996-01-29,2547.13
1996-01-30,2576.01
1996-01-31,2599.03
1996-02-01,2603.14
1996-02-02,2600.72
1996-02-05,2553.62
1996-02-06,2557.32
1996-02-07,2550.66
1996-02-08,2515.77
1996-02-09,2521.54
1996-02-12,2530.57
1996-02-13,2550.71
1996-02-14,2516.05
1996-02-15,2526.11
1996-02-16,2511.05
1996-02-19,2494.63
1996-02-20,2485.14
1996-02-21,2490.97
1996-02-22,2512.01
1996-02-23,2542.4
1996-02-26,2521.87
1996-02-27,2539.35
1996-02-28,2568.12
1996-02-29,2560.25
1996-03-01,2594.23
1996-03-04,2591.81
1996-03-05,2574.61
1996-03-06,2579.69
1996-03-07,2582.44
1996-03-08,2540.55
1996-03-11,2506.38
1996-03-12,2484.75
1996-03-13,2500.47
1996-03-14,2523.76
1996-03-15,2507.96
1996-03-18,2527.12
1996-03-19,2529.93
1996-03-20,2533.26
1996-03-21,2542.39
1996-03-22,2539.13
1996-03-25,2577.04
1996-03-26,2582.34
1996-03-27,2611.35
1996-03-28,2597.8
1996-03-29,2629.7
1996-04-01,2644.35
1996-04-02,2663.37
1996-04-03,2655.13
1996-04-04,2669.24
1996-04-09,2677.92
1996-04-10,2693.65
1996-04-11,2666.09
1996-04-12,2668.95
1996-04-15,2676.44
1996-04-16,2698.02
1996-04-17,2669.44
1996-04-18,2683.38
1996-04-19,2691.73
1996-04-22,2722.72
1996-04-23,2716.85
1996-04-24,2729.87
1996-04-25,2724.53
1996-04-26,2752.87
1996-04-29,2743.12
1996-04-30,2763.73
1996-05-02,2754.48
1996-05-03,2726.87
1996-05-06,2694.7
1996-05-07,2686.08
1996-05-09,2688.23
1996-05-10,2726.12
1996-05-13,2714.05
1996-05-14,2742.04
1996-05-15,2745.34
1996-05-17,2761.2
1996-05-20,2744.5
1996-05-21,2756.3
1996-05-22,2722.37
1996-05-23,2736.55
1996-05-24,2740.69
1996-05-28,2760.42
1996-05-29,2739.97
1996-05-30,2728.77
1996-05-31,2730.87
1996-06-03,2752.22
1996-06-04,2739.11
1996-06-05,2744.75
1996-06-06,2767.93
1996-06-07,2727.94
1996-06-10,2757.55
1996-06-11,2779.21
1996-06-12,2780.69
1996-06-13,2766.26
1996-06-14,2752.21
1996-06-17,2757.25
1996-06-18,2761.11
1996-06-19,2752.4
1996-06-20,2721.45
1996-06-21,2730.75
1996-06-24,2748.37
1996-06-25,2780.81
1996-06-26,2777.36
1996-06-27,2776.79
1996-06-28,2797.3
1996-07-01,2795.32
1996-07-02,2786.16
1996-07-03,2792.42
1996-07-04,2811.37
1996-07-05,2774.97
1996-07-08,2749.88
1996-07-09,2746.58
1996-07-10,2754.33
1996-07-11,2743.5
1996-07-12,2715.09
1996-07-15,2687.24
1996-07-16,2635.66
1996-07-17,2643.08
1996-07-18,2659.17
1996-07-19,2640.06
1996-07-22,2597.0
1996-07-23,2626.01
1996-07-24,2588.75
1996-07-25,2616.0
1996-07-26,2600.35
1996-07-29,2598.02
1996-07-30,2607.81
1996-07-31,2644.11
1996-08-01,2662.67
1996-08-02,2680.56
1996-08-05,2667.01
1996-08-06,2648.66
1996-08-07,2645.22
1996-08-08,2646.12
1996-08-09,2635.67
1996-08-12,2620.61
1996-08-13,2623.78
1996-08-14,2622.39
1996-08-19,2631.26
1996-08-20,2675.04
1996-08-21,2650.38
1996-08-22,2673.06
1996-08-23,2677.12
1996-08-26,2676.59
1996-08-27,2673.37
1996-08-28,2653.38
1996-08-29,2619.81
1996-08-30,2610.6
1996-09-02,2619.04
1996-09-03,2611.69
1996-09-04,2629.37
1996-09-05,2644.56
1996-09-06,2655.84
1996-09-09,2676.45
1996-09-10,2705.35
1996-09-11,2699.97
1996-09-12,2736.15
1996-09-13,2756.02
1996-09-16,2763.73
1996-09-17,2756.66
1996-09-18,2745.9
1996-09-19,2758.62
1996-09-20,2754.82
1996-09-23,2738.43
1996-09-24,2757.52
1996-09-25,2786.54
1996-09-26,2787.51
1996-09-27,2791.36
1996-09-30,2825.48
1996-10-01,2812.76
1996-10-02,2837.44
1996-10-03,2829.83
1996-10-04,2851.83
1996-10-07,2850.31
1996-10-08,2863.54
1996-10-09,2843.89
1996-10-10,2829.21
1996-10-11,2844.44
1996-10-14,2839.81
1996-10-15,2872.48
1996-10-16,2859.55
1996-10-17,2868.58
1996-10-18,2894.95
1996-10-21,2888.32
1996-10-22,2882.22
1996-10-23,2846.78
1996-10-24,2850.44
1996-10-25,2864.76
1996-10-28,2848.81
1996-10-29,2816.16
1996-10-30,2814.86
1996-10-31,2835.73
1996-11-04,2837.9
1996-11-05,2897.73
1996-11-06,2932.25
1996-11-07,2930.19
1996-11-08,2921.43
1996-11-12,2953.13
1996-11-13,2937.31
1996-11-14,2938.62
1996-11-15,2967.97
1996-11-18,2952.71
1996-11-19,2967.61
1996-11-20,2958.79
1996-11-21,2959.03
1996-11-22,2988.04
1996-11-25,3016.75
1996-11-26,3014.03
1996-11-27,3008.32
1996-11-28,3034.21
1996-11-29,3069.07
1996-12-02,3073.01
1996-12-03,3113.41
1996-12-04,3059.78
1996-12-05,3038.38
1996-12-06,2969.75
1996-12-09,2989.78
1996-12-10,2983.89
1996-12-11,2933.36
1996-12-12,2931.81
1996-12-13,2920.29
1996-12-16,2947.29
1996-12-17,2909.01
1996-12-18,2942.42
1996-12-19,2981.95
1996-12-20,3021.51
1996-12-23,3033.32
1996-12-24,3036.11
1996-12-26,3054.95
1996-12-27,3059.19
1996-12-30,3074.68
1996-12-31,3070.84
1997-01-02,2992.92
1997-01-03,3027.12
1997-01-06,3058.82
1997-01-07,3052.21
1997-01-08,3091.9
1997-01-09,3115.05
1997-01-10,3086.44
1997-01-13,3131.23
1997-01-14,3186.01
1997-01-15,3167.23
1997-01-16,3193.48
1997-01-17,3216.47
1997-01-20,3191.27
1997-01-21,3196.29
1997-01-22,3239.5
1997-01-23,3264.42
1997-01-24,3223.43
1997-01-27,3229.83
1997-01-28,3292.95
1997-01-29,3269.4
1997-01-30,3319.86
1997-01-31,3337.76
1997-02-03,3327.34
1997-02-04,3320.07
1997-02-05,3370.71
1997-02-06,3393.5
1997-02-07,3445.35
1997-02-10,3442.5
1997-02-11,3424.89
1997-02-12,3447.75
1997-02-13,3486.32
1997-02-14,3485.0
1997-02-17,3494.37
1997-02-18,3471.87
1997-02-19,3441.68
1997-02-20,3415.79
1997-02-21,3399.34
1997-02-24,3405.99
1997-02-25,3458.87
1997-02-26,3451.51
1997-02-27,3487.63
1997-02-28,3458.65
1997-03-03,3448.98
1997-03-04,3517.19
1997-03-05,3536.42
1997-03-06,3579.83
1997-03-07,3592.24
1997-03-10,3593.48
1997-03-11,3562.89
1997-03-12,3503.94
1997-03-13,3491.21
1997-03-14,3509.14
1997-03-17,3433.22
1997-03-18,3414.07
1997-03-19,3444.34
1997-03-20,3387.25
1997-03-21,3431.57
1997-03-24,3421.15
1997-03-25,3480.79
1997-03-26,3513.25
1997-03-27,3523.8
1997-04-01,3425.19
1997-04-02,3356.82
1997-04-03,3335.91
1997-04-04,3340.49
1997-04-07,3412.58
1997-04-08,3421.46
1997-04-09,3472.61
1997-04-10,3459.9
1997-04-11,3415.58
1997-04-14,3404.39
1997-04-15,3476.69
1997-04-16,3477.14
1997-04-17,3469.46
1997-04-18,3379.75
1997-04-21,3346.73
1997-04-22,3336.12
1997-04-23,3361.29
1997-04-24,3369.5
1997-04-25,3364.76
1997-04-28,3385.76
1997-04-29,3455.61
1997-04-30,3504.2
1997-05-02,3525.25
1997-05-05,3552.46
1997-05-06,3524.67
1997-05-07,3513.21
1997-05-09,3500.72
1997-05-12,3579.38
1997-05-13,3614.59
1997-05-14,3694.14
1997-05-15,3695.97
1997-05-16,3706.98
1997-05-20,3670.75
1997-05-21,3717.78
1997-05-22,3658.14
1997-05-23,3686.49
1997-05-26,3542.17
1997-05-27,3576.32
1997-05-28,3446.67
1997-05-29,3443.09
1997-05-30,3449.37
1997-06-02,3475.39
1997-06-03,3515.22
1997-06-04,3529.79
1997-06-05,3606.61
1997-06-06,3644.67
1997-06-09,3601.02
1997-06-10,3571.5
1997-06-11,3617.16
1997-06-12,3703.13
1997-06-13,3772.84
1997-06-16,3756.81
1997-06-17,3712.11
1997-06-18,3708.59
1997-06-19,3692.35
1997-06-20,3715.81
1997-06-23,3722.69
1997-06-24,3753.09
1997-06-25,3865.94
1997-06-26,3912.92
1997-06-27,3917.04
1997-06-30,3872.62
1997-07-01,3997.5
1997-07-02,3952.23
1997-07-03,3989.62
1997-07-04,3988.12
1997-07-07,4007.05
1997-07-08,3982.78
1997-07-09,4011.4
1997-07-10,3983.04
1997-07-11,4002.16
1997-07-15,4014.56
1997-07-16,4065.32
1997-07-17,4026.65
1997-07-18,3915.18
1997-07-21,3911.69
1997-07-22,3975.67
1997-07-23,4087.82
1997-07-24,4047.0
1997-07-25,4118.33
1997-07-28,4113.24
1997-07-29,4115.18
1997-07-30,4177.34
1997-07-31,4186.01
1997-08-01,4150.31
1997-08-04,4072.69
1997-08-05,4061.39
1997-08-06,4133.51
1997-08-07,4159.71
1997-08-08,4077.95
1997-08-11,4060.48
1997-08-12,4081.08
1997-08-13,3979.64
1997-08-14,3976.64
1997-08-18,3906.26
1997-08-19,3996.12
1997-08-20,4054.79
1997-08-21,4024.79
1997-08-22,3952.66
1997-08-25,3944.95
1997-08-26,3905.07
1997-08-27,3908.39
1997-08-28,3849.47
1997-08-29,3770.64
1997-09-01,3818.75
1997-09-02,3975.69
1997-09-03,3971.29
1997-09-04,3983.63
1997-09-05,3980.25
1997-09-08,4002.55
1997-09-09,3973.74
1997-09-10,3912.29
1997-09-11,3870.14
1997-09-12,3857.17
1997-09-15,3945.03
1997-09-16,4002.1
1997-09-17,4006.79
1997-09-18,4053.57
1997-09-19,4051.95
1997-09-22,4106.76
1997-09-23,4079.24
1997-09-24,4115.36
1997-09-25,4090.33
1997-09-26,4063.46
1997-09-29,4067.99
1997-09-30,4094.26
1997-10-01,4157.78
1997-10-02,4153.89
1997-10-03,4210.97
1997-10-06,4189.16
1997-10-07,4170.71
1997-10-08,4115.81
1997-10-09,4029.49
1997-10-10,4021.95
1997-10-13,4084.39
1997-10-14,4090.6
1997-10-15,4072.39
1997-10-16,4073.35
1997-10-17,4025.92
1997-10-20,4010.53
1997-10-21,4069.3
1997-10-22,4025.98
1997-10-23,3888.26
1997-10-24,3877.59
1997-10-27,3769.54
1997-10-28,3608.52
1997-10-29,3835.36
1997-10-30,3728.48
1997-10-31,3728.24
1997-11-03,3794.47
1997-11-04,3776.69
1997-11-05,3841.37
1997-11-06,3786.11
1997-11-07,3674.36
1997-11-12,3670.13
1997-11-13,3675.66
1997-11-14,3669.37
1997-11-17,3774.1
1997-11-18,3787.19
1997-11-19,3798.01
1997-11-20,3839.7
1997-11-21,3894.83
1997-11-24,3814.23
1997-11-25,3792.15
1997-11-26,3826.71
1997-11-27,3850.34
1997-11-28,3891.42
1997-12-01,3973.32
1997-12-02,3965.98
1997-12-03,3951.36
1997-12-04,3967.83
1997-12-05,3961.89
1997-12-08,3992.35
1997-12-09,4029.01
1997-12-10,3991.95
1997-12-11,3850.73
1997-12-12,3853.19
1997-12-15,3864.1
1997-12-16,3964.72
1997-12-17,3938.95
1997-12-18,3940.65
1997-12-19,3843.17
1997-12-22,3906.93
1997-12-23,3891.14
1997-12-24,3912.86
1997-12-26,3909.04
1997-12-29,4001.87
1997-12-30,4050.9
1997-12-31,4082.82
1998-01-02,4138.95
1998-01-05,4183.47
1998-01-06,4135.67
1998-01-07,4093.46
1998-01-08,4022.96
1998-01-09,3975.13
1998-01-12,3897.17
1998-01-13,3952.16
1998-01-14,3975.13
1998-01-15,3993.12
1998-01-16,4052.13
1998-01-19,4066.92
1998-01-20,4096.04
1998-01-21,4082.11
1998-01-22,4069.14
1998-01-23,4038.58
1998-01-26,4085.31
1998-01-27,4155.49
1998-01-28,4204.84
1998-01-29,4266.87
1998-01-30,4319.05
1998-02-02,4340.16
1998-02-03,4341.43
1998-02-04,4311.24
1998-02-05,4343.02
1998-02-06,4379.87
1998-02-09,4385.7
1998-02-10,4405.88
1998-02-11,4411.65
1998-02-12,4328.19
1998-02-13,4340.48
1998-02-16,4391.39
1998-02-17,4466.73
1998-02-18,4468.44
1998-02-19,4426.12
1998-02-20,4442.28
1998-02-23,4457.24
1998-02-24,4442.46
1998-02-25,4558.98
1998-02-26,4625.46
1998-02-27,4659.35
1998-03-02,4693.09
1998-03-03,4649.75
1998-03-04,4604.07
1998-03-05,4623.79
1998-03-06,4742.83
1998-03-09,4800.87
1998-03-10,4794.96
1998-03-11,4819.36
1998-03-12,4801.85
1998-03-13,4820.45
1998-03-16,4899.47
1998-03-17,4985.76
1998-03-18,4973.35
1998-03-19,5022.59
1998-03-20,5022.9
1998-03-23,5010.95
1998-03-24,5090.49
1998-03-25,5199.65
1998-03-26,5152.09
1998-03-27,5188.11
1998-03-30,5174.5
1998-03-31,5277.42
1998-04-01,5287.63
1998-04-02,5359.21
1998-04-03,5353.96
1998-04-06,5428.48
1998-04-07,5314.81
1998-04-08,5274.78
1998-04-09,5302.84
1998-04-14,5266.32
1998-04-15,5289.4
1998-04-16,5236.74
1998-04-17,5258.5
1998-04-20,5291.33
1998-04-21,5256.9
1998-04-22,5222.41
1998-04-23,5204.79
1998-04-24,5151.97
1998-04-27,5021.7
1998-04-28,5146.23
1998-04-29,5087.24
1998-04-30,5287.5
1998-05-04,5414.66
1998-05-05,5374.69
1998-05-06,5378.14
1998-05-07,5322.16
1998-05-11,5480.67
1998-05-12,5439.86
1998-05-13,5488.56
1998-05-14,5477.93
1998-05-15,5448.23
1998-05-18,5386.89
1998-05-19,5440.42
1998-05-20,5532.1
1998-05-22,5534.64
1998-05-25,5615.17
1998-05-26,5631.11
1998-05-27,5503.19
1998-05-28,5502.3
1998-05-29,5538.27
1998-06-02,5602.2
1998-06-03,5690.65
1998-06-04,5650.04
1998-06-05,5742.21
1998-06-08,5776.26
1998-06-09,5772.53
1998-06-10,5782.11
1998-06-11,5691.43
1998-06-12,5570.97
1998-06-15,5514.38
1998-06-16,5525.33
1998-06-17,5648.94
1998-06-18,5601.69
1998-06-19,5567.2
1998-06-22,5555.2
1998-06-23,5619.34
1998-06-24,5704.06
1998-06-25,5811.17
1998-06-26,5827.61
1998-06-29,5880.23
1998-06-30,5822.28
1998-07-01,5906.61
1998-07-02,5896.84
1998-07-03,5971.16
1998-07-06,5980.48
1998-07-07,6010.98
1998-07-08,6020.8
1998-07-09,5992.03
1998-07-10,5905.79
1998-07-15,6029.76
1998-07-16,6048.96
1998-07-17,6091.08
1998-07-20,6063.92
1998-07-21,5998.92
1998-07-22,5857.4
1998-07-23,5879.29
1998-07-24,5836.98
1998-07-27,5745.53
1998-07-28,5721.68
1998-07-29,5745.05
1998-07-30,5826.18
1998-07-31,5797.96
1998-08-03,5683.76
1998-08-04,5618.32
1998-08-05,5519.11
1998-08-06,5508.27
1998-08-07,5609.99
1998-08-10,5467.82
1998-08-11,5338.08
1998-08-12,5476.49
1998-08-13,5484.8
1998-08-14,5544.79
1998-08-17,5529.38
1998-08-18,5722.91
1998-08-19,5726.34
1998-08-20,5673.28
1998-08-21,5473.67
1998-08-24,5465.0
1998-08-25,5592.54
1998-08-26,5431.32
1998-08-27,5198.8
1998-08-28,5147.91
1998-08-31,5068.63
1998-09-01,5060.91
1998-09-02,5176.64
1998-09-03,5061.15
1998-09-04,5122.62
1998-09-07,5129.0
1998-09-08,5279.44
1998-09-09,5221.69
1998-09-10,4981.88
1998-09-11,4966.6
1998-09-14,5156.01
1998-09-15,5132.67
1998-09-16,5176.14
1998-09-17,4892.91
1998-09-18,4809.58
1998-09-21,4639.46
1998-09-22,4646.86
1998-09-23,4752.07
1998-09-24,4692.88
1998-09-25,4594.97
1998-09-28,4632.52
1998-09-29,4631.7
1998-09-30,4438.64
1998-10-01,4216.65
1998-10-02,4218.21
1998-10-05,4135.97
1998-10-06,4353.32
1998-10-07,4299.48
1998-10-08,4108.33
1998-10-09,4292.83
1998-10-12,4529.37
1998-10-13,4550.92
1998-10-14,4665.0
1998-10-15,4666.69
1998-10-16,4705.33
1998-10-19,4712.61
1998-10-20,4847.47
1998-10-21,4775.66
1998-10-22,4748.1
1998-10-23,4710.4
1998-10-26,4787.74
1998-10-27,4928.3
1998-10-28,4848.98
1998-10-29,4834.87
1998-10-30,4889.7
1998-11-02,4954.48
1998-11-03,4973.97
1998-11-04,5113.49
1998-11-05,4991.38
1998-11-06,4980.91
1998-11-09,4976.32
1998-11-10,4920.0
1998-11-12,4941.51
1998-11-13,4944.29
1998-11-16,5027.04
1998-11-17,4998.89
1998-11-18,5014.06
1998-11-19,5144.89
1998-11-20,5278.05
1998-11-23,5337.89
1998-11-24,5328.96
1998-11-25,5343.48
1998-11-26,5434.66
1998-11-27,5483.81
1998-11-30,5334.52
1998-12-01,5120.51
1998-12-02,5067.16
1998-12-03,5158.46
1998-12-04,5190.27
1998-12-07,5235.57
1998-12-08,5227.5
1998-12-09,5237.49
1998-12-10,5201.9
1998-12-11,5130.73
1998-12-14,5085.63
1998-12-15,5100.27
1998-12-16,5147.07
1998-12-17,5207.74
1998-12-18,5125.44
1998-12-21,5280.27
1998-12-22,5303.95
1998-12-23,5376.07
1998-12-28,5377.02
1998-12-29,5402.01
1998-12-30,5473.6
1999-01-04,5757.98
1999-01-05,5831.95
1999-01-06,5962.51
1999-01-07,5873.45
1999-01-08,5893.92
1999-01-11,5833.5
1999-01-12,5693.0
1999-01-13,5495.88
1999-01-14,5549.46
1999-01-15,5629.64
1999-01-18,5764.13
1999-01-19,5714.57
1999-01-20,5817.33
1999-01-21,5767.38
1999-01-22,5580.36
1999-01-25,5624.05
1999-01-26,5652.48
1999-01-27,5689.72
1999-01-28,5830.74
1999-01-29,5903.12
1999-02-01,5975.68
1999-02-02,5891.88
1999-02-03,5815.89
1999-02-04,5786.15
1999-02-05,5758.21
1999-02-08,5767.54
1999-02-09,5607.14
1999-02-10,5556.37
1999-02-11,5654.13
1999-02-12,5637.5
1999-02-15,5644.21
1999-02-16,5626.33
1999-02-17,5533.54
1999-02-18,5608.4
1999-02-19,5734.85
1999-02-22,5783.97
1999-02-23,5842.41
1999-02-24,5850.39
1999-02-25,5765.5
1999-02-26,5682.73
1999-03-01,5598.19
1999-03-02,5621.21
1999-03-03,5559.47
1999-03-04,5676.49
1999-03-05,5817.53
1999-03-08,5798.66
1999-03-09,5776.2
1999-03-10,5779.68
1999-03-11,5810.33
1999-03-12,5797.34
1999-03-15,5811.34
1999-03-16,5813.04
1999-03-17,5790.35
1999-03-18,5765.85
1999-03-19,5859.27
1999-03-22,5827.9
1999-03-23,5664.61
1999-03-24,5635.01
1999-03-25,5744.5
1999-03-26,5714.93
1999-03-29,5767.61
1999-03-30,5751.41
1999-03-31,5829.04
1999-04-01,5873.43
1999-04-06,5977.07
1999-04-07,5995.89
1999-04-08,6013.46
1999-04-09,6058.51
1999-04-12,6047.21
1999-04-13,6064.44
1999-04-14,6039.23
1999-04-15,5985.61
1999-04-16,5972.1
1999-04-19,6083.65
1999-04-20,5908.52
1999-04-21,5961.76
1999-04-22,5962.11
1999-04-23,5922.05
1999-04-26,5952.58
1999-04-27,6100.58
1999-04-28,6079.46
1999-04-29,6075.06
1999-04-30,6122.06
1999-05-03,6174.16
1999-05-04,6168.2
1999-05-05,6070.39
1999-05-06,6021.85
1999-05-07,5961.15
1999-05-10,6049.45
1999-05-11,6053.39
1999-05-12,6066.19
1999-05-13,6151.29
1999-05-14,6023.07
1999-05-17,5918.75
1999-05-18,6007.62
1999-05-19,6100.11
1999-05-20,6164.23
1999-05-21,6135.63
1999-05-25,6101.66
1999-05-26,6108.74
1999-05-27,6038.62
1999-05-28,6027.95
1999-05-31,6078.59
1999-06-01,6035.77
1999-06-02,6038.08
1999-06-03,6096.02
1999-06-04,6081.64
1999-06-07,6168.21
1999-06-08,6175.77
1999-06-09,6197.56
1999-06-10,6141.63
1999-06-11,6152.4
1999-06-14,6135.77
1999-06-15,6203.96
1999-06-16,6293.23
1999-06-17,6345.11
1999-06-18,6397.04
1999-06-21,6404.83
1999-06-22,6394.9
1999-06-23,6315.45
1999-06-24,6248.58
1999-06-25,6224.17
1999-06-28,6296.32
1999-06-29,6350.75
1999-06-30,6402.5
1999-07-01,6508.8
1999-07-02,6527.46
1999-07-05,6636.48
1999-07-06,6628.95
1999-07-07,6586.52
1999-07-08,6542.63
1999-07-09,6567.51
1999-07-12,6589.07
1999-07-13,6495.43
1999-07-15,6595.83
1999-07-16,6583.28
1999-07-19,6539.24
1999-07-20,6439.51
1999-07-21,6372.92
1999-07-22,6356.36
1999-07-23,6286.82
1999-07-26,6223.76
1999-07-27,6266.52
1999-07-28,6270.19
1999-07-29,6097.03
1999-07-30,6204.14
1999-08-02,6198.2
1999-08-03,6165.46
1999-08-04,6125.04
1999-08-05,6003.99
1999-08-06,5979.83
1999-08-09,6077.89
1999-08-10,6010.56
1999-08-11,6043.97
1999-08-12,6180.89
1999-08-13,6278.04
1999-08-16,6312.68
1999-08-17,6342.42
1999-08-18,6341.72
1999-08-19,6242.1
1999-08-20,6331.44
1999-08-23,6353.18
1999-08-24,6428.29
1999-08-25,6554.05
1999-08-26,6554.25
1999-08-27,6573.14
1999-08-30,6594.0
1999-08-31,6497.42
1999-09-01,6559.94
1999-09-02,6442.74
1999-09-03,6615.14
1999-09-06,6609.01
1999-09-07,6625.84
1999-09-08,6626.81
1999-09-09,6678.93
1999-09-10,6718.66
1999-09-13,6678.03
1999-09-14,6650.58
1999-09-15,6600.51
1999-09-16,6570.12
1999-09-17,6575.46
1999-09-20,6626.67
1999-09-21,6531.02
1999-09-22,6467.57
1999-09-23,6514.46
1999-09-24,6428.99
1999-09-27,6507.9
1999-09-28,6433.32
1999-09-29,6420.81
1999-09-30,6500.58
1999-10-01,6442.74
1999-10-04,6517.32
1999-10-05,6599.28
1999-10-06,6642.58
1999-10-07,6714.14
1999-10-08,6685.36
1999-10-11,6685.96
1999-10-12,6595.62
1999-10-13,6516.77
1999-10-14,6489.55
1999-10-15,6405.72
1999-10-18,6364.49
1999-10-19,6500.27
1999-10-20,6481.34
1999-10-21,6516.11
1999-10-22,6622.87
1999-10-25,6610.81
1999-10-26,6663.63
1999-10-27,6647.29
1999-10-28,6723.14
1999-10-29,6921.36
1999-11-02,6935.38
1999-11-03,6962.74
1999-11-04,6999.42
1999-11-05,7044.95
1999-11-08,7071.67
1999-11-09,7075.62
1999-11-10,7152.46
1999-11-11,7266.08
1999-11-12,7279.43
1999-11-15,7331.27
1999-11-16,7349.5
1999-11-17,7331.4
1999-11-18,7427.82
1999-11-19,7451.74
1999-11-22,7288.54
1999-11-23,7295.49
1999-11-24,7347.18
1999-11-25,7578.27
1999-11-26,7641.12
1999-11-29,7608.44
1999-11-30,7562.72
1999-12-01,7620.26
1999-12-02,7581.72
1999-12-03,7742.95
1999-12-06,7802.31
1999-12-07,7837.07
1999-12-08,7769.96
1999-12-09,7857.04
1999-12-10,7761.42
1999-12-13,7838.83
1999-12-14,7879.49
1999-12-15,7830.86
1999-12-16,7845.06
1999-12-17,7791.6
1999-12-20,7818.09
1999-12-21,7829.61
1999-12-22,7959.96
1999-12-23,8115.81
1999-12-24,8287.36
1999-12-27,8261.83
1999-12-28,8251.37
1999-12-29,8266.48
1999-12-30,8437.21
2000-01-03,8379.22
2000-01-04,8031.8
2000-01-05,7759.47
2000-01-06,7717.57
2000-01-07,7844.31
2000-01-10,7995.13
2000-01-11,7949.51
2000-01-12,7905.05
2000-01-13,7976.9
2000-01-14,8195.25
2000-01-17,8273.62
2000-01-18,8033.13
2000-01-19,7999.87
2000-01-20,8085.23
2000-01-21,8044.99
2000-01-24,8058.5
2000-01-25,7926.3
2000-01-26,7995.42
2000-01-27,8054.93
2000-01-28,8115.39
2000-01-31,8014.51
2000-02-01,8175.59
2000-02-02,8421.2
2000-02-03,8708.39
2000-02-04,8886.88
2000-02-07,8784.72
2000-02-08,8917.94
2000-02-09,8881.04
2000-02-10,8790.29
2000-02-11,8902.85
2000-02-14,8876.38
2000-02-15,8627.59
2000-02-16,8561.95
2000-02-17,8715.86
2000-02-18,8585.25
2000-02-21,8450.1
2000-02-22,8444.47
2000-02-23,8540.67
2000-02-24,8607.98
2000-02-25,8763.55
2000-02-28,8641.89
2000-02-29,8766.83
2000-03-01,8859.39
2000-03-02,9172.67
2000-03-03,9225.14
2000-03-06,9270.28
2000-03-07,9122.81
2000-03-08,8985.62
2000-03-09,9096.73
2000-03-10,9219.73
2000-03-13,8974.24
2000-03-14,8993.24
2000-03-15,8764.65
2000-03-16,8863.2
2000-03-17,8927.99
2000-03-20,8996.3
2000-03-21,8951.49
2000-03-22,8892.61
2000-03-23,8877.06
2000-03-24,9012.95
2000-03-27,9135.58
2000-03-28,9239.6
2000-03-29,9212.95
2000-03-30,8941.52
2000-03-31,8902.19
2000-04-03,8681.58
2000-04-04,8811.4
2000-04-05,8549.4
2000-04-06,8814.33
2000-04-07,8933.32
2000-04-10,9017.54
2000-04-11,8870.93
2000-04-12,8838.75
2000-04-13,8875.08
2000-04-14,8593.67
2000-04-17,8586.34
2000-04-18,8709.45
2000-04-19,8736.4
2000-04-20,8832.81
2000-04-25,8963.84
2000-04-26,9063.95
2000-04-27,8861.13
2000-04-28,9104.88
2000-05-02,9307.25
2000-05-03,9127.47
2000-05-04,9207.19
2000-05-05,9283.8
2000-05-08,9239.35
2000-05-09,9049.37
2000-05-10,8898.39
2000-05-11,9073.74
2000-05-12,9172.08
2000-05-15,9092.93
2000-05-16,9327.81
2000-05-17,9179.39
2000-05-18,9183.16
2000-05-19,8818.91
2000-05-22,8673.91
2000-05-23,8751.33
2000-05-24,8578.46
2000-05-25,8724.43
2000-05-26,8733.69
2000-05-29,8841.95
2000-05-30,9018.56
2000-05-31,9166.8
2000-06-01,9414.21
2000-06-02,9521.82
2000-06-05,9509.14
2000-06-06,9414.51
2000-06-07,9284.12
2000-06-08,9320.06
2000-06-09,9360.02
2000-06-13,9336.85
2000-06-14,9467.83
2000-06-15,9334.19
2000-06-16,9252.9
2000-06-19,9322.99
2000-06-20,9394.3
2000-06-21,9302.35
2000-06-22,9291.38
2000-06-23,9392.5
2000-06-26,9451.2
2000-06-27,9425.13
2000-06-28,9482.34
2000-06-29,9185.1
2000-06-30,9250.71
2000-07-03,9348.98
2000-07-04,9329.3
2000-07-05,9283.23
2000-07-06,9270.7
2000-07-07,9431.59
2000-07-10,9319.94
2000-07-11,9324.15
2000-07-12,9391.9
2000-07-13,9440.54
2000-07-17,9510.78
2000-07-18,9360.33
2000-07-19,9332.41
2000-07-20,9431.07
2000-07-21,9287.89
2000-07-24,9343.14
2000-07-25,9287.59
2000-07-26,9329.38
2000-07-27,9356.0
2000-07-28,9218.34
2000-07-31,9400.49
2000-08-01,9385.83
2000-08-02,9382.41
2000-08-03,9130.99
2000-08-04,9283.9
2000-08-07,9366.79
2000-08-08,9386.04
2000-08-09,9440.27
2000-08-10,9429.29
2000-08-11,9415.58
2000-08-14,9496.56
2000-08-15,9535.72
2000-08-16,9603.93
2000-08-17,9533.89
2000-08-18,9475.0
2000-08-21,9442.35
2000-08-22,9359.14
2000-08-23,9341.88
2000-08-24,9284.74
2000-08-25,9476.1
2000-08-28,9504.7
2000-08-29,9531.96
2000-08-30,9532.86
2000-08-31,9519.64
2000-09-01,9790.11
2000-09-04,9946.25
2000-09-05,9852.03
2000-09-06,9765.87
2000-09-07,9819.99
2000-09-08,9631.62
2000-09-11,9592.21
2000-09-12,9624.96
2000-09-13,9439.72
2000-09-14,9538.9
2000-09-15,9505.48
2000-09-18,9372.88
2000-09-19,9383.75
2000-09-20,9204.82
2000-09-21,8988.32
2000-09-22,8993.79
2000-09-25,9105.45
2000-09-26,9044.78
2000-09-27,9081.76
2000-09-28,9069.17
2000-09-29,9005.37
2000-10-02,9124.09
2000-10-03,9197.65
2000-10-04,9047.76
2000-10-05,9103.78
2000-10-06,8993.54
2000-10-09,8780.36
2000-10-10,8828.13
2000-10-11,8559.14
2000-10-12,8608.83
2000-10-13,8714.47
2000-10-16,8748.71
2000-10-17,8718.68
2000-10-18,8532.15
2000-10-19,8717.71
2000-10-20,8836.92
2000-10-23,8884.19
2000-10-24,9087.39
2000-10-25,9021.52
2000-10-26,8921.67
2000-10-27,9008.62
2000-10-30,9048.73
2000-10-31,9193.61
2000-11-01,9209.97
2000-11-02,9197.41
2000-11-03,9195.41
2000-11-06,9128.33
2000-11-07,9176.94
2000-11-08,9105.02
2000-11-09,9011.79
2000-11-10,8834.08
2000-11-13,8676.36
2000-11-14,8946.87
2000-11-15,9055.8
2000-11-16,9028.9
2000-11-17,8854.82
2000-11-20,8653.45
2000-11-21,8738.57
2000-11-22,8542.67
2000-11-23,8698.36
2000-11-24,8831.44
2000-11-27,8868.34
2000-11-28,8721.61
2000-11-29,8709.29
2000-11-30,8518.78
2000-12-01,8520.59
2000-12-04,8323.71
2000-12-05,8616.02
2000-12-06,8602.15
2000-12-07,8601.36
2000-12-08,8536.15
2000-12-11,8735.29
2000-12-12,8691.85
2000-12-13,8569.16
2000-12-14,8487.75
2000-12-15,8392.74
2000-12-18,8461.65
2000-12-19,8564.22
2000-12-20,8287.46
2000-12-21,8276.85
2000-12-22,8312.51
2000-12-27,8418.04
2000-12-28,8509.23
2000-12-29,8517.6
2001-01-02,8334.32
2001-01-03,8169.26
2001-01-04,8358.89
2001-01-05,8275.57
2001-01-08,8239.33
2001-01-09,8139.29
2001-01-10,8125.14
2001-01-11,8196.18
2001-01-12,8385.27
2001-01-15,8383.89
2001-01-16,8280.83
2001-01-17,8456.77
2001-01-18,8422.38
2001-01-19,8401.64
2001-01-22,8454.86
2001-01-23,8393.02
2001-01-24,8480.1
2001-01-25,8529.48
2001-01-26,8516.45
2001-01-29,8462.24
2001-01-30,8504.28
2001-01-31,8621.18
2001-02-01,8479.22
2001-02-02,8373.8
2001-02-05,8369.66
2001-02-06,8411.14
2001-02-07,8267.12
2001-02-08,8297.76
2001-02-09,8209.95
2001-02-12,8277.68
2001-02-13,8248.29
2001-02-14,8112.05
2001-02-15,8198.72
2001-02-16,8041.48
2001-02-19,8026.56
2001-02-20,7974.81
2001-02-21,7867.92
2001-02-22,7836.47
2001-02-23,7650.15
2001-02-26,7782.75
2001-02-27,7815.31
2001-02-28,7714.3
2001-03-01,7676.73
2001-03-02,7605.71
2001-03-05,7716.24
2001-03-06,7844.2
2001-03-07,7882.15
2001-03-08,7817.44
2001-03-09,7717.15
2001-03-12,7535.33
2001-03-13,7455.51
2001-03-14,7352.92
2001-03-15,7442.26
2001-03-16,7337.49
2001-03-19,7256.76
2001-03-20,7385.83
2001-03-21,7221.05
2001-03-22,6935.09
2001-03-23,7116.64
2001-03-26,7366.27
2001-03-27,7525.53
2001-03-28,7403.11
2001-03-29,7413.87
2001-03-30,7446.25
2001-04-02,7489.42
2001-04-03,7192.64
2001-04-04,7290.13
2001-04-05,7414.81
2001-04-06,7387.71
2001-04-09,7450.25
2001-04-10,7662.99
2001-04-11,7706.54
2001-04-12,7722.6
2001-04-17,7676.99
2001-04-18,7912.87
2001-04-19,7876.9
2001-04-20,7832.76
2001-04-23,7757.31
2001-04-24,7796.95
2001-04-25,7773.11
2001-04-26,7879.31
2001-04-27,8014.76
2001-04-30,8106.84
2001-05-02,8022.55
2001-05-03,7859.72
2001-05-04,7857.53
2001-05-07,7928.59
2001-05-08,7955.14
2001-05-09,7929.16
2001-05-10,8097.3
2001-05-11,8050.72
2001-05-14,7948.2
2001-05-15,8029.9
2001-05-16,7998.85
2001-05-17,8100.18
2001-05-18,8167.86
2001-05-21,8187.85
2001-05-22,8249.06
2001-05-23,8160.74
2001-05-24,8198.03
2001-05-25,8095.56
2001-05-28,8130.92
2001-05-29,8065.14
2001-05-30,7922.53
2001-05-31,7937.88
2001-06-01,7909.67
2001-06-05,8039.77
2001-06-06,8018.22
2001-06-07,7955.35
2001-06-08,7943.26
2001-06-11,7925.74
2001-06-12,7769.92
2001-06-13,7830.91
2001-06-14,7765.64
2001-06-15,7687.6
2001-06-18,7565.1
2001-06-19,7622.46
2001-06-20,7580.06
2001-06-21,7527.98
2001-06-22,7599.37
2001-06-25,7643.44
2001-06-26,7463.51
2001-06-27,7415.11
2001-06-28,7526.3
2001-06-29,7660.84
2001-07-02,7769.3
2001-07-03,7636.21
2001-07-04,7591.26
2001-07-05,7516.0
2001-07-06,7333.42
2001-07-09,7374.51
2001-07-10,7295.35
2001-07-11,7209.21
2001-07-12,7277.79
2001-07-13,7371.39
2001-07-16,7367.75
2001-07-17,7302.88
2001-07-18,7140.0
2001-07-19,7232.26
2001-07-20,7159.36
2001-07-23,7205.16
2001-07-24,7122.55
2001-07-25,7001.64
2001-07-26,7102.77
2001-07-27,7286.17
2001-07-30,7385.12
2001-07-31,7461.12
2001-08-01,7500.68
2001-08-02,7465.8
2001-08-03,7381.56
2001-08-06,7432.84
2001-08-07,7411.38
2001-08-08,7315.45
2001-08-09,7171.77
2001-08-10,7109.73
2001-08-13,7218.78
2001-08-14,7280.82
2001-08-15,7238.76
2001-08-16,7163.43
2001-08-17,7009.02
2001-08-20,7029.65
2001-08-21,7093.38
2001-08-22,7060.03
2001-08-23,7056.16
2001-08-24,7213.24
2001-08-27,7197.44
2001-08-28,7065.3
2001-08-29,7093.42
2001-08-30,6901.2
2001-08-31,6879.89
2001-09-03,6792.53
2001-09-04,6857.35
2001-09-05,6707.09
2001-09-06,6573.86
2001-09-07,6475.21
2001-09-10,6431.53
2001-09-11,5956.19
2001-09-12,6036.16
2001-09-13,6035.58
2001-09-14,5735.73
2001-09-17,5891.2
2001-09-18,5824.7
2001-09-19,5705.56
2001-09-20,5484.39
2001-09-21,5359.23
2001-09-24,5664.86
2001-09-25,5725.98
2001-09-26,5832.61
2001-09-27,5887.92
2001-09-28,5984.44
2001-10-01,5875.21
2001-10-02,5934.02
2001-10-03,5904.07
2001-10-04,6155.75
2001-10-05,6110.21
2001-10-08,6121.14
2001-10-09,6128.12
2001-10-10,6337.05
2001-10-11,6353.63
2001-10-12,6362.72
2001-10-15,6182.31
2001-10-16,6321.07
2001-10-17,6472.22
2001-10-18,6364.5
2001-10-19,6257.11
2001-10-22,6369.2
2001-10-23,6357.14
2001-10-24,6582.01
2001-10-25,6423.71
2001-10-26,6570.68
2001-10-29,6430.73
2001-10-30,6238.08
2001-10-31,6369.18
2001-11-01,6406.81
2001-11-02,6410.42
2001-11-05,6580.51
2001-11-06,6545.81
2001-11-07,6592.14
2001-11-08,6709.17
2001-11-09,6622.96
2001-11-12,6420.94
2001-11-13,6698.37
2001-11-14,6712.17
2001-11-15,6715.39
2001-11-16,6730.1
2001-11-19,6837.48
2001-11-20,6739.23
2001-11-21,6685.69
2001-11-22,6748.44
2001-11-23,6710.32
2001-11-26,6696.48
2001-11-27,6581.22
2001-11-28,6522.07
2001-11-29,6522.61
2001-11-30,6566.9
2001-12-03,6548.97
2001-12-04,6646.12
2001-12-05,6863.75
2001-12-06,6866.44
2001-12-07,6812.97
2001-12-10,6685.83
2001-12-11,6679.45
2001-12-12,6618.9
2001-12-13,6472.14
2001-12-14,6368.48
2001-12-17,6581.48
2001-12-18,6574.04
2001-12-19,6556.17
2001-12-20,6495.71
2001-12-21,6602.27
2001-12-24,6606.32
2001-12-27,6737.0
2001-12-28,6786.03
2002-01-02,6721.25
2002-01-03,6889.1
2002-01-04,6871.43
2002-01-07,6772.75
2002-01-08,6703.12
2002-01-09,6730.89
2002-01-10,6625.99
2002-01-11,6683.47
2002-01-14,6535.68
2002-01-15,6630.26
2002-01-16,6493.9
2002-01-17,6567.48
2002-01-18,6528.16
2002-01-21,6491.41
2002-01-22,6525.04
2002-01-23,6531.04
2002-01-24,6615.06
2002-01-25,6580.2
2002-01-28,6663.63
2002-01-29,6568.17
2002-01-30,6467.18
2002-01-31,6547.3
2002-02-01,6538.05
2002-02-04,6452.92
2002-02-05,6321.16
2002-02-06,6271.36
2002-02-07,6303.41
2002-02-08,6308.39
2002-02-11,6387.88
2002-02-12,6365.49
2002-02-13,6404.38
2002-02-14,6499.56
2002-02-15,6422.81
2002-02-18,6378.86
2002-02-19,6245.78
2002-02-20,6220.3
2002-02-21,6291.08
2002-02-22,6229.42
2002-02-25,6317.82
2002-02-26,6369.79
2002-02-27,6492.83
2002-02-28,6549.0
2002-03-01,6583.37
2002-03-04,6760.96
2002-03-05,6722.79
2002-03-06,6733.64
2002-03-07,6775.26
2002-03-08,6793.76
2002-03-11,6731.59
2002-03-12,6678.61
2002-03-13,6639.17
2002-03-14,6673.03
2002-03-15,6733.92
2002-03-18,6788.93
2002-03-19,6816.99
2002-03-20,6756.62
2002-03-21,6721.54
2002-03-22,6753.34
2002-03-25,6733.95
2002-03-26,6792.24
2002-03-27,6785.09
2002-03-28,6880.22
2002-04-02,6791.15
2002-04-03,6798.39
2002-04-04,6660.5
2002-04-05,6627.32
2002-04-08,6504.3
2002-04-09,6551.31
2002-04-10,6636.32
2002-04-11,6518.48
2002-04-12,6557.74
2002-04-15,6607.93
2002-04-16,6749.18
2002-04-17,6747.07
2002-04-18,6734.64
2002-04-19,6760.45
2002-04-22,6693.91
2002-04-23,6698.45
2002-04-24,6647.72
2002-04-25,6551.84
2002-04-26,6549.03
2002-04-29,6520.05
2002-04-30,6570.54
2002-05-02,6517.95
2002-05-03,6421.09
2002-05-06,6440.12
2002-05-07,6338.8
2002-05-08,6497.58
2002-05-09,6472.26
2002-05-10,6388.14
2002-05-13,6467.41
2002-05-14,6584.24
2002-05-15,6626.98
2002-05-16,6619.7
2002-05-17,6620.16
2002-05-20,6557.29
2002-05-21,6554.99
2002-05-22,6453.26
2002-05-23,6476.09
2002-05-24,6469.89
2002-05-27,6504.62
2002-05-28,6473.09
2002-05-29,6467.32
2002-05-30,6355.86
2002-05-31,6381.15
2002-06-03,6318.94
2002-06-04,6101.13
2002-06-05,6121.58
2002-06-06,6149.6
2002-06-07,6035.87
2002-06-10,6044.51
2002-06-11,6171.3
2002-06-12,6014.21
2002-06-13,5942.99
2002-06-14,5774.56
2002-06-17,6025.93
2002-06-18,6018.21
2002-06-19,5914.0
2002-06-20,5758.46
2002-06-21,5709.57
2002-06-24,5518.11
2002-06-25,5664.22
2002-06-26,5566.06
2002-06-27,5630.32
2002-06-28,5863.81
2002-07-01,5874.9
2002-07-02,5631.13
2002-07-03,5461.8
2002-07-04,5573.05
2002-07-05,5823.51
2002-07-08,5816.07
2002-07-09,5756.77
2002-07-10,5511.62
2002-07-11,5294.14
2002-07-12,5296.02
2002-07-15,5010.21
2002-07-16,5001.27
2002-07-17,5186.78
2002-07-18,5296.56
2002-07-19,5010.65
2002-07-22,4747.84
2002-07-23,4627.95
2002-07-24,4557.9
2002-07-25,4747.88
2002-07-26,4782.31
2002-07-29,5118.86
2002-07-30,5094.77
2002-07-31,5148.33
2002-08-01,4885.04
2002-08-02,4892.06
2002-08-05,4696.12
2002-08-06,4951.49
2002-08-07,4929.97
2002-08-08,5107.75
2002-08-09,5197.43
2002-08-12,5071.56
2002-08-13,5110.44
2002-08-14,4885.21
2002-08-15,5087.51
2002-08-16,5086.13
2002-08-19,5265.39
2002-08-20,5186.42
2002-08-21,5253.63
2002-08-22,5415.5
2002-08-23,5315.25
2002-08-26,5232.63
2002-08-27,5382.19
2002-08-28,5154.94
2002-08-29,5022.33
2002-08-30,5074.24
2002-09-02,4933.38
2002-09-03,4713.06
2002-09-04,4776.52
2002-09-05,4732.34
2002-09-06,4894.06
2002-09-09,4823.44
2002-09-10,4973.91
2002-09-11,5120.7
2002-09-12,4886.78
2002-09-13,4757.63
2002-09-16,4736.19
2002-09-17,4692.3
2002-09-18,4523.69
2002-09-19,4412.45
2002-09-20,4357.64
2002-09-23,4212.16
2002-09-24,4134.54
2002-09-25,4198.72
2002-09-26,4464.14
2002-09-27,4447.65
2002-09-30,4186.76
2002-10-01,4263.81
2002-10-02,4433.06
2002-10-03,4312.77
2002-10-04,4169.36
2002-10-07,4120.6
2002-10-08,4061.31
2002-10-09,4004.35
2002-10-10,4158.23
2002-10-11,4374.9
2002-10-14,4349.28
2002-10-15,4651.91
2002-10-16,4624.29
2002-10-17,4798.22
2002-10-18,4758.89
2002-10-21,4758.8
2002-10-22,4704.65
2002-10-23,4510.53
2002-10-24,4635.5
2002-10-25,4607.98
2002-10-28,4704.41
2002-10-29,4469.64
2002-10-30,4649.19
2002-10-31,4748.41
2002-11-01,4687.32
2002-11-04,4851.86
2002-11-05,4895.16
2002-11-06,4843.11
2002-11-07,4690.65
2002-11-08,4609.94
2002-11-11,4603.18
2002-11-12,4619.67
2002-11-13,4574.71
2002-11-14,4746.24
2002-11-15,4767.02
2002-11-18,4836.49
2002-11-19,4789.4
2002-11-20,4753.63
2002-11-21,4959.65
2002-11-22,4983.18
2002-11-25,4967.95
2002-11-26,4846.61
2002-11-27,4995.19
2002-11-28,5019.66
2002-11-29,5014.63
2002-12-02,4972.59
2002-12-03,4858.46
2002-12-04,4824.65
2002-12-05,4761.63
2002-12-06,4803.43
2002-12-09,4697.68
2002-12-10,4738.57
2002-12-11,4809.95
2002-12-12,4730.56
2002-12-13,4639.22
2002-12-16,4785.48
2002-12-17,4732.34
2002-12-18,4640.03
2002-12-19,4605.08
2002-12-20,4648.26
2002-12-23,4655.45
2002-12-24,4645.9
2002-12-27,4541.18
2002-12-30,4561.24
2002-12-31,4619.7
2003-01-02,4817.39
2003-01-03,4806.62
2003-01-06,4840.38
2003-01-07,4766.07
2003-01-08,4665.2
2003-01-09,4752.96
2003-01-10,4764.78
2003-01-13,4779.39
2003-01-14,4785.74
2003-01-15,4726.38
2003-01-16,4738.34
2003-01-17,4609.18
2003-01-20,4553.6
2003-01-21,4511.87
2003-01-22,4419.88
2003-01-23,4399.66
2003-01-24,4370.45
2003-01-27,4215.42
2003-01-28,4221.88
2003-01-29,4282.16
2003-01-30,4393.85
2003-01-31,4429.66
2003-02-03,4459.68
2003-02-04,4317.52
2003-02-05,4349.37
2003-02-06,4276.34
2003-02-07,4216.75
2003-02-10,4179.96
2003-02-11,4284.87
2003-02-12,4177.49
2003-02-13,4159.45
2003-02-14,4263.63
2003-02-17,4345.6
2003-02-18,4430.8
2003-02-19,4311.02
2003-02-20,4228.54
2003-02-21,4266.75
2003-02-24,4200.08
2003-02-25,4045.93
2003-02-26,4008.53
2003-02-27,4094.83
2003-02-28,4152.54
2003-03-03,4164.88
2003-03-04,4036.41
2003-03-05,4004.33
2003-03-06,3973.36
2003-03-07,3883.43
2003-03-10,3790.98
2003-03-11,3760.54
2003-03-12,3624.23
2003-03-13,3852.98
2003-03-14,4132.45
2003-03-17,4270.78
2003-03-18,4215.21
2003-03-19,4279.74
2003-03-20,4215.12
2003-03-21,4359.68
2003-03-24,4112.59
2003-03-25,4216.57
2003-03-26,4204.15
2003-03-27,4106.54
2003-03-28,4121.86
2003-03-31,3949.11
2003-04-01,3974.11
2003-04-02,4138.27
2003-04-03,4205.85
2003-04-04,4280.16
2003-04-07,4427.53
2003-04-08,4363.92
2003-04-09,4355.65
2003-04-10,4235.83
2003-04-11,4280.42
2003-04-14,4335.98
2003-04-15,4406.17
2003-04-16,4366.41
2003-04-17,4376.48
2003-04-22,4406.93
2003-04-23,4479.62
2003-04-24,4399.06
2003-04-25,4344.06
2003-04-28,4470.47
2003-04-29,4457.18
2003-04-30,4478.01
2003-05-02,4499.95
2003-05-05,4550.22
2003-05-06,4646.75
2003-05-07,4604.47
2003-05-08,4475.36
2003-05-09,4519.1
2003-05-12,4512.4
2003-05-13,4513.93
2003-05-14,4511.19
2003-05-15,4566.72
2003-05-16,4595.26
2003-05-19,4399.51
2003-05-20,4419.94
2003-05-21,4429.44
2003-05-22,4463.37
2003-05-23,4453.98
2003-05-26,4436.09
2003-05-27,4452.16
2003-05-28,4544.86
2003-05-29,4575.02
2003-05-30,4609.79
2003-06-02,4707.87
2003-06-03,4694.81
2003-06-04,4736.48
2003-06-05,4690.44
2003-06-06,4785.03
2003-06-09,4726.27
2003-06-10,4772.43
2003-06-11,4831.31
2003-06-12,4890.24
2003-06-13,4826.34
2003-06-16,4928.1
2003-06-17,4968.87
2003-06-18,4989.33
2003-06-19,4919.28
2003-06-20,4958.45
2003-06-23,4852.65
2003-06-24,4827.92
2003-06-25,4836.25
2003-06-26,4828.1
2003-06-27,4838.43
2003-06-30,4799.65
2003-07-01,4689.01
2003-07-02,4791.84
2003-07-03,4812.06
2003-07-04,4781.42
2003-07-07,4952.32
2003-07-08,4945.75
2003-07-09,4886.51
2003-07-10,4821.69
2003-07-11,4883.93
2003-07-14,4964.8
2003-07-15,4947.85
2003-07-16,4903.32
2003-07-17,4870.08
2003-07-18,4869.83
2003-07-21,4794.9
2003-07-22,4812.89
2003-07-23,4807.9
2003-07-24,4912.87
2003-07-25,4838.88
2003-07-28,4925.42
2003-07-29,4890.33
2003-07-30,4937.21
2003-07-31,4995.98
2003-08-01,4932.73
2003-08-04,4889.73
2003-08-05,4960.71
2003-08-06,4865.06
2003-08-07,4871.92
2003-08-08,4926.28
2003-08-11,4961.81
2003-08-12,4992.8
2003-08-13,4992.54
2003-08-14,5076.02
2003-08-15,5103.28
2003-08-18,5137.31
2003-08-19,5152.28
2003-08-20,5105.04
2003-08-21,5145.62
2003-08-22,5180.75
2003-08-25,5122.19
2003-08-26,5068.23
2003-08-27,5104.53
2003-08-28,5171.35
2003-08-29,5153.4
2003-09-01,5226.69
2003-09-02,5235.12
2003-09-03,5326.7
2003-09-04,5307.9
2003-09-05,5279.97
2003-09-08,5306.38
2003-09-09,5252.76
2003-09-10,5180.31
2003-09-11,5210.72
2003-09-12,5170.74
2003-09-15,5195.33
2003-09-16,5270.1
2003-09-17,5281.8
2003-09-18,5314.62
2003-09-19,5250.22
2003-09-22,5109.1
2003-09-23,5082.77
2003-09-24,5079.27
2003-09-25,5027.53
2003-09-26,5006.09
2003-09-29,4962.43
2003-09-30,4878.83
2003-10-01,4966.01
2003-10-02,4969.02
2003-10-03,5129.97
2003-10-06,5106.62
2003-10-07,5065.22
2003-10-08,5055.66
2003-10-09,5174.52
2003-10-10,5145.16
2003-10-13,5229.54
2003-10-14,5205.5
2003-10-15,5252.32
2003-10-16,5225.1
2003-10-17,5219.23
2003-10-20,5227.13
2003-10-21,5234.15
2003-10-22,5139.83
2003-10-23,5080.05
2003-10-24,5083.13
2003-10-27,5145.88
2003-10-28,5216.79
2003-10-29,5239.83
2003-10-30,5271.58
2003-10-31,5249.55
2003-11-03,5352.06
2003-11-04,5329.87
2003-11-05,5280.75
2003-11-06,5310.22
2003-11-07,5373.93
2003-11-10,5330.45
2003-11-11,5300.67
2003-11-12,5308.45
2003-11-13,5310.79
2003-11-14,5366.89
2003-11-17,5227.91
2003-11-18,5217.99
2003-11-19,5203.13
2003-11-20,5173.57
2003-11-21,5238.52
2003-11-24,5310.0
2003-11-25,5319.49
2003-11-26,5314.88
2003-11-27,5340.52
2003-11-28,5329.83
2003-12-01,5431.71
2003-12-02,5403.09
2003-12-03,5449.88
2003-12-04,5442.33
2003-12-05,5380.98
2003-12-08,5346.38
2003-12-09,5379.39
2003-12-10,5352.51
2003-12-11,5397.72
2003-12-12,5401.93
2003-12-15,5432.78
2003-12-16,5426.84
2003-12-17,5416.36
2003-12-18,5452.69
2003-12-19,5450.87
2003-12-22,5441.55
2003-12-23,5447.82
2003-12-24,5463.72
2003-12-29,5480.05
2003-12-30,5493.11
2003-12-31,5537.81
2004-01-02,5598.36
2004-01-05,5616.24
2004-01-06,5596.84
2004-01-07,5546.55
2004-01-08,5592.02
2004-01-09,5564.12
2004-01-12,5541.23
2004-01-13,5566.96
2004-01-14,5623.58
2004-01-15,5646.03
2004-01-16,5715.8
2004-01-19,5744.1
2004-01-20,5697.73
2004-01-21,5722.93
2004-01-22,5752.86
2004-01-23,5749.37
2004-01-26,5721.92
2004-01-27,5755.69
2004-01-28,5770.27
2004-01-29,5701.03
2004-01-30,5663.87
2004-02-02,5705.26
2004-02-03,5663.53
2004-02-04,5615.82
2004-02-05,5620.09
2004-02-06,5642.51
2004-02-09,5703.24
2004-02-10,5710.59
2004-02-11,5725.23
2004-02-12,5731.0
2004-02-13,5680.84
2004-02-16,5725.57
2004-02-17,5765.65
2004-02-18,5773.76
2004-02-19,5852.05
2004-02-20,5811.51
2004-02-23,5808.2
2004-02-24,5733.93
2004-02-25,5763.8
2004-02-26,5782.26
2004-02-27,5799.31
2004-03-01,5835.79
2004-03-02,5892.59
2004-03-03,5850.79
2004-03-04,5880.35
2004-03-05,5855.7
2004-03-08,5887.26
2004-03-09,5818.21
2004-03-10,5851.0
2004-03-11,5677.15
2004-03-12,5701.05
2004-03-15,5564.13
2004-03-16,5586.25
2004-03-17,5692.12
2004-03-18,5589.26
2004-03-19,5625.55
2004-03-22,5510.23
2004-03-23,5511.32
2004-03-24,5477.91
2004-03-25,5558.79
2004-03-26,5593.02
2004-03-29,5658.08
2004-03-30,5636.16
2004-03-31,5644.15
2004-04-01,5713.82
2004-04-02,5822.7
2004-04-05,5886.97
2004-04-06,5832.34
2004-04-07,5814.36
2004-04-08,5823.01
2004-04-13,5876.84
2004-04-14,5809.48
2004-04-15,5795.98
2004-04-16,5840.87
2004-04-19,5828.17
2004-04-20,5874.88
2004-04-21,5827.74
2004-04-22,5893.75
2004-04-23,5934.04
2004-04-26,5893.74
2004-04-27,5888.36
2004-04-28,5795.72
2004-04-29,5745.86
2004-04-30,5729.68
2004-05-03,5795.1
2004-05-04,5787.76
2004-05-05,5838.35
2004-05-06,5722.13
2004-05-07,5721.91
2004-05-10,5569.06
2004-05-11,5660.28
2004-05-12,5594.26
2004-05-13,5672.57
2004-05-14,5658.76
2004-05-17,5586.48
2004-05-18,5633.25
2004-05-19,5754.36
2004-05-20,5701.68
2004-05-21,5697.02
2004-05-24,5775.8
2004-05-25,5747.54
2004-05-26,5828.3
2004-05-27,5860.29
2004-05-28,5824.61
2004-05-31,5853.68
2004-06-01,5787.03
2004-06-02,5825.24
2004-06-03,5838.24
2004-06-04,5911.82
2004-06-07,5949.15
2004-06-08,5951.12
2004-06-09,5912.49
2004-06-10,5933.11
2004-06-11,5933.62
2004-06-14,5849.77
2004-06-15,5916.41
2004-06-16,5966.31
2004-06-17,5972.06
2004-06-18,6008.71
2004-06-21,6007.72
2004-06-22,5943.53
2004-06-23,5975.38
2004-06-24,6038.54
2004-06-25,6017.05
2004-06-28,6064.0
2004-06-29,6039.72
2004-06-30,6001.95
2004-07-01,5974.96
2004-07-02,5924.9
2004-07-05,5929.91
2004-07-06,5885.69
2004-07-07,5885.25
2004-07-08,5901.34
2004-07-09,5898.24
2004-07-12,5871.15
2004-07-13,5878.46
2004-07-14,5866.52
2004-07-15,5805.1
2004-07-16,5804.86
2004-07-19,5776.29
2004-07-20,5800.01
2004-07-21,5848.38
2004-07-22,5744.47
2004-07-23,5735.54
2004-07-26,5679.79
2004-07-27,5732.03
2004-07-28,5749.42
2004-07-29,5858.54
2004-07-30,5863.86
2004-08-02,5826.38
2004-08-03,5869.81
2004-08-04,5800.32
2004-08-05,5825.09
2004-08-06,5673.41
2004-08-09,5623.0
2004-08-10,5680.51
2004-08-11,5632.1
2004-08-12,5618.08
2004-08-13,5602.98
2004-08-16,5654.18
2004-08-17,5680.62
2004-08-18,5694.05
2004-08-19,5698.77
2004-08-20,5688.48
2004-08-23,5771.56
2004-08-24,5779.09
2004-08-25,5780.52
2004-08-26,5836.11
2004-08-27,5867.3
2004-08-30,5847.15
2004-08-31,5778.94
2004-09-01,5809.4
2004-09-02,5841.8
2004-09-03,5894.15
2004-09-06,5905.55
2004-09-07,5920.2
2004-09-08,5912.81
2004-09-09,5871.77
2004-09-10,5912.92
2004-09-13,5989.75
2004-09-14,5961.82
2004-09-15,5935.81
2004-09-16,5935.54
2004-09-17,5991.07
2004-09-20,5954.84
2004-09-21,5998.98
2004-09-22,5936.24
2004-09-23,5873.51
2004-09-24,5906.33
2004-09-27,5879.67
2004-09-28,5896.62
2004-09-29,5921.05
2004-09-30,5853.75
2004-10-01,5997.74
2004-10-04,6057.07
2004-10-05,6062.2
2004-10-06,6053.11
2004-10-07,6043.64
2004-10-08,6010.14
2004-10-11,5993.69
2004-10-12,5931.12
2004-10-13,5940.11
2004-10-14,5892.9
2004-10-15,5902.23
2004-10-18,5884.63
2004-10-19,5950.16
2004-10-20,5894.07
2004-10-21,5929.2
2004-10-22,5928.63
2004-10-25,5803.03
2004-10-26,5819.78
2004-10-27,5914.5
2004-10-28,5984.34
2004-10-29,5960.21
2004-11-01,6004.04
2004-11-02,6055.11
2004-11-03,6061.69
2004-11-04,6049.66
2004-11-05,6079.47
2004-11-08,6073.05
2004-11-09,6061.71
2004-11-10,6085.78
2004-11-11,6164.36
2004-11-12,6166.5
2004-11-15,6143.76
2004-11-16,6100.83
2004-11-17,6181.01
2004-11-18,6158.91
2004-11-19,6108.09
2004-11-22,6068.64
2004-11-23,6078.03
2004-11-24,6065.73
2004-11-25,6125.24
2004-11-26,6100.41
2004-11-29,6097.85
2004-11-30,6054.53
2004-12-01,6123.82
2004-12-02,6148.57
2004-12-03,6103.5
2004-12-06,6077.48
2004-12-07,6109.84
2004-12-08,6089.83
2004-12-09,6045.34
2004-12-10,6079.15
2004-12-13,6139.68
2004-12-14,6153.31
2004-12-15,6134.91
2004-12-16,6150.49
2004-12-17,6044.37
2004-12-20,6075.24
2004-12-21,6086.39
2004-12-22,6144.7
2004-12-23,6166.55
2004-12-24,6171.52
2004-12-27,6163.33
2004-12-28,6174.85
2004-12-29,6178.63
2004-12-30,6179.9
2004-12-31,6168.94
2005-01-03,6224.67
2005-01-04,6236.96
2005-01-05,6182.18
2005-01-06,6225.95
2005-01-07,6260.64
2005-01-10,6260.4
2005-01-11,6214.4
2005-01-12,6161.36
2005-01-13,6190.38
2005-01-14,6223.45
2005-01-17,6266.78
2005-01-18,6256.42
2005-01-19,6246.71
2005-01-20,6203.82
2005-01-21,6222.8
2005-01-24,6213.94
2005-01-25,6267.75
2005-01-26,6264.17
2005-01-27,6282.87
2005-01-28,6248.88
2005-01-31,6318.85
2005-02-01,6360.02
2005-02-02,6380.26
2005-02-03,6343.47
2005-02-04,6390.41
2005-02-07,6428.98
2005-02-08,6427.16
2005-02-09,6409.16
2005-02-10,6410.37
2005-02-11,6485.25
2005-02-14,6477.76
2005-02-15,6507.36
2005-02-16,6472.77
2005-02-17,6467.08
2005-02-18,6505.06
2005-02-21,6494.73
2005-02-22,6461.97
2005-02-23,6421.37
2005-02-24,6422.15
2005-02-25,6514.03
2005-02-28,6502.05
2005-03-01,6546.97
2005-03-02,6559.47
2005-03-03,6557.26
2005-03-04,6606.07
2005-03-07,6632.57
2005-03-08,6596.05
2005-03-09,6565.88
2005-03-10,6519.89
2005-03-11,6537.6
2005-03-14,6536.59
2005-03-15,6583.72
2005-03-16,6489.53
2005-03-17,6509.98
2005-03-18,6540.18
2005-03-21,6511.48
2005-03-22,6534.38
2005-03-23,6510.53
2005-03-24,6584.64
2005-03-29,6590.03
2005-03-30,6562.52
2005-03-31,6567.64
2005-04-01,6587.5
2005-04-04,6542.69
2005-04-05,6600.2
2005-04-06,6630.95
2005-04-07,6659.01
2005-04-08,6658.88
2005-04-11,6648.12
2005-04-12,6614.52
2005-04-13,6646.87
2005-04-14,6637.6
2005-04-15,6510.32
2005-04-18,6376.82
2005-04-19,6397.49
2005-04-20,6377.51
2005-04-21,6379.13
2005-04-22,6431.58
2005-04-25,6452.41
2005-04-26,6452.36
2005-04-27,6346.75
2005-04-28,6329.43
2005-04-29,6329.85
2005-05-02,6377.47
2005-05-03,6405.24
2005-05-04,6464.66
2005-05-05,6516.08
2005-05-06,6540.81
2005-05-09,6519.29
2005-05-10,6486.95
2005-05-11,6455.95
2005-05-12,6514.55
2005-05-13,6521.62
2005-05-16,6518.89
2005-05-17,6524.21
2005-05-18,6635.82
2005-05-19,6658.03
2005-05-20,6674.64
2005-05-23,6711.27
2005-05-24,6704.46
2005-05-25,6701.53
2005-05-26,6765.11
2005-05-27,6761.94
2005-05-30,6797.11
2005-05-31,6774.6
2005-06-01,6875.56
2005-06-02,6884.56
2005-06-03,6858.29
2005-06-06,6831.94
2005-06-07,6902.27
2005-06-08,6886.77
2005-06-09,6857.65
2005-06-10,6908.77
2005-06-13,6940.79
2005-06-14,6931.28
2005-06-15,6909.19
2005-06-16,6910.49
2005-06-17,6969.54
2005-06-20,6924.13
2005-06-21,6971.38
2005-06-22,6983.81
2005-06-23,7005.6
2005-06-24,6939.0
2005-06-27,6869.31
2005-06-28,6929.85
2005-06-29,6991.89
2005-06-30,6987.7
2005-07-01,7054.24
2005-07-04,7045.95
2005-07-05,7026.79
2005-07-06,7071.75
2005-07-07,6973.72
2005-07-08,7105.38
2005-07-11,7140.5
2005-07-12,7127.64
2005-07-13,7176.94
2005-07-14,7221.99
2005-07-15,7226.76
2005-07-18,7209.74
2005-07-19,7310.17
2005-07-20,7300.49
2005-07-21,7312.5
2005-07-22,7295.74
2005-07-25,7306.64
2005-07-26,7304.43
2005-07-27,7324.83
2005-07-28,7372.98
2005-07-29,7355.58
2005-08-01,7364.07
2005-08-02,7440.83
2005-08-03,7427.87
2005-08-04,7367.54
2005-08-05,7305.95
2005-08-08,7337.87
2005-08-09,7421.6
2005-08-10,7480.13
2005-08-11,7450.36
2005-08-12,7396.46
2005-08-15,7380.11
2005-08-16,7343.74
2005-08-17,7335.58
2005-08-18,7319.79
2005-08-19,7415.34
2005-08-22,7412.1
2005-08-23,7330.51
2005-08-24,7310.46
2005-08-25,7234.59
2005-08-26,7175.43
2005-08-29,7206.11
2005-08-30,7198.5
2005-08-31,7269.04
2005-09-01,7310.0
2005-09-02,7278.28
2005-09-05,7319.82
2005-09-06,7389.97
2005-09-07,7412.51
2005-09-08,7379.05
2005-09-09,7421.59
2005-09-12,7421.82
2005-09-13,7358.34
2005-09-14,7386.48
2005-09-15,7401.28
2005-09-16,7451.01
2005-09-19,7444.71
2005-09-20,7487.87
2005-09-21,7382.55
2005-09-22,7349.66
2005-09-23,7397.65
2005-09-26,7545.89
2005-09-27,7512.66
2005-09-28,7599.94
2005-09-29,7565.63
2005-09-30,7600.6
2005-10-03,7637.8
2005-10-04,7683.56
2005-10-05,7590.83
2005-10-06,7496.31
2005-10-07,7482.91
2005-10-10,7495.17
2005-10-11,7517.42
2005-10-12,7460.19
2005-10-13,7385.97
2005-10-14,7405.8
2005-10-17,7417.51
2005-10-18,7371.12
2005-10-19,7228.94
2005-10-20,7254.67
2005-10-21,7214.78
2005-10-24,7306.4
2005-10-25,7265.13
2005-10-26,7291.09
2005-10-27,7165.03
2005-10-28,7149.0
2005-10-31,7330.33
2005-11-01,7327.52
2005-11-02,7319.1
2005-11-03,7438.67
2005-11-04,7433.18
2005-11-07,7441.37
2005-11-08,7441.31
2005-11-09,7402.66
2005-11-10,7401.46
2005-11-11,7495.63
2005-11-14,7515.38
2005-11-15,7506.62
2005-11-16,7455.37
2005-11-17,7474.4
2005-11-18,7529.02
2005-11-21,7578.84
2005-11-22,7569.63
2005-11-23,7615.64
2005-11-24,7595.27
2005-11-25,7617.87
2005-11-28,7576.19
2005-11-29,7598.41
2005-11-30,7563.11
2005-12-01,7677.44
2005-12-02,7721.22
2005-12-05,7701.4
2005-12-06,7745.56
2005-12-07,7718.04
2005-12-08,7733.52
2005-12-09,7718.75
2005-12-12,7738.82
2005-12-13,7772.38
2005-12-14,7741.66
2005-12-15,7738.84
2005-12-16,7790.61
2005-12-19,7774.8
2005-12-20,7790.34
2005-12-21,7871.38
2005-12-22,7870.64
2005-12-23,7880.21
2005-12-27,7899.49
2005-12-28,7878.87
2005-12-29,7905.37
2005-12-30,7809.8
2006-01-02,7875.54
2006-01-03,7912.07
2006-01-04,8014.01
2006-01-05,8008.33
2006-01-06,8061.43
2006-01-09,8074.57
2006-01-10,8052.78
2006-01-11,8100.09
2006-01-12,8099.67
2006-01-13,8033.9
2006-01-16,8043.1
2006-01-17,7962.04
2006-01-18,7903.98
2006-01-19,7973.54
2006-01-20,7906.28
2006-01-23,7870.68
2006-01-24,7864.61
2006-01-25,7935.29
2006-01-26,8076.95
2006-01-27,8209.58
2006-01-30,8176.77
2006-01-31,8195.33
2006-02-01,8280.46
2006-02-02,8162.03
2006-02-03,8178.05
2006-02-06,8173.13
2006-02-07,8174.46
2006-02-08,8107.69
2006-02-09,8208.16
2006-02-10,8133.75
2006-02-13,8210.84
2006-02-14,8217.43
2006-02-15,8172.3
2006-02-16,8236.89
2006-02-17,8281.46
2006-02-20,8248.24
2006-02-21,8268.09
2006-02-22,8350.36
2006-02-23,8348.35
2006-02-24,8403.94
2006-02-27,8414.83
2006-02-28,8282.21
2006-03-01,8376.88
2006-03-02,8296.52
2006-03-03,8263.49
2006-03-06,8299.21
2006-03-07,8268.56
2006-03-08,8230.97
2006-03-09,8294.45
2006-03-10,8396.19
2006-03-13,8459.47
2006-03-14,8475.52
2006-03-15,8493.35
2006-03-16,8490.17
2006-03-17,8515.13
2006-03-20,8510.88
2006-03-21,8527.53
2006-03-22,8604.08
2006-03-23,8604.08
2006-03-24,8643.71
2006-03-27,8550.51
2006-03-28,8529.89
2006-03-29,8580.01
2006-03-30,8679.14
2006-03-31,8647.26
2006-04-03,8704.24
2006-04-04,8622.34
2006-04-05,8647.56
2006-04-06,8649.75
2006-04-07,8571.26
2006-04-10,8596.61
2006-04-11,8467.96
2006-04-12,8422.44
2006-04-13,8451.43
2006-04-18,8440.41
2006-04-19,8543.39
2006-04-20,8623.97
2006-04-21,8699.48
2006-04-24,8648.23
2006-04-25,8671.26
2006-04-26,8699.37
2006-04-27,8635.16
2006-04-28,8593.5
2006-05-02,8680.94
2006-05-03,8605.0
2006-05-04,8681.86
2006-05-05,8774.99
2006-05-08,8779.89
2006-05-09,8834.25
2006-05-10,8806.13
2006-05-11,8779.98
2006-05-12,8605.76
2006-05-15,8467.33
2006-05-16,8502.95
2006-05-17,8235.32
2006-05-18,8238.66
2006-05-19,8298.88
2006-05-22,8079.32
2006-05-23,8280.4
2006-05-24,8180.25
2006-05-25,8313.8
2006-05-26,8474.31
2006-05-29,8442.1
2006-05-30,8238.97
2006-05-31,8322.89
2006-06-01,8351.78
2006-06-02,8374.62
2006-06-05,8300.9
2006-06-06,8120.23
2006-06-07,8181.57
2006-06-08,7947.76
2006-06-09,8090.01
2006-06-12,8013.67
2006-06-13,7834.51
2006-06-14,7830.87
2006-06-15,8016.04
2006-06-16,7965.67
2006-06-19,8023.57
2006-06-20,8095.97
2006-06-21,8103.28
2006-06-22,8156.41
2006-06-23,8180.77
2006-06-26,8153.35
2006-06-27,8101.99
2006-06-28,8106.67
2006-06-29,8287.32
2006-06-30,8432.64
2006-07-03,8457.54
2006-07-04,8463.63
2006-07-05,8358.35
2006-07-06,8435.04
2006-07-07,8413.4
2006-07-10,8462.26
2006-07-11,8347.44
2006-07-12,8393.87
2006-07-13,8242.35
2006-07-14,8120.51
2006-07-17,8068.34
2006-07-18,8041.94
2006-07-19,8232.18
2006-07-20,8263.62
2006-07-21,8184.65
2006-07-24,8348.36
2006-07-25,8379.25
2006-07-26,8396.02
2006-07-27,8494.91
2006-07-28,8541.28
2006-07-31,8508.85
2006-08-01,8404.91
2006-08-02,8537.43
2006-08-03,8465.13
2006-08-04,8562.41
2006-08-07,8418.69
2006-08-08,8438.41
2006-08-09,8535.57
2006-08-10,8453.17
2006-08-11,8468.25
2006-08-14,8572.56
2006-08-15,8688.22
2006-08-16,8726.09
2006-08-17,8738.87
2006-08-18,8723.33
2006-08-21,8670.61
2006-08-22,8710.83
2006-08-23,8633.37
2006-08-24,8684.54
2006-08-25,8681.61
2006-08-28,8745.13
2006-08-29,8765.16
2006-08-30,8803.33
2006-08-31,8773.17
2006-09-01,8804.45
2006-09-04,8838.08
2006-09-05,8786.44
2006-09-06,8689.07
2006-09-07,8594.92
2006-09-08,8617.82
2006-09-11,8594.15
2006-09-12,8709.1
2006-09-13,8729.42
2006-09-14,8705.51
2006-09-15,8741.23
2006-09-18,8744.77
2006-09-19,8692.15
2006-09-20,8822.54
2006-09-21,8849.02
2006-09-22,8736.26
2006-09-25,8743.96
2006-09-26,8868.16
2006-09-27,8908.11
2006-09-28,8919.86
2006-09-29,8919.85
2006-10-02,8908.17
2006-10-03,8868.5
2006-10-04,8930.96
2006-10-05,8985.3
2006-10-06,8974.3
2006-10-09,8978.87
2006-10-10,9021.41
2006-10-11,9027.19
2006-10-12,9109.29
2006-10-13,9095.22
2006-10-16,9110.07
2006-10-17,9009.86
2006-10-18,9108.91
2006-10-19,9106.28
2006-10-20,9132.81
2006-10-23,9194.75
2006-10-24,9182.4
2006-10-25,9212.54
2006-10-26,9232.1
2006-10-27,9167.94
2006-10-30,9110.51
2006-10-31,9087.57
2006-11-01,9125.18
2006-11-02,9021.9
2006-11-03,9066.46
2006-11-06,9178.69
2006-11-07,9238.88
2006-11-08,9237.82
2006-11-09,9257.26
2006-11-10,9255.38
2006-11-13,9328.55
2006-11-14,9304.28
2006-11-15,9365.29
2006-11-16,9355.41
2006-11-17,9263.05
2006-11-20,9288.64
2006-11-21,9296.49
2006-11-22,9284.8
2006-11-23,9237.76
2006-11-24,9177.48
2006-11-27,9039.87
2006-11-28,9035.76
2006-11-29,9164.04
2006-11-30,9072.74
2006-12-01,8948.18
2006-12-04,9019.77
2006-12-05,9128.1
2006-12-06,9112.65
2006-12-07,9161.35
2006-12-08,9169.78
2006-12-11,9243.69
2006-12-12,9242.42
2006-12-13,9325.93
2006-12-14,9383.38
2006-12-15,9437.94
2006-12-18,9418.7
2006-12-19,9341.1
2006-12-20,9391.62
2006-12-21,9386.61
2006-12-22,9290.45
2006-12-27,9437.05
2006-12-28,9425.73
2006-12-29,9440.04
2007-01-02,9569.41
2007-01-03,9557.86
2007-01-04,9495.92
2007-01-05,9398.47
2007-01-08,9400.58
2007-01-09,9425.18
2007-01-10,9372.23
2007-01-11,9555.95
2007-01-12,9569.26
2007-01-15,9592.19
2007-01-16,9524.84
2007-01-17,9474.14
2007-01-18,9462.67
2007-01-19,9564.3
2007-01-22,9504.81
2007-01-23,9496.79
2007-01-24,9604.11
2007-01-25,9554.92
2007-01-26,9509.09
2007-01-29,9572.81
2007-01-30,9616.91
2007-01-31,9553.41
2007-02-01,9645.28
2007-02-02,9670.92
2007-02-05,9677.41
2007-02-06,9670.04
2007-02-07,9714.71
2007-02-08,9650.15
2007-02-09,9696.73
2007-02-12,9614.11
2007-02-13,9680.11
2007-02-14,9753.61
2007-02-15,9745.16
2007-02-16,9732.75
2007-02-19,9777.56
2007-02-20,9732.5
2007-02-21,9700.33
2007-02-22,9722.99
2007-02-23,9737.5
2007-02-26,9816.13
2007-02-27,9519.47
2007-02-28,9398.24
2007-03-01,9299.57
2007-03-02,9242.16
2007-03-05,9174.56
2007-03-06,9263.34
2007-03-07,9293.89
2007-03-08,9411.78
2007-03-09,9434.9
2007-03-12,9363.75
2007-03-13,9256.18
2007-03-14,9023.27
2007-03-15,9182.77
2007-03-16,9169.68
2007-03-19,9300.51
2007-03-20,9376.01
2007-03-21,9374.15
2007-03-22,9538.04
2007-03-23,9600.02
2007-03-26,9500.43
2007-03-27,9518.77
2007-03-28,9460.22
2007-03-29,9594.53
2007-03-30,9599.01
2007-04-02,9618.43
2007-04-03,9731.47
2007-04-04,9777.65
2007-04-05,9781.69
2007-04-10,9824.1
2007-04-11,9799.64
2007-04-12,9794.56
2007-04-13,9863.39
2007-04-16,9987.14
2007-04-17,9980.61
2007-04-18,9942.81
2007-04-19,9931.04
2007-04-20,10118.21
2007-04-23,10081.43
2007-04-24,10028.13
2007-04-25,10132.57
2007-04-26,10140.6
2007-04-27,10117.28
2007-04-30,10168.15
2007-05-02,10225.84
2007-05-03,10256.29
2007-05-04,10372.6
2007-05-07,10390.81
2007-05-08,10327.08
2007-05-09,10356.82
2007-05-10,10296.6
2007-05-11,10361.8
2007-05-14,10324.39
2007-05-15,10384.16
2007-05-16,10332.54
2007-05-17,10348.14
2007-05-18,10497.92
2007-05-21,10520.17
2007-05-22,10519.8
2007-05-23,10572.5
2007-05-24,10478.0
2007-05-25,10498.9
2007-05-28,10523.1
2007-05-29,10505.9
2007-05-30,10485.4
2007-05-31,10594.3
2007-06-01,10707.8
2007-06-04,10637.3
2007-06-05,10558.8
2007-06-06,10383.9
2007-06-07,10271.0
2007-06-08,10258.4
2007-06-11,10357.5
2007-06-12,10284.4
2007-06-13,10347.3
2007-06-14,10544.3
2007-06-15,10645.5
2007-06-18,10613.9
2007-06-19,10586.9
2007-06-20,10624.6
2007-06-21,10519.8
2007-06-22,10508.4
2007-06-25,10472.8
2007-06-26,10386.5
2007-06-27,10366.1
2007-06-28,10478.8
2007-06-29,10563.7
2007-07-02,10514.9
2007-07-03,10589.7
2007-07-04,10641.9
2007-07-05,10575.5
2007-07-06,10650.8
2007-07-09,10654.2
2007-07-10,10505.1
2007-07-11,10473.5
2007-07-12,10651.4
2007-07-13,10677.4
2007-07-16,10692.3
2007-07-17,10646.2
2007-07-18,10467.0
2007-07-19,10588.4
2007-07-20,10399.3
2007-07-23,10490.0
2007-07-24,10312.5
2007-07-25,10189.7
2007-07-26,9906.81
2007-07-27,9852.53
2007-07-30,9856.72
2007-07-31,10039.5
2007-08-01,9870.58
2007-08-02,9919.05
2007-08-03,9772.11
2007-08-06,9658.82
2007-08-07,9811.4
2007-08-08,10036.4
2007-08-09,9819.05
2007-08-10,9511.56
2007-08-13,9722.17
2007-08-14,9563.97
2007-08-15,9501.23
2007-08-16,9191.81
2007-08-17,9363.16
2007-08-20,9425.58
2007-08-21,9459.44
2007-08-22,9632.94
2007-08-23,9641.95
2007-08-24,9722.34
2007-08-27,9759.29
2007-08-28,9556.13
2007-08-29,9636.17
2007-08-30,9762.76
2007-08-31,9886.74
2007-09-03,9866.78
2007-09-04,9904.24
2007-09-05,9692.68
2007-09-06,9736.46
2007-09-07,9480.63
2007-09-10,9404.39
2007-09-11,9565.9
2007-09-12,9616.67
2007-09-13,9717.86
2007-09-14,9670.63
2007-09-17,9496.82
2007-09-18,9688.85
2007-09-19,10005.7
2007-09-20,9932.25
2007-09-21,9953.0
2007-09-24,9938.75
2007-09-25,9849.89
2007-09-26,9935.74
2007-09-27,10010.1
2007-09-28,9979.26
2007-10-01,10079.8
2007-10-02,10125.2
2007-10-03,10137.2
2007-10-04,10134.1
2007-10-05,10202.0
2007-10-08,10177.8
2007-10-09,10234.6
2007-10-10,10193.7
2007-10-11,10236.2
2007-10-12,10203.2
2007-10-15,10140.7
2007-10-16,10083.0
2007-10-17,10160.6
2007-10-18,10070.5
2007-10-19,10023.8
2007-10-22,9885.5
2007-10-23,9961.96
2007-10-24,9908.9
2007-10-25,10058.4
2007-10-26,10118.8
2007-10-29,10190.9
2007-10-30,10134.6
2007-10-31,10211.5
2007-11-01,10007.1
2007-11-02,9988.78
2007-11-05,9926.28
2007-11-06,9969.58
2007-11-07,9923.84
2007-11-08,9833.75
2007-11-09,9646.13
2007-11-12,9666.0
2007-11-13,9671.84
2007-11-14,9803.36
2007-11-15,9711.73
2007-11-16,9668.49
2007-11-19,9509.11
2007-11-20,9638.82
2007-11-21,9419.36
2007-11-22,9480.28
2007-11-23,9664.19
2007-11-26,9554.3
2007-11-27,9513.38
2007-11-28,9736.67
2007-11-29,9801.27
2007-11-30,9929.65
2007-12-03,9857.66
2007-12-04,9713.64
2007-12-05,9909.52
2007-12-06,9935.25
2007-12-07,10014.0
2007-12-10,10070.3
2007-12-11,10024.5
2007-12-12,10057.0
2007-12-13,9790.16
2007-12-14,9815.46
2007-12-17,9659.15
2007-12-18,9649.5
2007-12-19,9628.57
2007-12-20,9653.14
2007-12-21,9813.08
2007-12-24,9833.23
2007-12-27,9856.35
2007-12-28,9855.97
2007-12-31,9832.9
2008-01-02,9721.29
2008-01-03,9713.79
2008-01-04,9539.88
2008-01-07,9550.46
2008-01-08,9625.51
2008-01-09,9519.98
2008-01-10,9459.89
2008-01-11,9409.06
2008-01-14,9465.29
2008-01-15,9197.82
2008-01-16,9153.27
2008-01-17,9033.63
2008-01-18,8920.32
2008-01-21,8310.81
2008-01-22,8482.64
2008-01-23,8122.18
2008-01-24,8610.07
2008-01-25,8544.97
2008-01-28,8492.73
2008-01-29,8655.91
2008-01-30,8537.0
2008-01-31,8530.39
2008-02-01,8720.03
2008-02-04,8712.29
2008-02-05,8367.59
2008-02-06,8436.9
2008-02-07,8274.66
2008-02-08,8249.86
2008-02-11,8202.66
2008-02-12,8479.45
2008-02-13,8505.16
2008-02-14,8510.87
2008-02-15,8358.71
2008-02-18,8516.38
2008-02-19,8558.47
2008-02-20,8430.57
2008-02-21,8511.22
2008-02-22,8451.14
2008-02-25,8617.03
2008-02-26,8711.29
2008-02-27,8703.84
2008-02-28,8522.38
2008-02-29,8391.77
2008-03-03,8309.45
2008-03-04,8192.49
2008-03-05,8333.55
2008-03-06,8196.25
2008-03-07,8092.72
2008-03-10,8001.66
2008-03-11,8108.02
2008-03-12,8229.62
2008-03-13,8112.39
2008-03-14,8045.74
2008-03-17,7763.47
2008-03-18,8028.99
2008-03-19,7982.32
2008-03-20,7943.37
2008-03-25,8220.69
2008-03-26,8194.16
2008-03-27,8268.93
2008-03-28,8227.56
2008-03-31,8247.09
2008-04-01,8525.55
2008-04-02,8606.09
2008-04-03,8563.86
2008-04-04,8586.66
2008-04-07,8663.26
2008-04-08,8607.35
2008-04-09,8541.26
2008-04-10,8515.23
2008-04-11,8407.47
2008-04-14,8352.39
2008-04-15,8377.26
2008-04-16,8507.66
2008-04-17,8520.0
2008-04-18,8700.32
2008-04-21,8611.68
2008-04-22,8545.56
2008-04-23,8671.84
2008-04-24,8664.45
2008-04-25,8761.09
2008-04-28,8825.66
2008-04-29,8762.89
2008-04-30,8797.11
2008-05-02,8927.55
2008-05-05,8916.37
2008-05-06,8876.85
2008-05-07,8937.41
2008-05-08,8902.67
2008-05-09,8771.29
2008-05-12,8806.34
2008-05-13,8846.09
2008-05-14,8951.11
2008-05-15,8958.09
2008-05-16,9016.5
2008-05-19,9130.54
2008-05-20,9004.89
2008-05-21,8961.96
2008-05-22,8975.54
2008-05-23,8812.34
2008-05-26,8847.94
2008-05-27,8801.77
2008-05-28,8920.1
2008-05-29,8953.8
2008-05-30,9025.67
2008-06-02,8885.11
2008-06-03,8976.36
2008-06-04,8852.72
2008-06-05,8838.3
2008-06-06,8637.04
2008-06-09,8644.35
2008-06-10,8575.36
2008-06-11,8397.56
2008-06-12,8418.08
2008-06-13,8439.57
2008-06-16,8401.73
2008-06-17,8453.29
2008-06-18,8331.39
2008-06-19,8282.04
2008-06-20,8133.91
2008-06-23,8137.69
2008-06-24,8069.85
2008-06-25,8182.66
2008-06-26,7985.72
2008-06-27,7933.63
2008-06-30,8002.5
2008-07-01,7833.55
2008-07-02,7752.83
2008-07-03,7838.55
2008-07-04,7697.82
2008-07-07,7836.03
2008-07-08,7715.17
2008-07-09,7830.74
2008-07-10,7637.2
2008-07-11,7400.92
2008-07-14,7477.98
2008-07-15,7331.07
2008-07-16,7423.67
2008-07-17,7628.63
2008-07-18,7761.08
2008-07-21,7811.22
2008-07-22,7811.45
2008-07-23,7958.53
2008-07-24,7848.86
2008-07-25,7901.56
2008-07-28,7806.37
2008-07-29,7799.22
2008-07-30,7943.74
2008-07-31,7928.95
2008-08-01,7788.12
2008-08-04,7727.28
2008-08-05,7918.1
2008-08-06,8030.0
2008-08-07,8046.42
2008-08-08,8108.57
2008-08-11,8192.74
2008-08-12,8156.62
2008-08-13,7948.11
2008-08-14,7980.49
2008-08-15,8039.54
2008-08-18,8031.28
2008-08-19,7821.78
2008-08-20,7881.5
2008-08-21,7770.9
2008-08-22,7943.91
2008-08-25,7863.43
2008-08-26,7886.32
2008-08-27,7894.51
2008-08-28,8054.12
2008-08-29,8092.22
2008-09-01,8073.32
2008-09-02,8196.35
2008-09-03,8030.35
2008-09-04,7771.91
2008-09-05,7578.05
2008-09-08,7848.92
2008-09-09,7764.21
2008-09-10,7746.7
2008-09-11,7684.16
2008-09-12,7835.32
2008-09-15,7539.31
2008-09-16,7391.78
2008-09-17,7233.93
2008-09-18,7157.52
2008-09-19,7821.23
2008-09-22,7637.93
2008-09-23,7486.59
2008-09-24,7440.86
2008-09-25,7643.89
2008-09-26,7529.19
2008-09-29,7149.6
2008-09-30,7291.78
2008-10-01,7332.37
2008-10-02,7167.32
2008-10-03,7379.75
2008-10-06,6712.86
2008-10-07,6749.46
2008-10-08,6323.88
2008-10-09,6225.88
2008-10-10,5745.88
2008-10-13,6388.04
2008-10-14,6563.55
2008-10-15,6115.94
2008-10-16,5754.05
2008-10-17,6023.42
2008-10-20,6237.94
2008-10-21,6286.58
2008-10-22,5966.0
2008-10-23,5988.96
2008-10-24,5777.18
2008-10-27,5548.46
2008-10-28,5634.5
2008-10-29,6154.84
2008-10-30,6164.33
2008-10-31,6307.68
2008-11-03,6381.66
2008-11-04,6676.73
2008-11-05,6544.71
2008-11-06,6127.13
2008-11-07,6275.21
2008-11-10,6341.48
2008-11-11,6035.16
2008-11-12,5849.83
2008-11-13,5915.33
2008-11-14,5981.84
2008-11-17,5782.94
2008-11-18,5847.22
2008-11-19,5611.86
2008-11-20,5416.55
2008-11-21,5236.34
2008-11-24,5775.71
2008-11-25,5843.9
2008-11-26,5771.6
2008-11-27,5919.17
2008-11-28,5941.56
2008-12-01,5609.68
2008-12-02,5743.59
2008-12-03,5768.64
2008-12-04,5758.65
2008-12-05,5443.23
2008-12-08,5915.89
2008-12-09,6007.55
2008-12-10,6048.57
2008-12-11,6022.74
2008-12-12,5856.49
2008-12-15,5808.0
2008-12-16,5928.33
2008-12-17,5910.57
2008-12-18,5896.41
2008-12-19,5881.37
2008-12-22,5745.48
2008-12-23,5703.63
2008-12-24,5681.37
2008-12-29,5707.83
2008-12-30,5865.38
2008-12-31,5866.91
2009-01-02,6107.06
2009-01-05,6125.71
2009-01-06,6191.9
2009-01-07,6100.5
2009-01-08,6060.82
2009-01-09,6015.55
2009-01-12,5919.65
2009-01-13,5831.7
2009-01-14,5565.66
2009-01-15,5463.32
2009-01-16,5501.37
2009-01-19,5452.03
2009-01-20,5334.56
2009-01-21,5298.62
2009-01-22,5233.08
2009-01-23,5195.73
2009-01-26,5389.44
2009-01-27,5387.91
2009-01-28,5609.44
2009-01-29,5488.61
2009-01-30,5423.27
2009-02-02,5343.28
2009-02-03,5438.72
2009-02-04,5596.65
2009-02-05,5591.73
2009-02-06,5694.75
2009-02-09,5716.79
2009-02-10,5508.68
2009-02-11,5521.38
2009-02-12,5405.8
2009-02-13,5466.92
2009-02-16,5401.93
2009-02-17,5243.3
2009-02-18,5241.18
2009-02-19,5238.5
2009-02-20,5016.92
2009-02-23,4975.92
2009-02-24,4939.77
2009-02-25,4919.45
2009-02-26,5006.88
2009-02-27,4929.6
2009-03-02,4708.85
2009-03-03,4659.76
2009-03-04,4880.71
2009-03-05,4687.27
2009-03-06,4623.1
2009-03-09,4595.44
2009-03-10,4858.82
2009-03-11,4878.02
2009-03-12,4914.59
2009-03-13,4935.36
2009-03-16,5092.27
2009-03-17,5047.8
2009-03-18,5035.15
2009-03-19,5065.52
2009-03-20,5091.33
2009-03-23,5234.4
2009-03-24,5243.18
2009-03-25,5277.95
2009-03-26,5275.44
2009-03-27,5181.58
2009-03-30,4960.36
2009-03-31,5120.88
2009-04-01,5179.74
2009-04-02,5457.83
2009-04-03,5397.04
2009-04-06,5344.17
2009-04-07,5294.12
2009-04-08,5329.73
2009-04-09,5426.65
2009-04-14,5474.16
2009-04-15,5447.75
2009-04-16,5543.42
2009-04-17,5641.56
2009-04-20,5417.92
2009-04-21,5430.08
2009-04-22,5523.74
2009-04-23,5516.45
2009-04-24,5689.23
2009-04-27,5688.45
2009-04-28,5598.58
2009-04-29,5719.53
2009-04-30,5803.84
2009-05-04,5963.25
2009-05-05,5940.76
2009-05-06,6056.49
2009-05-07,6004.2
2009-05-08,6116.98
2009-05-11,6001.48
2009-05-12,5985.55
2009-05-13,5851.26
2009-05-14,5857.55
2009-05-15,5881.23
2009-05-18,6022.91
2009-05-19,6104.95
2009-05-20,6173.66
2009-05-21,6014.42
2009-05-22,6041.77
2009-05-25,6057.22
2009-05-26,6120.72
2009-05-27,6179.24
2009-05-28,6120.8
2009-05-29,6151.27
2009-06-01,6342.39
2009-06-02,6355.63
2009-06-03,6227.7
2009-06-04,6232.19
2009-06-05,6283.03
2009-06-08,6190.1
2009-06-09,6203.4
2009-06-10,6242.28
2009-06-11,6282.45
2009-06-12,6265.87
2009-06-15,6065.14
2009-06-16,6054.53
2009-06-17,5955.04
2009-06-18,6017.06
2009-06-19,6068.32
2009-06-22,5883.66
2009-06-23,5871.55
2009-06-24,5999.55
2009-06-25,5961.18
2009-06-26,5898.28
2009-06-29,6018.82
2009-06-30,5918.47
2009-07-01,6065.49
2009-07-02,5875.83
2009-07-03,5882.66
2009-07-06,5812.21
2009-07-07,5748.87
2009-07-08,5675.6
2009-07-09,5706.21
2009-07-10,5627.25
2009-07-13,5757.38
2009-07-14,5813.58
2009-07-15,5982.21
2009-07-16,6035.81
2009-07-17,6071.23
2009-07-20,6170.22
2009-07-21,6230.49
2009-07-22,6234.61
2009-07-23,6364.11
2009-07-24,6350.39
2009-07-27,6361.54
2009-07-28,6283.46
2009-07-29,6348.84
2009-07-30,6480.63
2009-07-31,6463.24
2009-08-03,6560.43
2009-08-04,6557.74
2009-08-05,6524.1
2009-08-06,6560.51
2009-08-07,6642.19
2009-08-10,6610.89
2009-08-11,6519.66
2009-08-12,6615.98
2009-08-13,6648.34
2009-08-14,6593.39
2009-08-17,6450.83
2009-08-18,6509.29
2009-08-19,6508.64
2009-08-20,6612.36
2009-08-21,6821.91
2009-08-24,6890.64
2009-08-25,6944.3
2009-08-26,6921.14
2009-08-27,6883.77
2009-08-28,6979.7
2009-08-31,6904.87
2009-09-01,6772.38
2009-09-02,6752.9
2009-09-03,6715.82
2009-09-04,6801.34
2009-09-07,6903.52
2009-09-08,6918.89
2009-09-09,7007.2
2009-09-10,7003.77
2009-09-11,7058.61
2009-09-14,7050.52
2009-09-15,7091.34
2009-09-16,7207.73
2009-09-17,7248.32
2009-09-18,7234.28
2009-09-21,7204.65
2009-09-22,7226.11
2009-09-23,7222.85
2009-09-24,7102.96
2009-09-25,7066.64
2009-09-28,7228.91
2009-09-29,7208.31
2009-09-30,7172.99
2009-10-01,7031.93
2009-10-02,6897.98
2009-10-05,6945.45
2009-10-06,7125.37
2009-10-07,7099.28
2009-10-08,7194.53
2009-10-09,7180.92
2009-10-12,7268.21
2009-10-13,7184.29
2009-10-14,7337.91
2009-10-15,7340.09
2009-10-16,7233.83
2009-10-19,7356.22
2009-10-20,7316.7
2009-10-21,7320.04
2009-10-22,7221.06
2009-10-23,7197.24
2009-10-26,7076.67
2009-10-27,7075.73
2009-10-28,6924.22
2009-10-29,7019.17
2009-10-30,6818.21
2009-11-02,6878.26
2009-11-03,6773.91
2009-11-04,6936.6
2009-11-05,7009.18
2009-11-06,7006.45
2009-11-09,7154.24
2009-11-10,7154.43
2009-11-11,7208.86
2009-11-12,7196.92
2009-11-13,7218.18
2009-11-16,7328.14
2009-11-17,7263.45
2009-11-18,7264.22
2009-11-19,7135.3
2009-11-20,7077.88
2009-11-23,7237.08
2009-11-24,7182.9
2009-11-25,7229.47
2009-11-26,6982.87
2009-11-27,7063.9
2009-11-30,6985.51
2009-12-01,7166.96
2009-12-02,7205.26
2009-12-03,7211.32
2009-12-04,7301.5
2009-12-07,7289.02
2009-12-08,7185.1
2009-12-09,7132.13
2009-12-10,7209.92
2009-12-11,7220.07
2009-12-14,7273.17
2009-12-15,7290.5
2009-12-16,7369.86
2009-12-17,7284.3
2009-12-18,7215.1
2009-12-21,7362.71
2009-12-22,7412.75
2009-12-23,7436.28
2009-12-24,7440.04
2009-12-28,7505.48
2009-12-29,7529.89
2009-12-30,7483.34
2009-12-31,7484.93
2010-01-04,7632.54
2010-01-05,7630.54
2010-01-06,7639.58
2010-01-07,7653.15
2010-01-08,7691.81
2010-01-11,7687.93
2010-01-12,7606.08
2010-01-13,7607.63
2010-01-14,7635.97
2010-01-15,7519.24
2010-01-18,7563.12
2010-01-19,7624.38
2010-01-20,7470.88
2010-01-21,7343.88
2010-01-22,7265.2
2010-01-25,7191.17
2010-01-26,7239.08
2010-01-27,7149.24
2010-01-28,7014.21
2010-01-29,7110.56
2010-02-01,7153.45
2010-02-02,7248.76
2010-02-03,7213.26
2010-02-04,7015.09
2010-02-05,6776.47
2010-02-08,6859.2
2010-02-09,6869.65
2010-02-10,6913.1
2010-02-11,6877.24
2010-02-12,6843.62
2010-02-15,6862.92
2010-02-16,6976.67
2010-02-17,7083.47
2010-02-18,7126.48
2010-02-19,7169.0
2010-02-22,7144.73
2010-02-23,7050.32
2010-02-24,7066.72
2010-02-25,6924.25
2010-02-26,7053.64
2010-03-01,7169.15
2010-03-02,7249.76
2010-03-03,7307.95
2010-03-04,7281.11
2010-03-05,7437.08
2010-03-08,7424.01
2010-03-09,7436.31
2010-03-10,7500.09
2010-03-11,7472.33
2010-03-12,7469.38
2010-03-15,7399.98
2010-03-16,7491.36
2010-03-17,7527.37
2010-03-18,7489.89
2010-03-19,7465.66
2010-03-22,7470.53
2010-03-23,7517.22
2010-03-24,7512.01
2010-03-25,7608.38
2010-03-26,7586.41
2010-03-29,7608.71
2010-03-30,7583.51
2010-03-31,7558.03
2010-04-01,7672.56
2010-04-06,7710.04
2010-04-07,7658.75
2010-04-08,7566.5
2010-04-09,7703.59
2010-04-12,7703.51
2010-04-13,7668.3
2010-04-14,7717.2
2010-04-15,7732.32
2010-04-16,7582.04
2010-04-19,7551.31
2010-04-20,7658.16
2010-04-21,7565.0
2010-04-22,7464.16
2010-04-23,7514.84
2010-04-26,7602.5
2010-04-27,7311.91
2010-04-28,7202.37
2010-04-29,7304.35
2010-04-30,7263.16
2010-05-03,7294.85
2010-05-04,7047.64
2010-05-05,6962.29
2010-05-06,6827.83
2010-05-07,6520.68
2010-05-10,7150.52
2010-05-11,7098.46
2010-05-12,7182.91
2010-05-13,7178.43
2010-05-14,6860.9
2010-05-17,6828.51
2010-05-18,6970.67
2010-05-19,6783.06
2010-05-20,6660.38
2010-05-21,6660.99
2010-05-24,6663.22
2010-05-25,6471.23
2010-05-26,6621.4
2010-05-27,6878.27
2010-05-28,6858.27
2010-05-31,6848.55
2010-06-01,6841.48
2010-06-02,6838.41
2010-06-03,6947.45
2010-06-04,6748.78
2010-06-07,6669.01
2010-06-08,6603.84
2010-06-09,6737.97
2010-06-10,6874.55
2010-06-11,6950.57
2010-06-14,7104.34
2010-06-15,7173.84
2010-06-16,7202.08
2010-06-17,7216.09
2010-06-18,7224.18
2010-06-21,7320.06
2010-06-22,7259.67
2010-06-23,7135.2
2010-06-24,6968.6
2010-06-25,6898.76
2010-06-28,7009.93
2010-06-29,6728.75
2010-06-30,6748.15
2010-07-01,6550.59
2010-07-02,6570.11
2010-07-05,6538.89
2010-07-06,6717.25
2010-07-07,6835.15
2010-07-08,6942.7
2010-07-09,6974.53
2010-07-12,7000.4
2010-07-13,7137.95
2010-07-14,7128.57
2010-07-15,7028.18
2010-07-16,6867.96
2010-07-19,6840.81
2010-07-20,6804.88
2010-07-21,6855.7
2010-07-22,7064.96
2010-07-23,7077.69
2010-07-26,7134.85
2010-07-27,7194.15
2010-07-28,7201.91
2010-07-29,7165.71
2010-07-30,7148.5
2010-08-02,7362.16
2010-08-03,7353.29
2010-08-04,7379.21
2010-08-05,7386.02
2010-08-06,7291.56
2010-08-09,7411.89
2010-08-10,7320.07
2010-08-11,7119.36
2010-08-12,7105.21
2010-08-13,7085.25
2010-08-16,7059.14
2010-08-17,7187.73
2010-08-18,7157.89
2010-08-19,7009.71
2010-08-20,6920.23
2010-08-23,6973.83
2010-08-24,6851.89
2010-08-25,6771.58
2010-08-26,6820.35
2010-08-27,6883.94
2010-08-30,6855.84
2010-08-31,6863.27
2010-09-01,7124.86
2010-09-02,7139.79
2010-09-03,7219.94
2010-09-06,7244.58
2010-09-07,7164.13
2010-09-08,7229.78
2010-09-09,7318.15
2010-09-10,7325.36
2010-09-13,7406.63
2010-09-14,7420.88
2010-09-15,7384.0
2010-09-16,7345.97
2010-09-17,7317.89
2010-09-20,7447.65
2010-09-21,7440.54
2010-09-22,7343.52
2010-09-23,7295.45
2010-09-24,7436.77
2010-09-27,7404.68
2010-09-28,7397.19
2010-09-29,7347.59
2010-09-30,7304.45
2010-10-01,7259.05
2010-10-04,7175.92
2010-10-05,7337.37
2010-10-06,7402.22
2010-10-07,7413.15
2010-10-08,7398.81
2010-10-11,7409.25
2010-10-12,7370.67
2010-10-13,7526.92
2010-10-14,7508.91
2010-10-15,7525.03
2010-10-18,7539.04
2010-10-19,7485.31
2010-10-20,7526.56
2010-10-21,7625.1
2010-10-22,7605.97
2010-10-25,7608.84
2010-10-26,7574.74
2010-10-27,7502.22
2010-10-28,7539.72
2010-10-29,7537.07
2010-11-01,7552.03
2010-11-02,7600.42
2010-11-03,7555.64
2010-11-04,7700.81
2010-11-05,7700.71
2010-11-08,7694.76
2010-11-09,7757.7
2010-11-10,7656.16
2010-11-11,7614.63
2010-11-12,7570.71
2010-11-15,7636.16
2010-11-16,7435.04
2010-11-17,7494.1
2010-11-18,7643.53
2010-11-19,7629.37
2010-11-22,7547.8
2010-11-23,7361.08
2010-11-24,7406.92
2010-11-25,7432.25
2010-11-26,7369.46
2010-11-29,7190.46
2010-11-30,7138.02
2010-12-01,7254.36
2010-12-02,7408.08
2010-12-03,7415.03
2010-12-06,7412.41
2010-12-07,7533.56
2010-12-08,7576.02
2010-12-09,7627.56
2010-12-10,7626.18
2010-12-13,7698.02
2010-12-14,7720.37
2010-12-15,7675.5
2010-12-16,7691.66
2010-12-17,7650.11
2010-12-20,7685.18
2010-12-21,7769.07
2010-12-22,7753.68
2010-12-23,7737.09
2010-12-24,7715.45
2010-12-27,7639.89
2010-12-28,7633.03
2010-12-29,7696.19
2010-12-30,7617.29
2010-12-31,7526.34
2011-01-03,7716.39
2011-01-04,7746.41
2011-01-05,7723.8
2011-01-06,7723.42
2011-01-07,7646.6
2011-01-10,7520.89
2011-01-11,7639.36
2011-01-12,7803.85
2011-01-13,7862.72
2011-01-14,7879.42
2011-01-17,7863.86
2011-01-18,7937.58
2011-01-19,7866.44
2011-01-20,7842.95
2011-01-21,7947.02
2011-01-24,7978.18
2011-01-25,7951.31
2011-01-26,8009.57
2011-01-27,8030.33
2011-01-28,7917.1
2011-01-31,7923.39
2011-02-01,8056.15
2011-02-02,8044.11
2011-02-03,7984.87
2011-02-04,8005.88
2011-02-07,8092.11
2011-02-08,8126.67
2011-02-09,8091.99
2011-02-10,8100.69
2011-02-11,8112.91
2011-02-14,8103.62
2011-02-15,8130.76
2011-02-16,8211.72
2011-02-17,8213.78
2011-02-18,8224.64
2011-02-21,8106.81
2011-02-22,8013.55
2011-02-23,7940.04
2011-02-24,7933.16
2011-02-25,8053.34
2011-02-28,8132.42
2011-03-01,8046.94
2011-03-02,7981.98
2011-03-03,8034.29
2011-03-04,7954.06
2011-03-07,7895.11
2011-03-08,7945.57
2011-03-09,7901.83
2011-03-10,7842.83
2011-03-11,7772.99
2011-03-14,7672.78
2011-03-15,7480.49
2011-03-16,7313.71
2011-03-17,7491.1
2011-03-18,7538.59
2011-03-21,7725.04
2011-03-22,7701.81
2011-03-23,7743.4
2011-03-24,7852.44
2011-03-25,7859.43
2011-03-28,7868.48
2011-03-29,7889.95
2011-03-30,7962.45
2011-03-31,7892.68
2011-04-01,8022.43
2011-04-04,7998.99
2011-04-05,7996.66
2011-04-06,8009.37
2011-04-07,7970.08
2011-04-08,8036.56
2011-04-11,7990.65
2011-04-12,7867.79
2011-04-13,7926.41
2011-04-14,7855.5
2011-04-15,7863.59
2011-04-18,7679.12
2011-04-19,7733.22
2011-04-20,7923.23
2011-04-21,7957.37
2011-04-26,8003.68
2011-04-27,8048.07
2011-04-28,8121.63
2011-04-29,8155.62
2011-05-02,8159.28
2011-05-03,8135.59
2011-05-04,8037.96
2011-05-05,7987.81
2011-05-06,8095.39
2011-05-09,7994.13
2011-05-10,8092.7
2011-05-11,8111.81
2011-05-12,8042.26
2011-05-13,8033.38
2011-05-16,8007.7
2011-05-17,7910.88
2011-05-18,7983.98
2011-05-19,8083.81
2011-05-20,8040.38
2011-05-23,7906.11
2011-05-24,7928.1
2011-05-25,7952.61
2011-05-26,7933.58
2011-05-27,8001.94
2011-05-30,7984.83
2011-05-31,8128.33
2011-06-01,8046.59
2011-06-02,7898.59
2011-06-03,7900.24
2011-06-06,7852.18
2011-06-07,7869.49
2011-06-08,7800.53
2011-06-09,7883.19
2011-06-10,7750.18
2011-06-13,7760.1
2011-06-14,7876.2
2011-06-15,7758.55
2011-06-16,7730.45
2011-06-17,7794.52
2011-06-20,7745.44
2011-06-21,7903.23
2011-06-22,7891.62
2011-06-23,7721.23
2011-06-24,7715.13
2011-06-27,7739.08
2011-06-28,7851.91
2011-06-29,7999.35
2011-06-30,8120.03
2011-07-01,8174.75
2011-07-04,8166.1
2011-07-05,8123.94
2011-07-06,8088.23
2011-07-07,8126.24
2011-07-08,7990.65
2011-07-11,7774.15
2011-07-12,7705.96
2011-07-13,7745.06
2011-07-14,7659.24
2011-07-15,7608.91
2011-07-18,7453.99
2011-07-19,7544.31
2011-07-20,7666.11
2011-07-21,7793.01
2011-07-22,7845.99
2011-07-25,7785.29
2011-07-26,7734.06
2011-07-27,7624.19
2011-07-28,7580.48
2011-07-29,7495.99
2011-08-01,7326.05
2011-08-02,7192.8
2011-08-03,7054.26
2011-08-04,6779.46
2011-08-05,6694.13
2011-08-08,6380.98
2011-08-09,6485.12
2011-08-10,6131.47
2011-08-11,6308.43
2011-08-12,6562.08
2011-08-15,6613.47
2011-08-16,6596.82
2011-08-17,6644.68
2011-08-18,6280.63
2011-08-19,6161.31
2011-08-22,6232.01
2011-08-23,6299.43
2011-08-24,6412.12
2011-08-25,6370.14
2011-08-26,6306.11
2011-08-29,6442.04
2011-08-30,6453.36
2011-08-31,6651.51
2011-09-01,6670.04
2011-09-02,6430.45
2011-09-05,6138.64
2011-09-06,6069.27
2011-09-07,6289.35
2011-09-08,6315.22
2011-09-09,6087.58
2011-09-12,5842.43
2011-09-13,5924.55
2011-09-14,6035.49
2011-09-15,6232.95
2011-09-16,6203.18
2011-09-19,6030.25
2011-09-20,6120.6
2011-09-21,6021.67
2011-09-22,5705.51
2011-09-23,5763.83
2011-09-26,5864.81
2011-09-27,6201.27
2011-09-28,6144.32
2011-09-29,6210.03
2011-09-30,6116.31
2011-10-03,6003.23
2011-10-04,5846.77
2011-10-05,6099.77
2011-10-06,6307.91
2011-10-07,6349.31
2011-10-10,6484.51
2011-10-11,6468.19
2011-10-12,6624.57
2011-10-13,6536.75
2011-10-14,6600.23
2011-10-17,6493.92
2011-10-18,6442.72
2011-10-19,6476.04
2011-10-20,6325.74
2011-10-21,6504.75
2011-10-24,6605.51
2011-10-25,6510.8
2011-10-26,6501.22
2011-10-27,6909.38
2011-10-28,6868.38
2011-10-31,6651.41
2011-11-01,6293.46
2011-11-02,6380.15
2011-11-03,6554.24
2011-11-04,6406.73
2011-11-07,6365.8
2011-11-08,6447.23
2011-11-09,6307.47
2011-11-10,6297.78
2011-11-11,6471.5
2011-11-14,6388.43
2011-11-15,6265.51
2011-11-16,6297.91
2011-11-17,6187.29
2011-11-18,6161.34
2011-11-21,5951.49
2011-11-22,5901.63
2011-11-23,5802.43
2011-11-24,5802.05
2011-11-25,5873.43
2011-11-28,6194.59
2011-11-29,6225.31
2011-11-30,6488.3
2011-12-01,6437.56
2011-12-02,6509.54
2011-12-05,6584.26
2011-12-06,6539.73
2011-12-07,6532.22
2011-12-08,6366.68
2011-12-09,6524.75
2011-12-12,6357.32
2011-12-13,6336.74
2011-12-14,6125.66
2011-12-15,6172.1
2011-12-16,6117.71
2011-12-19,6135.74
2011-12-20,6303.25
2011-12-21,6251.84
2011-12-22,6337.1
2011-12-23,6399.59
2011-12-27,6401.69
2011-12-28,6335.62
2011-12-29,6452.13
2011-12-30,6518.67
2012-01-02,6647.58
2012-01-03,6695.23
2012-01-04,6588.48
2012-01-05,6487.93
2012-01-06,6472.35
2012-01-09,6452.4
2012-01-10,6623.83
2012-01-11,6611.54
2012-01-12,6601.54
2012-01-13,6594.34
2012-01-16,6653.15
2012-01-17,6745.96
2012-01-18,6735.52
2012-01-19,6867.59
2012-01-20,6852.24
2012-01-23,6887.13
2012-01-24,6854.6
2012-01-25,6833.61
2012-01-26,6938.33
2012-01-27,6846.58
2012-01-30,6736.98
2012-01-31,6804.88
2012-02-01,6947.05
2012-02-02,6966.03
2012-02-03,7071.78
2012-02-06,7025.04
2012-02-07,7037.98
2012-02-08,7034.8
2012-02-09,7065.15
2012-02-10,6958.75
2012-02-13,6982.3
2012-02-14,6963.93
2012-02-15,6994.26
2012-02-16,7000.24
2012-02-17,7097.3
2012-02-20,7165.77
2012-02-21,7150.7
2012-02-22,7113.83
2012-02-23,7113.71
2012-02-24,7154.4
2012-02-27,7101.61
2012-02-28,7127.48
2012-02-29,7124.3
2012-03-01,7221.88
2012-03-02,7224.85
2012-03-05,7196.72
2012-03-06,6938.82
2012-03-07,7000.25
2012-03-08,7177.78
2012-03-09,7196.6
2012-03-12,7201.93
2012-03-13,7325.94
2012-03-14,7355.56
2012-03-15,7387.94
2012-03-16,7418.12
2012-03-19,7396.7
2012-03-20,7299.41
2012-03-21,7292.27
2012-03-22,7178.74
2012-03-23,7186.43
2012-03-26,7239.78
2012-03-27,7172.81
2012-03-28,7091.28
2012-03-29,6989.93
2012-03-30,7078.17
2012-04-02,7159.02
2012-04-03,7042.97
2012-04-04,6850.08
2012-04-05,6863.17
2012-04-10,6651.88
2012-04-11,6693.4
2012-04-12,6759.77
2012-04-13,6592.93
2012-04-16,6626.41
2012-04-17,6806.73
2012-04-18,6698.78
2012-04-19,6561.77
2012-04-20,6596.99
2012-04-23,6410.36
2012-04-24,6557.14
2012-04-25,6699.15
2012-04-26,6690.58
2012-04-27,6772.52
2012-04-30,6665.06
2012-05-02,6696.12
2012-05-03,6689.94
2012-05-04,6588.87
2012-05-07,6706.05
2012-05-08,6529.85
2012-05-09,6517.0
2012-05-10,6577.8
2012-05-11,6594.6
2012-05-14,6443.35
2012-05-15,6403.9
2012-05-16,6423.71
2012-05-17,6346.43
2012-05-18,6342.34
2012-05-21,6389.02
2012-05-22,6512.12
2012-05-23,6342.91
2012-05-24,6418.74
2012-05-25,6439.22
2012-05-28,6428.72
2012-05-29,6516.88
2012-05-30,6384.13
2012-05-31,6389.53
2012-06-01,6250.47
2012-06-04,6263.4
2012-06-05,6332.83
2012-06-06,6486.24
2012-06-07,6513.23
2012-06-08,6488.98
2012-06-11,6476.84
2012-06-12,6485.67
2012-06-13,6449.76
2012-06-14,6454.89
2012-06-15,6572.33
2012-06-18,6540.66
2012-06-19,6651.0
2012-06-20,6669.35
2012-06-21,6643.12
2012-06-22,6593.36
2012-06-25,6445.62
2012-06-26,6426.58
2012-06-27,6535.14
2012-06-28,6512.64
2012-06-29,6822.01
2012-07-02,6916.5
2012-07-03,6983.76
2012-07-04,6979.94
2012-07-05,6897.93
2012-07-06,6768.55
2012-07-09,6742.93
2012-07-10,6782.68
2012-07-11,6743.91
2012-07-12,6696.77
2012-07-13,6794.22
2012-07-16,6792.28
2012-07-17,6786.02
2012-07-18,6910.83
2012-07-19,6971.14
2012-07-20,6822.17
2012-07-23,6624.89
2012-07-24,6567.53
2012-07-25,6582.61
2012-07-26,6850.43
2012-07-27,7006.51
2012-07-30,7093.05
2012-07-31,7031.0
2012-08-01,7094.86
2012-08-02,6904.56
2012-08-03,7207.29
2012-08-06,7265.75
2012-08-07,7376.23
2012-08-08,7344.13
2012-08-09,7383.56
2012-08-10,7338.51
2012-08-13,7318.82
2012-08-14,7369.8
2012-08-15,7367.52
2012-08-16,7434.34
2012-08-17,7451.21
2012-08-20,7436.65
2012-08-21,7506.5
2012-08-22,7396.19
2012-08-23,7334.05
2012-08-24,7335.43
2012-08-27,7398.71
2012-08-28,7331.88
2012-08-29,7294.14
2012-08-30,7219.84
2012-08-31,7292.39
2012-09-03,7379.22
2012-09-04,7262.43
2012-09-05,7276.85
2012-09-06,7499.25
2012-09-07,7531.27
2012-09-10,7503.45
2012-09-11,7570.32
2012-09-12,7584.22
2012-09-13,7494.97
2012-09-14,7665.1
2012-09-17,7605.4
2012-09-18,7517.65
2012-09-19,7558.6
2012-09-20,7511.72
2012-09-21,7556.25
2012-09-24,7498.2
2012-09-25,7545.74
2012-09-26,7333.2
2012-09-27,7385.78
2012-09-28,7204.33
2012-10-01,7376.46
2012-10-02,7331.9
2012-10-03,7314.27
2012-10-04,7303.93
2012-10-05,7423.84
2012-10-08,7315.37
2012-10-09,7264.36
2012-10-10,7228.05
2012-10-11,7330.81
2012-10-12,7277.9
2012-10-15,7344.9
2012-10-16,7518.1
2012-10-17,7575.13
2012-10-18,7591.63
2012-10-19,7525.87
2012-10-22,7480.13
2012-10-23,7315.29
2012-10-24,7358.22
2012-10-25,7326.1
2012-10-26,7376.7
2012-10-29,7320.44
2012-10-30,7428.99
2012-10-31,7364.2
2012-11-01,7463.27
2012-11-02,7499.89
2012-11-05,7405.49
2012-11-06,7470.27
2012-11-07,7321.93
2012-11-08,7317.83
2012-11-09,7351.97
2012-11-12,7329.21
2012-11-13,7369.93
2012-11-14,7306.18
2012-11-15,7268.31
2012-11-16,7180.46
2012-11-19,7392.73
2012-11-20,7441.06
2012-11-21,7473.93
2012-11-22,7518.78
2012-11-23,7584.5
2012-11-26,7525.18
2012-11-27,7527.74
2012-11-28,7555.81
2012-11-29,7674.38
2012-11-30,7649.44
2012-12-03,7669.45
2012-12-04,7699.32
2012-12-05,7720.87
2012-12-06,7744.85
2012-12-07,7753.37
2012-12-10,7767.31
2012-12-11,7840.53
2012-12-12,7843.42
2012-12-13,7835.82
2012-12-14,7836.15
2012-12-17,7840.03
2012-12-18,7862.73
2012-12-19,7897.11
2012-12-20,7901.74
2012-12-21,7890.25
2012-12-24,7871.3
2012-12-27,7917.95
2012-12-28,7801.57
2012-12-31,7846.44
2013-01-02,8046.53
2013-01-03,8019.04
2013-01-04,8038.12
2013-01-07,7983.42
2013-01-08,7986.09
2013-01-09,8011.03
2013-01-10,7980.15
2013-01-11,7986.4
2013-01-14,7992.01
2013-01-15,7968.52
2013-01-16,7992.52
2013-01-17,8069.28
2013-01-18,8063.84
2013-01-21,8111.33
2013-01-22,8063.87
2013-01-23,8031.88
2013-01-24,8087.94
2013-01-25,8143.96
2013-01-28,8149.84
2013-01-29,8160.46
2013-01-30,8116.7
2013-01-31,8045.75
2013-02-01,8133.98
2013-02-04,7889.06
2013-02-05,7964.05
2013-02-06,7852.4
2013-02-07,7762.18
2013-02-08,7866.62
2013-02-11,7868.96
2013-02-12,7946.54
2013-02-13,7972.32
2013-02-14,7909.96
2013-02-15,7890.06
2013-02-18,7904.98
2013-02-19,8053.24
2013-02-20,7997.33
2013-02-21,7813.92
2013-02-22,7989.56
2013-02-25,8022.01
2013-02-26,7807.7
2013-02-27,7957.69
2013-02-28,8025.59
2013-03-01,7975.83
2013-03-04,7997.07
2013-03-05,8163.97
2013-03-06,8135.03
2013-03-07,8178.18
2013-03-08,8278.13
2013-03-11,8269.77
2013-03-12,8277.75
2013-03-13,8269.28
2013-03-14,8345.88
2013-03-15,8286.51
2013-03-18,8260.61
2013-03-19,8153.26
2013-03-20,8269.46
2013-03-21,8151.31
2013-03-22,8141.46
2013-03-25,8050.11
2013-03-26,8094.71
2013-03-27,8014.82
2013-03-28,8057.54
2013-04-02,8217.22
2013-04-03,8108.36
2013-04-04,8046.18
2013-04-05,7910.82
2013-04-08,7917.94
2013-04-09,7926.45
2013-04-10,8084.07
2013-04-11,8153.07
2013-04-12,8052.95
2013-04-15,8012.33
2013-04-16,7959.01
2013-04-17,7772.08
2013-04-18,7772.36
2013-04-19,7885.95
2013-04-22,7891.46
2013-04-23,8180.73
2013-04-24,8310.24
2013-04-25,8314.92
2013-04-26,8249.06
2013-04-29,8376.0
2013-04-30,8353.64
2013-05-02,8384.14
2013-05-03,8512.39
2013-05-06,8499.52
2013-05-07,8536.9
2013-05-08,8613.01
2013-05-09,8604.9
2013-05-10,8665.73
2013-05-13,8646.81
2013-05-14,8706.16
2013-05-15,8741.66
2013-05-16,8745.01
2013-05-17,8793.8
2013-05-20,8844.17
2013-05-21,8890.57
2013-05-22,8923.46
2013-05-23,8738.52
2013-05-24,8720.74
2013-05-27,8805.61
2013-05-28,8927.72
2013-05-29,8765.55
2013-05-30,8816.45
2013-05-31,8714.04
2013-06-03,8655.3
2013-06-04,8666.69
2013-06-05,8506.52
2013-06-06,8429.55
2013-06-07,8558.41
2013-06-10,8540.23
2013-06-11,8421.33
2013-06-12,8389.76
2013-06-13,8399.23
2013-06-14,8415.1
2013-06-17,8544.49
2013-06-18,8537.59
2013-06-19,8490.69
2013-06-20,8182.15
2013-06-21,8091.7
2013-06-24,7968.65
2013-06-25,8088.75
2013-06-26,8257.66
2013-06-27,8337.78
2013-06-28,8286.19
2013-07-01,8349.51
2013-07-02,8298.26
2013-07-03,8208.33
2013-07-04,8448.34
2013-07-05,8325.34
2013-07-08,8480.53
2013-07-09,8524.29
2013-07-10,8517.57
2013-07-11,8580.67
2013-07-12,8549.86
2013-07-15,8601.95
2013-07-16,8540.86
2013-07-17,8587.4
2013-07-18,8711.11
2013-07-19,8705.63
2013-07-22,8738.01
2013-07-23,8700.67
2013-07-24,8788.64
2013-07-25,8773.71
2013-07-26,8802.13
2013-07-29,8802.29
2013-07-30,8841.54
2013-07-31,8855.03
2013-08-01,8966.01
2013-08-02,8972.48
2013-08-05,8982.07
2013-08-06,8943.49
2013-08-07,8956.6
2013-08-08,9013.9
2013-08-09,9041.03
2013-08-12,9030.23
2013-08-13,9076.39
2013-08-14,9124.51
2013-08-15,9077.94
2013-08-16,9146.02
2013-08-19,9057.49
2013-08-20,8935.41
2013-08-21,8904.71
2013-08-22,9002.37
2013-08-23,9025.32
2013-08-26,9020.14
2013-08-27,8801.9
2013-08-28,8783.56
2013-08-29,8840.97
2013-08-30,8724.39
2013-09-02,8884.57
2013-09-03,8813.74
2013-09-04,8827.82
2013-09-05,8886.32
2013-09-06,8980.34
2013-09-09,8960.68
2013-09-10,9129.94
2013-09-11,9135.42
2013-09-12,9107.74
2013-09-13,9125.19
2013-09-16,9209.39
2013-09-17,9194.51
2013-09-18,9249.72
2013-09-19,9328.76
2013-09-20,9323.48
2013-09-23,9253.43
2013-09-24,9319.96
2013-09-25,9319.38
2013-09-26,9300.22
2013-09-27,9300.34
2013-09-30,9204.08
2013-10-01,9322.17
2013-10-02,9236.78
2013-10-03,9169.74
2013-10-04,9250.29
2013-10-07,9253.25
2013-10-08,9182.05
2013-10-09,9167.68
2013-10-10,9369.96
2013-10-11,9374.1
2013-10-14,9380.71
2013-10-15,9454.15
2013-10-16,9426.83
2013-10-17,9417.77
2013-10-18,9520.83
2013-10-21,9500.59
2013-10-22,9541.7
2013-10-23,9464.46
2013-10-24,9497.84
2013-10-25,9490.34
2013-10-28,9444.37
2013-10-29,9503.18
2013-10-30,9494.34
2013-10-31,9551.62
2013-11-01,9492.3
2013-11-04,9526.51
2013-11-05,9448.21
2013-11-06,9522.81
2013-11-07,9509.63
2013-11-08,9463.98
2013-11-11,9532.94
2013-11-12,9476.3
2013-11-13,9423.31
2013-11-14,9521.04
2013-11-15,9552.06
2013-11-18,9615.38
2013-11-19,9507.69
2013-11-20,9498.96
2013-11-21,9466.77
2013-11-22,9521.58
2013-11-25,9573.73
2013-11-26,9519.45
2013-11-27,9553.9
2013-11-28,9578.55
2013-11-29,9562.51
2013-12-02,9541.57
2013-12-03,9289.18
2013-12-04,9235.94
2013-12-05,9127.71
2013-12-06,9199.64
2013-12-09,9210.74
2013-12-10,9115.04
2013-12-11,9105.5
2013-12-12,9067.78
2013-12-13,9046.81
2013-12-16,9196.66
2013-12-17,9082.28
2013-12-18,9173.53
2013-12-19,9324.25
2013-12-20,9361.61
2013-12-23,9409.66
2013-12-24,9416.61
2013-12-27,9548.86
2013-12-30,9544.53
2013-12-31,9589.71
2014-01-02,9436.42
2014-01-03,9481.89
2014-01-06,9437.01
2014-01-07,9515.45
2014-01-08,9511.59
2014-01-09,9431.65
2014-01-10,9488.46
2014-01-13,9516.76
2014-01-14,9541.15
2014-01-15,9670.34
2014-01-16,9641.75
2014-01-17,9660.14
2014-01-20,9650.68
2014-01-21,9654.22
2014-01-22,9656.69
2014-01-23,9558.4
2014-01-24,9291.62
2014-01-27,9253.85
2014-01-28,9344.81
2014-01-29,9281.59
2014-01-30,9333.04
2014-01-31,9301.11
2014-02-03,9171.67
2014-02-04,9193.33
2014-02-05,9194.1
2014-02-06,9351.07
2014-02-07,9440.57
2014-02-10,9460.54
2014-02-11,9563.68
2014-02-12,9613.19
2014-02-13,9629.5
2014-02-14,9690.54
2014-02-17,9679.46
2014-02-18,9669.48
2014-02-19,9692.69
2014-02-20,9724.82
2014-02-21,9781.91
2014-02-24,9866.91
2014-02-25,9856.67
2014-02-26,9817.29
2014-02-27,9816.15
2014-02-28,9842.25
2014-03-03,9580.53
2014-03-04,9815.05
2014-03-05,9804.67
2014-03-06,9862.25
2014-03-07,9749.21
2014-03-10,9759.08
2014-03-11,9711.94
2014-03-12,9614.89
2014-03-13,9490.41
2014-03-14,9414.19
2014-03-17,9538.31
2014-03-18,9630.54
2014-03-19,9618.92
2014-03-20,9663.24
2014-03-21,9679.69
2014-03-24,9562.35
2014-03-25,9713.91
2014-03-26,9805.66
2014-03-27,9792.05
2014-03-28,9864.05
2014-03-31,9819.86
2014-04-01,9898.62
2014-04-02,9907.87
2014-04-03,9949.17
2014-04-04,10027.94
2014-04-07,9919.55
2014-04-08,9894.4
2014-04-09,9934.3
2014-04-10,9869.03
2014-04-11,9762.53
2014-04-14,9810.35
2014-04-15,9722.62
2014-04-16,9857.55
2014-04-17,9916.08
2014-04-22,10033.32
2014-04-23,9959.18
2014-04-24,10027.18
2014-04-25,9953.48
2014-04-28,9991.34
2014-04-29,10081.37
2014-04-30,10071.44
2014-05-02,10024.7
2014-05-05,10038.06
2014-05-06,9960.19
2014-05-07,10010.36
2014-05-08,10149.17
2014-05-09,10083.28
2014-05-12,10173.46
2014-05-13,10199.21
2014-05-14,10201.98
2014-05-15,10076.08
2014-05-16,10112.79
2014-05-19,10143.37
2014-05-20,10126.36
2014-05-21,10164.3
2014-05-22,10187.27
2014-05-23,10221.56
2014-05-26,10298.4
2014-05-27,10313.11
2014-05-28,10317.39
2014-05-29,10324.97
2014-05-30,10304.07
2014-06-02,10321.43
2014-06-03,10298.2
2014-06-04,10293.07
2014-06-05,10402.2
2014-06-06,10476.28
2014-06-09,10494.58
2014-06-10,10508.02
2014-06-11,10422.79
2014-06-12,10421.15
2014-06-13,10395.71
2014-06-16,10319.67
2014-06-17,10379.21
2014-06-18,10366.16
2014-06-19,10440.91
2014-06-20,10391.27
2014-06-23,10332.3
2014-06-24,10338.63
2014-06-25,10220.44
2014-06-26,10172.41
2014-06-27,10166.34
2014-06-30,10133.93
2014-07-01,10223.79
2014-07-02,10186.2
2014-07-03,10291.58
2014-07-04,10243.69
2014-07-07,10098.76
2014-07-08,9953.83
2014-07-09,9993.51
2014-07-10,9859.24
2014-07-11,9894.17
2014-07-14,9971.05
2014-07-15,9868.52
2014-07-16,10014.65
2014-07-17,9893.29
2014-07-18,9937.28
2014-07-21,9867.2
2014-07-22,10015.71
2014-07-23,10031.3
2014-07-24,10109.99
2014-07-25,9926.37
2014-07-28,9958.98
2014-07-29,10006.66
2014-07-30,9884.54
2014-07-31,9732.89
2014-08-01,9633.5
2014-08-04,9666.61
2014-08-05,9702.49
2014-08-06,9643.5
2014-08-07,9512.13
2014-08-08,9507.5
2014-08-11,9621.86
2014-08-12,9540.39
2014-08-13,9615.2
2014-08-14,9639.57
2014-08-15,9568.35
2014-08-18,9697.39
2014-08-19,9751.94
2014-08-20,9720.63
2014-08-21,9840.15
2014-08-22,9748.16
2014-08-25,9952.86
2014-08-26,10070.47
2014-08-27,10074.71
2014-08-28,10007.73
2014-08-29,10042.1
2014-09-01,10039.09
2014-09-02,10035.89
2014-09-03,10135.69
2014-09-04,10303.18
2014-09-05,10283.81
2014-09-08,10257.31
2014-09-09,10205.6
2014-09-10,10201.98
2014-09-11,10179.32
2014-09-12,10181.16
2014-09-15,10151.19
2014-09-16,10106.54
2014-09-17,10157.56
2014-09-18,10233.87
2014-09-19,10225.9
2014-09-22,10183.11
2014-09-23,10007.19
2014-09-24,10132.0
2014-09-25,9997.83
2014-09-26,10088.44
2014-09-29,10004.24
2014-09-30,10137.79
2014-10-01,10020.78
2014-10-02,9739.35
2014-10-03,9829.03
2014-10-06,9840.0
2014-10-07,9662.36
2014-10-08,9568.2
2014-10-09,9506.98
2014-10-10,9351.48
2014-10-13,9371.15
2014-10-14,9393.08
2014-10-15,9051.82
2014-10-16,9003.35
2014-10-17,9266.57
2014-10-20,9170.21
2014-10-21,9376.98
2014-10-22,9431.79
2014-10-23,9552.62
2014-10-24,9486.49
2014-10-27,9412.59
2014-10-28,9449.19
2014-10-29,9444.53
2014-10-30,9514.84
2014-10-31,9725.87
2014-11-03,9636.13
2014-11-04,9489.45
2014-11-05,9669.19
2014-11-06,9713.44
2014-11-07,9626.62
2014-11-10,9702.27
2014-11-11,9754.23
2014-11-12,9606.64
2014-11-13,9627.03
2014-11-14,9660.4
2014-11-17,9714.72
2014-11-18,9798.13
2014-11-19,9806.88
2014-11-20,9733.38
2014-11-21,9993.18
2014-11-24,10041.93
2014-11-25,10073.82
2014-11-26,10053.38
2014-11-27,10073.88
2014-11-28,10091.9
2014-12-01,10062.36
2014-12-02,10091.56
2014-12-03,10099.74
2014-12-04,9943.42
2014-12-05,10167.46
2014-12-08,10066.26
2014-12-09,9809.64
2014-12-10,9726.74
2014-12-11,9722.03
2014-12-12,9453.03
2014-12-15,9231.46
2014-12-16,9433.87
2014-12-17,9476.98
2014-12-18,9794.08
2014-12-19,9777.73
2014-12-22,9807.21
2014-12-23,9946.75
2014-12-24,9902.69
2014-12-29,9953.57
2014-12-30,9786.72
2014-12-31,9849.44
2015-01-02,9802.27
2015-01-05,9477.4
2015-01-06,9413.18
2015-01-07,9480.55
2015-01-08,9820.48
2015-01-09,9633.49
2015-01-12,9746.83
2015-01-13,9889.84
2015-01-14,9735.31
2015-01-15,9965.72
2015-01-16,10095.78
2015-01-19,10131.07
2015-01-20,10249.75
2015-01-21,10339.21
2015-01-22,10497.22
2015-01-23,10699.88
2015-01-26,10779.28
2015-01-27,10661.88
2015-01-28,10631.28
2015-01-29,10678.51
2015-01-30,10615.84
2015-02-02,10669.85
2015-02-03,10785.66
2015-02-04,10828.08
2015-02-05,10844.24
2015-02-06,10815.93
2015-02-09,10723.83
2015-02-10,10826.59
2015-02-11,10789.08
2015-02-12,10897.03
2015-02-13,10973.47
2015-02-16,10956.4
2015-02-17,10961.11
2015-02-18,11064.94
2015-02-19,11143.92
2015-02-20,11138.43
2015-02-23,11210.82
2015-02-24,11266.48
2015-02-25,11256.75
2015-02-26,11322.24
2015-02-27,11416.45
2015-03-02,11337.69
2015-03-03,11226.85
2015-03-04,11337.76
2015-03-05,11444.19
2015-03-06,11446.13
2015-03-09,11383.53
2015-03-10,11256.14
2015-03-11,11523.14
2015-03-12,11499.11
2015-03-13,11552.44
2015-03-16,11669.32
2015-03-17,11595.01
2015-03-18,11605.38
2015-03-19,11614.05
2015-03-20,11730.03
2015-03-23,11669.0
2015-03-24,11752.31
2015-03-25,11596.9
2015-03-26,11563.08
2015-03-27,11627.08
2015-03-30,11741.32
2015-03-31,11626.11
2015-04-01,11692.13
2015-04-02,11719.66
2015-04-07,11897.62
2015-04-08,11864.52
2015-04-09,12031.04
2015-04-10,12103.8
2015-04-13,12135.35
2015-04-14,12052.06
2015-04-15,12135.88
2015-04-16,12066.91
2015-04-17,11879.31
2015-04-20,11981.7
2015-04-21,12013.53
2015-04-22,12056.21
2015-04-23,11981.77
2015-04-24,12033.92
2015-04-27,12198.59
2015-04-28,11982.98
2015-04-29,11674.98
2015-04-30,11712.07
2015-05-04,11794.41
2015-05-05,11555.25
2015-05-06,11574.62
2015-05-07,11551.22
2015-05-08,11842.45
2015-05-11,11757.43
2015-05-12,11632.99
2015-05-13,11607.3
2015-05-14,11765.08
2015-05-15,11683.48
2015-05-18,11739.13
2015-05-19,11987.3
2015-05-20,12043.23
2015-05-21,12074.67
2015-05-22,12065.73
2015-05-25,12005.4
2015-05-26,11942.0
2015-05-27,12174.55
2015-05-28,12075.68
2015-05-29,11770.28
2015-06-01,11819.43
2015-06-02,11776.61
2015-06-03,11848.74
2015-06-04,11738.02
2015-06-05,11581.76
2015-06-08,11457.24
2015-06-09,11439.69
2015-06-10,11645.94
2015-06-11,11732.0
2015-06-12,11566.37
2015-06-15,11363.82
2015-06-16,11421.64
2015-06-17,11310.12
2015-06-18,11340.47
2015-06-19,11368.55
2015-06-22,11801.15
2015-06-23,11940.63
2015-06-24,11911.52
2015-06-25,11917.21
2015-06-26,11958.47
2015-06-29,11510.92
2015-06-30,11322.71
2015-07-01,11542.51
2015-07-02,11435.45
2015-07-03,11370.78
2015-07-06,11144.06
2015-07-07,10891.22
2015-07-08,10972.53
2015-07-09,11252.11
2015-07-10,11597.09
2015-07-13,11821.85
2015-07-14,11903.15
2015-07-15,11938.09
2015-07-16,12113.73
2015-07-17,12120.56
2015-07-20,12163.38
2015-07-21,12078.41
2015-07-22,12021.66
2015-07-23,12031.51
2015-07-24,11962.02
2015-07-27,11655.1
2015-07-28,11772.69
2015-07-29,11867.59
2015-07-30,11936.15
2015-07-31,12021.75
2015-08-03,12111.4
2015-08-04,12091.59
2015-08-05,12291.67
2015-08-06,12280.73
2015-08-07,12192.37
2015-08-10,12288.53
2015-08-11,12060.57
2015-08-12,11649.97
2015-08-13,11795.24
2015-08-14,11723.39
2015-08-17,11790.47
2015-08-18,11758.35
2015-08-19,11552.2
2015-08-20,11314.38
2015-08-21,10953.53
2015-08-24,10368.06
2015-08-25,10797.13
2015-08-26,10646.21
2015-08-27,11017.86
2015-08-28,11057.93
2015-08-31,11005.48
2015-09-01,10741.07
2015-09-02,10773.6
2015-09-03,11007.46
2015-09-04,10698.31
2015-09-07,10761.12
2015-09-08,10876.13
2015-09-09,11033.02
2015-09-10,10872.02
2015-09-11,10758.94
2015-09-14,10686.64
2015-09-15,10807.79
2015-09-16,10988.66
2015-09-17,11010.65
2015-09-18,10728.51
2015-09-21,10845.95
2015-09-22,10474.61
2015-09-23,10484.83
2015-09-24,10282.4
2015-09-25,10597.96
2015-09-28,10320.77
2015-09-29,10289.22
2015-09-30,10553.49
2015-10-01,10485.38
2015-10-02,10561.99
2015-10-05,10936.31
2015-10-06,11039.91
2015-10-07,11055.79
2015-10-08,11076.07
2015-10-09,11136.44
2015-10-12,11106.37
2015-10-13,11008.11
2015-10-14,10926.67
2015-10-15,11083.75
2015-10-16,11148.94
2015-10-19,11151.99
2015-10-20,11080.26
2015-10-21,11130.72
2015-10-22,11384.57
2015-10-23,11672.52
2015-10-26,11609.68
2015-10-27,11490.99
2015-10-28,11594.13
2015-10-29,11582.85
2015-10-30,11610.92
2015-11-02,11654.91
2015-11-03,11702.24
2015-11-04,11730.96
2015-11-05,11806.23
2015-11-06,11815.98
2015-11-09,11642.97
2015-11-10,11648.43
2015-11-11,11744.13
2015-11-12,11516.79
2015-11-13,11401.32
2015-11-16,11394.92
2015-11-17,11710.37
2015-11-18,11637.83
2015-11-19,11657.69
2015-11-20,11649.74
2015-11-23,11597.89
2015-11-24,11434.6
2015-11-25,11607.08
2015-11-26,11732.88
2015-11-27,11695.22
2015-11-30,11760.34
2015-12-01,11662.5
2015-12-02,11641.69
2015-12-03,11225.11
2015-12-04,11188.52
2015-12-07,11291.84
2015-12-08,11114.86
2015-12-09,11009.44
2015-12-10,11003.76
2015-12-11,10800.78
2015-12-14,10619.19
2015-12-15,10954.72
2015-12-16,10979.09
2015-12-17,11104.6
2015-12-18,10980.5
2015-12-21,10854.98
2015-12-22,10860.76
2015-12-23,11115.01
2015-12-24,11088.02
2015-12-28,10980.47
2015-12-29,11178.81
2015-12-30,11121.22
2015-12-31,11025.92
2016-01-04,10753.39
2016-01-05,10789.48
2016-01-06,10653.59
2016-01-07,10470.75
2016-01-08,10304.73
2016-01-11,10254.75
2016-01-12,10411.71
2016-01-13,10443.07
2016-01-14,10255.12
2016-01-15,10010.85
2016-01-18,9961.88
2016-01-19,10159.65
2016-01-20,9809.34
2016-01-21,10004.34
2016-01-22,10314.21
2016-01-25,10253.9
2016-01-26,10362.07
2016-01-27,10418.08
2016-01-28,10279.66
2016-01-29,10505.26
2016-02-01,10459.11
2016-02-02,10201.13
2016-02-03,10065.33
2016-02-04,10069.06
2016-02-05,10002.73
2016-02-08,9682.78
2016-02-09,9519.03
2016-02-10,9670.61
2016-02-11,9278.93
2016-02-12,9513.12
2016-02-15,9799.32
2016-02-16,9788.38
2016-02-17,10080.83
2016-02-18,10095.8
2016-02-19,10055.99
2016-02-22,10236.16
2016-02-23,10092.62
2016-02-24,9894.77
2016-02-25,10116.5
2016-02-26,10273.94
2016-02-29,10366.75
2016-03-01,10493.65
2016-03-02,10536.64
2016-03-03,10515.66
2016-03-04,10612.2
2016-03-07,10578.07
2016-03-08,10486.95
2016-03-09,10538.45
2016-03-10,10359.14
2016-03-11,10698.32
2016-03-14,10731.18
2016-03-15,10650.32
2016-03-16,10627.37
2016-03-17,10579.51
2016-03-18,10626.21
2016-03-21,10558.31
2016-03-22,10568.24
2016-03-23,10554.5
2016-03-24,10329.55
2016-03-29,10417.78
2016-03-30,10603.28
2016-03-31,10461.67
2016-04-01,10311.79
2016-04-04,10366.61
2016-04-05,10140.1
2016-04-06,10222.09
2016-04-07,10129.68
2016-04-08,10266.18
2016-04-11,10288.85
2016-04-12,10368.27
2016-04-13,10712.76
2016-04-14,10763.33
2016-04-15,10724.35
2016-04-18,10752.19
2016-04-19,10901.32
2016-04-20,10962.07
2016-04-21,10940.36
2016-04-22,10913.09
2016-04-25,10856.86
2016-04-26,10849.01
2016-04-27,10913.85
2016-04-28,10908.97
2016-04-29,10610.35
2016-05-02,10655.87
2016-05-03,10486.14
2016-05-04,10376.08
2016-05-05,10396.57
2016-05-06,10376.87
2016-05-09,10428.91
2016-05-10,10505.03
2016-05-11,10452.88
2016-05-12,10396.21
2016-05-13,10467.75
2016-05-16,10449.07
2016-05-17,10429.33
2016-05-18,10482.06
2016-05-19,10392.86
2016-05-20,10566.04
2016-05-23,10513.15
2016-05-24,10771.82
2016-05-25,10910.11
2016-05-26,10985.57
2016-05-27,10997.88
2016-05-30,11038.69
2016-05-31,10984.21
2016-06-01,10910.5
2016-06-02,10915.46
2016-06-03,10810.83
2016-06-06,10836.38
2016-06-07,10964.94
2016-06-08,10898.48
2016-06-09,10792.83
2016-06-10,10550.58
2016-06-13,10355.31
2016-06-14,10118.46
2016-06-15,10219.51
2016-06-16,10174.01
2016-06-17,10284.58
2016-06-20,10644.91
2016-06-21,10718.89
2016-06-22,10750.26
2016-06-23,10961.02
2016-06-24,10079.48
2016-06-27,9780.02
2016-06-28,10035.6
2016-06-29,10296.91
2016-06-30,10400.4
2016-07-01,10489.94
2016-07-04,10399.42
2016-07-05,10223.97
2016-07-06,10034.18
2016-07-07,10114.13
2016-07-08,10293.01
2016-07-11,10474.41
2016-07-12,10638.6
2016-07-13,10648.13
2016-07-14,10771.58
2016-07-15,10739.61
2016-07-18,10703.35
2016-07-19,10635.53
2016-07-20,10757.44
2016-07-21,10748.82
2016-07-22,10760.73
2016-07-25,10777.67
2016-07-26,10794.3
2016-07-27,10922.48
2016-07-28,10857.69
2016-07-29,10904.93
2016-08-01,10829.66
2016-08-02,10630.27
2016-08-03,10613.29
2016-08-04,10673.6
2016-08-05,10833.07
2016-08-08,10845.12
2016-08-09,10974.32
2016-08-10,10934.9
2016-08-11,11062.46
2016-08-12,11053.22
2016-08-15,11047.51
2016-08-16,10955.6
2016-08-17,10850.56
2016-08-18,10898.17
2016-08-19,10808.43
2016-08-22,10782.43
2016-08-23,10859.82
2016-08-24,10894.26
2016-08-25,10823.38
2016-08-26,10909.97
2016-08-29,10866.7
2016-08-30,10948.35
2016-08-31,10901.03
2016-09-01,10904.57
2016-09-02,11156.33
2016-09-05,11153.66
2016-09-06,11126.36
2016-09-07,11194.37
2016-09-08,11156.42
2016-09-09,11031.65
2016-09-12,10904.89
2016-09-13,10775.66
2016-09-14,10734.09
2016-09-15,10741.37
2016-09-16,10641.24
2016-09-19,10792.87
2016-09-20,10779.15
2016-09-21,10830.6
2016-09-22,11076.87
2016-09-23,11024.98
2016-09-26,10826.42
2016-09-27,10820.15
2016-09-28,10903.22
2016-09-29,10931.25
2016-09-30,10942.12
2016-10-03,10955.15
2016-10-04,11077.0
2016-10-05,11044.67
2016-10-06,11020.43
2016-10-07,10946.18
2016-10-10,11062.66
2016-10-11,10999.89
2016-10-12,10960.79
2016-10-13,10844.92
2016-10-14,11006.77
2016-10-17,10955.84
2016-10-18,11100.31
2016-10-19,11128.34
2016-10-20,11177.14
2016-10-21,11167.17
2016-10-24,11207.8
2016-10-25,11178.92
2016-10-26,11163.51
2016-10-27,11161.02
2016-10-28,11197.96
2016-10-31,11101.18
2016-11-01,11005.21
2016-11-02,10868.29
2016-11-03,10860.94
2016-11-04,10776.7
2016-11-07,10982.86
2016-11-08,11025.26
2016-11-09,11189.25
2016-11-10,11158.39
2016-11-11,11055.77
2016-11-14,11103.24
2016-11-15,11172.14
2016-11-16,11084.98
2016-11-17,11150.58
2016-11-18,11092.9
2016-11-21,11155.02
2016-11-22,11201.26
2016-11-23,11154.12
2016-11-24,11187.0
2016-11-25,11205.98
2016-11-28,11110.11
2016-11-29,11215.66
2016-11-30,11281.9
2016-12-01,11238.21
2016-12-02,11159.88
2016-12-05,11276.5
2016-12-06,11418.53
2016-12-07,11573.29
2016-12-08,11673.78
2016-12-09,11744.26
2016-12-12,11736.13
2016-12-13,11842.37
2016-12-14,11756.99
2016-12-15,11880.24
2016-12-16,11914.83
2016-12-19,11891.39
2016-12-20,11958.27
2016-12-21,11934.99
2016-12-22,11936.98
2016-12-23,11949.46
2016-12-27,11970.7
2016-12-28,11970.03
2016-12-29,11946.46
2016-12-30,12005.34
2017-01-02,12054.89
2017-01-03,12096.74
2017-01-04,12096.91
2017-01-05,12099.96
2017-01-06,12122.69
2017-01-09,12067.69
2017-01-10,12069.32
2017-01-11,12070.51
2017-01-12,12009.43
2017-01-13,12153.93
2017-01-16,12056.77
2017-01-17,12001.23
2017-01-18,11985.7
2017-01-19,11955.43
2017-01-20,11978.95
2017-01-23,11906.71
2017-01-24,11927.99
2017-01-25,12045.63
2017-01-26,12019.88
2017-01-27,11952.56
2017-01-30,11815.91
2017-01-31,11727.63
2017-02-01,11840.44
2017-02-02,11839.74
2017-02-03,11916.61
2017-02-06,11802.21
2017-02-07,11743.88
2017-02-08,11773.84
2017-02-09,11921.16
2017-02-10,11926.29
2017-02-13,12074.19
2017-02-14,12093.03
2017-02-15,12164.77
2017-02-16,12102.01
2017-02-17,12023.27
2017-02-20,12016.86
2017-02-21,12075.58
2017-02-22,12093.18
2017-02-23,12081.85
2017-02-24,11968.08
2017-02-27,11967.95
2017-02-28,12001.04
2017-03-01,12253.61
2017-03-02,12260.95
2017-03-03,12338.32
2017-03-06,12281.68
2017-03-07,12239.19
2017-03-08,12252.75
2017-03-09,12304.69
2017-03-10,12333.85
2017-03-13,12349.37
2017-03-14,12286.77
2017-03-15,12314.48
2017-03-16,12383.4
2017-03-17,12422.58
2017-03-20,12396.62
2017-03-21,12372.57
2017-03-22,12353.44
2017-03-23,12447.59
2017-03-24,12418.25
2017-03-27,12415.35
2017-03-28,12486.54
2017-03-29,12543.04
2017-03-30,12594.02
2017-03-31,12675.36
2017-04-03,12584.8
2017-04-04,12622.47
2017-04-05,12599.5
2017-04-06,12672.72
2017-04-07,12706.96
2017-04-10,12638.08
2017-04-11,12624.25
2017-04-12,12622.41
2017-04-13,12548.16
2017-04-18,12356.87
2017-04-19,12398.39
2017-04-20,12582.21
2017-04-21,12535.85
2017-04-24,13059.61
2017-04-25,13090.85
2017-04-26,13115.65
2017-04-27,13075.52
2017-04-28,13074.04
2017-05-02,13169.77
2017-05-03,13168.31
2017-05-04,13345.73
2017-05-05,13531.36
2017-05-08,13429.96
2017-05-09,13467.53
2017-05-10,13473.64
2017-05-11,13431.13
2017-05-12,13489.84
2017-05-15,13533.78
2017-05-16,13553.41
2017-05-17,13335.78
2017-05-18,13265.18
2017-05-19,13352.1
2017-05-22,13351.18
2017-05-23,13414.6
2017-05-24,13415.5
2017-05-25,13405.01
2017-05-26,13405.42
2017-05-29,13402.62
2017-05-30,13373.83
2017-05-31,13336.88
2017-06-01,13425.33
2017-06-02,13491.41
2017-06-05,13418.61
2017-06-06,13325.16
2017-06-07,13315.82
2017-06-08,13312.57
2017-06-09,13402.26
2017-06-12,13269.12
2017-06-13,13322.67
2017-06-14,13275.95
2017-06-15,13209.09
2017-06-16,13326.63
2017-06-19,13449.65
2017-06-20,13406.43
2017-06-21,13367.99
2017-06-22,13387.43
2017-06-23,13347.34
2017-06-26,13422.44
2017-06-27,13328.25
2017-06-28,13313.84
2017-06-29,13064.05
2017-06-30,12978.71
2017-07-03,13168.92
2017-07-04,13121.96
2017-07-05,13137.43
2017-07-06,13067.18
2017-07-07,13048.82
2017-07-10,13100.76
2017-07-11,13037.27
2017-07-12,13244.03
2017-07-13,13277.69
2017-07-14,13277.46
2017-07-17,13264.42
2017-07-18,13120.12
2017-07-19,13228.65
2017-07-20,13185.92
2017-07-21,12979.08
2017-07-24,13004.53
2017-07-25,13089.2
2017-07-26,13162.97
2017-07-27,13154.81
2017-07-28,13013.9
2017-07-31,12918.48
2017-08-01,13002.83
2017-08-02,12952.68
2017-08-03,13011.61
2017-08-04,13196.63
2017-08-07,13207.91
2017-08-08,13235.82
2017-08-09,13050.18
2017-08-10,12972.93
2017-08-11,12835.17
2017-08-14,12989.24
2017-08-15,13036.36
2017-08-16,13128.59
2017-08-17,13053.11
2017-08-18,12970.18
2017-08-21,12902.8
2017-08-22,13015.08
2017-08-23,12973.32
2017-08-24,12967.58
2017-08-25,12945.27
2017-08-28,12882.93
2017-08-29,12761.63
2017-08-30,12823.55
2017-08-31,12897.74
2017-09-01,12993.29
2017-09-04,12944.37
2017-09-05,12900.19
2017-09-06,12937.86
2017-09-07,12971.36
2017-09-08,12968.49
2017-09-11,13128.84
2017-09-12,13210.76
2017-09-13,13232.52
2017-09-14,13251.81
2017-09-15,13223.18
2017-09-18,13262.64
2017-09-19,13283.24
2017-09-20,13293.94
2017-09-21,13358.94
2017-09-22,13394.44
2017-09-25,13375.64
2017-09-26,13379.78
2017-09-27,13413.32
2017-09-28,13443.31
2017-09-29,13534.83
2017-10-02,13587.22
2017-10-03,13630.3
2017-10-04,13619.69
2017-10-05,13660.27
2017-10-06,13611.23
2017-10-09,13626.29
2017-10-10,13620.74
2017-10-11,13624.56
2017-10-12,13620.48
2017-10-13,13597.43
2017-10-16,13625.74
2017-10-17,13621.92
2017-10-18,13678.93
2017-10-19,13639.5
2017-10-20,13649.88
2017-10-23,13686.55
2017-10-24,13706.84
2017-10-25,13656.27
2017-10-26,13860.81
2017-10-27,13959.23
2017-10-30,13957.95
2017-10-31,13982.49
2017-11-01,14010.44
2017-11-02,14000.82
2017-11-03,14019.8
2017-11-06,13992.56
2017-11-07,13929.0
2017-11-08,13905.6
2017-11-09,13743.75
2017-11-10,13675.06
2017-11-13,13575.71
2017-11-14,13509.51
2017-11-15,13473.09
2017-11-16,13562.4
2017-11-17,13518.63
2017-11-20,13575.97
2017-11-21,13641.3
2017-11-22,13607.28
2017-11-23,13675.36
2017-11-24,13703.11
2017-11-27,13625.9
2017-11-28,13703.15
2017-11-29,13722.41
2017-11-30,13658.19
2017-12-01,13516.08
2017-12-04,13700.13
2017-12-05,13676.17
2017-12-06,13673.16
2017-12-07,13697.36
2017-12-08,13736.1
2017-12-11,13704.91
2017-12-12,13807.59
2017-12-13,13737.02
2017-12-14,13629.38
2017-12-15,13609.44
2017-12-18,13791.17
2017-12-19,13712.48
2017-12-20,13635.71
2017-12-21,13720.29
2017-12-22,13666.14
2017-12-27,13676.64
2017-12-28,13601.71
2017-12-29,13533.27
2018-01-02,13472.26
2018-01-03,13580.97
2018-01-04,13790.91
2018-01-05,13936.26
2018-01-08,13978.73
2018-01-09,14071.75
2018-01-10,14022.7
2018-01-11,13981.6
2018-01-12,14054.22
2018-01-15,14037.22
2018-01-16,14048.94
2018-01-17,13998.41
2018-01-18,14000.56
2018-01-19,14081.27
2018-01-22,14120.72
2018-01-23,14103.56
2018-01-24,14001.39
2018-01-25,13965.84
2018-01-26,14088.0
2018-01-29,14068.73
2018-01-30,13946.91
2018-01-31,13967.67
2018-02-01,13900.82
2018-02-02,13672.56
2018-02-05,13470.84
2018-02-06,13154.78
2018-02-07,13394.57
2018-02-08,13128.97
2018-02-09,12944.29
2018-02-12,13099.35
2018-02-13,13020.81
2018-02-14,13163.58
2018-02-15,13309.5
2018-02-16,13460.02
2018-02-19,13395.29
2018-02-20,13481.11
2018-02-21,13512.5
2018-02-22,13530.49
2018-02-23,13551.23
2018-02-26,13619.75
2018-02-27,13618.91
2018-02-28,13559.19
2018-03-01,13411.54
2018-03-02,13090.49
2018-03-05,13168.59
2018-03-06,13176.24
2018-03-07,13221.08
2018-03-08,13389.97
2018-03-09,13441.72
2018-03-12,13447.61
2018-03-13,13361.17
2018-03-14,13337.12
2018-03-15,13423.53
2018-03-16,13462.99
2018-03-19,13328.46
2018-03-20,13403.97
2018-03-21,13371.59
2018-03-22,13186.49
2018-03-23,13002.78
2018-03-26,12928.94
2018-03-27,13061.47
2018-03-28,13099.0
2018-03-29,13193.11
2018-04-03,13154.35
2018-04-04,13127.99
2018-04-05,13472.34
2018-04-06,13425.29
2018-04-09,13438.44
2018-04-10,13551.21
2018-04-11,13475.59
2018-04-12,13555.45
2018-04-13,13570.27
2018-04-16,13575.18
2018-04-17,13689.99
2018-04-18,13758.08
2018-04-19,13787.41
2018-04-20,13846.7
2018-04-23,13912.49
2018-04-24,13937.28
2018-04-25,13868.75
2018-04-26,13975.67
2018-04-27,14051.55
2018-04-30,14147.17
2018-05-02,14191.7
2018-05-03,14149.71
2018-05-04,14200.99
2018-05-07,14240.55
2018-05-08,14216.12
2018-05-09,14248.81
2018-05-10,14277.96
2018-05-11,14319.78
2018-05-14,14325.19
2018-05-15,14357.45
2018-05-16,14394.63
2018-05-17,14535.89
2018-05-18,14516.73
2018-05-21,14578.76
2018-05-22,14608.69
2018-05-23,14416.36
2018-05-24,14371.29
2018-05-25,14356.01
2018-05-28,14288.81
2018-05-29,14111.34
2018-05-30,14143.06
2018-05-31,14069.56
2018-06-01,14248.51
2018-06-04,14274.62
2018-06-05,14252.98
2018-06-06,14249.11
2018-06-07,14225.08
2018-06-08,14229.94
2018-06-11,14317.76
2018-06-12,14264.04
2018-06-13,14262.35
2018-06-14,14460.43
2018-06-15,14390.92
2018-06-18,14256.86
2018-06-19,14100.33
2018-06-20,14052.39
2018-06-21,13915.73
2018-06-22,14102.56
2018-06-25,13831.57
2018-06-26,13824.85
2018-06-27,13945.02
2018-06-28,13810.05
2018-06-29,13935.39
2018-07-02,13812.97
2018-07-03,13917.71
2018-07-04,13930.05
2018-07-05,14050.03
2018-07-06,14074.77
2018-07-09,14133.26
2018-07-10,14228.16
2018-07-11,14017.58
2018-07-12,14153.65
2018-07-13,14214.67
2018-07-16,14162.89
2018-07-17,14197.22
2018-07-18,14262.4
2018-07-19,14182.9
2018-07-20,14133.82
2018-07-23,14081.27
2018-07-24,14227.73
2018-07-25,14207.36
2018-07-26,14349.09
2018-07-27,14430.82
2018-07-30,14377.05
2018-07-31,14429.61
2018-08-01,14395.76
2018-08-02,14297.87
2018-08-03,14344.99
2018-08-06,14340.27
2018-08-07,14455.83
2018-08-08,14405.0
2018-08-09,14405.9
2018-08-10,14176.63
2018-08-13,14170.47
2018-08-14,14147.13
2018-08-15,13890.05
2018-08-16,14004.72
2018-08-17,13994.03
2018-08-20,14085.56
2018-08-21,14161.36
2018-08-22,14192.81
2018-08-23,14189.46
2018-08-24,14223.94
2018-08-27,14345.97
2018-08-28,14361.38
2018-08-29,14404.17
2018-08-30,14343.24
2018-08-31,14156.8
2018-09-03,14174.98
2018-09-04,13988.82
2018-09-05,13772.85
2018-09-06,13729.96
2018-09-07,13751.91
2018-09-10,13797.5
2018-09-11,13834.57
2018-09-12,13961.16
2018-09-13,13950.65
2018-09-14,14014.67
2018-09-17,14005.38
2018-09-18,14044.44
2018-09-19,14122.86
2018-09-20,14274.34
2018-09-21,14385.83
2018-09-24,14338.69
2018-09-25,14365.6
2018-09-26,14453.76
2018-09-27,14526.33
2018-09-28,14403.33
2018-10-01,14438.25
2018-10-02,14336.21
2018-10-03,14397.85
2018-10-04,14186.63
2018-10-05,14051.65
2018-10-08,13896.65
2018-10-09,13944.64
2018-10-10,13658.16
2018-10-11,13396.22
2018-10-12,13368.94
2018-10-15,13366.57
2018-10-16,13571.13
2018-10-17,13497.41
2018-10-18,13423.55
2018-10-19,13339.25
2018-10-22,13257.02
2018-10-23,13032.4
2018-10-24,12994.1
2018-10-25,13201.89
2018-10-26,13031.54
2018-10-29,13089.23
2018-10-30,13060.83
2018-10-31,13362.28
2018-11-01,13342.2
2018-11-02,13385.1
2018-11-05,13383.15
2018-11-06,13318.66
2018-11-07,13483.35
2018-11-08,13466.31
2018-11-09,13401.48
2018-11-12,13276.43
2018-11-13,13388.63
2018-11-14,13302.04
2018-11-15,13209.58
2018-11-16,13187.47
2018-11-19,13083.77
2018-11-20,12924.85
2018-11-21,13057.66
2018-11-22,12959.61
2018-11-23,12982.73
2018-11-26,13108.78
2018-11-27,13077.74
2018-11-28,13081.17
2018-11-29,13141.56
2018-11-30,13135.45
2018-12-03,13266.87
2018-12-04,13172.12
2018-12-05,12992.67
2018-12-06,12561.96
2018-12-07,12647.8
2018-12-10,12461.9
2018-12-11,12629.59
2018-12-12,12900.91
2018-12-13,12867.99
2018-12-14,12754.41
2018-12-17,12613.39
2018-12-18,12512.36
2018-12-19,12573.88
2018-12-20,12350.18
2018-12-21,12355.24
2018-12-24,12176.29
2018-12-27,12103.19
2018-12-28,12314.07
2018-12-31,12450.81
2019-01-02,12342.11
2019-01-03,12137.06
2019-01-04,12467.71
2019-01-07,12420.49
2019-01-08,12562.88
2019-01-09,12668.95
2019-01-10,12648.1
2019-01-11,12584.12
2019-01-14,12535.19
2019-01-15,12599.98
2019-01-16,12664.65
2019-01-17,12621.55
2019-01-18,12836.28
2019-01-21,12814.8
2019-01-22,12761.51
2019-01-23,12742.68
2019-01-24,12825.82
2019-01-25,12967.62
2019-01-28,12869.56
2019-01-29,12973.82
2019-01-30,13099.41
2019-01-31,13146.7
2019-02-01,13216.58
2019-02-04,13166.37
2019-02-05,13385.32
2019-02-06,13374.02
2019-02-07,13127.84
2019-02-08,13064.85
2019-02-11,13203.97
2019-02-12,13314.25
2019-02-13,13361.42
2019-02-14,13330.5
2019-02-15,13569.23
2019-02-18,13609.65
2019-02-19,13588.55
2019-02-20,13682.3
2019-02-21,13682.73
2019-02-22,13734.7
2019-02-25,13776.83
2019-02-26,13794.92
2019-02-27,13759.73
2019-02-28,13799.69
2019-03-01,13864.64
2019-03-04,13920.93
2019-03-05,13949.76
2019-03-06,13926.83
2019-03-07,13871.81
2019-03-08,13775.18
2019-03-11,13866.66
2019-03-12,13877.95
2019-03-13,13973.08
2019-03-14,14087.37
2019-03-15,14233.63
2019-03-18,14254.44
2019-03-19,14307.95
2019-03-20,14193.91
2019-03-21,14183.86
2019-03-22,13896.62
2019-03-25,13872.16
2019-03-26,13995.4
2019-03-27,13988.02
2019-03-28,13975.64
2019-03-29,14118.08
2019-04-01,14263.2
2019-04-02,14310.54
2019-04-03,14430.44
2019-04-04,14416.98
2019-04-05,14449.69
2019-04-08,14438.02
2019-04-09,14344.72
2019-04-10,14380.24
2019-04-11,14474.8
2019-04-12,14519.62
2019-04-15,14546.87
2019-04-16,14604.91
2019-04-17,14695.85
2019-04-18,14741.53
2019-04-23,14782.23
2019-04-24,14740.92
2019-04-25,14705.43
2019-04-26,14747.86
2019-04-29,14778.63
2019-04-30,14813.93
2019-05-02,14730.39
2019-05-03,14758.88
2019-05-06,14585.14
2019-05-07,14366.72
2019-05-08,14424.88
2019-05-09,14188.02
2019-05-10,14228.7
2019-05-13,14055.44
2019-05-14,14272.07
2019-05-15,14360.01
2019-05-16,14558.74
2019-05-17,14532.36
2019-05-20,14333.71
2019-05-21,14428.87
2019-05-22,14411.49
2019-05-23,14149.98
2019-05-24,14253.63
2019-05-27,14333.95
2019-05-28,14270.82
2019-05-29,14069.42
2019-05-30,14145.2
2019-05-31,14033.94
2019-06-03,14129.44
2019-06-04,14211.32
2019-06-05,14278.64
2019-06-06,14242.03
2019-06-07,14474.04
2019-06-10,14532.24
2019-06-11,14621.88
2019-06-12,14531.25
2019-06-13,14533.17
2019-06-14,14511.5
2019-06-17,14575.02
2019-06-18,14904.41
2019-06-19,14927.99
2019-06-20,14977.61
2019-06-21,14958.02
2019-06-24,14940.11
2019-06-25,14926.22
2019-06-26,14888.73
2019-06-27,14869.49
2019-06-28,14992.26
2019-07-01,15070.6
2019-07-02,15094.7
2019-07-03,15217.39
2019-07-04,15222.58
2019-07-05,15149.44
2019-07-08,15140.02
2019-07-09,15093.73
2019-07-10,15081.5
2019-07-11,15039.13
2019-07-12,15095.79
2019-07-15,15110.28
2019-07-16,15208.26
2019-07-17,15092.68
2019-07-18,15035.35
2019-07-19,15040.19
2019-07-22,15079.95
2019-07-23,15218.49
2019-07-24,15185.19
2019-07-25,15109.85
2019-07-26,15196.52
2019-07-29,15172.28
2019-07-30,14928.4
2019-07-31,14949.61
2019-08-01,15053.93
2019-08-02,14516.47
2019-08-05,14198.32
2019-08-06,14179.65
2019-08-07,14265.94
2019-08-08,14594.92
2019-08-09,14432.3
2019-08-12,14384.58
2019-08-13,14527.5
2019-08-14,14224.74
2019-08-15,14185.8
2019-08-16,14358.79
2019-08-19,14551.12
2019-08-20,14478.21
2019-08-21,14724.28
2019-08-22,14596.33
2019-08-23,14430.07
2019-08-26,14495.5
2019-08-27,14593.21
2019-08-28,14543.66
2019-08-29,14763.55
2019-08-30,14846.19
2019-09-02,14880.22
2019-09-03,14807.16
2019-09-04,14985.95
2019-09-05,15151.99
2019-09-06,15180.77
2019-09-09,15140.04
2019-09-10,15151.56
2019-09-11,15218.89
2019-09-12,15286.06
2019-09-13,15320.19
2019-09-16,15176.44
2019-09-17,15212.42
2019-09-18,15226.33
2019-09-19,15330.44
2019-09-20,15416.32
2019-09-23,15253.73
2019-09-24,15247.14
2019-09-25,15126.53
2019-09-26,15226.14
2019-09-27,15300.56
2019-09-30,15401.49
2019-10-01,15184.05
2019-10-02,14709.74
2019-10-03,14753.11
2019-10-04,14887.55
2019-10-07,14977.84
2019-10-08,14801.55
2019-10-09,14916.9
2019-10-10,15106.53
2019-10-11,15368.09
2019-10-14,15307.32
2019-10-15,15467.29
2019-10-16,15453.33
2019-10-17,15388.68
2019-10-18,15288.8
2019-10-21,15321.62
2019-10-22,15346.95
2019-10-23,15335.44
2019-10-24,15419.23
2019-10-25,15521.82
2019-10-28,15544.65
2019-10-29,15570.63
2019-10-30,15640.41
2019-10-31,15542.73
2019-11-01,15629.6
2019-11-04,15798.92
2019-11-05,15865.08
2019-11-06,15918.93
2019-11-07,15984.73
2019-11-08,15981.25
2019-11-11,15992.4
2019-11-12,16062.77
2019-11-13,16028.41
2019-11-14,16012.1
2019-11-15,16115.74
2019-11-18,16090.65
2019-11-19,16034.36
2019-11-20,15993.62
2019-11-21,15958.83
2019-11-22,15991.16
2019-11-25,16081.94
2019-11-26,16094.87
2019-11-27,16087.32
2019-11-28,16048.99
2019-11-29,16028.49
2019-12-02,15713.81
2019-12-03,15552.96
2019-12-04,15749.75
2019-12-05,15754.81
2019-12-06,15953.3
2019-12-09,15859.14
2019-12-10,15888.43
2019-12-11,15923.32
2019-12-12,15986.86
2019-12-13,16081.3
2019-12-16,16279.06
2019-12-17,16215.49
2019-12-18,16191.97
2019-12-19,16226.41
2019-12-20,16360.23
2019-12-23,16381.53
2019-12-24,16382.01
2019-12-27,16403.31
2019-12-30,16253.41
2019-12-31,16242.1
2020-01-02,16414.46
2020-01-03,16421.71
2020-01-06,16358.92
2020-01-07,16355.56
2020-01-08,16406.28
2020-01-09,16437.71
2020-01-10,16422.9
2020-01-13,16420.26
2020-01-14,16436.41
2020-01-15,16413.88
2020-01-16,16431.35
2020-01-17,16599.18
2020-01-20,16538.84
2020-01-21,16450.27
2020-01-22,16355.02
2020-01-23,16248.41
2020-01-24,16391.16
2020-01-27,15952.45
2020-01-28,16123.33
2020-01-29,16202.41
2020-01-30,15979.38
2020-01-31,15801.32
2020-02-03,15872.53
2020-02-04,16151.59
2020-02-05,16288.61
2020-02-06,16432.25
2020-02-07,16409.3
2020-02-10,16370.98
2020-02-11,16477.35
2020-02-12,16613.33
2020-02-13,16581.79
2020-02-14,16517.07
2020-02-17,16562.24
2020-02-18,16482.97
2020-02-19,16631.07
2020-02-20,16497.88
2020-02-21,16409.21
2020-02-24,15761.94
2020-02-25,15456.62
2020-02-26,15469.86
2020-02-27,14955.66
2020-02-28,14450.31
2020-03-02,14514.57
2020-03-03,14677.5
2020-03-04,14872.69
2020-03-05,14590.22
2020-03-06,13986.07
2020-03-09,12812.56
2020-03-10,12618.52
2020-03-11,12546.76
2020-03-12,11006.43
2020-03-13,11208.1
2020-03-16,10563.81
2020-03-17,10864.04
2020-03-18,10219.18
2020-03-19,10493.14
2020-03-20,11019.23
2020-03-23,10653.2
2020-03-24,11556.0
2020-03-25,12072.4
2020-03-26,12375.52
2020-03-27,11852.3
2020-03-30,11946.74
2020-03-31,11994.8
2020-04-01,11479.45
2020-04-02,11516.87
2020-04-03,11335.77
2020-04-06,11858.43
2020-04-07,12109.81
2020-04-08,12122.04
2020-04-09,12296.92
2020-04-14,12343.47
2020-04-15,11879.12
2020-04-16,11869.4
2020-04-17,12275.53
2020-04-20,12355.47
2020-04-21,11895.54
2020-04-22,12043.89
2020-04-23,12150.9
2020-04-24,11993.42
2020-04-27,12299.01
2020-04-28,12476.36
2020-04-29,12752.98
2020-04-30,12482.89
2020-05-04,11996.45
2020-05-05,12301.05
2020-05-06,12164.54
2020-05-07,12351.29
2020-05-08,12483.54
2020-05-11,12336.01
2020-05-12,12290.79
2020-05-13,11940.29
2020-05-14,11742.92
2020-05-15,11755.29
2020-05-18,12361.81
2020-05-19,12251.39
2020-05-20,12358.06
2020-05-21,12216.46
2020-05-22,12214.02
2020-05-25,12476.06
2020-05-26,12658.33
2020-05-27,12885.05
2020-05-28,13113.3
2020-05-29,12904.55
2020-06-01,13094.0
2020-06-02,13363.01
2020-06-03,13815.03
2020-06-04,13786.42
2020-06-05,14297.54
2020-06-08,14237.97
2020-06-09,14016.75
2020-06-10,13902.06
2020-06-11,13247.81
2020-06-12,13312.92
2020-06-15,13248.15
2020-06-16,13624.33
2020-06-17,13744.03
2020-06-18,13641.64
2020-06-19,13698.58
2020-06-22,13614.29
2020-06-23,13815.95
2020-06-24,13413.04
2020-06-25,13543.06
2020-06-26,13518.45
2020-06-29,13638.01
2020-06-30,13611.91
2020-07-01,13591.32
2020-07-02,13930.79
2020-07-03,13826.09
2020-07-06,14031.46
2020-07-07,13953.12
2020-07-08,13782.82
2020-07-09,13616.46
2020-07-10,13753.34
2020-07-13,13990.62
2020-07-14,13872.37
2020-07-15,14153.62
2020-07-16,14087.96
2020-07-17,14044.04
2020-07-20,14109.85
2020-07-21,14140.62
2020-07-22,13954.54
2020-07-23,13945.23
2020-07-24,13731.02
2020-07-27,13684.44
2020-07-28,13654.85
2020-07-29,13737.41
2020-07-30,13444.32
2020-07-31,13252.47
2020-08-03,13508.01
2020-08-04,13545.66
2020-08-05,13667.03
2020-08-06,13533.48
2020-08-07,13545.66
2020-08-10,13601.03
2020-08-11,13929.27
2020-08-12,14054.81
2020-08-13,13969.13
2020-08-14,13749.01
2020-08-17,13773.99
2020-08-18,13680.11
2020-08-19,13788.65
2020-08-20,13605.83
2020-08-21,13564.5
2020-08-24,13873.56
2020-08-25,13874.63
2020-08-26,13985.9
2020-08-27,13895.96
2020-08-28,13859.87
2020-08-31,13705.5
2020-09-01,13680.24
2020-09-02,13939.63
2020-09-03,13878.08
2020-09-04,13754.95
2020-09-07,14003.58
2020-09-08,13781.35
2020-09-09,13978.46
2020-09-10,13925.65
2020-09-11,13953.95
2020-09-14,14003.14
2020-09-15,14047.62
2020-09-16,14065.61
2020-09-17,13968.81
2020-09-18,13798.83
2020-09-21,13283.17
2020-09-22,13229.95
2020-09-23,13311.48
2020-09-24,13201.62
2020-09-25,13130.58
2020-09-28,13445.99
2020-09-29,13414.9
2020-09-30,13335.41
2020-10-01,13392.6
2020-10-02,13394.94
2020-10-05,13525.39
2020-10-06,13590.86
2020-10-07,13553.51
2020-10-08,13636.62
2020-10-09,13733.42
2020-10-12,13823.61
2020-10-13,13735.66
2020-10-14,13719.13
2020-10-15,13429.74
2020-10-16,13703.04
2020-10-19,13721.79
2020-10-20,13684.77
2020-10-21,13475.62
2020-10-22,13468.51
2020-10-23,13630.24
2020-10-26,13370.62
2020-10-27,13133.34
2020-10-28,12690.44
2020-10-29,12686.41
2020-10-30,12754.63
2020-11-02,13023.62
2020-11-03,13341.43
2020-11-04,13666.91
2020-11-05,13836.65
2020-11-06,13772.49
2020-11-09,14814.79
2020-11-10,15044.24
2020-11-11,15117.09
2020-11-12,14887.68
2020-11-13,14936.49
2020-11-16,15190.03
2020-11-17,15222.01
2020-11-18,15300.99
2020-11-19,15198.87
2020-11-20,15257.78
2020-11-23,15247.41
2020-11-24,15431.41
2020-11-25,15467.11
2020-11-26,15454.62
2020-11-27,15541.78
2020-11-30,15320.71
2020-12-01,15503.16
2020-12-02,15506.97
2020-12-03,15482.95
2020-12-04,15579.56
2020-12-07,15489.32
2020-12-08,15454.0
2020-12-09,15419.08
2020-12-10,15426.94
2020-12-11,15309.9
2020-12-14,15366.57
2020-12-15,15373.44
2020-12-16,15421.72
2020-12-17,15426.67
2020-12-18,15366.58
2020-12-21,14992.7
2020-12-22,15197.05
2020-12-23,15370.17
2020-12-24,15354.66
2020-12-28,15539.2
2020-12-29,15604.29
2020-12-30,15569.87
2020-12-31,15436.4
2021-01-04,15561.07
2021-01-05,15493.26
2021-01-06,15677.02
2021-01-07,15786.29
2021-01-08,15889.4
2021-01-11,15765.62
2021-01-12,15733.73
2021-01-13,15766.29
2021-01-14,15817.72
2021-01-15,15624.34
2021-01-18,15639.88
2021-01-19,15590.24
2021-01-20,15673.31
2021-01-21,15568.46
2021-01-22,15481.55
2021-01-25,15238.7
2021-01-26,15381.16
2021-01-27,15203.21
2021-01-28,15344.94
2021-01-29,15034.98
2021-02-01,15208.93
2021-02-02,15491.4
2021-02-03,15491.24
2021-02-04,15617.91
2021-02-05,15759.13
2021-02-08,15833.69
2021-02-09,15849.02
2021-02-10,15791.27
2021-02-11,15788.55
2021-02-12,15882.81
2021-02-15,16112.75
2021-02-16,16113.54
2021-02-17,16055.93
2021-02-18,15951.47
2021-02-19,16077.41
2021-02-22,16060.38
2021-02-23,16094.91
2021-02-24,16145.42
2021-02-25,16106.2
2021-02-26,15881.56
2021-03-01,16130.96
2021-03-02,16178.72
2021-03-03,16235.35
2021-03-04,16236.98
2021-03-05,16103.3
2021-03-08,16438.43
2021-03-09,16499.64
2021-03-10,16682.27
2021-03-11,16802.58
2021-03-12,16838.21
2021-03-15,16808.75
2021-03-16,16862.95
2021-03-17,16861.23
2021-03-18,16883.45
2021-03-19,16702.91
2021-03-22,16621.09
2021-03-23,16556.53
2021-03-24,16562.06
2021-03-25,16596.38
2021-03-26,16697.87
2021-03-29,16772.3
2021-03-30,16974.54
2021-03-31,16916.51
2021-04-01,17016.13
2021-04-06,17095.27
2021-04-07,17093.37
2021-04-08,17191.12
2021-04-09,17201.39
2021-04-12,17179.85
2021-04-13,17242.37
2021-04-14,17310.63
2021-04-15,17381.89
2021-04-16,17529.46
2021-04-19,17556.28
2021-04-20,17214.88
2021-04-21,17341.78
2021-04-22,17500.16
2021-04-23,17474.1
2021-04-26,17523.17
2021-04-27,17532.14
2021-04-28,17624.98
2021-04-29,17612.65
2021-04-30,17520.17
2021-05-03,17627.55
2021-05-04,17480.37
2021-05-05,17769.53
2021-05-06,17820.09
2021-05-07,17933.32
2021-05-10,17971.68
2021-05-11,17637.89
2021-05-12,17671.57
2021-05-13,17696.82
2021-05-14,17970.36
2021-05-17,17936.17
2021-05-18,17910.65
2021-05-19,17653.78
2021-05-20,17882.2
2021-05-21,18002.94
2021-05-24,18092.24
2021-05-25,18051.26
2021-05-26,18058.61
2021-05-27,18183.25
2021-05-28,18329.6
2021-05-31,18226.85
2021-06-01,18346.25
2021-06-02,18440.9
2021-06-03,18402.42
2021-06-04,18424.33
2021-06-07,18511.18
2021-06-08,18532.27
2021-06-09,18567.45
2021-06-10,18521.65
2021-06-11,18674.89
2021-06-14,18719.28
2021-06-15,18797.01
2021-06-16,18834.17
2021-06-17,18872.7
2021-06-18,18597.81
2021-06-21,18692.7
2021-06-22,18718.06
2021-06-23,18552.67
2021-06-24,18799.91
2021-06-25,18776.42
2021-06-28,18592.57
2021-06-29,18619.25
2021-06-30,18450.28
2021-07-01,18580.66
2021-07-02,18577.92
2021-07-05,18619.57
2021-07-06,18449.28
2021-07-07,18509.88
2021-07-08,18138.44
2021-07-09,18514.7
2021-07-12,18599.28
2021-07-13,18597.06
2021-07-14,18596.81
2021-07-15,18412.46
2021-07-16,18318.07
2021-07-19,17852.72
2021-07-20,17997.01
2021-07-21,18330.56
2021-07-22,18379.08
2021-07-23,18626.43
2021-07-26,18654.14
2021-07-27,18521.78
2021-07-28,18741.25
2021-07-29,18810.59
2021-07-30,18751.02
2021-08-02,18931.01
2021-08-03,19066.88
2021-08-04,19130.47
2021-08-05,19229.58
2021-08-06,19331.02
2021-08-09,19320.31
2021-08-10,19340.25
2021-08-11,19447.37
2021-08-12,19516.8
2021-08-13,19555.28
2021-08-16,19392.87
2021-08-17,19339.2
2021-08-18,19198.17
2021-08-19,18732.49
2021-08-20,18789.83
2021-08-23,18951.44
2021-08-24,18898.15
2021-08-25,18932.67
2021-08-26,18903.03
2021-08-27,18948.09
2021-08-30,18963.35
2021-08-31,18943.15
2021-09-01,19165.81
2021-09-02,19178.24
2021-09-03,18970.98
2021-09-06,19122.71
2021-09-07,19073.29
2021-09-08,18911.13
2021-09-09,18956.03
2021-09-10,18896.63
2021-09-13,18933.94
2021-09-14,18866.01
2021-09-15,18669.34
2021-09-16,18779.84
2021-09-17,18631.25
2021-09-20,18307.29
2021-09-21,18602.14
2021-09-22,18841.36
2021-09-23,19025.82
2021-09-24,18845.51
2021-09-27,18880.86
2021-09-28,18492.23
2021-09-29,18646.56
2021-09-30,18530.62
2021-10-01,18524.02
2021-10-04,18410.28
2021-10-05,18690.55
2021-10-06,18454.2
2021-10-07,18758.52
2021-10-08,18644.25
2021-10-11,18674.25
2021-10-12,18610.5
2021-10-13,18750.51
2021-10-14,19000.14
2021-10-15,19120.39
2021-10-18,18965.74
2021-10-19,18956.5
2021-10-20,19058.12
2021-10-21,19002.87
2021-10-22,19137.93
2021-10-25,19078.76
2021-10-26,19231.21
2021-10-27,19194.29
2021-10-28,19338.38
2021-10-29,19412.63
2021-11-01,19591.52
2021-11-02,19687.44
2021-11-03,19754.55
2021-11-04,19860.12
2021-11-05,20010.75
2021-11-08,20029.76
2021-11-09,20017.8
2021-11-10,20023.18
2021-11-11,20064.05
2021-11-12,20154.58
2021-11-15,20260.39
2021-11-16,20332.82
2021-11-17,20344.9
2021-11-18,20302.63
2021-11-19,20218.21
2021-11-22,20202.1
2021-11-23,20030.42
2021-11-24,20023.62
2021-11-25,20119.28
2021-11-26,19163.5
2021-11-29,19267.34
2021-11-30,19120.9
2021-12-01,19578.1
2021-12-02,19333.1
2021-12-03,19247.1
2021-12-06,19532.32
2021-12-07,20100.98
2021-12-08,19956.41
2021-12-09,19938.36
2021-12-10,19891.28
2021-12-13,19759.79
2021-12-14,19624.32
2021-12-15,19716.31
2021-12-16,19936.72
2021-12-17,19713.48
2021-12-20,19552.59
2021-12-21,19822.63
2021-12-22,20069.33
2021-12-23,20224.38
2021-12-24,20168.7
2021-12-27,20321.83
2021-12-28,20437.73
2021-12-29,20381.98
2021-12-30,20415.31
2021-12-31,20357.8
2022-01-03,20560.83
2022-01-04,20846.23
2022-01-05,21014.21
2022-01-06,20653.23
2022-01-07,20567.27
2022-01-10,20271.8
2022-01-11,20464.42
2022-01-12,20617.71
2022-01-13,20518.22
2022-01-14,20352.57
2022-01-17,20519.65
2022-01-18,20326.45
2022-01-19,20438.01
2022-01-20,20498.35
2022-01-21,20140.57
2022-01-24,19340.46
2022-01-25,19483.42
2022-01-26,19893.71
2022-01-27,20012.94
2022-01-28,19847.92
2022-01-31,19942.84
2022-02-01,20228.58
2022-02-02,20273.56
2022-02-03,19961.18
2022-02-04,19806.57
2022-02-07,19971.49
2022-02-08,20026.08
2022-02-09,20318.04
2022-02-10,20234.45
2022-02-11,19978.16
2022-02-14,19523.99
2022-02-15,19888.04
2022-02-16,19845.34
2022-02-17,19793.59
2022-02-18,19744.63
2022-02-21,19343.02
2022-02-22,19340.9
2022-02-23,19321.14
2022-02-24,18581.38
2022-02-25,19240.68
2022-02-28,18973.97
2022-03-01,18226.46
2022-03-02,18515.77
2022-03-03,18174.82
2022-03-04,17272.36
2022-03-07,17046.16
2022-03-08,16991.14
2022-03-09,18201.78
2022-03-10,17687.1
2022-03-11,17838.23
2022-03-14,18150.81
2022-03-15,18108.23
2022-03-16,18773.98
2022-03-17,18842.01
2022-03-18,18864.02
2022-03-21,18756.43
2022-03-22,18996.39
2022-03-23,18773.95
2022-03-24,18700.77
2022-03-25,18694.81
2022-03-28,18795.87
2022-03-29,19375.07
2022-03-30,19230.84
2022-03-31,18997.73
2022-04-01,19067.44
2022-04-04,19201.67
2022-04-05,18956.77
2022-04-06,18538.33
2022-04-07,18432.37
2022-04-08,18679.22
2022-04-11,18700.88
2022-04-12,18648.39
2022-04-13,18661.88
2022-04-14,18796.57
2022-04-19,18677.82
2022-04-20,18935.41
2022-04-21,19193.2
2022-04-22,18811.11
2022-04-25,18455.0
2022-04-26,18399.07
2022-04-27,18501.99
2022-04-28,18682.51
2022-04-29,18756.09
2022-05-02,18445.58
2022-05-03,18603.33
2022-05-04,18372.09
2022-05-05,18293.73
2022-05-06,18063.74
2022-05-09,17566.3
2022-05-10,17671.25
2022-05-11,18112.72
2022-05-12,17929.36
2022-05-13,18384.31
2022-05-16,18358.34
2022-05-17,18629.39
2022-05-18,18405.6
2022-05-19,18173.15
2022-05-20,18209.45
2022-05-23,18475.37
2022-05-24,18168.56
2022-05-25,18317.51
2022-05-26,18643.04
2022-05-27,18948.92
2022-05-30,19118.14
2022-05-31,18847.62
2022-06-01,18707.05
2022-06-02,18944.71
2022-06-03,18900.58
2022-06-06,19095.4
2022-06-07,18967.4
2022-06-08,18816.51
2022-06-09,18553.4
2022-06-10,18053.75
2022-06-13,17572.56
2022-06-14,17361.08
2022-06-15,17595.35
2022-06-16,17175.49
2022-06-17,17165.03
2022-06-20,17274.74
2022-06-21,17425.63
2022-06-22,17285.3
2022-06-23,17188.01
2022-06-24,17743.15
2022-06-27,17667.1
2022-06-28,17780.18
2022-06-29,17620.83
2022-06-30,17303.51
2022-07-01,17327.46
2022-07-04,17403.27
2022-07-05,16946.39
2022-07-06,17293.88
2022-07-07,17569.78
2022-07-08,17647.09
2022-07-11,17539.36
2022-07-12,17679.47
2022-07-13,17550.88
2022-07-14,17302.75
2022-07-15,17655.49
2022-07-18,17819.02
2022-07-19,18138.77
2022-07-20,18091.31
2022-07-21,18139.44
2022-07-22,18185.38
2022-07-25,18246.02
2022-07-26,18169.68
2022-07-27,18305.67
2022-07-28,18543.39
2022-07-29,18863.1
2022-08-01,18829.04
2022-08-02,18749.88
2022-08-03,18932.01
2022-08-04,19052.91
2022-08-05,18932.84
2022-08-08,19085.22
2022-08-09,18984.5
2022-08-10,19082.32
2022-08-11,19144.4
2022-08-12,19171.29
2022-08-15,19218.37
2022-08-16,19284.54
2022-08-17,19096.58
2022-08-18,19181.64
2022-08-19,19001.55
2022-08-22,18659.04
2022-08-23,18610.11
2022-08-24,18682.5
2022-08-25,18667.28
2022-08-26,18353.4
2022-08-29,18201.36
2022-08-30,18166.06
2022-08-31,17917.08
2022-09-01,17651.51
2022-09-02,18041.15
2022-09-05,17823.83
2022-09-06,17857.14
2022-09-07,17860.99
2022-09-08,17919.42
2022-09-09,18172.24
2022-09-12,18526.95
2022-09-13,18269.82
2022-09-14,18201.74
2022-09-15,18012.85
2022-09-16,17777.27
2022-09-19,17731.81
2022-09-20,17491.56
2022-09-21,17665.38
2022-09-22,17334.92
2022-09-23,16939.25
2022-09-26,16898.19
2022-09-27,16852.58
2022-09-28,16885.36
2022-09-29,16627.2
2022-09-30,16877.53
2022-10-03,16970.71
2022-10-04,17689.87
2022-10-05,17531.04
2022-10-06,17387.39
2022-10-07,17183.88
2022-10-10,17106.59
2022-10-11,17085.08
2022-10-12,17041.92
2022-10-13,17219.77
2022-10-14,17374.23
2022-10-17,17692.71
2022-10-18,17769.87
2022-10-19,17692.88
2022-10-20,17828.13
2022-10-21,17677.27
2022-10-24,17958.37
2022-10-25,18307.45
2022-10-26,18382.92
2022-10-27,18288.37
2022-10-28,18373.37
2022-10-31,18354.97
2022-11-01,18535.04
2022-11-02,18384.57
2022-11-03,18286.17
2022-11-04,18793.34
2022-11-07,18793.84
2022-11-08,18866.75
2022-11-09,18834.74
2022-11-10,19204.54
2022-11-11,19315.24
2022-11-14,19357.84
2022-11-15,19459.92
2022-11-16,19359.02
2022-11-17,19267.9
2022-11-18,19468.13
2022-11-21,19438.79
2022-11-22,19506.42
2022-11-23,19569.58
2022-11-24,19652.32
2022-11-25,19674.25
2022-11-28,19535.65
2022-11-29,19546.71
2022-11-30,19750.64
2022-12-01,19812.06
2022-12-02,19777.7
2022-12-05,19652.06
2022-12-06,19626.1
2022-12-07,19546.29
2022-12-08,19507.31
2022-12-09,19596.32
2022-12-12,19517.28
2022-12-13,19794.42
2022-12-14,19752.76
2022-12-15,19142.28
2022-12-16,18936.44
2022-12-19,18997.1
2022-12-20,18930.0
2022-12-21,19310.95
2022-12-22,19128.21
2022-12-23,19089.84
2022-12-27,19224.14
2022-12-28,19106.25
2022-12-29,19291.07
2022-12-30,18998.47
2023-01-02,19375.22
2023-01-03,19461.36
2023-01-04,19909.51
2023-01-05,19865.65
2023-01-06,20157.84
2023-01-09,20294.21
2023-01-10,20181.91
2023-01-11,20343.66
2023-01-12,20494.93
2023-01-13,20635.43
2023-01-16,20697.99
2023-01-17,20797.47
2023-01-18,20815.79
2023-01-19,20429.28
2023-01-20,20558.93
2023-01-23,20664.81
2023-01-24,20719.05
2023-01-25,20699.66
2023-01-26,20852.81
2023-01-27,20856.39
2023-01-30,20811.71
2023-01-31,20812.92
2023-02-01,20797.34
2023-02-02,21059.33
2023-02-03,21258.2
2023-02-06,20973.61
2023-02-07,20959.65
2023-02-08,20922.85
2023-02-09,21124.26
2023-02-10,20951.95
2023-02-13,21183.69
2023-02-14,21199.03
2023-02-15,21454.86
2023-02-16,21646.76
2023-02-17,21592.57
2023-02-20,21558.4
2023-02-21,21479.19
2023-02-22,21451.58
2023-02-23,21504.98
2023-02-24,21122.45
2023-02-27,21440.67
2023-02-28,21359.5
2023-03-01,21260.53
2023-03-02,21407.39
2023-03-03,21595.16
2023-03-06,21668.92
2023-03-07,21569.17
2023-03-08,21526.51
2023-03-09,21500.41
2023-03-10,21220.62
2023-03-13,20605.88
2023-03-14,20988.16
2023-03-15,20236.22
2023-03-16,20647.69
2023-03-17,20352.86
2023-03-20,20611.17
2023-03-21,20904.38
2023-03-22,20980.13
2023-03-23,21004.08
2023-03-24,20638.8
2023-03-27,20824.67
2023-03-28,20854.28
2023-03-29,21144.52
2023-03-30,21369.25
2023-03-31,21542.88
2023-04-03,21612.22
2023-04-04,21609.29
2023-04-05,21524.95
2023-04-06,21549.81
2023-04-11,21742.61
2023-04-12,21762.2
2023-04-13,22009.0
2023-04-14,22123.12
2023-04-17,22060.05
2023-04-18,22164.35
2023-04-19,22210.86
2023-04-20,22179.3
2023-04-21,22294.91
2023-04-24,22323.9
2023-04-25,22263.46
2023-04-26,22090.33
2023-04-27,22141.16
2023-04-28,22197.17
2023-05-02,21885.58
2023-05-03,21951.67
2023-05-04,21764.71
2023-05-05,22037.95
2023-05-08,22103.12
2023-05-09,22023.31
2023-05-10,21916.23
2023-05-11,21977.49
2023-05-12,22075.94
2023-05-15,22106.2
2023-05-16,22069.87
2023-05-17,22062.69
2023-05-18,22204.16
2023-05-19,22338.53
2023-05-22,22369.0
2023-05-23,22074.69
2023-05-24,21699.96
2023-05-25,21627.6
2023-05-26,21896.59
2023-05-29,21852.44
2023-05-30,21674.26
2023-05-31,21340.42
2023-06-01,21456.85
2023-06-02,21864.17
2023-06-05,21664.19
2023-06-06,21692.94
2023-06-07,21674.28
2023-06-08,21732.53
2023-06-09,21705.41
2023-06-12,21829.81
2023-06-13,21951.58
2023-06-14,22065.19
2023-06-15,21951.9
2023-06-16,22246.19
2023-06-19,22021.58
2023-06-20,21961.74
2023-06-21,21886.11
2023-06-22,21712.22
2023-06-23,21592.05
2023-06-26,21655.62
2023-06-27,21749.75
2023-06-28,21962.97
2023-06-29,22042.58
2023-06-30,22305.82
2023-07-03,22274.3
2023-07-04,22225.41
2023-07-05,22052.75
2023-07-06,21363.42
2023-07-07,21452.68
2023-07-10,21548.61
2023-07-11,21778.84
2023-07-12,22119.71
2023-07-13,22230.68
2023-07-14,22244.98
2023-07-17,21996.01
2023-07-18,22079.04
2023-07-19,22102.44
2023-07-20,22277.31
2023-07-21,22421.7
2023-07-24,22405.22
2023-07-25,22369.46
2023-07-26,22066.64
2023-07-27,22519.64
2023-07-28,22553.51
2023-07-31,22617.82
2023-08-01,22341.18
2023-08-02,22059.93
2023-08-03,21902.11
2023-08-04,22066.64
2023-08-07,22080.79
2023-08-08,21929.07
2023-08-09,22087.67
2023-08-10,22424.26
2023-08-11,22142.43
2023-08-14,22168.52
2023-08-15,21923.76
2023-08-16,21901.26
2023-08-17,21694.59
2023-08-18,21611.27
2023-08-21,21713.68
2023-08-22,21842.85
2023-08-23,21860.17
2023-08-24,21763.14
2023-08-25,21808.81
2023-08-28,22095.72
2023-08-29,22242.7
2023-08-30,22215.44
2023-08-31,22071.55
2023-09-01,22011.45
2023-09-04,21959.36
2023-09-05,21884.59
2023-09-06,21701.71
2023-09-07,21707.76
2023-09-08,21842.51
2023-09-11,21955.63
2023-09-12,21879.05
2023-09-13,21787.6
2023-09-14,22047.33
2023-09-15,22258.96
2023-09-18,21949.69
2023-09-19,21967.73
2023-09-20,22138.94
2023-09-21,21785.92
2023-09-22,21698.1
2023-09-25,21514.06
2023-09-26,21363.48
2023-09-27,21356.75
2023-09-28,21491.0
2023-09-29,21547.82
2023-10-02,21345.8
2023-10-03,21131.02
2023-10-04,21130.06
2023-10-05,21134.67
2023-10-06,21321.61
2023-10-09,21204.57
2023-10-10,21630.47
2023-10-11,21536.19
2023-10-12,21455.64
2023-10-13,21150.61
2023-10-16,21206.95
2023-10-17,21229.63
2023-10-18,21037.24
2023-10-19,20902.49
2023-10-20,20584.94
2023-10-23,20688.38
2023-10-24,20818.78
2023-10-25,20883.47
2023-10-26,20804.6
2023-10-27,20521.99
2023-10-30,20611.65
2023-10-31,20794.62
2023-11-01,20936.49
2023-11-02,21323.24
2023-11-03,21283.39
2023-11-06,21181.42
2023-11-07,21098.37
2023-11-08,21243.11
2023-11-09,21483.2
2023-11-10,21275.96
2023-11-13,21404.25
2023-11-14,21709.48
2023-11-15,21781.77
2023-11-16,21657.28
2023-11-17,21855.19
2023-11-20,21894.53
2023-11-21,21841.73
2023-11-22,21936.23
2023-11-23,21988.18
2023-11-24,22040.26
2023-11-27,21957.7
2023-11-28,21911.29
2023-11-29,21964.22
2023-11-30,22094.57
2023-12-01,22201.47
2023-12-04,22186.13
2023-12-05,22351.84
2023-12-06,22500.09
2023-12-07,22477.51
2023-12-08,22774.13
2023-12-11,22850.19
2023-12-12,22826.02
2023-12-13,22788.72
2023-12-14,22923.77
2023-12-15,22987.48
2023-12-18,22902.62
2023-12-19,22920.2
2023-12-20,22946.72
2023-12-21,22910.31
2023-12-22,22902.51
2023-12-27,22911.57
2023-12-28,22800.66
2023-12-29,22824.9
2024-01-02,22812.05
2024-01-03,22451.58
2024-01-04,22569.01
2024-01-05,22478.34
2024-01-08,22567.84
2024-01-09,22496.28
2024-01-10,22494.64
2024-01-11,22378.16
2024-01-12,22612.96
2024-01-15,22455.47
2024-01-16,22414.03
2024-01-17,22173.74
2024-01-18,22424.17
2024-01-19,22334.16
2024-01-22,22460.23
2024-01-23,22383.85
2024-01-24,22588.66
2024-01-25,22614.6
2024-01-26,23129.47
2024-01-29,23149.68
2024-01-30,23260.74
2024-01-31,23197.96
2024-02-01,22991.94
2024-02-02,23002.59
2024-02-05,22995.62
2024-02-06,23144.08
2024-02-07,23060.14
2024-02-08,23224.88
2024-02-09,23170.01
2024-02-12,23298.11
2024-02-13,23104.18
2024-02-14,23261.85
2024-02-15,23462.04
2024-02-16,23537.06
2024-02-19,23538.19
2024-02-20,23618.99
2024-02-21,23670.1
2024-02-22,23971.6
2024-02-23,24138.52
2024-02-26,24026.83
2024-02-27,24083.11
2024-02-28,24101.25
2024-02-29,24019.57
2024-03-01,24039.99
2024-03-04,24107.4
2024-03-05,24035.9
2024-03-06,24102.33
2024-03-07,24288.6
2024-03-08,24324.34
2024-03-11,24299.23
2024-03-12,24504.52
2024-03-13,24656.32
2024-03-14,24728.56
2024-03-15,24737.44
2024-03-18,24688.77
2024-03-19,24849.08
2024-03-20,24753.37
2024-03-21,24808.9
2024-03-22,24724.6
2024-03-25,24723.62
2024-03-26,24824.16
2024-03-27,24885.02
2024-03-28,24888.03
2024-04-02,24658.27
2024-04-03,24728.56
2024-04-04,24723.48
2024-04-05,24449.77
2024-04-08,24625.67
2024-04-09,24412.97
2024-04-10,24401.45
2024-04-11,24335.84
2024-04-12,24296.68
2024-04-15,24400.63
2024-04-16,24073.54
2024-04-17,24221.94
2024-04-18,24348.65
2024-04-19,24346.05
2024-04-22,24449.11
2024-04-23,24697.24
2024-04-24,24654.85
2024-04-25,24425.69
2024-04-26,24664.94
2024-04-29,24594.54
2024-04-30,24407.51
2024-05-02,24241.76
2024-05-03,24391.26
2024-05-06,24527.75
2024-05-07,24770.18
2024-05-08,24951.28
2024-05-09,25123.86
2024-05-10,25220.5
2024-05-13,25247.46
2024-05-14,25302.2
2024-05-15,25345.85
2024-05-16,25189.04
2024-05-17,25124.46
2024-05-20,25234.51
2024-05-21,25142.7
2024-05-22,25008.43
2024-05-23,25040.0
2024-05-24,25017.27
2024-05-27,25144.26
2024-05-28,24960.94
2024-05-29,24603.2
2024-05-30,24738.02
2024-05-31,24790.06
2024-06-03,24806.05
2024-06-04,24630.16
2024-06-05,24846.24
2024-06-06,24950.34
2024-06-07,24831.43
2024-06-10,24513.7
2024-06-11,24188.33
2024-06-12,24422.77
2024-06-13,23936.22
2024-06-14,23300.38
2024-06-17,23512.48
2024-06-18,23690.2
2024-06-19,23534.93
2024-06-20,23849.38
2024-06-21,23716.41
2024-06-24,23960.63
2024-06-25,23821.98
2024-06-26,23656.73
2024-06-27,23412.92
2024-06-28,23253.34
2024-07-01,23517.99
2024-07-02,23446.94
2024-07-03,23739.5
2024-07-04,23937.66
2024-07-05,23874.94
2024-07-08,23725.1
2024-07-09,23355.62
2024-07-10,23557.46
2024-07-11,23724.12
2024-07-12,24026.43
2024-07-15,23741.46
2024-07-16,23577.62
2024-07-17,23555.44
2024-07-18,23604.41
2024-07-19,23442.52
2024-07-22,23714.77
2024-07-23,23642.0
2024-07-24,23377.83
2024-07-25,23108.04
2024-07-26,23390.14
2024-07-29,23160.39
2024-07-30,23257.14
2024-07-31,23433.09
2024-08-01,22932.05
2024-08-02,22562.89
2024-08-05,22243.01
2024-08-06,22184.03
2024-08-07,22607.09
2024-08-08,22549.33
2024-08-09,22618.62
2024-08-12,22559.37
2024-08-13,22637.78
2024-08-14,22816.63
2024-08-15,23096.69
2024-08-16,23178.62
2024-08-19,23341.38
2024-08-20,23290.72
2024-08-21,23412.04
2024-08-22,23410.13
2024-08-23,23574.83
2024-08-26,23616.28
2024-08-27,23539.8
2024-08-28,23576.77
2024-08-29,23773.67
2024-08-30,23742.54
2024-09-02,23790.68
2024-09-03,23568.79
2024-09-04,23338.15
2024-09-05,23123.41
2024-09-06,22875.57
2024-09-09,23102.56
2024-09-10,23047.49
2024-09-11,23014.13
2024-09-12,23133.1
2024-09-13,23227.01
2024-09-16,23177.82
2024-09-17,23295.97
2024-09-18,23163.7
2024-09-19,23694.2
2024-09-20,23335.94
2024-09-23,23360.98
2024-09-24,23659.45
2024-09-25,23564.81
2024-09-26,24114.47
2024-09-27,24269.26
2024-09-30,23783.25
2024-10-01,23591.12
2024-10-02,23602.1
2024-10-03,23291.21
2024-10-04,23489.27
2024-10-07,23597.21
2024-10-08,23426.83
2024-10-09,23547.6
2024-10-10,23489.96
2024-10-11,23603.03
2024-10-14,23678.33
2024-10-15,23436.54
2024-10-16,23343.15
2024-10-17,23628.95
2024-10-18,23720.3
2024-10-21,23480.96
2024-10-22,23477.43
2024-10-23,23360.24
2024-10-24,23378.29
2024-10-25,23360.43
2024-10-28,23545.5
2024-10-29,23402.7
2024-10-30,23144.86
2024-10-31,22901.87
2024-11-01,23084.89
2024-11-04,22968.37
2024-11-05,23078.77
2024-11-06,22961.82
2024-11-07,23136.26
2024-11-08,22865.42
2024-11-11,23141.64
2024-11-12,22518.76
2024-11-13,22487.11
2024-11-14,22783.05
2024-11-15,22651.63
2024-11-18,22678.45
2024-11-19,22527.04
2024-11-20,22429.84
2024-11-21,22476.18
2024-11-22,22606.09
2024-11-25,22620.33
2024-11-26,22424.09
2024-11-27,22263.65
2024-11-28,22376.53
2024-11-29,22550.65
2024-12-02,22575.18
2024-12-03,22641.94
2024-12-04,22791.31
2024-12-05,22876.36
2024-12-06,23177.03
2024-12-09,23343.21
2024-12-10,23076.85
2024-12-11,23166.17
2024-12-12,23158.49
2024-12-13,23122.99
2024-12-16,22959.94
2024-12-17,22986.85
2024-12-18,23045.9
2024-12-19,22764.25
2024-12-20,22702.16
2024-12-23,22695.42
2024-12-24,22727.81
2024-12-27,22954.6
2024-12-30,22824.12
2024-12-31,23033.78
2025-01-02,23099.26
2025-01-03,22750.78
2025-01-06,23261.48
2025-01-07,23397.89
2025-01-08,23282.52
2025-01-09,23400.78
2025-01-10,23215.72
2025-01-13,23145.74
2025-01-14,23194.73
2025-01-15,23353.85
2025-01-16,23854.23
2025-01-17,24088.57
2025-01-20,24162.78
2025-01-21,24279.81
2025-01-22,24487.41
2025-01-23,24659.93
2025-01-24,24769.3
2025-01-27,24703.56
2025-01-28,24674.79
2025-01-29,24597.02
2025-01-30,24813.09
2025-01-31,24839.76
2025-02-03,24542.17
2025-02-04,24703.0
2025-02-05,24657.02
2025-02-06,25019.25
2025-02-07,24911.17
2025-02-10,25014.87
2025-02-11,25085.75
2025-02-12,25127.26
2025-02-13,25508.21
2025-02-14,25553.27
2025-02-17,25587.91
2025-02-18,25642.35
2025-02-19,25342.35
2025-02-20,25379.95
2025-02-21,25479.74
2025-02-24,25281.25
2025-02-25,25156.52
2025-02-26,25446.63
2025-02-27,25317.29
2025-02-28,25345.74
2025-03-03,25620.95
2025-03-04,25146.67
2025-03-05,25539.85
2025-03-06,25614.57
2025-03-07,25374.38
2025-03-10,25145.68
2025-03-11,24815.45
2025-03-12,24962.46
2025-03-13,24803.88
2025-03-14,25085.31
2025-03-17,25228.11
2025-03-18,25354.94
2025-03-19,25532.73
2025-03-20,25291.3
2025-03-21,25131.15
2025-03-24,25067.45
2025-03-25,25336.99
2025-03-26,25118.39
2025-03-27,24991.51
2025-03-28,24759.95
2025-03-31,24367.82
2025-04-01,24635.72
2025-04-02,24580.89
2025-04-03,23768.12
2025-04-04,22754.63
2025-04-07,21666.67
2025-04-08,22208.72
2025-04-09,21466.18
2025-04-10,22288.8
2025-04-11,22222.43
2025-04-14,22748.9
2025-04-15,22943.72
2025-04-16,22926.71
2025-04-17,22788.75
2025-04-22,22979.25
2025-04-23,23468.19
2025-04-24,23558.25
2025-04-25,23700.92
2025-04-28,23819.9
2025-04-29,23763.64
2025-04-30,23883.15
2025-05-02,24438.6
2025-05-05,24418.42
2025-05-06,24320.42
2025-05-07,24116.66
2025-05-08,24342.59
2025-05-09,24498.6
2025-05-12,24911.21
2025-05-13,25018.03
2025-05-14,24900.33
2025-05-15,24954.82
2025-05-16,25060.37
2025-05-19,25149.81
2025-05-20,25349.04
2025-05-21,25261.07
2025-05-22,25113.99
2025-05-23,24698.74
2025-05-26,25029.29
2025-05-27,25039.92
2025-05-28,24916.15
2025-05-29,24897.5
2025-05-30,24815.5
2025-06-02,24772.15
2025-06-03,24869.33
2025-06-04,25000.11
2025-06-05,24953.97
2025-06-06,25000.75
2025-06-09,24971.98
2025-06-10,25017.49
2025-06-11,24926.35
2025-06-12,24891.76
2025-06-13,24633.93
2025-06-16,24818.45
2025-06-17,24630.89
2025-06-18,24542.37
2025-06-19,24240.72
2025-06-20,24356.91
2025-06-23,24190.45
2025-06-24,24442.12
2025-06-25,24256.55
2025-06-26,24253.82
2025-06-27,24684.62
2025-06-30,24602.35
2025-07-01,24607.73
2025-07-02,24851.25
2025-07-03,24903.06
2025-07-04,24715.9
2025-07-07,24803.25
2025-07-08,24942.12
2025-07-09,25301.0
2025-07-10,25377.4
2025-07-11,25143.09
2025-07-14,25075.26
2025-07-15,24940.49
2025-07-16,24798.81
2025-07-17,25119.68
2025-07-18,25121.83
2025-07-21,25043.29
2025-07-22,24870.51
2025-07-23,25217.75
2025-07-24,25114.47
2025-07-25,25166.82
2025-07-28,25058.57
2025-07-29,25240.0
2025-07-30,25254.76
2025-07-31,24965.69
2025-08-01,24240.33
2025-08-04,24516.1
2025-08-05,24480.89
2025-08-06,24525.82
2025-08-07,24764.47
2025-08-08,24872.66
2025-08-11,24729.76
2025-08-12,24906.11
2025-08-13,25071.72
2025-08-14,25281.7
2025-08-15,25452.31
2025-08-18,25325.75
2025-08-19,25630.99
2025-08-20,25611.58
2025-08-21,25499.96
2025-08-22,25600.83
2025-08-25,25193.99
2025-08-26,24766.04
2025-08-27,24875.63
2025-08-28,24935.6
2025-08-29,24747.05
2025-09-01,24759.88
2025-09-02,24587.55
2025-09-03,24797.82
2025-09-04,24731.03
2025-09-05,24653.49
2025-09-08,24846.44
2025-09-09,24893.16
2025-09-10,24931.49
2025-09-11,25131.31
2025-09-12,25136.81
2025-09-15,25367.1
2025-09-16,25114.28
2025-09-17,25013.91
2025-09-18,25231.17
2025-09-19,25227.89
2025-09-22,25153.15
2025-09-23,25287.79
2025-09-24,25144.63
2025-09-25,25041.74
2025-09-26,25323.34
2025-09-29,25356.11
2025-09-30,25404.61
2025-10-01,25658.11
2025-10-02,25946.92
2025-10-03,26027.15
2025-10-06,25673.66
2025-10-07,25689.71
2025-10-08,25964.43
2025-10-09,25903.99
2025-10-10,25506.59
2025-10-13,25558.97
2025-10-14,25519.71
2025-10-15,26026.86
2025-10-16,26386.44
2025-10-17,26340.06
2025-10-20,26442.75
2025-10-21,26612.88
2025-10-22,26445.34
2025-10-23,26506.29
2025-10-24,26505.79
2025-10-27,26549.44
2025-10-28,26476.62
2025-10-29,26426.02
2025-10-30,26285.57
2025-10-31,26168.86
2025-11-03,26132.5
2025-11-04,25996.34
2025-11-05,26017.91
2025-11-06,25665.22
2025-11-07,25618.18
2025-11-10,25957.62
2025-11-11,26282.17
2025-11-12,26557.55
2025-11-13,26529.34
2025-11-14,26328.27
2025-11-17,26163.7
2025-11-18,25676.81
2025-11-19,25631.15
2025-11-20,25719.15
2025-11-21,25724.22
2025-11-24,25656.98
2025-11-25,25870.15
2025-11-26,26097.83
2025-11-27,26107.62
2025-11-28,26182.52
2025-12-01,26099.67
2025-12-02,26055.98
2025-12-03,26097.29
2025-12-04,26209.0
2025-12-05,26185.46
2025-12-08,26165.09
2025-12-09,25984.65
2025-12-10,25888.42
2025-12-11,26091.93
2025-12-12,26036.63
2025-12-15,26218.88
2025-12-16,26158.48
2025-12-17,26093.59
2025-12-18,26302.01
2025-12-19,26304.41
2025-12-22,26206.58
2025-12-23,26151.04
2025-12-24,26150.16
2025-12-29,26177.37
2025-12-30,26358.52
2025-12-31,26323.56
2026-01-02,26471.19
2026-01-05,26523.82
2026-01-06,26607.57
2026-01-07,26596.25
2026-01-08,26627.07
2026-01-09,27010.24
2026-01-12,26999.48
2026-01-13,26963.47
2026-01-14,26911.06
2026-01-15,26853.39
2026-01-16,26678.39
2026-01-19,26203.79
2026-01-20,26044.09
2026-01-21,26065.39
2026-01-22,26322.88
2026-01-23,26304.02
2026-01-26,26265.59
2026-01-27,26335.59
2026-01-28,26057.32
2026-01-29,26072.46
2026-01-30,26250.66
2026-02-02,26427.17
2026-02-03,26421.77
2026-02-04,26688.79
2026-02-05,26611.27
2026-02-06,26726.52
2026-02-09,26886.22
2026-02-10,26901.07
2026-02-11,26853.78
2026-02-12,26942.81
2026-02-13,26849.7
2026-02-16,26867.38
2026-02-17,27012.63
2026-02-18,27230.93
2026-02-19,27133.21
2026-02-20,27510.22
2026-02-23,27451.06
2026-02-24,27522.27
2026-02-25,27651.02
2026-02-26,27850.88
2026-02-27,27721.07
2026-03-02,27118.77
2026-03-03,26180.34
2026-03-04,26386.75
2026-03-05,25992.86
2026-03-06,25823.85
2026-03-09,25571.45
2026-03-10,26030.19
2026-03-11,25979.95
2026-03-12,25794.62
2026-03-13,25559.08
2026-03-16,25638.02
2026-03-17,25762.48
2026-03-18,25747.6
2026-03-19,25224.18
2026-03-20,24764.64
2026-03-23,24961.05
2026-03-24,25018.3
2026-03-25,25349.87
2026-03-26,25100.36
2026-03-27,24882.73
2026-03-30,25110.5
2026-03-31,25279.47
2026-04-01,25810.89
2026-04-02,25749.85
2026-04-07,25576.36
2026-04-08,26724.82
2026-04-09,26666.39
2026-04-10,26711.0
2026-04-13,26634.61
2026-04-14,26931.74
2026-04-15,26759.4
2026-04-16,26721.04
2026-04-17,27246.31
2026-04-20,26942.07
2026-04-21,26697.29
2026-04-22,26440.24
2026-04-23,26670.06
2026-04-24,26444.78
2026-04-27,26393.22
2026-04-28,26304.88
2026-04-29,26226.27
2026-04-30,26400.92
2026-05-04,25970.82
2026-05-05,26340.42
2026-05-06,27115.08
2026-05-07,26797.09
2026-05-08,26510.81
2026-05-11,26439.89
2026-05-12,26189.78
2026-05-13,26281.84
2026-05-14,26525.69
2026-05-15,26108.0
2026-05-18,26298.77
2026-05-19,26279.91
2026-05-20,26731.8
2026-05-21,26628.3
2026-05-22,26726.28
2026-05-25,27199.16
2026-05-26,26978.54
2026-05-27,27096.02
2026-05-28,27033.22
2026-05-29,27024.2
2026-06-01,26916.97
2026-06-02,27132.71
2026-06-03,26938.79
2026-06-04,27249.04
2026-06-05,27162.95
2026-06-08,27115.6
2026-06-09,27129.31
2026-06-10,26991.72
2026-06-11,27132.12
2026-06-12,27628.63
2026-06-15,27738.28
2026-06-16,27947.58
2026-06-17,27893.05
2026-06-18,28016.09
2026-06-19,27861.11
2026-06-22,27792.3
2026-06-23,27595.75
2026-06-24,27743.93
2026-06-25,27896.5
2026-06-26,27741.86
2026-06-29,27683.82
2026-06-30,27831.03
2026-07-01,27623.6
2026-07-02,28079.4
2026-07-03,28189.42
2026-07-06,28096.0
2026-07-07,27951.43
2026-07-08,27343.19
2026-07-09,27588.23
2026-07-10,27629.16
2026-07-13,27714.22
2026-07-14,27721.52
2026-07-15,27773.16
2026-07-16,27758.0
2026-07-17,27628.63
2026-07-20,27632.94
2026-07-21,27709.24
