Nom,EURO STOXX 50® (Gross Return EUR)
ISIN,CH0102173264
Symbole,SX5GT
Source,https://stoxx.com/index/sx5gt/?factsheet=true
Date,Close
2000-12-31,1000.0
2001-01-02,985.3
2001-01-03,976.66
2001-01-04,995.99
2001-01-05,992.17
2001-01-08,987.28
2001-01-09,972.75
2001-01-10,963.65
2001-01-11,982.38
2001-01-12,993.09
2001-01-15,998.45
2001-01-16,983.84
2001-01-17,1003.46
2001-01-18,996.66
2001-01-19,989.33
2001-01-22,994.23
2001-01-23,994.34
2001-01-24,1000.49
2001-01-25,1001.76
2001-01-26,997.75
2001-01-29,997.1
2001-01-30,990.76
2001-01-31,1001.93
2001-02-01,987.2
2001-02-02,977.98
2001-02-05,978.69
2001-02-06,986.71
2001-02-07,971.53
2001-02-08,975.46
2001-02-09,960.91
2001-02-12,970.22
2001-02-13,970.53
2001-02-14,955.19
2001-02-15,966.0
2001-02-16,947.53
2001-02-19,946.77
2001-02-20,939.37
2001-02-21,924.97
2001-02-22,910.87
2001-02-23,888.6
2001-02-26,903.98
2001-02-27,908.84
2001-02-28,905.81
2001-03-01,898.27
2001-03-02,901.93
2001-03-05,911.79
2001-03-06,925.36
2001-03-07,925.68
2001-03-08,916.65
2001-03-09,909.03
2001-03-12,884.68
2001-03-13,877.55
2001-03-14,864.93
2001-03-15,880.89
2001-03-16,861.33
2001-03-19,856.87
2001-03-20,872.16
2001-03-21,853.03
2001-03-22,816.75
2001-03-23,840.07
2001-03-26,869.72
2001-03-27,887.76
2001-03-28,872.6
2001-03-29,874.32
2001-03-30,878.58
2001-04-02,879.8
2001-04-03,847.96
2001-04-04,852.78
2001-04-05,872.92
2001-04-06,870.36
2001-04-09,882.59
2001-04-10,904.14
2001-04-11,908.37
2001-04-12,911.37
2001-04-17,902.43
2001-04-18,933.55
2001-04-19,929.57
2001-04-20,921.8
2001-04-23,910.85
2001-04-24,919.45
2001-04-25,917.49
2001-04-26,926.38
2001-04-27,941.31
2001-04-30,952.67
2001-05-02,946.75
2001-05-03,927.27
2001-05-04,930.53
2001-05-07,935.66
2001-05-08,936.09
2001-05-09,930.92
2001-05-10,952.78
2001-05-11,945.14
2001-05-14,934.72
2001-05-15,940.44
2001-05-16,939.54
2001-05-17,951.26
2001-05-18,961.47
2001-05-21,965.1
2001-05-22,970.03
2001-05-23,960.42
2001-05-24,965.8
2001-05-25,952.64
2001-05-28,955.71
2001-05-29,949.51
2001-05-30,936.18
2001-05-31,939.13
2001-06-01,936.8
2001-06-04,940.56
2001-06-05,953.63
2001-06-06,948.46
2001-06-07,944.52
2001-06-08,945.07
2001-06-11,939.97
2001-06-12,911.11
2001-06-13,921.08
2001-06-14,909.82
2001-06-15,900.21
2001-06-18,886.53
2001-06-19,892.15
2001-06-20,887.99
2001-06-21,887.61
2001-06-22,892.05
2001-06-25,895.63
2001-06-26,881.16
2001-06-27,877.01
2001-06-28,886.64
2001-06-29,902.47
2001-07-02,915.53
2001-07-03,902.64
2001-07-04,896.43
2001-07-05,890.23
2001-07-06,867.04
2001-07-09,867.34
2001-07-10,857.92
2001-07-11,845.51
2001-07-12,853.45
2001-07-13,860.11
2001-07-16,853.6
2001-07-17,850.29
2001-07-18,832.26
2001-07-19,849.29
2001-07-20,840.01
2001-07-23,846.33
2001-07-24,836.31
2001-07-25,821.54
2001-07-26,833.25
2001-07-27,848.3
2001-07-30,861.33
2001-07-31,870.79
2001-08-01,870.97
2001-08-02,865.48
2001-08-03,857.32
2001-08-06,861.45
2001-08-07,861.11
2001-08-08,846.26
2001-08-09,827.53
2001-08-10,815.52
2001-08-13,825.46
2001-08-14,836.11
2001-08-15,829.74
2001-08-16,820.03
2001-08-17,801.23
2001-08-20,802.5
2001-08-21,807.77
2001-08-22,808.45
2001-08-23,813.44
2001-08-24,829.12
2001-08-27,829.81
2001-08-28,815.14
2001-08-29,817.11
2001-08-30,796.75
2001-08-31,798.21
2001-09-03,787.16
2001-09-04,796.76
2001-09-05,775.51
2001-09-06,756.98
2001-09-07,737.0
2001-09-10,733.61
2001-09-11,686.65
2001-09-12,695.29
2001-09-13,702.31
2001-09-14,659.11
2001-09-17,683.36
2001-09-18,680.16
2001-09-19,662.08
2001-09-20,632.83
2001-09-21,613.58
2001-09-24,654.18
2001-09-25,660.09
2001-09-26,672.86
2001-09-27,682.05
2001-09-28,702.93
2001-10-01,684.08
2001-10-02,696.23
2001-10-03,696.09
2001-10-04,723.83
2001-10-05,713.88
2001-10-08,715.03
2001-10-09,715.82
2001-10-10,739.65
2001-10-11,748.67
2001-10-12,746.13
2001-10-15,723.73
2001-10-16,736.87
2001-10-17,753.18
2001-10-18,737.43
2001-10-19,726.56
2001-10-22,742.2
2001-10-23,763.57
2001-10-24,769.79
2001-10-25,751.41
2001-10-26,770.27
2001-10-29,752.28
2001-10-30,728.22
2001-10-31,742.01
2001-11-01,748.48
2001-11-02,747.27
2001-11-05,769.43
2001-11-06,765.84
2001-11-07,775.1
2001-11-08,794.49
2001-11-09,782.08
2001-11-12,761.13
2001-11-13,793.22
2001-11-14,791.17
2001-11-15,790.21
2001-11-16,798.65
2001-11-19,809.81
2001-11-20,799.47
2001-11-21,795.8
2001-11-22,804.38
2001-11-23,804.79
2001-11-26,800.81
2001-11-27,785.35
2001-11-28,774.83
2001-11-29,774.32
2001-11-30,780.48
2001-12-03,777.78
2001-12-04,787.33
2001-12-05,815.39
2001-12-06,816.88
2001-12-07,809.22
2001-12-10,793.72
2001-12-11,798.92
2001-12-12,787.79
2001-12-13,769.63
2001-12-14,761.41
2001-12-17,787.89
2001-12-18,785.19
2001-12-19,779.07
2001-12-20,771.81
2001-12-21,788.66
2001-12-24,788.77
2001-12-27,806.14
2001-12-28,812.06
2002-01-02,801.39
2002-01-03,817.94
2002-01-04,815.23
2002-01-07,801.15
2002-01-08,794.66
2002-01-09,794.44
2002-01-10,782.48
2002-01-11,789.03
2002-01-14,765.95
2002-01-15,776.34
2002-01-16,763.41
2002-01-17,778.95
2002-01-18,777.16
2002-01-21,769.19
2002-01-22,771.89
2002-01-23,779.19
2002-01-24,792.29
2002-01-25,790.4
2002-01-28,797.29
2002-01-29,786.85
2002-01-30,775.33
2002-01-31,783.94
2002-02-01,786.59
2002-02-04,773.04
2002-02-05,755.19
2002-02-06,744.45
2002-02-07,751.83
2002-02-08,749.16
2002-02-11,759.55
2002-02-12,756.81
2002-02-13,762.85
2002-02-14,772.38
2002-02-15,759.35
2002-02-18,755.58
2002-02-19,736.67
2002-02-20,733.28
2002-02-21,743.42
2002-02-22,732.66
2002-02-25,746.14
2002-02-26,751.8
2002-02-27,767.06
2002-02-28,774.21
2002-03-01,778.61
2002-03-04,800.66
2002-03-05,797.14
2002-03-06,800.68
2002-03-07,804.56
2002-03-08,809.49
2002-03-11,804.58
2002-03-12,795.4
2002-03-13,790.91
2002-03-14,792.73
2002-03-15,802.2
2002-03-18,807.1
2002-03-19,810.85
2002-03-20,800.38
2002-03-21,795.13
2002-03-22,800.34
2002-03-25,793.37
2002-03-26,797.86
2002-03-27,798.33
2002-03-28,808.82
2002-04-02,800.46
2002-04-03,801.42
2002-04-04,789.16
2002-04-05,786.3
2002-04-08,770.69
2002-04-09,774.6
2002-04-10,782.8
2002-04-11,768.82
2002-04-12,772.75
2002-04-15,780.98
2002-04-16,800.8
2002-04-17,801.74
2002-04-18,792.79
2002-04-19,794.05
2002-04-22,785.34
2002-04-23,783.73
2002-04-24,776.85
2002-04-25,766.24
2002-04-26,763.39
2002-04-29,759.03
2002-04-30,766.78
2002-05-02,760.72
2002-05-03,750.69
2002-05-06,747.29
2002-05-07,741.83
2002-05-08,760.6
2002-05-09,757.58
2002-05-10,744.85
2002-05-13,755.18
2002-05-14,769.47
2002-05-15,773.8
2002-05-16,770.2
2002-05-17,767.29
2002-05-20,760.53
2002-05-21,759.21
2002-05-22,747.57
2002-05-23,749.81
2002-05-24,751.97
2002-05-27,757.13
2002-05-28,750.96
2002-05-29,749.66
2002-05-30,733.65
2002-05-31,742.2
2002-06-03,732.95
2002-06-04,706.88
2002-06-05,708.57
2002-06-06,710.68
2002-06-07,696.38
2002-06-10,695.26
2002-06-11,708.26
2002-06-12,689.1
2002-06-13,681.68
2002-06-14,662.65
2002-06-17,692.7
2002-06-18,691.67
2002-06-19,677.37
2002-06-20,663.29
2002-06-21,658.7
2002-06-24,636.73
2002-06-25,654.03
2002-06-26,641.16
2002-06-27,652.83
2002-06-28,681.23
2002-07-01,681.44
2002-07-02,652.67
2002-07-03,637.39
2002-07-04,655.85
2002-07-05,688.86
2002-07-08,686.77
2002-07-09,677.59
2002-07-10,649.38
2002-07-11,627.71
2002-07-12,628.23
2002-07-15,589.69
2002-07-16,590.67
2002-07-17,613.72
2002-07-18,620.42
2002-07-19,586.75
2002-07-22,553.99
2002-07-23,535.18
2002-07-24,530.77
2002-07-25,547.51
2002-07-26,552.24
2002-07-29,592.75
2002-07-30,585.98
2002-07-31,584.65
2002-08-01,556.96
2002-08-02,555.31
2002-08-05,533.55
2002-08-06,565.14
2002-08-07,559.16
2002-08-08,588.24
2002-08-09,599.86
2002-08-12,582.69
2002-08-13,588.85
2002-08-14,565.23
2002-08-15,584.21
2002-08-16,592.11
2002-08-19,616.43
2002-08-20,604.65
2002-08-21,611.53
2002-08-22,626.6
2002-08-23,615.48
2002-08-26,604.96
2002-08-27,625.13
2002-08-28,595.95
2002-08-29,582.25
2002-08-30,591.54
2002-09-02,576.23
2002-09-03,547.91
2002-09-04,553.27
2002-09-05,548.36
2002-09-06,571.65
2002-09-09,559.99
2002-09-10,576.37
2002-09-11,594.56
2002-09-12,565.53
2002-09-13,552.57
2002-09-16,549.4
2002-09-17,544.4
2002-09-18,520.23
2002-09-19,508.35
2002-09-20,503.93
2002-09-23,484.16
2002-09-24,477.55
2002-09-25,488.66
2002-09-26,518.12
2002-09-27,511.61
2002-09-30,481.3
2002-10-01,494.87
2002-10-02,515.65
2002-10-03,503.31
2002-10-04,485.74
2002-10-07,482.0
2002-10-08,473.91
2002-10-09,469.48
2002-10-10,488.03
2002-10-11,513.63
2002-10-14,506.35
2002-10-15,542.74
2002-10-16,533.95
2002-10-17,553.95
2002-10-18,551.97
2002-10-21,556.88
2002-10-22,547.63
2002-10-23,524.1
2002-10-24,539.36
2002-10-25,536.58
2002-10-28,547.85
2002-10-29,520.55
2002-10-30,539.18
2002-10-31,550.29
2002-11-01,543.44
2002-11-04,566.52
2002-11-05,571.24
2002-11-06,563.42
2002-11-07,543.2
2002-11-08,535.47
2002-11-11,532.04
2002-11-12,536.31
2002-11-13,532.24
2002-11-14,551.92
2002-11-15,554.11
2002-11-18,562.18
2002-11-19,557.33
2002-11-20,556.0
2002-11-21,577.79
2002-11-22,578.67
2002-11-25,576.48
2002-11-26,560.39
2002-11-27,580.12
2002-11-28,583.42
2002-11-29,580.58
2002-12-02,581.81
2002-12-03,564.99
2002-12-04,563.15
2002-12-05,552.26
2002-12-06,553.24
2002-12-09,537.36
2002-12-10,543.47
2002-12-11,549.67
2002-12-12,540.07
2002-12-13,530.9
2002-12-16,551.61
2002-12-17,544.74
2002-12-18,530.89
2002-12-19,526.25
2002-12-20,533.44
2002-12-23,537.28
2002-12-27,517.26
2002-12-30,521.95
2003-01-02,551.78
2003-01-03,547.4
2003-01-06,553.45
2003-01-07,547.99
2003-01-08,535.93
2003-01-09,545.21
2003-01-10,544.64
2003-01-13,546.53
2003-01-14,549.11
2003-01-15,542.61
2003-01-16,541.55
2003-01-17,523.06
2003-01-20,514.84
2003-01-21,509.18
2003-01-22,498.58
2003-01-23,496.57
2003-01-24,489.4
2003-01-27,471.87
2003-01-28,473.03
2003-01-29,479.43
2003-01-30,490.2
2003-01-31,492.38
2003-02-03,497.49
2003-02-04,478.56
2003-02-05,487.57
2003-02-06,475.39
2003-02-07,467.44
2003-02-10,465.72
2003-02-11,479.86
2003-02-12,468.1
2003-02-13,465.28
2003-02-14,481.98
2003-02-17,490.82
2003-02-18,499.7
2003-02-19,483.78
2003-02-20,476.24
2003-02-21,483.8
2003-02-24,473.36
2003-02-25,455.99
2003-02-26,451.09
2003-02-27,461.05
2003-02-28,469.01
2003-03-03,469.37
2003-03-04,458.56
2003-03-05,455.83
2003-03-06,447.67
2003-03-07,436.52
2003-03-10,424.24
2003-03-11,423.79
2003-03-12,405.23
2003-03-13,432.68
2003-03-14,455.64
2003-03-17,472.79
2003-03-18,471.88
2003-03-19,479.18
2003-03-20,472.55
2003-03-21,492.75
2003-03-24,465.51
2003-03-25,478.7
2003-03-26,476.0
2003-03-27,467.2
2003-03-28,467.93
2003-03-31,447.02
2003-04-01,453.69
2003-04-02,474.1
2003-04-03,479.09
2003-04-04,487.91
2003-04-07,507.97
2003-04-08,500.88
2003-04-09,500.28
2003-04-10,488.39
2003-04-11,493.9
2003-04-14,499.72
2003-04-15,509.34
2003-04-16,504.34
2003-04-17,511.34
2003-04-22,515.84
2003-04-23,520.77
2003-04-24,509.96
2003-04-25,501.49
2003-04-28,517.69
2003-04-29,512.89
2003-04-30,513.52
2003-05-01,513.52
2003-05-02,514.19
2003-05-05,520.78
2003-05-06,529.34
2003-05-07,522.68
2003-05-08,507.18
2003-05-09,513.44
2003-05-12,514.3
2003-05-13,513.17
2003-05-14,512.51
2003-05-15,520.07
2003-05-16,522.64
2003-05-19,500.74
2003-05-20,500.97
2003-05-21,496.74
2003-05-22,503.99
2003-05-23,500.56
2003-05-26,499.58
2003-05-27,503.5
2003-05-28,514.7
2003-05-29,515.49
2003-05-30,519.78
2003-06-02,531.09
2003-06-03,528.17
2003-06-04,534.53
2003-06-05,528.05
2003-06-06,540.58
2003-06-09,533.14
2003-06-10,538.05
2003-06-11,547.74
2003-06-12,554.42
2003-06-13,545.57
2003-06-16,557.18
2003-06-17,560.25
2003-06-18,565.05
2003-06-19,557.12
2003-06-20,562.34
2003-06-23,547.86
2003-06-24,547.01
2003-06-25,548.57
2003-06-26,548.37
2003-06-27,548.51
2003-06-30,540.92
2003-07-01,529.32
2003-07-02,541.29
2003-07-03,541.91
2003-07-04,538.89
2003-07-07,556.31
2003-07-08,557.59
2003-07-09,553.53
2003-07-10,546.8
2003-07-11,554.2
2003-07-14,563.54
2003-07-15,560.39
2003-07-16,556.95
2003-07-17,548.32
2003-07-18,550.25
2003-07-21,541.69
2003-07-22,545.51
2003-07-23,543.76
2003-07-24,555.36
2003-07-25,547.39
2003-07-28,557.39
2003-07-29,553.72
2003-07-30,556.75
2003-07-31,564.79
2003-08-01,555.97
2003-08-04,550.72
2003-08-05,556.44
2003-08-06,546.48
2003-08-07,546.19
2003-08-08,551.89
2003-08-11,556.26
2003-08-12,560.19
2003-08-13,560.45
2003-08-14,570.84
2003-08-15,571.92
2003-08-18,577.95
2003-08-19,579.12
2003-08-20,575.4
2003-08-21,580.18
2003-08-22,582.34
2003-08-25,575.94
2003-08-26,569.67
2003-08-27,574.98
2003-08-28,578.4
2003-08-29,574.07
2003-09-01,583.99
2003-09-02,583.74
2003-09-03,593.12
2003-09-04,592.5
2003-09-05,587.11
2003-09-08,591.78
2003-09-09,584.7
2003-09-10,576.05
2003-09-11,577.67
2003-09-12,571.84
2003-09-15,573.83
2003-09-16,580.48
2003-09-17,580.83
2003-09-18,585.71
2003-09-19,579.85
2003-09-22,564.5
2003-09-23,559.77
2003-09-24,556.25
2003-09-25,553.51
2003-09-26,549.64
2003-09-29,547.89
2003-09-30,537.95
2003-10-01,547.69
2003-10-02,546.66
2003-10-03,565.03
2003-10-06,560.68
2003-10-07,556.08
2003-10-08,555.47
2003-10-09,568.38
2003-10-10,565.6
2003-10-13,575.7
2003-10-14,573.23
2003-10-15,577.8
2003-10-16,574.74
2003-10-17,573.18
2003-10-20,573.48
2003-10-21,575.27
2003-10-22,564.0
2003-10-23,559.3
2003-10-24,557.84
2003-10-27,564.53
2003-10-28,571.35
2003-10-29,574.38
2003-10-30,577.98
2003-10-31,578.77
2003-11-03,591.67
2003-11-04,590.69
2003-11-05,586.78
2003-11-06,590.55
2003-11-07,597.5
2003-11-10,591.99
2003-11-11,588.8
2003-11-12,590.65
2003-11-13,592.82
2003-11-14,597.35
2003-11-17,581.42
2003-11-18,580.96
2003-11-19,578.85
2003-11-20,577.52
2003-11-21,579.66
2003-11-24,591.8
2003-11-25,590.24
2003-11-26,588.95
2003-11-27,592.62
2003-11-28,591.4
2003-12-01,601.33
2003-12-02,599.61
2003-12-03,605.69
2003-12-04,605.59
2003-12-05,600.78
2003-12-08,596.14
2003-12-09,600.91
2003-12-10,598.24
2003-12-11,603.63
2003-12-12,603.78
2003-12-15,606.79
2003-12-16,606.42
2003-12-17,605.33
2003-12-18,610.38
2003-12-19,612.75
2003-12-22,610.24
2003-12-23,611.92
2003-12-24,612.71
2003-12-29,617.01
2003-12-30,618.33
2003-12-31,620.71
2004-01-02,629.22
2004-01-05,631.58
2004-01-06,631.1
2004-01-07,625.84
2004-01-08,634.57
2004-01-09,629.81
2004-01-12,628.52
2004-01-13,630.34
2004-01-14,636.52
2004-01-15,639.16
2004-01-16,644.82
2004-01-19,647.97
2004-01-20,643.39
2004-01-21,646.6
2004-01-22,650.65
2004-01-23,651.22
2004-01-26,647.15
2004-01-27,649.36
2004-01-28,652.18
2004-01-29,643.91
2004-01-30,639.2
2004-02-02,642.69
2004-02-03,639.84
2004-02-04,635.04
2004-02-05,634.23
2004-02-06,638.13
2004-02-09,646.54
2004-02-10,648.78
2004-02-11,651.0
2004-02-12,652.23
2004-02-13,644.26
2004-02-16,647.98
2004-02-17,652.03
2004-02-18,652.53
2004-02-19,660.49
2004-02-20,654.05
2004-02-23,654.75
2004-02-24,645.42
2004-02-25,646.87
2004-02-26,649.37
2004-02-27,651.54
2004-03-01,657.25
2004-03-02,663.57
2004-03-03,659.11
2004-03-04,664.92
2004-03-05,663.35
2004-03-08,666.52
2004-03-09,658.26
2004-03-10,658.18
2004-03-11,638.21
2004-03-12,638.22
2004-03-15,620.67
2004-03-16,624.51
2004-03-17,635.46
2004-03-18,621.92
2004-03-19,623.76
2004-03-22,610.76
2004-03-23,611.11
2004-03-24,608.49
2004-03-25,619.84
2004-03-26,623.25
2004-03-29,630.9
2004-03-30,629.53
2004-03-31,628.61
2004-04-01,635.87
2004-04-02,650.61
2004-04-05,655.3
2004-04-06,646.09
2004-04-07,643.11
2004-04-08,645.27
2004-04-13,652.44
2004-04-14,644.92
2004-04-15,644.45
2004-04-16,647.49
2004-04-19,645.75
2004-04-20,650.17
2004-04-21,644.9
2004-04-22,649.91
2004-04-23,653.74
2004-04-26,652.99
2004-04-27,652.71
2004-04-28,641.81
2004-04-29,635.94
2004-04-30,632.2
2004-05-03,637.74
2004-05-04,636.21
2004-05-05,641.74
2004-05-06,628.87
2004-05-07,626.85
2004-05-10,610.5
2004-05-11,618.86
2004-05-12,609.54
2004-05-13,616.91
2004-05-14,613.73
2004-05-17,605.74
2004-05-18,610.01
2004-05-19,622.34
2004-05-20,617.56
2004-05-21,615.03
2004-05-24,622.25
2004-05-25,618.42
2004-05-26,625.35
2004-05-27,630.59
2004-05-28,627.62
2004-05-31,630.55
2004-06-01,622.39
2004-06-02,626.26
2004-06-03,628.17
2004-06-04,635.32
2004-06-07,642.65
2004-06-08,642.78
2004-06-09,639.8
2004-06-10,642.74
2004-06-11,642.58
2004-06-14,633.9
2004-06-15,640.23
2004-06-16,645.17
2004-06-17,645.17
2004-06-18,648.59
2004-06-21,648.61
2004-06-22,640.75
2004-06-23,643.33
2004-06-24,650.13
2004-06-25,649.32
2004-06-28,654.2
2004-06-29,651.56
2004-06-30,647.53
2004-07-01,646.92
2004-07-02,641.71
2004-07-05,641.92
2004-07-06,637.31
2004-07-07,637.17
2004-07-08,640.07
2004-07-09,639.93
2004-07-12,636.36
2004-07-13,637.07
2004-07-14,635.13
2004-07-15,626.11
2004-07-16,625.56
2004-07-19,621.97
2004-07-20,624.38
2004-07-21,629.17
2004-07-22,617.99
2004-07-23,616.38
2004-07-26,608.81
2004-07-27,615.7
2004-07-28,614.66
2004-07-29,626.56
2004-07-30,627.86
2004-08-02,622.55
2004-08-03,626.68
2004-08-04,620.17
2004-08-05,621.32
2004-08-06,605.43
2004-08-09,600.31
2004-08-10,605.6
2004-08-11,599.83
2004-08-12,598.52
2004-08-13,596.5
2004-08-16,602.34
2004-08-17,605.24
2004-08-18,607.58
2004-08-19,608.35
2004-08-20,607.02
2004-08-23,615.66
2004-08-24,614.92
2004-08-25,616.2
2004-08-26,621.75
2004-08-27,625.42
2004-08-30,623.69
2004-08-31,617.62
2004-09-01,622.44
2004-09-02,626.95
2004-09-03,633.49
2004-09-06,635.56
2004-09-07,636.38
2004-09-08,635.23
2004-09-09,631.48
2004-09-10,634.98
2004-09-13,643.07
2004-09-14,640.94
2004-09-15,639.11
2004-09-16,639.6
2004-09-17,644.87
2004-09-20,641.97
2004-09-21,645.34
2004-09-22,638.17
2004-09-23,632.57
2004-09-24,633.64
2004-09-27,630.18
2004-09-28,632.16
2004-09-29,635.09
2004-09-30,630.48
2004-10-01,646.61
2004-10-04,652.94
2004-10-05,654.48
2004-10-06,654.89
2004-10-07,655.52
2004-10-08,651.31
2004-10-11,650.89
2004-10-12,644.91
2004-10-13,645.88
2004-10-14,642.13
2004-10-15,641.51
2004-10-18,640.41
2004-10-19,647.95
2004-10-20,640.56
2004-10-21,644.55
2004-10-22,645.1
2004-10-25,632.49
2004-10-26,633.65
2004-10-27,644.7
2004-10-28,652.12
2004-10-29,650.55
2004-11-01,655.71
2004-11-02,660.78
2004-11-03,662.05
2004-11-04,661.78
2004-11-05,665.32
2004-11-08,664.79
2004-11-09,663.04
2004-11-10,664.83
2004-11-11,672.06
2004-11-12,672.88
2004-11-15,670.73
2004-11-16,666.3
2004-11-17,676.3
2004-11-18,675.14
2004-11-19,669.55
2004-11-22,666.43
2004-11-23,665.8
2004-11-24,666.46
2004-11-25,672.79
2004-11-26,671.58
2004-11-29,669.77
2004-11-30,666.35
2004-12-01,674.88
2004-12-02,678.04
2004-12-03,674.53
2004-12-06,672.89
2004-12-07,676.12
2004-12-08,674.73
2004-12-09,669.07
2004-12-10,672.77
2004-12-13,678.44
2004-12-14,679.75
2004-12-15,676.93
2004-12-16,678.81
2004-12-17,669.97
2004-12-20,673.39
2004-12-21,674.91
2004-12-22,680.69
2004-12-23,683.74
2004-12-24,683.79
2004-12-27,682.17
2004-12-28,684.71
2004-12-29,684.26
2004-12-30,683.81
2004-12-31,683.76
2005-01-03,688.4
2005-01-04,688.65
2005-01-05,683.11
2005-01-06,687.52
2005-01-07,690.67
2005-01-10,690.21
2005-01-11,683.85
2005-01-12,677.98
2005-01-13,680.84
2005-01-14,683.6
2005-01-17,687.04
2005-01-18,686.89
2005-01-19,686.31
2005-01-20,681.16
2005-01-21,681.89
2005-01-24,681.19
2005-01-25,686.01
2005-01-26,685.5
2005-01-27,688.84
2005-01-28,685.84
2005-01-31,692.5
2005-02-01,698.36
2005-02-02,701.49
2005-02-03,698.72
2005-02-04,705.9
2005-02-07,709.35
2005-02-08,710.26
2005-02-09,707.58
2005-02-10,707.5
2005-02-11,715.89
2005-02-14,714.88
2005-02-15,717.48
2005-02-16,713.21
2005-02-17,712.92
2005-02-18,714.02
2005-02-21,712.06
2005-02-22,707.79
2005-02-23,703.8
2005-02-24,703.04
2005-02-25,711.85
2005-02-28,710.83
2005-03-01,715.5
2005-03-02,716.5
2005-03-03,715.43
2005-03-04,722.11
2005-03-07,723.89
2005-03-08,719.9
2005-03-09,716.33
2005-03-10,709.75
2005-03-11,711.3
2005-03-14,711.39
2005-03-15,716.73
2005-03-16,704.74
2005-03-17,706.52
2005-03-18,709.72
2005-03-21,706.14
2005-03-22,709.0
2005-03-23,705.84
2005-03-24,711.37
2005-03-29,713.39
2005-03-30,710.35
2005-03-31,710.22
2005-04-01,711.71
2005-04-04,707.31
2005-04-05,712.4
2005-04-06,715.23
2005-04-07,719.16
2005-04-08,719.43
2005-04-11,717.71
2005-04-12,714.12
2005-04-13,717.7
2005-04-14,716.48
2005-04-15,702.45
2005-04-18,687.66
2005-04-19,689.89
2005-04-20,686.85
2005-04-21,688.25
2005-04-22,694.58
2005-04-25,697.2
2005-04-26,696.31
2005-04-27,687.55
2005-04-28,686.47
2005-04-29,687.31
2005-05-02,692.57
2005-05-03,695.74
2005-05-04,700.37
2005-05-05,706.16
2005-05-06,709.63
2005-05-09,706.77
2005-05-10,701.21
2005-05-11,698.28
2005-05-12,703.92
2005-05-13,704.83
2005-05-16,703.65
2005-05-17,702.96
2005-05-18,715.4
2005-05-19,719.47
2005-05-20,719.16
2005-05-23,724.9
2005-05-24,724.67
2005-05-25,723.09
2005-05-26,729.29
2005-05-27,729.49
2005-05-30,733.89
2005-05-31,729.19
2005-06-01,741.03
2005-06-02,742.25
2005-06-03,738.59
2005-06-06,735.02
2005-06-07,744.03
2005-06-08,741.84
2005-06-09,741.2
2005-06-10,746.17
2005-06-13,749.96
2005-06-14,750.68
2005-06-15,747.05
2005-06-16,750.02
2005-06-17,754.39
2005-06-20,752.14
2005-06-21,756.3
2005-06-22,756.89
2005-06-23,759.16
2005-06-24,752.07
2005-06-27,745.29
2005-06-28,752.31
2005-06-29,756.25
2005-06-30,756.96
2005-07-01,763.75
2005-07-04,765.42
2005-07-05,763.7
2005-07-06,767.56
2005-07-07,754.69
2005-07-08,767.67
2005-07-11,773.04
2005-07-12,770.64
2005-07-13,776.44
2005-07-14,780.37
2005-07-15,780.73
2005-07-18,780.21
2005-07-19,789.15
2005-07-20,786.73
2005-07-21,785.78
2005-07-22,784.12
2005-07-25,785.39
2005-07-26,786.51
2005-07-27,788.39
2005-07-28,793.67
2005-07-29,792.12
2005-08-01,790.95
2005-08-02,798.42
2005-08-03,796.92
2005-08-04,789.05
2005-08-05,781.87
2005-08-08,784.71
2005-08-09,793.98
2005-08-10,803.5
2005-08-11,799.53
2005-08-12,795.27
2005-08-15,793.55
2005-08-16,789.04
2005-08-17,786.84
2005-08-18,783.42
2005-08-19,793.99
2005-08-22,794.53
2005-08-23,787.1
2005-08-24,785.9
2005-08-25,777.37
2005-08-26,769.48
2005-08-29,773.27
2005-08-30,771.87
2005-08-31,778.96
2005-09-01,783.37
2005-09-02,781.49
2005-09-05,788.33
2005-09-06,797.58
2005-09-07,799.4
2005-09-08,798.73
2005-09-09,801.84
2005-09-12,800.64
2005-09-13,793.7
2005-09-14,796.91
2005-09-15,796.91
2005-09-16,803.49
2005-09-19,801.03
2005-09-20,805.69
2005-09-21,793.99
2005-09-22,790.53
2005-09-23,795.13
2005-09-26,811.69
2005-09-27,807.71
2005-09-28,818.49
2005-09-29,814.51
2005-09-30,818.27
2005-10-03,823.24
2005-10-04,826.8
2005-10-05,815.96
2005-10-06,807.68
2005-10-07,805.29
2005-10-10,807.16
2005-10-11,808.66
2005-10-12,802.07
2005-10-13,795.28
2005-10-14,799.62
2005-10-17,801.34
2005-10-18,796.09
2005-10-19,782.91
2005-10-20,784.15
2005-10-21,780.87
2005-10-24,790.76
2005-10-25,786.55
2005-10-26,789.36
2005-10-27,774.27
2005-10-28,775.43
2005-10-31,793.15
2005-11-01,791.59
2005-11-02,793.54
2005-11-03,803.34
2005-11-04,802.0
2005-11-07,803.81
2005-11-08,803.55
2005-11-09,802.12
2005-11-10,803.38
2005-11-11,814.18
2005-11-14,815.61
2005-11-15,816.03
2005-11-16,810.68
2005-11-17,813.68
2005-11-18,819.19
2005-11-21,824.64
2005-11-22,824.76
2005-11-23,829.77
2005-11-24,827.66
2005-11-25,829.32
2005-11-28,826.21
2005-11-29,828.74
2005-11-30,824.77
2005-12-01,837.8
2005-12-02,842.17
2005-12-05,837.32
2005-12-06,841.49
2005-12-07,838.74
2005-12-08,839.95
2005-12-09,837.65
2005-12-12,840.83
2005-12-13,844.24
2005-12-14,842.04
2005-12-15,842.8
2005-12-16,851.04
2005-12-19,849.69
2005-12-20,852.09
2005-12-21,859.46
2005-12-22,859.24
2005-12-23,861.26
2005-12-27,864.31
2005-12-28,862.62
2005-12-29,865.3
2005-12-30,856.35
2006-01-02,862.7
2006-01-03,865.1
2006-01-04,874.22
2006-01-05,873.69
2006-01-06,877.7
2006-01-09,878.85
2006-01-10,872.6
2006-01-11,878.27
2006-01-12,878.79
2006-01-13,868.98
2006-01-16,872.61
2006-01-17,864.39
2006-01-18,854.84
2006-01-19,860.36
2006-01-20,850.2
2006-01-23,848.65
2006-01-24,845.86
2006-01-25,856.71
2006-01-26,871.9
2006-01-27,882.98
2006-01-30,881.08
2006-01-31,884.4
2006-02-01,893.53
2006-02-02,881.24
2006-02-03,881.58
2006-02-06,882.5
2006-02-07,882.13
2006-02-08,879.88
2006-02-09,893.16
2006-02-10,885.69
2006-02-13,893.32
2006-02-14,895.0
2006-02-15,893.88
2006-02-16,900.27
2006-02-17,902.96
2006-02-20,902.73
2006-02-21,905.79
2006-02-22,915.13
2006-02-23,913.89
2006-02-24,916.93
2006-02-27,920.42
2006-02-28,904.59
2006-03-01,912.33
2006-03-02,902.19
2006-03-03,895.05
2006-03-06,899.88
2006-03-07,897.75
2006-03-08,893.62
2006-03-09,900.75
2006-03-10,910.52
2006-03-13,916.87
2006-03-14,918.91
2006-03-15,920.99
2006-03-16,920.4
2006-03-17,918.66
2006-03-20,920.98
2006-03-21,922.43
2006-03-22,927.3
2006-03-23,925.3
2006-03-24,927.88
2006-03-27,917.58
2006-03-28,913.58
2006-03-29,917.19
2006-03-30,928.77
2006-03-31,924.72
2006-04-03,930.7
2006-04-04,923.85
2006-04-05,927.17
2006-04-06,926.54
2006-04-07,917.37
2006-04-10,922.57
2006-04-11,909.44
2006-04-12,906.59
2006-04-13,907.97
2006-04-18,906.16
2006-04-19,918.22
2006-04-20,927.91
2006-04-21,934.75
2006-04-24,929.17
2006-04-25,931.29
2006-04-26,935.12
2006-04-27,930.52
2006-04-28,924.38
2006-05-01,924.38
2006-05-02,931.19
2006-05-03,921.48
2006-05-04,928.41
2006-05-05,937.46
2006-05-08,938.8
2006-05-09,942.04
2006-05-10,937.05
2006-05-11,930.82
2006-05-12,910.78
2006-05-15,901.46
2006-05-16,906.33
2006-05-17,875.92
2006-05-18,877.03
2006-05-19,881.63
2006-05-22,862.48
2006-05-23,882.1
2006-05-24,871.03
2006-05-25,885.68
2006-05-26,901.47
2006-05-29,896.85
2006-05-30,875.24
2006-05-31,887.61
2006-06-01,890.33
2006-06-02,888.55
2006-06-05,880.6
2006-06-06,863.08
2006-06-07,871.98
2006-06-08,847.7
2006-06-09,862.06
2006-06-12,852.21
2006-06-13,834.4
2006-06-14,835.91
2006-06-15,855.26
2006-06-16,847.99
2006-06-19,856.2
2006-06-20,862.23
2006-06-21,865.19
2006-06-22,869.83
2006-06-23,871.13
2006-06-26,867.37
2006-06-27,860.52
2006-06-28,860.3
2006-06-29,879.09
2006-06-30,895.36
2006-07-03,899.3
2006-07-04,901.23
2006-07-05,888.57
2006-07-06,899.31
2006-07-07,896.6
2006-07-10,900.54
2006-07-11,888.58
2006-07-12,891.7
2006-07-13,875.01
2006-07-14,861.67
2006-07-17,859.31
2006-07-18,857.71
2006-07-19,880.68
2006-07-20,881.66
2006-07-21,873.67
2006-07-24,892.3
2006-07-25,891.94
2006-07-26,894.22
2006-07-27,904.24
2006-07-28,911.37
2006-07-31,906.77
2006-08-01,895.0
2006-08-02,908.7
2006-08-03,901.71
2006-08-04,914.04
2006-08-07,899.34
2006-08-08,901.76
2006-08-09,911.48
2006-08-10,903.67
2006-08-11,904.5
2006-08-14,915.5
2006-08-15,927.14
2006-08-16,933.22
2006-08-17,935.44
2006-08-18,933.3
2006-08-21,929.82
2006-08-22,933.58
2006-08-23,925.32
2006-08-24,930.95
2006-08-25,930.78
2006-08-28,937.53
2006-08-29,937.09
2006-08-30,939.81
2006-08-31,937.56
2006-09-01,940.56
2006-09-04,944.67
2006-09-05,939.79
2006-09-06,928.57
2006-09-07,920.57
2006-09-08,923.13
2006-09-11,921.26
2006-09-12,932.81
2006-09-13,936.89
2006-09-14,934.69
2006-09-15,938.51
2006-09-18,937.61
2006-09-19,930.65
2006-09-20,945.7
2006-09-21,949.59
2006-09-22,938.66
2006-09-25,940.97
2006-09-26,953.48
2006-09-27,959.2
2006-09-28,958.91
2006-09-29,960.0
2006-10-02,958.29
2006-10-03,955.26
2006-10-04,963.77
2006-10-05,969.96
2006-10-06,970.07
2006-10-09,969.87
2006-10-10,975.3
2006-10-11,976.95
2006-10-12,984.96
2006-10-13,984.76
2006-10-16,985.47
2006-10-17,972.56
2006-10-18,982.86
2006-10-19,981.74
2006-10-20,984.54
2006-10-23,990.38
2006-10-24,989.15
2006-10-25,990.41
2006-10-26,992.42
2006-10-27,989.95
2006-10-30,986.91
2006-10-31,986.88
2006-11-01,989.55
2006-11-02,979.76
2006-11-03,984.07
2006-11-06,997.57
2006-11-07,1004.39
2006-11-08,1004.62
2006-11-09,1004.42
2006-11-10,1002.78
2006-11-13,1008.29
2006-11-14,1007.84
2006-11-15,1013.89
2006-11-16,1014.13
2006-11-17,1007.71
2006-11-20,1012.0
2006-11-21,1012.08
2006-11-22,1011.81
2006-11-23,1009.53
2006-11-24,1000.24
2006-11-27,982.97
2006-11-28,982.19
2006-11-29,994.05
2006-11-30,985.19
2006-12-01,971.6
2006-12-04,979.22
2006-12-05,990.34
2006-12-06,988.95
2006-12-07,993.0
2006-12-08,993.29
2006-12-11,1001.45
2006-12-12,1003.14
2006-12-13,1011.69
2006-12-14,1017.74
2006-12-15,1023.14
2006-12-18,1020.52
2006-12-19,1013.21
2006-12-20,1017.67
2006-12-21,1016.08
2006-12-22,1006.54
2006-12-27,1021.7
2006-12-28,1020.66
2006-12-29,1018.02
2007-01-02,1033.7
2007-01-03,1035.21
2007-01-04,1032.62
2007-01-05,1020.66
2007-01-08,1019.17
2007-01-09,1020.69
2007-01-10,1011.37
2007-01-11,1030.07
2007-01-12,1032.26
2007-01-15,1035.37
2007-01-16,1030.87
2007-01-17,1025.32
2007-01-18,1022.99
2007-01-19,1031.83
2007-01-22,1023.81
2007-01-23,1023.71
2007-01-24,1035.41
2007-01-25,1032.48
2007-01-26,1026.46
2007-01-29,1030.86
2007-01-30,1037.89
2007-01-31,1033.76
2007-02-01,1042.19
2007-02-02,1046.41
2007-02-05,1046.19
2007-02-06,1047.67
2007-02-07,1052.02
2007-02-08,1045.8
2007-02-09,1051.33
2007-02-12,1042.82
2007-02-13,1049.05
2007-02-14,1055.97
2007-02-15,1053.77
2007-02-16,1051.12
2007-02-19,1055.78
2007-02-20,1051.84
2007-02-21,1047.43
2007-02-22,1049.65
2007-02-23,1050.77
2007-02-26,1057.28
2007-02-27,1028.68
2007-02-28,1011.45
2007-03-01,997.64
2007-03-02,992.77
2007-03-05,984.96
2007-03-06,992.46
2007-03-07,995.33
2007-03-08,1010.33
2007-03-09,1012.58
2007-03-12,1006.42
2007-03-13,994.28
2007-03-14,966.86
2007-03-15,986.52
2007-03-16,986.27
2007-03-19,1003.83
2007-03-20,1009.78
2007-03-21,1009.47
2007-03-22,1032.19
2007-03-23,1037.51
2007-03-26,1025.27
2007-03-27,1028.12
2007-03-28,1021.83
2007-03-29,1034.67
2007-03-30,1035.23
2007-04-02,1037.34
2007-04-03,1051.39
2007-04-04,1055.23
2007-04-05,1058.32
2007-04-10,1066.14
2007-04-11,1064.09
2007-04-12,1060.83
2007-04-13,1070.08
2007-04-16,1085.42
2007-04-17,1086.69
2007-04-18,1080.39
2007-04-19,1076.44
2007-04-20,1095.51
2007-04-23,1092.1
2007-04-24,1084.09
2007-04-25,1093.17
2007-04-26,1097.2
2007-04-27,1090.67
2007-04-30,1093.87
2007-05-01,1093.88
2007-05-02,1100.23
2007-05-03,1104.11
2007-05-04,1111.92
2007-05-07,1111.51
2007-05-08,1104.0
2007-05-09,1107.43
2007-05-10,1099.36
2007-05-11,1107.37
2007-05-14,1105.03
2007-05-15,1112.53
2007-05-16,1107.92
2007-05-17,1110.42
2007-05-18,1124.62
2007-05-21,1126.2
2007-05-22,1127.3
2007-05-23,1134.81
2007-05-24,1124.26
2007-05-25,1128.74
2007-05-28,1131.76
2007-05-29,1132.01
2007-05-30,1130.46
2007-05-31,1141.58
2007-06-01,1152.79
2007-06-04,1147.94
2007-06-05,1141.89
2007-06-06,1122.69
2007-06-07,1110.43
2007-06-08,1109.16
2007-06-11,1119.06
2007-06-12,1110.83
2007-06-13,1115.56
2007-06-14,1136.69
2007-06-15,1153.41
2007-06-18,1149.5
2007-06-19,1148.74
2007-06-20,1153.41
2007-06-21,1139.26
2007-06-22,1136.9
2007-06-25,1134.81
2007-06-26,1125.14
2007-06-27,1119.83
2007-06-28,1131.47
2007-06-29,1139.54
2007-07-02,1135.03
2007-07-03,1145.89
2007-07-04,1148.74
2007-07-05,1140.66
2007-07-06,1148.93
2007-07-09,1150.03
2007-07-10,1136.42
2007-07-11,1129.65
2007-07-12,1147.48
2007-07-13,1153.8
2007-07-16,1157.61
2007-07-17,1152.71
2007-07-18,1135.93
2007-07-19,1148.73
2007-07-20,1129.07
2007-07-23,1138.6
2007-07-24,1120.65
2007-07-25,1107.65
2007-07-26,1080.22
2007-07-27,1078.11
2007-07-30,1076.74
2007-07-31,1096.72
2007-08-01,1077.1
2007-08-02,1090.22
2007-08-03,1075.1
2007-08-06,1068.39
2007-08-07,1087.2
2007-08-08,1109.55
2007-08-09,1087.57
2007-08-10,1059.24
2007-08-13,1083.3
2007-08-14,1067.97
2007-08-15,1064.78
2007-08-16,1034.05
2007-08-17,1058.2
2007-08-20,1062.3
2007-08-21,1062.75
2007-08-22,1075.84
2007-08-23,1075.68
2007-08-24,1078.93
2007-08-27,1079.52
2007-08-28,1061.63
2007-08-29,1067.46
2007-08-30,1080.83
2007-08-31,1093.16
2007-09-03,1093.53
2007-09-04,1100.75
2007-09-05,1078.11
2007-09-06,1083.38
2007-09-07,1059.53
2007-09-10,1052.92
2007-09-11,1068.42
2007-09-12,1071.82
2007-09-13,1081.57
2007-09-14,1074.53
2007-09-17,1065.18
2007-09-18,1085.49
2007-09-19,1117.29
2007-09-20,1111.39
2007-09-21,1112.46
2007-09-24,1109.98
2007-09-25,1101.9
2007-09-26,1110.94
2007-09-27,1117.2
2007-09-28,1115.35
2007-10-01,1122.46
2007-10-02,1126.88
2007-10-03,1125.5
2007-10-04,1125.19
2007-10-05,1134.08
2007-10-08,1129.13
2007-10-09,1132.12
2007-10-10,1131.12
2007-10-11,1139.0
2007-10-12,1139.62
2007-10-15,1129.18
2007-10-16,1125.59
2007-10-17,1130.91
2007-10-18,1125.46
2007-10-19,1123.14
2007-10-22,1109.83
2007-10-23,1115.48
2007-10-24,1110.06
2007-10-25,1124.06
2007-10-26,1131.22
2007-10-29,1139.18
2007-10-30,1137.01
2007-10-31,1143.85
2007-11-01,1125.23
2007-11-02,1124.11
2007-11-05,1119.71
2007-11-06,1123.41
2007-11-07,1121.63
2007-11-08,1112.26
2007-11-09,1095.5
2007-11-12,1096.79
2007-11-13,1099.11
2007-11-14,1106.52
2007-11-15,1097.12
2007-11-16,1093.35
2007-11-19,1079.53
2007-11-20,1092.44
2007-11-21,1071.58
2007-11-22,1074.99
2007-11-23,1090.21
2007-11-26,1082.42
2007-11-27,1078.95
2007-11-28,1103.85
2007-11-29,1110.3
2007-11-30,1122.63
2007-12-03,1116.68
2007-12-04,1108.36
2007-12-05,1126.48
2007-12-06,1127.66
2007-12-07,1135.76
2007-12-10,1140.66
2007-12-11,1136.68
2007-12-12,1141.67
2007-12-13,1116.45
2007-12-14,1120.0
2007-12-17,1101.67
2007-12-18,1100.82
2007-12-19,1098.83
2007-12-20,1102.24
2007-12-21,1120.08
2007-12-24,1121.06
2007-12-27,1125.21
2007-12-28,1125.22
2007-12-31,1123.96
2008-01-02,1108.72
2008-01-03,1107.24
2008-01-04,1091.17
2008-01-07,1094.45
2008-01-08,1097.48
2008-01-09,1088.05
2008-01-10,1083.04
2008-01-11,1079.89
2008-01-14,1082.8
2008-01-15,1058.52
2008-01-16,1050.18
2008-01-17,1039.3
2008-01-18,1021.26
2008-01-21,946.58
2008-01-22,959.53
2008-01-23,914.61
2008-01-24,973.68
2008-01-25,966.16
2008-01-28,963.19
2008-01-29,974.59
2008-01-30,969.3
2008-01-31,970.19
2008-02-01,989.67
2008-02-04,989.59
2008-02-05,951.19
2008-02-06,962.2
2008-02-07,946.64
2008-02-08,947.12
2008-02-11,941.23
2008-02-12,973.37
2008-02-13,973.23
2008-02-14,971.87
2008-02-15,951.75
2008-02-18,971.16
2008-02-19,973.76
2008-02-20,961.78
2008-02-21,966.83
2008-02-22,956.31
2008-02-25,972.15
2008-02-26,986.49
2008-02-27,986.91
2008-02-28,968.38
2008-02-29,953.09
2008-03-03,940.65
2008-03-04,923.94
2008-03-05,942.96
2008-03-06,925.85
2008-03-07,915.35
2008-03-10,907.53
2008-03-11,923.01
2008-03-12,933.52
2008-03-13,921.22
2008-03-14,912.77
2008-03-17,878.28
2008-03-18,910.74
2008-03-19,903.29
2008-03-20,897.24
2008-03-25,929.66
2008-03-26,924.26
2008-03-27,934.66
2008-03-28,932.19
2008-03-31,928.87
2008-04-01,961.0
2008-04-02,972.35
2008-04-03,966.47
2008-04-04,971.66
2008-04-07,980.17
2008-04-08,975.58
2008-04-09,966.72
2008-04-10,963.54
2008-04-11,948.66
2008-04-14,941.3
2008-04-15,946.29
2008-04-16,961.11
2008-04-17,955.13
2008-04-18,978.05
2008-04-21,968.51
2008-04-22,959.84
2008-04-23,966.89
2008-04-24,968.36
2008-04-25,978.57
2008-04-28,984.33
2008-04-29,978.88
2008-04-30,986.98
2008-05-01,986.98
2008-05-02,1003.4
2008-05-05,1002.02
2008-05-06,995.01
2008-05-07,1001.92
2008-05-08,997.8
2008-05-09,986.58
2008-05-12,989.83
2008-05-13,991.8
2008-05-14,1002.56
2008-05-15,1001.88
2008-05-16,1006.24
2008-05-19,1016.51
2008-05-20,1002.08
2008-05-21,994.69
2008-05-22,995.86
2008-05-23,978.47
2008-05-26,979.66
2008-05-27,976.47
2008-05-28,984.93
2008-05-29,988.56
2008-05-30,996.45
2008-06-02,981.42
2008-06-03,986.13
2008-06-04,976.25
2008-06-05,971.97
2008-06-06,949.24
2008-06-09,949.41
2008-06-10,943.43
2008-06-11,926.19
2008-06-12,934.96
2008-06-13,940.25
2008-06-16,932.7
2008-06-17,938.71
2008-06-18,926.14
2008-06-19,920.52
2008-06-20,904.65
2008-06-23,905.47
2008-06-24,899.45
2008-06-25,914.21
2008-06-26,889.36
2008-06-27,882.47
2008-06-30,885.79
2008-07-01,870.25
2008-07-02,869.1
2008-07-03,880.3
2008-07-04,865.58
2008-07-07,880.77
2008-07-08,868.86
2008-07-09,883.57
2008-07-10,868.14
2008-07-11,845.61
2008-07-14,850.49
2008-07-15,831.05
2008-07-16,839.52
2008-07-17,861.03
2008-07-18,878.33
2008-07-21,881.61
2008-07-22,879.58
2008-07-23,895.77
2008-07-24,887.07
2008-07-25,886.16
2008-07-28,876.18
2008-07-29,879.21
2008-07-30,890.44
2008-07-31,890.57
2008-08-01,877.45
2008-08-04,870.22
2008-08-05,894.25
2008-08-06,901.9
2008-08-07,898.79
2008-08-08,901.96
2008-08-11,911.8
2008-08-12,909.47
2008-08-13,887.74
2008-08-14,889.06
2008-08-15,891.91
2008-08-18,891.51
2008-08-19,868.64
2008-08-20,872.76
2008-08-21,860.48
2008-08-22,877.29
2008-08-25,868.82
2008-08-26,873.32
2008-08-27,873.78
2008-08-28,889.74
2008-08-29,891.39
2008-09-01,891.06
2008-09-02,904.96
2008-09-03,892.38
2008-09-04,867.44
2008-09-05,843.87
2008-09-08,870.5
2008-09-09,864.39
2008-09-10,859.34
2008-09-11,854.06
2008-09-12,868.88
2008-09-15,835.26
2008-09-16,818.63
2008-09-17,800.17
2008-09-18,795.41
2008-09-19,862.39
2008-09-22,844.16
2008-09-23,833.04
2008-09-24,827.73
2008-09-25,850.89
2008-09-26,837.45
2008-09-29,798.11
2008-09-30,806.07
2008-10-01,813.8
2008-10-02,797.93
2008-10-03,826.13
2008-10-06,761.17
2008-10-07,763.95
2008-10-08,714.9
2008-10-09,697.51
2008-10-10,642.83
2008-10-13,713.55
2008-10-14,731.71
2008-10-15,684.29
2008-10-16,643.34
2008-10-17,672.11
2008-10-20,693.74
2008-10-21,689.84
2008-10-22,652.41
2008-10-23,650.84
2008-10-24,619.32
2008-10-27,608.64
2008-10-28,632.16
2008-10-29,667.61
2008-10-30,671.01
2008-10-31,687.92
2008-11-03,693.22
2008-11-04,731.75
2008-11-05,720.14
2008-11-06,675.35
2008-11-07,691.42
2008-11-10,697.61
2008-11-11,659.82
2008-11-12,638.84
2008-11-13,646.61
2008-11-14,654.91
2008-11-17,630.49
2008-11-18,637.23
2008-11-19,611.97
2008-11-20,593.48
2008-11-21,577.46
2008-11-24,635.68
2008-11-25,637.18
2008-11-26,633.95
2008-11-27,648.46
2008-11-28,649.09
2008-12-01,611.18
2008-12-02,628.86
2008-12-03,632.97
2008-12-04,632.75
2008-12-05,601.6
2008-12-08,654.28
2008-12-09,662.69
2008-12-10,666.64
2008-12-11,663.92
2008-12-12,646.16
2008-12-15,643.24
2008-12-16,654.7
2008-12-17,653.12
2008-12-18,655.25
2008-12-19,653.04
2008-12-22,640.62
2008-12-23,636.47
2008-12-24,635.21
2008-12-29,638.11
2008-12-30,655.0
2008-12-31,653.96
2009-01-02,677.98
2009-01-05,682.51
2009-01-06,689.2
2009-01-07,678.54
2009-01-08,672.66
2009-01-09,664.65
2009-01-12,655.68
2009-01-13,644.82
2009-01-14,614.65
2009-01-15,603.95
2009-01-16,610.31
2009-01-19,602.54
2009-01-20,588.74
2009-01-21,585.43
2009-01-22,577.84
2009-01-23,574.58
2009-01-26,595.69
2009-01-27,595.11
2009-01-28,622.08
2009-01-29,607.78
2009-01-30,599.1
2009-02-02,589.36
2009-02-03,601.73
2009-02-04,615.89
2009-02-05,614.69
2009-02-06,628.2
2009-02-09,629.62
2009-02-10,607.97
2009-02-11,607.9
2009-02-12,593.7
2009-02-13,597.28
2009-02-16,587.99
2009-02-17,568.25
2009-02-18,567.84
2009-02-19,566.87
2009-02-20,539.27
2009-02-23,533.9
2009-02-24,530.11
2009-02-25,526.83
2009-02-26,541.81
2009-02-27,529.77
2009-03-02,504.72
2009-03-03,499.88
2009-03-04,520.99
2009-03-05,496.53
2009-03-06,487.15
2009-03-09,485.2
2009-03-10,514.57
2009-03-11,518.12
2009-03-12,526.13
2009-03-13,527.97
2009-03-16,545.18
2009-03-17,539.43
2009-03-18,541.28
2009-03-19,546.75
2009-03-20,549.8
2009-03-23,568.77
2009-03-24,570.29
2009-03-25,576.13
2009-03-26,578.22
2009-03-27,567.98
2009-03-30,539.32
2009-03-31,555.56
2009-04-01,562.65
2009-04-02,594.55
2009-04-03,589.79
2009-04-06,584.69
2009-04-07,580.89
2009-04-08,586.58
2009-04-09,603.26
2009-04-14,611.76
2009-04-15,607.55
2009-04-16,617.63
2009-04-17,628.54
2009-04-20,604.17
2009-04-21,602.79
2009-04-22,614.09
2009-04-23,609.76
2009-04-24,626.96
2009-04-27,626.27
2009-04-28,616.32
2009-04-29,630.93
2009-04-30,643.09
2009-05-01,643.09
2009-05-04,659.22
2009-05-05,655.95
2009-05-06,664.47
2009-05-07,657.75
2009-05-08,673.14
2009-05-11,665.27
2009-05-12,664.69
2009-05-13,647.17
2009-05-14,646.14
2009-05-15,649.04
2009-05-18,666.94
2009-05-19,678.38
2009-05-20,686.87
2009-05-21,669.56
2009-05-22,672.62
2009-05-25,674.47
2009-05-26,682.27
2009-05-27,686.1
2009-05-28,678.81
2009-05-29,678.28
2009-06-01,702.11
2009-06-02,702.04
2009-06-03,687.97
2009-06-04,689.0
2009-06-05,693.45
2009-06-08,683.81
2009-06-09,686.86
2009-06-10,693.04
2009-06-11,698.97
2009-06-12,695.34
2009-06-15,673.77
2009-06-16,672.27
2009-06-17,660.56
2009-06-18,669.07
2009-06-19,674.71
2009-06-22,654.73
2009-06-23,653.12
2009-06-24,671.16
2009-06-25,666.8
2009-06-26,663.35
2009-06-29,676.62
2009-06-30,666.62
2009-07-01,680.3
2009-07-02,658.06
2009-07-03,659.95
2009-07-06,650.9
2009-07-07,644.52
2009-07-08,636.31
2009-07-09,642.79
2009-07-10,633.96
2009-07-13,651.68
2009-07-14,658.76
2009-07-15,681.08
2009-07-16,683.29
2009-07-17,686.13
2009-07-20,694.88
2009-07-21,700.24
2009-07-22,702.7
2009-07-23,718.53
2009-07-24,717.68
2009-07-27,722.87
2009-07-28,715.0
2009-07-29,722.56
2009-07-30,737.68
2009-07-31,733.07
2009-08-03,743.65
2009-08-04,742.78
2009-08-05,735.04
2009-08-06,740.3
2009-08-07,752.59
2009-08-10,749.08
2009-08-11,737.22
2009-08-12,747.58
2009-08-13,752.46
2009-08-14,742.35
2009-08-17,724.1
2009-08-18,731.56
2009-08-19,729.41
2009-08-20,740.76
2009-08-21,763.61
2009-08-24,772.71
2009-08-25,779.05
2009-08-26,775.65
2009-08-27,772.51
2009-08-28,780.36
2009-08-31,772.43
2009-09-01,755.89
2009-09-02,752.56
2009-09-03,751.29
2009-09-04,763.57
2009-09-07,774.85
2009-09-08,775.52
2009-09-09,785.07
2009-09-10,784.21
2009-09-11,788.08
2009-09-14,787.49
2009-09-15,791.31
2009-09-16,802.24
2009-09-17,805.91
2009-09-18,803.63
2009-09-21,800.15
2009-09-22,802.68
2009-09-23,804.25
2009-09-24,790.6
2009-09-25,788.85
2009-09-28,807.56
2009-09-29,805.7
2009-09-30,800.19
2009-10-01,782.87
2009-10-02,768.98
2009-10-05,777.38
2009-10-06,798.26
2009-10-07,794.49
2009-10-08,804.36
2009-10-09,802.85
2009-10-12,811.98
2009-10-13,802.15
2009-10-14,822.14
2009-10-15,818.87
2009-10-16,806.67
2009-10-19,821.7
2009-10-20,815.47
2009-10-21,818.75
2009-10-22,809.09
2009-10-23,804.6
2009-10-26,790.31
2009-10-27,790.41
2009-10-28,774.59
2009-10-29,787.51
2009-10-30,764.85
2009-11-02,770.27
2009-11-03,756.15
2009-11-04,770.37
2009-11-05,778.77
2009-11-06,779.0
2009-11-09,797.36
2009-11-10,796.34
2009-11-11,804.25
2009-11-12,803.11
2009-11-13,806.12
2009-11-16,818.17
2009-11-17,812.8
2009-11-18,813.46
2009-11-19,799.97
2009-11-20,792.41
2009-11-23,810.96
2009-11-24,805.2
2009-11-25,810.6
2009-11-26,783.33
2009-11-27,792.25
2009-11-30,782.77
2009-12-01,803.61
2009-12-02,805.35
2009-12-03,804.84
2009-12-04,814.41
2009-12-07,810.46
2009-12-08,797.29
2009-12-09,788.6
2009-12-10,797.89
2009-12-11,800.97
2009-12-14,807.46
2009-12-15,809.01
2009-12-16,819.63
2009-12-17,809.87
2009-12-18,804.15
2009-12-21,819.5
2009-12-22,825.18
2009-12-23,828.48
2009-12-24,828.35
2009-12-28,835.64
2009-12-29,838.35
2009-12-30,831.39
2009-12-31,831.03
2010-01-04,845.84
2010-01-05,844.32
2010-01-06,843.56
2010-01-07,842.91
2010-01-08,845.86
2010-01-11,843.72
2010-01-12,834.38
2010-01-13,834.8
2010-01-14,837.97
2010-01-15,824.11
2010-01-18,829.05
2010-01-19,836.6
2010-01-20,816.92
2010-01-21,802.53
2010-01-22,795.11
2010-01-25,786.84
2010-01-26,792.57
2010-01-27,781.9299
2010-01-28,767.88
2010-01-29,778.96
2010-02-01,784.1
2010-02-02,794.4
2010-02-03,787.27
2010-02-04,760.0
2010-02-05,738.72
2010-02-08,747.89
2010-02-09,749.05
2010-02-10,758.11
2010-02-11,752.52
2010-02-12,750.9
2010-02-15,753.52
2010-02-16,763.9
2010-02-17,775.54
2010-02-18,780.05
2010-02-19,784.35
2010-02-22,780.0599
2010-02-23,766.71
2010-02-24,767.94
2010-02-25,753.75
2010-02-26,766.12
2010-03-01,778.54
2010-03-02,785.1799
2010-03-03,792.55
2010-03-04,790.73
2010-03-05,807.95
2010-03-08,808.47
2010-03-09,808.87
2010-03-10,817.08
2010-03-11,813.25
2010-03-12,813.98
2010-03-15,806.1799
2010-03-16,816.11
2010-03-17,823.24
2010-03-18,818.3
2010-03-19,813.87
2010-03-22,811.85
2010-03-23,817.4
2010-03-24,815.55
2010-03-25,827.95
2010-03-26,825.94
2010-03-29,828.13
2010-03-30,825.94
2010-03-31,823.54
2010-04-01,836.84
2010-04-06,839.93
2010-04-07,835.75
2010-04-08,826.67
2010-04-09,841.07
2010-04-12,843.79
2010-04-13,839.86
2010-04-14,845.43
2010-04-15,846.72
2010-04-16,829.02
2010-04-19,826.36
2010-04-20,838.65
2010-04-21,828.45
2010-04-22,814.39
2010-04-23,820.89
2010-04-26,829.03
2010-04-27,798.58
2010-04-28,784.58
2010-04-29,796.27
2010-04-30,794.08
2010-05-03,796.01
2010-05-04,767.15
2010-05-05,759.44
2010-05-06,741.98
2010-05-07,712.92
2010-05-10,786.7
2010-05-11,779.96
2010-05-12,790.1
2010-05-13,790.03
2010-05-14,753.12
2010-05-17,753.52
2010-05-18,771.5
2010-05-19,749.73
2010-05-20,736.96
2010-05-21,738.36
2010-05-24,735.61
2010-05-25,715.55
2010-05-26,727.58
2010-05-27,754.78
2010-05-28,753.71
2010-05-31,752.61
2010-06-01,751.65
2010-06-02,750.32
2010-06-03,759.6
2010-06-04,736.37
2010-06-07,729.5599
2010-06-08,724.04
2010-06-09,737.72
2010-06-10,752.74
2010-06-11,761.27
2010-06-14,775.51
2010-06-15,785.0
2010-06-16,785.7
2010-06-17,788.42
2010-06-18,790.99
2010-06-21,800.53
2010-06-22,794.08
2010-06-23,782.17
2010-06-24,765.1
2010-06-25,760.45
2010-06-28,771.85
2010-06-29,739.36
2010-06-30,744.28
2010-07-01,728.47
2010-07-02,729.54
2010-07-05,725.34
2010-07-06,745.83
2010-07-07,761.94
2010-07-08,771.38
2010-07-09,775.66
2010-07-12,777.25
2010-07-13,792.15
2010-07-14,792.55
2010-07-15,782.09
2010-07-16,765.54
2010-07-19,762.35
2010-07-20,760.23
2010-07-21,763.77
2010-07-22,785.38
2010-07-23,786.8099
2010-07-26,793.75
2010-07-27,801.33
2010-07-28,800.4
2010-07-29,796.59
2010-07-30,793.47
2010-08-02,817.22
2010-08-03,816.29
2010-08-04,818.0599
2010-08-05,816.4
2010-08-06,804.82
2010-08-09,818.69
2010-08-10,810.8099
2010-08-11,789.0
2010-08-12,788.04
2010-08-13,784.53
2010-08-16,781.51
2010-08-17,792.92
2010-08-18,790.3
2010-08-19,774.77
2010-08-20,765.85
2010-08-23,770.73
2010-08-24,757.32
2010-08-25,749.46
2010-08-26,755.11
2010-08-27,761.9
2010-08-30,758.51
2010-08-31,760.36
2010-09-01,787.19
2010-09-02,787.17
2010-09-03,796.16
2010-09-06,798.3
2010-09-07,790.64
2010-09-08,798.1
2010-09-09,806.66
2010-09-10,806.07
2010-09-13,813.22
2010-09-14,813.63
2010-09-15,810.12
2010-09-16,807.29
2010-09-17,799.39
2010-09-20,813.17
2010-09-21,810.82
2010-09-22,798.69
2010-09-23,794.58
2010-09-24,810.29
2010-09-27,805.53
2010-09-28,805.03
2010-09-29,798.6799
2010-09-30,797.28
2010-10-01,792.9299
2010-10-04,783.6799
2010-10-05,800.37
2010-10-06,806.59
2010-10-07,808.59
2010-10-08,808.17
2010-10-11,809.59
2010-10-12,805.54
2010-10-13,824.34
2010-10-14,823.05
2010-10-15,825.16
2010-10-18,827.8
2010-10-19,823.91
2010-10-20,828.03
2010-10-21,836.96
2010-10-22,834.48
2010-10-25,833.83
2010-10-26,829.42
2010-10-27,821.61
2010-10-28,826.29
2010-10-29,826.13
2010-11-01,823.74
2010-11-02,830.79
2010-11-03,821.91
2010-11-04,837.52
2010-11-05,835.12
2010-11-08,834.14
2010-11-09,840.73
2010-11-10,828.46
2010-11-11,824.1799
2010-11-12,822.9299
2010-11-15,830.51
2010-11-16,811.07
2010-11-17,817.17
2010-11-18,832.49
2010-11-19,829.79
2010-11-22,820.11
2010-11-23,799.09
2010-11-24,804.53
2010-11-25,806.58
2010-11-26,798.39
2010-11-29,778.9299
2010-11-30,773.4
2010-12-01,794.08
2010-12-02,811.44
2010-12-03,812.04
2010-12-06,808.41
2010-12-07,817.98
2010-12-08,822.71
2010-12-09,829.0599
2010-12-10,828.71
2010-12-13,833.48
2010-12-14,835.32
2010-12-15,829.57
2010-12-16,830.6799
2010-12-17,823.67
2010-12-20,828.76
2010-12-21,839.79
2010-12-22,837.64
2010-12-23,836.15
2010-12-24,835.39
2010-12-27,825.05
2010-12-28,824.41
2010-12-29,829.35
2010-12-30,819.37
2010-12-31,815.22
2011-01-03,828.82
2011-01-04,830.21
2011-01-05,827.16
2011-01-06,827.89
2011-01-07,819.72
2011-01-10,806.1
2011-01-11,816.53
2011-01-12,840.62
2011-01-13,851.5
2011-01-14,852.9
2011-01-17,850.55
2011-01-18,860.77
2011-01-19,854.39
2011-01-20,855.45
2011-01-21,868.06
2011-01-24,870.55
2011-01-25,864.33
2011-01-26,868.46
2011-01-27,874.89
2011-01-28,864.47
2011-01-31,864.32
2011-02-01,879.89
2011-02-02,881.61
2011-02-03,876.57
2011-02-04,878.83
2011-02-07,887.02
2011-02-08,890.33
2011-02-09,887.31
2011-02-10,885.57
2011-02-11,885.19
2011-02-14,883.44
2011-02-15,886.97
2011-02-16,896.18
2011-02-17,896.95
2011-02-18,898.03
2011-02-21,881.74
2011-02-22,873.24
2011-02-23,864.93
2011-02-24,863.23
2011-02-25,873.74
2011-02-28,881.95
2011-03-01,873.23
2011-03-02,866.07
2011-03-03,869.12
2011-03-04,863.25
2011-03-07,858.05
2011-03-08,862.15
2011-03-09,859.29
2011-03-10,851.86
2011-03-11,844.28
2011-03-14,834.99
2011-03-15,815.11
2011-03-16,796.6799
2011-03-17,815.69
2011-03-18,817.58
2011-03-21,837.54
2011-03-22,835.78
2011-03-23,839.13
2011-03-24,851.88
2011-03-25,852.33
2011-03-28,853.34
2011-03-29,852.22
2011-03-30,859.68
2011-03-31,852.21
2011-04-01,867.79
2011-04-04,866.1
2011-04-05,864.67
2011-04-06,870.68
2011-04-07,868.4
2011-04-08,874.55
2011-04-11,871.59
2011-04-12,859.21
2011-04-13,864.38
2011-04-14,855.78
2011-04-15,856.17
2011-04-18,835.63
2011-04-19,838.46
2011-04-20,857.19
2011-04-21,862.87
2011-04-26,868.47
2011-04-27,875.32
2011-04-28,883.47
2011-04-29,886.56
2011-05-02,887.53
2011-05-03,885.02
2011-05-04,871.99
2011-05-05,866.81
2011-05-06,877.82
2011-05-09,863.86
2011-05-10,875.19
2011-05-11,876.74
2011-05-12,869.18
2011-05-13,864.03
2011-05-16,861.54
2011-05-17,852.06
2011-05-18,857.35
2011-05-19,864.32
2011-05-20,854.73
2011-05-23,839.82
2011-05-24,841.93
2011-05-25,846.61
2011-05-26,842.04
2011-05-27,848.31
2011-05-30,846.78
2011-05-31,861.81
2011-06-01,851.49
2011-06-02,837.91
2011-06-03,839.88
2011-06-06,833.04
2011-06-07,835.8
2011-06-08,829.04
2011-06-09,836.89
2011-06-10,823.96
2011-06-13,824.65
2011-06-14,838.53
2011-06-15,823.92
2011-06-16,823.65
2011-06-17,835.5599
2011-06-20,829.5
2011-06-21,845.8
2011-06-22,843.71
2011-06-23,824.33
2011-06-24,819.8
2011-06-27,822.23
2011-06-28,830.25
2011-06-29,845.97
2011-06-30,859.92
2011-07-01,868.11
2011-07-04,866.45
2011-07-05,860.85
2011-07-06,855.45
2011-07-07,859.27
2011-07-08,843.07
2011-07-11,818.61
2011-07-12,813.89
2011-07-13,820.76
2011-07-14,814.79
2011-07-15,808.77
2011-07-18,792.74
2011-07-19,803.35
2011-07-20,817.95
2011-07-21,835.36
2011-07-22,838.16
2011-07-25,829.12
2011-07-26,828.2
2011-07-27,814.3099
2011-07-28,814.02
2011-07-29,807.25
2011-08-01,784.5599
2011-08-02,769.91
2011-08-03,755.67
2011-08-04,729.79
2011-08-05,718.55
2011-08-08,691.86
2011-08-09,694.08
2011-08-10,651.76
2011-08-11,670.42
2011-08-12,698.22
2011-08-15,703.42
2011-08-16,703.17
2011-08-17,705.4299
2011-08-18,667.74
2011-08-19,653.42
2011-08-22,660.78
2011-08-23,665.8099
2011-08-24,677.59
2011-08-25,670.94
2011-08-26,662.99
2011-08-29,677.78
2011-08-30,677.73
2011-08-31,696.78
2011-09-01,697.89
2011-09-02,672.15
2011-09-05,638.4
2011-09-06,630.17
2011-09-07,651.7
2011-09-08,655.4
2011-09-09,628.22
2011-09-12,604.39
2011-09-13,617.0
2011-09-14,631.16
2011-09-15,653.05
2011-09-16,654.16
2011-09-19,636.35
2011-09-20,649.8
2011-09-21,637.07
2011-09-22,605.88
2011-09-23,615.07
2011-09-26,632.47
2011-09-27,666.07
2011-09-28,660.8
2011-09-29,671.66
2011-09-30,661.96
2011-10-03,649.38
2011-10-04,635.0599
2011-10-05,661.89
2011-10-06,682.95
2011-10-07,689.15
2011-10-10,704.83
2011-10-11,703.36
2011-10-12,720.42
2011-10-13,708.39
2011-10-14,715.36
2011-10-17,703.89
2011-10-18,701.13
2011-10-19,708.2
2011-10-20,690.48
2011-10-21,710.46
2011-10-24,720.05
2011-10-25,712.42
2011-10-26,709.71
2011-10-27,752.83
2011-10-28,748.41
2011-10-31,724.96
2011-11-01,686.82
2011-11-02,696.66
2011-11-03,713.7
2011-11-04,696.53
2011-11-07,693.42
2011-11-08,701.73
2011-11-09,685.51
2011-11-10,687.79
2011-11-11,709.1
2011-11-14,697.97
2011-11-15,687.5
2011-11-16,691.76
2011-11-17,684.08
2011-11-18,682.29
2011-11-21,659.3099
2011-11-22,652.15
2011-11-23,639.9299
2011-11-24,637.94
2011-11-25,644.35
2011-11-28,678.07
2011-11-29,681.97
2011-11-30,711.36
2011-12-01,706.29
2011-12-02,715.04
2011-12-05,723.25
2011-12-06,719.38
2011-12-07,715.78
2011-12-08,698.42
2011-12-09,715.07
2011-12-12,692.9
2011-12-13,690.3099
2011-12-14,673.49
2011-12-15,679.29
2011-12-16,672.52
2011-12-19,673.26
2011-12-20,691.42
2011-12-21,685.91
2011-12-22,694.67
2011-12-23,699.97
2011-12-27,699.96
2011-12-28,689.17
2011-12-29,700.5599
2011-12-30,707.98
2012-01-02,724.37
2012-01-03,730.6799
2012-01-04,718.45
2012-01-05,708.01
2012-01-06,702.78
2012-01-09,699.05
2012-01-10,718.22
2012-01-11,715.79
2012-01-12,717.73
2012-01-13,715.33
2012-01-16,723.08
2012-01-17,733.82
2012-01-18,731.98
2012-01-19,745.58
2012-01-20,743.1
2012-01-23,747.54
2012-01-24,744.67
2012-01-25,742.6799
2012-01-26,754.72
2012-01-27,747.4299
2012-01-30,737.62
2012-01-31,741.3099
2012-02-01,757.91
2012-02-02,760.17
2012-02-03,771.52
2012-02-06,769.29
2012-02-07,771.2
2012-02-08,770.84
2012-02-09,773.73
2012-02-10,760.97
2012-02-13,764.28
2012-02-14,763.28
2012-02-15,765.21
2012-02-16,763.79
2012-02-17,773.36
2012-02-20,782.5599
2012-02-21,779.89
2012-02-22,772.96
2012-02-23,769.61
2012-02-24,774.4
2012-02-27,771.14
2012-02-28,773.1799
2012-02-29,770.85
2012-03-01,782.0599
2012-03-02,781.29
2012-03-05,776.29
2012-03-06,749.8
2012-03-07,755.26
2012-03-08,771.67
2012-03-09,772.2
2012-03-12,771.9
2012-03-13,784.74
2012-03-14,790.26
2012-03-15,796.14
2012-03-16,800.54
2012-03-19,801.25
2012-03-20,791.48
2012-03-21,788.7
2012-03-22,777.22
2012-03-23,775.75
2012-03-26,780.19
2012-03-27,775.6799
2012-03-28,766.92
2012-03-29,753.42
2012-03-30,760.96
2012-04-02,768.3
2012-04-03,755.34
2012-04-04,736.75
2012-04-05,735.97
2012-04-10,714.12
2012-04-11,720.22
2012-04-12,723.57
2012-04-13,705.92
2012-04-16,709.21
2012-04-17,729.5
2012-04-18,717.42
2012-04-19,704.12
2012-04-20,713.33
2012-04-23,692.83
2012-04-24,704.94
2012-04-25,717.41
2012-04-26,717.34
2012-04-27,725.2
2012-04-30,715.5
2012-05-01,715.57
2012-05-02,710.96
2012-05-03,709.96
2012-05-04,700.72
2012-05-07,711.94
2012-05-08,697.74
2012-05-09,694.67
2012-05-10,704.34
2012-05-11,707.47
2012-05-14,690.97
2012-05-15,683.66
2012-05-16,682.62
2012-05-17,674.36
2012-05-18,675.42
2012-05-21,678.63
2012-05-22,692.1
2012-05-23,673.61
2012-05-24,681.13
2012-05-25,683.96
2012-05-28,679.55
2012-05-29,683.47
2012-05-30,670.15
2012-05-31,671.02
2012-06-01,655.47
2012-06-04,658.73
2012-06-05,661.38
2012-06-06,677.35
2012-06-07,679.05
2012-06-08,680.14
2012-06-11,678.47
2012-06-12,680.27
2012-06-13,680.3099
2012-06-14,681.8
2012-06-15,692.28
2012-06-18,685.74
2012-06-19,699.22
2012-06-20,702.24
2012-06-21,699.89
2012-06-22,695.88
2012-06-25,678.03
2012-06-26,677.15
2012-06-27,689.13
2012-06-28,686.59
2012-06-29,720.67
2012-07-02,729.38
2012-07-03,738.4
2012-07-04,736.4
2012-07-05,727.64
2012-07-06,711.91
2012-07-09,709.49
2012-07-10,714.21
2012-07-11,715.6
2012-07-12,709.8
2012-07-13,720.48
2012-07-16,718.2
2012-07-17,717.8099
2012-07-18,728.64
2012-07-19,734.3
2012-07-20,713.54
2012-07-23,695.03
2012-07-24,686.1799
2012-07-25,688.58
2012-07-26,717.91
2012-07-27,733.91
2012-07-30,746.38
2012-07-31,741.72
2012-08-01,744.17
2012-08-02,721.84
2012-08-03,756.67
2012-08-06,765.2
2012-08-07,778.25
2012-08-08,775.91
2012-08-09,777.4299
2012-08-10,773.02
2012-08-13,770.71
2012-08-14,775.92
2012-08-15,775.3099
2012-08-16,783.65
2012-08-17,788.4299
2012-08-20,786.85
2012-08-21,794.49
2012-08-22,782.58
2012-08-23,775.07
2012-08-24,776.6799
2012-08-27,785.48
2012-08-28,779.2
2012-08-29,776.6799
2012-08-30,766.97
2012-08-31,778.75
2012-09-03,785.91
2012-09-04,777.42
2012-09-05,779.1
2012-09-06,805.62
2012-09-07,810.58
2012-09-10,807.37
2012-09-11,816.66
2012-09-12,818.95
2012-09-13,812.0599
2012-09-14,828.45
2012-09-17,824.94
2012-09-18,815.3099
2012-09-19,819.86
2012-09-20,815.19
2012-09-21,822.87
2012-09-24,818.19
2012-09-25,822.19
2012-09-26,799.79
2012-09-27,802.21
2012-09-28,785.63
2012-10-01,800.1799
2012-10-02,798.51
2012-10-03,798.15
2012-10-04,796.0
2012-10-05,810.55
2012-10-08,799.3099
2012-10-09,791.67
2012-10-10,786.64
2012-10-11,796.42
2012-10-12,790.66
2012-10-15,795.79
2012-10-16,815.9
2012-10-17,823.73
2012-10-18,825.12
2012-10-19,814.88
2012-10-22,811.3099
2012-10-23,794.26
2012-10-24,798.32
2012-10-25,796.03
2012-10-26,800.09
2012-10-29,794.5599
2012-10-30,806.47
2012-10-31,802.51
2012-11-01,812.2
2012-11-02,816.54
2012-11-05,807.09
2012-11-06,812.95
2012-11-07,794.9299
2012-11-08,794.94
2012-11-09,795.16
2012-11-12,793.29
2012-11-13,799.58
2012-11-14,793.07
2012-11-15,789.52
2012-11-16,778.47
2012-11-19,800.32
2012-11-20,804.94
2012-11-21,808.17
2012-11-22,813.11
2012-11-23,820.15
2012-11-26,815.49
2012-11-27,815.79
2012-11-28,816.88
2012-11-29,828.22
2012-11-30,826.15
2012-12-03,828.4299
2012-12-04,831.15
2012-12-05,831.55
2012-12-06,835.19
2012-12-07,834.53
2012-12-10,832.8099
2012-12-11,841.8
2012-12-12,843.83
2012-12-13,842.97
2012-12-14,843.89
2012-12-17,843.78
2012-12-18,848.76
2012-12-19,852.35
2012-12-20,853.51
2012-12-21,851.2
2012-12-24,850.37
2012-12-27,854.24
2012-12-28,843.61
2012-12-31,846.53
2013-01-02,870.71
2013-01-03,867.85
2013-01-04,870.46
2013-01-07,866.03
2013-01-08,864.71
2013-01-09,869.51
2013-01-10,870.4
2013-01-11,873.46
2013-01-14,872.62
2013-01-15,869.1
2013-01-16,869.4
2013-01-17,874.68
2013-01-18,871.67
2013-01-21,877.15
2013-01-22,873.96
2013-01-23,871.25
2013-01-24,877.33
2013-01-25,884.16
2013-01-28,884.27
2013-01-29,885.8
2013-01-30,880.28
2013-01-31,870.89
2013-02-01,873.18
2013-02-04,845.82
2013-02-05,854.21
2013-02-06,843.5
2013-02-07,837.24
2013-02-08,847.67
2013-02-11,845.2
2013-02-12,853.65
2013-02-13,856.24
2013-02-14,849.3
2013-02-15,842.83
2013-02-18,843.28
2013-02-19,858.01
2013-02-20,850.92
2013-02-21,831.39
2013-02-22,847.6
2013-02-25,854.63
2013-02-26,828.41
2013-02-27,841.74
2013-02-28,848.72
2013-03-01,843.31
2013-03-04,844.29
2013-03-05,864.67
2013-03-06,863.83
2013-03-07,867.36
2013-03-08,879.59
2013-03-11,876.34
2013-03-12,874.13
2013-03-13,871.84
2013-03-14,884.72
2013-03-15,878.6
2013-03-18,872.77
2013-03-19,861.96
2013-03-20,873.88
2013-03-21,865.82
2013-03-22,865.09
2013-03-25,854.65
2013-03-26,852.01
2013-03-27,842.77
2013-03-28,846.5
2013-04-02,864.49
2013-04-03,851.33
2013-04-04,845.66
2013-04-05,834.0
2013-04-08,835.64
2013-04-09,837.53
2013-04-10,858.99
2013-04-11,864.26
2013-04-12,851.87
2013-04-15,849.04
2013-04-16,844.05
2013-04-17,826.0
2013-04-18,826.65
2013-04-19,833.54
2013-04-22,836.54
2013-04-23,862.54
2013-04-24,875.23
2013-04-25,876.51
2013-04-26,871.37
2013-04-29,884.56
2013-04-30,882.81
2013-05-01,882.72
2013-05-02,886.39
2013-05-03,901.43
2013-05-06,898.32
2013-05-07,905.06
2013-05-08,911.48
2013-05-09,910.34
2013-05-10,914.39
2013-05-13,911.81
2013-05-14,918.49
2013-05-15,923.51
2013-05-16,922.99
2013-05-17,927.85
2013-05-20,931.59
2013-05-21,931.51
2013-05-22,935.93
2013-05-23,916.7
2013-05-24,912.96
2013-05-27,923.1
2013-05-28,936.6
2013-05-29,920.5
2013-05-30,924.78
2013-05-31,915.17
2013-06-03,907.94
2013-06-04,910.57
2013-06-05,895.67
2013-06-06,884.93
2013-06-07,900.76
2013-06-10,899.21
2013-06-11,887.24
2013-06-12,882.02
2013-06-13,880.44
2013-06-14,882.29
2013-06-17,893.99
2013-06-18,893.41
2013-06-19,887.8
2013-06-20,855.74
2013-06-21,843.51
2013-06-24,832.28
2013-06-25,842.73
2013-06-26,862.43
2013-06-27,868.08
2013-06-28,862.36
2013-07-01,868.99
2013-07-02,862.56
2013-07-03,852.24
2013-07-04,877.36
2013-07-05,860.61
2013-07-08,878.8
2013-07-09,883.2
2013-07-10,882.03
2013-07-11,889.2
2013-07-12,887.06
2013-07-15,891.87
2013-07-16,884.87
2013-07-17,890.27
2013-07-18,902.26
2013-07-19,901.66
2013-07-22,904.72
2013-07-23,903.89
2013-07-24,913.64
2013-07-25,909.66
2013-07-26,910.22
2013-07-29,910.14
2013-07-30,915.95
2013-07-31,918.91
2013-08-01,932.36
2013-08-02,933.14
2013-08-05,932.5
2013-08-06,926.42
2013-08-07,927.87
2013-08-08,935.32
2013-08-09,938.22
2013-08-12,938.73
2013-08-13,943.54
2013-08-14,947.01
2013-08-15,941.62
2013-08-16,947.74
2013-08-19,937.47
2013-08-20,925.73
2013-08-21,921.28
2013-08-22,933.81
2013-08-23,938.37
2013-08-26,936.84
2013-08-27,912.87
2013-08-28,910.74
2013-08-29,915.95
2013-08-30,903.68
2013-09-02,921.19
2013-09-03,914.3
2013-09-04,915.94
2013-09-05,921.23
2013-09-06,930.93
2013-09-09,929.23
2013-09-10,946.86
2013-09-11,950.86
2013-09-12,950.41
2013-09-13,952.08
2013-09-16,961.22
2013-09-17,960.0
2013-09-18,965.96
2013-09-19,975.02
2013-09-20,972.03
2013-09-23,965.9
2013-09-24,972.13
2013-09-25,973.6
2013-09-26,972.15
2013-09-27,970.94
2013-09-30,962.53
2013-10-01,975.79
2013-10-02,970.9
2013-10-03,965.51
2013-10-04,974.23
2013-10-07,972.47
2013-10-08,965.92
2013-10-09,966.38
2013-10-10,987.9
2013-10-11,989.52
2013-10-14,990.65
2013-10-15,999.6
2013-10-16,1004.12
2013-10-17,1002.46
2013-10-18,1010.09
2013-10-21,1008.54
2013-10-22,1014.24
2013-10-23,1004.71
2013-10-24,1011.97
2013-10-25,1010.48
2013-10-28,1006.33
2013-10-29,1015.86
2013-10-30,1012.54
2013-10-31,1021.62
2013-11-01,1016.36
2013-11-04,1019.47
2013-11-05,1011.06
2013-11-06,1018.87
2013-11-07,1014.39
2013-11-08,1011.7
2013-11-11,1017.83
2013-11-12,1011.78
2013-11-13,1007.52
2013-11-14,1018.36
2013-11-15,1019.33
2013-11-18,1028.26
2013-11-19,1017.54
2013-11-20,1016.93
2013-11-21,1015.93
2013-11-22,1019.81
2013-11-25,1025.41
2013-11-26,1022.03
2013-11-27,1028.72
2013-11-28,1032.15
2013-11-29,1030.22
2013-12-02,1027.08
2013-12-03,1005.94
2013-12-04,998.55
2013-12-05,985.67
2013-12-06,994.92
2013-12-09,997.84
2013-12-10,988.56
2013-12-11,984.03
2013-12-12,977.63
2013-12-13,975.56
2013-12-16,995.27
2013-12-17,982.9
2013-12-18,994.04
2013-12-19,1012.74
2013-12-20,1018.85
2013-12-23,1026.26
2013-12-24,1026.92
2013-12-27,1039.79
2013-12-30,1036.3
2013-12-31,1038.99
2014-01-02,1022.6
2014-01-03,1027.44
2014-01-06,1025.68
2014-01-07,1039.65
2014-01-08,1039.55
2014-01-09,1032.73
2014-01-10,1037.3699
2014-01-13,1040.32
2014-01-14,1042.8599
2014-01-15,1060.26
2014-01-16,1054.05
2014-01-17,1055.3599
2014-01-20,1055.05
2014-01-21,1055.02
2014-01-22,1054.41
2014-01-23,1042.97
2014-01-24,1013.23
2014-01-27,1008.69
2014-01-28,1016.71
2014-01-29,1008.97
2014-01-30,1014.28
2014-01-31,1009.81
2014-02-03,993.06
2014-02-04,992.57
2014-02-05,992.8
2014-02-06,1008.98
2014-02-07,1018.27
2014-02-10,1016.27
2014-02-11,1031.2
2014-02-12,1037.17
2014-02-13,1038.19
2014-02-14,1045.27
2014-02-17,1045.22
2014-02-18,1044.72
2014-02-19,1045.85
2014-02-20,1046.1099
2014-02-21,1049.49
2014-02-24,1058.09
2014-02-25,1058.14
2014-02-26,1055.03
2014-02-27,1050.59
2014-02-28,1055.38
2014-03-03,1023.46
2014-03-04,1051.05
2014-03-05,1051.1099
2014-03-06,1053.98
2014-03-07,1037.48
2014-03-10,1036.64
2014-03-11,1036.56
2014-03-12,1027.48
2014-03-13,1012.09
2014-03-14,1007.09
2014-03-17,1022.02
2014-03-18,1030.26
2014-03-19,1031.13
2014-03-20,1035.33
2014-03-21,1037.88
2014-03-24,1024.02
2014-03-25,1038.69
2014-03-26,1049.93
2014-03-27,1051.13
2014-03-28,1064.1099
2014-03-31,1061.0
2014-04-01,1069.3
2014-04-02,1069.67
2014-04-03,1076.15
2014-04-04,1084.07
2014-04-07,1069.18
2014-04-08,1066.39
2014-04-09,1068.1099
2014-04-10,1059.26
2014-04-11,1047.05
2014-04-14,1053.32
2014-04-15,1039.85
2014-04-16,1055.9
2014-04-17,1061.73
2014-04-22,1076.5
2014-04-23,1068.52
2014-04-24,1073.38
2014-04-25,1059.58
2014-04-28,1065.79
2014-04-29,1080.54
2014-04-30,1078.57
2014-05-01,1078.66
2014-05-02,1073.98
2014-05-05,1074.1199
2014-05-06,1066.84
2014-05-07,1071.77
2014-05-08,1088.24
2014-05-09,1081.38
2014-05-12,1091.49
2014-05-13,1093.13
2014-05-14,1093.58
2014-05-15,1077.5
2014-05-16,1082.48
2014-05-19,1083.34
2014-05-20,1082.17
2014-05-21,1090.09
2014-05-22,1090.92
2014-05-23,1096.7
2014-05-26,1109.4
2014-05-27,1111.18
2014-05-28,1112.26
2014-05-29,1111.97
2014-05-30,1111.95
2014-06-02,1114.38
2014-06-03,1112.06
2014-06-04,1111.0
2014-06-05,1120.99
2014-06-06,1130.33
2014-06-09,1134.1
2014-06-10,1137.03
2014-06-11,1128.8599
2014-06-12,1127.21
2014-06-13,1126.72
2014-06-16,1119.3599
2014-06-17,1124.14
2014-06-18,1125.47
2014-06-19,1137.91
2014-06-20,1133.64
2014-06-23,1127.3
2014-06-24,1128.07
2014-06-25,1117.6
2014-06-26,1111.03
2014-06-27,1109.2
2014-06-30,1109.33
2014-07-01,1119.8
2014-07-02,1117.58
2014-07-03,1130.89
2014-07-04,1124.26
2014-07-07,1110.67
2014-07-08,1094.67
2014-07-09,1101.1
2014-07-10,1083.31
2014-07-11,1085.53
2014-07-14,1095.44
2014-07-15,1085.3699
2014-07-16,1102.3
2014-07-17,1086.77
2014-07-18,1088.97
2014-07-21,1079.63
2014-07-22,1097.58
2014-07-23,1098.93
2014-07-24,1108.2
2014-07-25,1092.68
2014-07-28,1091.5
2014-07-29,1098.04
2014-07-30,1090.7
2014-07-31,1072.21
2014-08-01,1057.43
2014-08-04,1056.71
2014-08-05,1057.31
2014-08-06,1050.04
2014-08-07,1037.14
2014-08-08,1035.05
2014-08-11,1049.07
2014-08-12,1040.88
2014-08-13,1052.04
2014-08-14,1052.72
2014-08-15,1044.24
2014-08-18,1057.98
2014-08-19,1064.06
2014-08-20,1061.45
2014-08-21,1075.58
2014-08-22,1066.6099
2014-08-25,1089.66
2014-08-26,1100.7
2014-08-27,1099.71
2014-08-28,1089.38
2014-08-29,1092.2
2014-09-01,1093.03
2014-09-02,1094.84
2014-09-03,1108.1099
2014-09-04,1128.22
2014-09-05,1127.53
2014-09-08,1124.8699
2014-09-09,1117.26
2014-09-10,1116.83
2014-09-11,1114.6199
2014-09-12,1113.7
2014-09-15,1112.54
2014-09-16,1109.1
2014-09-17,1114.51
2014-09-18,1126.19
2014-09-19,1126.84
2014-09-22,1122.23
2014-09-23,1105.25
2014-09-24,1118.38
2014-09-25,1104.0
2014-09-26,1109.96
2014-09-29,1098.96
2014-09-30,1112.4
2014-10-01,1101.77
2014-10-02,1071.19
2014-10-03,1080.49
2014-10-06,1082.31
2014-10-07,1062.81
2014-10-08,1052.88
2014-10-09,1049.13
2014-10-10,1031.56
2014-10-13,1034.35
2014-10-14,1035.27
2014-10-15,997.87
2014-10-16,991.69
2014-10-17,1021.91
2014-10-20,1010.83
2014-10-21,1032.99
2014-10-22,1038.88
2014-10-23,1051.23
2014-10-24,1046.42
2014-10-27,1035.54
2014-10-28,1048.42
2014-10-29,1043.68
2014-10-30,1048.33
2014-10-31,1075.07
2014-11-03,1064.44
2014-11-04,1047.84
2014-11-05,1067.63
2014-11-06,1071.51
2014-11-07,1058.67
2014-11-10,1068.93
2014-11-11,1072.54
2014-11-12,1053.16
2014-11-13,1056.44
2014-11-14,1057.54
2014-11-17,1066.1199
2014-11-18,1078.43
2014-11-19,1080.1
2014-11-20,1072.8599
2014-11-21,1104.69
2014-11-24,1110.73
2014-11-25,1115.73
2014-11-26,1115.71
2014-11-27,1122.22
2014-11-28,1124.3
2014-12-01,1118.07
2014-12-02,1120.51
2014-12-03,1123.75
2014-12-04,1104.21
2014-12-05,1134.23
2014-12-08,1124.06
2014-12-09,1094.57
2014-12-10,1090.47
2014-12-11,1093.3
2014-12-12,1061.53
2014-12-15,1033.09
2014-12-16,1056.32
2014-12-17,1057.02
2014-12-18,1092.27
2014-12-19,1087.94
2014-12-22,1093.19
2014-12-23,1106.21
2014-12-24,1103.5
2014-12-29,1103.68
2014-12-30,1086.6199
2014-12-31,1090.25
2015-01-02,1087.83
2015-01-05,1047.53
2015-01-06,1042.25
2015-01-07,1048.8
2015-01-08,1086.32
2015-01-09,1054.38
2015-01-12,1068.68
2015-01-13,1085.9
2015-01-14,1071.58
2015-01-15,1095.06
2015-01-16,1110.63
2015-01-19,1117.1
2015-01-20,1125.43
2015-01-21,1134.03
2015-01-22,1152.38
2015-01-23,1173.16
2015-01-26,1184.17
2015-01-27,1169.7
2015-01-28,1166.4
2015-01-29,1170.8699
2015-01-30,1163.79
2015-02-02,1170.27
2015-02-03,1185.58
2015-02-04,1186.04
2015-02-05,1184.01
2015-02-06,1180.26
2015-02-09,1162.75
2015-02-10,1175.04
2015-02-11,1171.91
2015-02-12,1187.01
2015-02-13,1197.43
2015-02-16,1192.46
2015-02-17,1194.25
2015-02-18,1203.75
2015-02-19,1211.49
2015-02-20,1212.34
2015-02-23,1222.43
2015-02-24,1231.99
2015-02-25,1230.14
2015-02-26,1241.66
2015-02-27,1250.01
2015-03-02,1247.27
2015-03-03,1232.69
2015-03-04,1244.6099
2015-03-05,1256.69
2015-03-06,1256.48
2015-03-09,1253.93
2015-03-10,1238.99
2015-03-11,1267.57
2015-03-12,1264.71
2015-03-13,1269.88
2015-03-16,1287.44
2015-03-17,1275.42
2015-03-18,1274.16
2015-03-19,1274.93
2015-03-20,1294.15
2015-03-23,1285.55
2015-03-24,1297.03
2015-03-25,1280.59
2015-03-26,1275.64
2015-03-27,1278.85
2015-03-30,1296.25
2015-03-31,1285.67
2015-04-01,1291.76
2015-04-02,1293.23
2015-04-07,1311.83
2015-04-08,1302.75
2015-04-09,1316.38
2015-04-10,1328.55
2015-04-13,1332.74
2015-04-14,1318.48
2015-04-15,1325.1099
2015-04-16,1307.05
2015-04-17,1279.99
2015-04-20,1295.32
2015-04-21,1296.78
2015-04-22,1298.56
2015-04-23,1289.54
2015-04-24,1296.21
2015-04-27,1316.63
2015-04-28,1297.07
2015-04-29,1262.75
2015-04-30,1263.28
2015-05-01,1263.28
2015-05-04,1271.77
2015-05-05,1241.88
2015-05-06,1246.6
2015-05-07,1248.18
2015-05-08,1281.48
2015-05-11,1276.07
2015-05-12,1258.96
2015-05-13,1252.28
2015-05-14,1270.0
2015-05-15,1259.72
2015-05-18,1268.13
2015-05-19,1296.98
2015-05-20,1302.49
2015-05-21,1304.93
2015-05-22,1302.94
2015-05-25,1294.54
2015-05-26,1282.28
2015-05-27,1304.8
2015-05-28,1294.89
2015-05-29,1266.54
2015-06-01,1268.43
2015-06-02,1263.77
2015-06-03,1271.55
2015-06-04,1261.81
2015-06-05,1245.3599
2015-06-08,1231.79
2015-06-09,1227.7
2015-06-10,1252.8
2015-06-11,1261.83
2015-06-12,1244.38
2015-06-15,1221.39
2015-06-16,1227.08
2015-06-17,1218.32
2015-06-18,1226.3
2015-06-19,1228.2
2015-06-22,1278.6199
2015-06-23,1289.26
2015-06-24,1283.92
2015-06-25,1283.9
2015-06-26,1287.6199
2015-06-29,1233.41
2015-06-30,1217.55
2015-07-01,1243.14
2015-07-02,1231.66
2015-07-03,1224.47
2015-07-06,1197.23
2015-07-07,1171.97
2015-07-08,1183.82
2015-07-09,1216.74
2015-07-10,1255.44
2015-07-13,1277.3599
2015-07-14,1283.33
2015-07-15,1289.26
2015-07-16,1308.24
2015-07-17,1306.08
2015-07-20,1311.8599
2015-07-21,1298.1099
2015-07-22,1293.71
2015-07-23,1293.3699
2015-07-24,1281.05
2015-07-27,1250.1199
2015-07-28,1264.72
2015-07-29,1272.34
2015-07-30,1275.28
2015-07-31,1281.29
2015-08-03,1294.05
2015-08-04,1288.32
2015-08-05,1308.77
2015-08-06,1306.08
2015-08-07,1295.68
2015-08-10,1308.91
2015-08-11,1284.09
2015-08-12,1241.05
2015-08-13,1252.35
2015-08-14,1243.4
2015-08-17,1245.85
2015-08-18,1244.95
2015-08-19,1221.6099
2015-08-20,1194.41
2015-08-21,1156.58
2015-08-24,1094.65
2015-08-25,1146.16
2015-08-26,1129.32
2015-08-27,1168.52
2015-08-28,1170.59
2015-08-31,1164.55
2015-09-01,1135.73
2015-09-02,1139.34
2015-09-03,1164.71
2015-09-04,1132.71
2015-09-07,1139.02
2015-09-08,1151.8
2015-09-09,1164.67
2015-09-10,1147.28
2015-09-11,1135.45
2015-09-14,1131.07
2015-09-15,1142.46
2015-09-16,1158.19
2015-09-17,1159.6199
2015-09-18,1124.54
2015-09-21,1134.9
2015-09-22,1096.17
2015-09-23,1097.58
2015-09-24,1075.96
2015-09-25,1109.4
2015-09-28,1083.92
2015-09-29,1080.5
2015-09-30,1105.75
2015-10-01,1094.48
2015-10-02,1101.3
2015-10-05,1138.03
2015-10-06,1148.63
2015-10-07,1150.88
2015-10-08,1150.3599
2015-10-09,1159.41
2015-10-12,1158.34
2015-10-13,1149.49
2015-10-14,1138.89
2015-10-15,1155.75
2015-10-16,1165.07
2015-10-19,1167.6099
2015-10-20,1162.18
2015-10-21,1168.07
2015-10-22,1196.94
2015-10-23,1222.89
2015-10-26,1218.89
2015-10-27,1206.9
2015-10-28,1221.21
2015-10-29,1218.72
2015-10-30,1220.45
2015-11-02,1226.25
2015-11-03,1229.26
2015-11-04,1228.0
2015-11-05,1230.97
2015-11-06,1238.38
2015-11-09,1220.57
2015-11-10,1223.25
2015-11-11,1231.47
2015-11-12,1210.45
2015-11-13,1200.79
2015-11-16,1201.35
2015-11-17,1233.41
2015-11-18,1227.08
2015-11-19,1233.16
2015-11-20,1234.42
2015-11-23,1231.85
2015-11-24,1219.1
2015-11-25,1237.8599
2015-11-26,1250.93
2015-11-27,1247.48
2015-11-30,1253.73
2015-12-01,1244.34
2015-12-02,1240.42
2015-12-03,1195.6
2015-12-04,1191.1
2015-12-07,1201.8599
2015-12-08,1179.42
2015-12-09,1172.17
2015-12-10,1169.59
2015-12-11,1145.71
2015-12-14,1122.83
2015-12-15,1159.41
2015-12-16,1161.29
2015-12-17,1182.64
2015-12-18,1166.28
2015-12-21,1150.13
2015-12-22,1150.6
2015-12-23,1176.5
2015-12-24,1175.71
2015-12-28,1165.69
2015-12-29,1186.38
2015-12-30,1176.97
2015-12-31,1169.64
2016-01-04,1132.8599
2016-01-05,1137.6
2016-01-06,1123.75
2016-01-07,1104.19
2016-01-08,1085.8599
2016-01-11,1083.72
2016-01-12,1097.71
2016-01-13,1100.7
2016-01-14,1083.15
2016-01-15,1057.53
2016-01-18,1051.41
2016-01-19,1067.56
2016-01-20,1032.5
2016-01-21,1054.46
2016-01-22,1082.8599
2016-01-25,1075.19
2016-01-26,1086.31
2016-01-27,1091.6099
2016-01-28,1068.64
2016-01-29,1092.19
2016-02-01,1083.95
2016-02-02,1059.14
2016-02-03,1039.32
2016-02-04,1042.69
2016-02-05,1033.39
2016-02-08,999.58
2016-02-09,982.11
2016-02-10,1000.97
2016-02-11,961.96
2016-02-12,989.17
2016-02-15,1017.05
2016-02-16,1012.53
2016-02-17,1039.97
2016-02-18,1039.05
2016-02-19,1030.4
2016-02-22,1052.96
2016-02-23,1036.26
2016-02-24,1012.17
2016-02-25,1032.69
2016-02-26,1051.26
2016-02-29,1057.21
2016-03-01,1075.38
2016-03-02,1084.6199
2016-03-03,1081.3
2016-03-04,1090.09
2016-03-07,1084.25
2016-03-08,1077.4
2016-03-09,1082.49
2016-03-10,1066.19
2016-03-11,1103.17
2016-03-14,1109.69
2016-03-15,1100.8
2016-03-16,1098.95
2016-03-17,1092.15
2016-03-18,1098.13
2016-03-21,1095.0
2016-03-22,1095.88
2016-03-23,1092.98
2016-03-24,1072.97
2016-03-29,1079.49
2016-03-30,1093.58
2016-03-31,1079.51
2016-04-01,1060.95
2016-04-04,1064.19
2016-04-05,1038.79
2016-04-06,1045.6199
2016-04-07,1033.79
2016-04-08,1048.33
2016-04-11,1052.75
2016-04-12,1059.18
2016-04-13,1094.13
2016-04-14,1101.93
2016-04-15,1099.58
2016-04-18,1103.45
2016-04-19,1121.41
2016-04-20,1132.05
2016-04-21,1135.3599
2016-04-22,1131.55
2016-04-25,1123.08
2016-04-26,1125.43
2016-04-27,1129.6
2016-04-28,1129.4
2016-04-29,1095.49
2016-05-02,1100.1099
2016-05-03,1079.14
2016-05-04,1066.27
2016-05-05,1070.35
2016-05-06,1070.34
2016-05-09,1077.26
2016-05-10,1087.64
2016-05-11,1079.52
2016-05-12,1071.76
2016-05-13,1080.7
2016-05-16,1080.17
2016-05-17,1075.56
2016-05-18,1082.28
2016-05-19,1069.1
2016-05-20,1084.83
2016-05-23,1077.2
2016-05-24,1105.55
2016-05-25,1125.3699
2016-05-26,1129.88
2016-05-27,1132.56
2016-05-30,1136.8
2016-05-31,1127.04
2016-06-01,1117.94
2016-06-02,1117.59
2016-06-03,1104.21
2016-06-06,1107.0
2016-06-07,1121.3
2016-06-08,1113.58
2016-06-09,1102.81
2016-06-10,1074.06
2016-06-13,1052.81
2016-06-14,1032.03
2016-06-15,1044.24
2016-06-16,1040.19
2016-06-17,1051.73
2016-06-20,1087.04
2016-06-21,1096.53
2016-06-22,1100.58
2016-06-23,1122.6099
2016-06-24,1025.8699
2016-06-27,996.81
2016-06-28,1019.44
2016-06-29,1046.6
2016-06-30,1058.63
2016-07-01,1065.4
2016-07-04,1057.97
2016-07-05,1040.21
2016-07-06,1021.45
2016-07-07,1028.38
2016-07-08,1049.8
2016-07-11,1067.3
2016-07-12,1085.1
2016-07-13,1082.4
2016-07-14,1096.06
2016-07-15,1094.42
2016-07-18,1090.92
2016-07-19,1084.23
2016-07-20,1097.49
2016-07-21,1098.06
2016-07-22,1099.45
2016-07-25,1099.81
2016-07-26,1101.91
2016-07-27,1109.97
2016-07-28,1097.6199
2016-07-29,1106.75
2016-08-01,1098.07
2016-08-02,1075.75
2016-08-03,1077.26
2016-08-04,1085.41
2016-08-05,1101.26
2016-08-08,1104.67
2016-08-09,1121.8
2016-08-10,1117.83
2016-08-11,1129.15
2016-08-12,1127.64
2016-08-15,1128.27
2016-08-16,1116.99
2016-08-17,1103.79
2016-08-18,1109.25
2016-08-19,1099.22
2016-08-22,1096.32
2016-08-23,1108.67
2016-08-24,1114.18
2016-08-25,1106.44
2016-08-26,1114.83
2016-08-29,1110.44
2016-08-30,1122.38
2016-08-31,1119.56
2016-09-01,1117.47
2016-09-02,1140.52
2016-09-05,1139.75
2016-09-06,1136.98
2016-09-07,1144.94
2016-09-08,1141.93
2016-09-09,1130.69
2016-09-12,1115.76
2016-09-13,1101.66
2016-09-14,1097.99
2016-09-15,1101.28
2016-09-16,1087.01
2016-09-19,1099.82
2016-09-20,1098.54
2016-09-21,1104.96
2016-09-22,1130.72
2016-09-23,1123.53
2016-09-26,1102.63
2016-09-27,1101.6
2016-09-28,1109.1199
2016-09-29,1109.29
2016-09-30,1113.24
2016-10-03,1112.14
2016-10-04,1123.64
2016-10-05,1122.44
2016-10-06,1120.7
2016-10-07,1112.91
2016-10-10,1125.96
2016-10-11,1120.3699
2016-10-12,1116.13
2016-10-13,1103.89
2016-10-14,1122.49
2016-10-17,1116.38
2016-10-18,1130.94
2016-10-19,1134.27
2016-10-20,1141.94
2016-10-21,1142.32
2016-10-24,1148.34
2016-10-25,1145.94
2016-10-26,1143.56
2016-10-27,1145.39
2016-10-28,1143.19
2016-10-31,1134.3699
2016-11-01,1122.46
2016-11-02,1106.5
2016-11-03,1104.02
2016-11-04,1096.98
2016-11-07,1117.31
2016-11-08,1122.76
2016-11-09,1134.96
2016-11-10,1131.3599
2016-11-11,1125.2
2016-11-14,1128.84
2016-11-15,1134.03
2016-11-16,1125.35
2016-11-17,1131.08
2016-11-18,1123.29
2016-11-21,1127.8
2016-11-22,1132.03
2016-11-23,1127.5
2016-11-24,1130.64
2016-11-25,1133.53
2016-11-28,1121.79
2016-11-29,1130.04
2016-11-30,1134.95
2016-12-01,1127.27
2016-12-02,1121.38
2016-12-05,1135.59
2016-12-06,1153.46
2016-12-07,1168.89
2016-12-08,1185.09
2016-12-09,1189.45
2016-12-12,1190.04
2016-12-13,1204.03
2016-12-14,1194.73
2016-12-15,1208.8699
2016-12-16,1212.41
2016-12-19,1212.03
2016-12-20,1220.05
2016-12-21,1217.68
2016-12-22,1217.21
2016-12-23,1218.8699
2016-12-27,1220.57
2016-12-28,1220.64
2016-12-29,1218.05
2016-12-30,1225.03
2017-01-02,1231.79
2017-01-03,1234.15
2017-01-04,1235.09
2017-01-05,1235.1199
2017-01-06,1236.8699
2017-01-09,1232.33
2017-01-10,1231.59
2017-01-11,1232.24
2017-01-12,1224.32
2017-01-13,1238.34
2017-01-16,1227.24
2017-01-17,1223.71
2017-01-18,1227.04
2017-01-19,1225.68
2017-01-20,1229.07
2017-01-23,1219.6199
2017-01-24,1222.78
2017-01-25,1239.41
2017-01-26,1236.8
2017-01-27,1230.91
2017-01-30,1216.21
2017-01-31,1204.27
2017-02-01,1214.8
2017-02-02,1214.51
2017-02-03,1221.79
2017-02-06,1208.8
2017-02-07,1207.83
2017-02-08,1208.7
2017-02-09,1223.82
2017-02-10,1221.22
2017-02-13,1234.06
2017-02-14,1235.43
2017-02-15,1240.96
2017-02-16,1236.23
2017-02-17,1235.4
2017-02-20,1236.73
2017-02-21,1246.79
2017-02-22,1246.77
2017-02-23,1244.79
2017-02-24,1233.64
2017-02-27,1235.58
2017-02-28,1239.43
2017-03-01,1265.79
2017-03-02,1263.74
2017-03-03,1270.71
2017-03-06,1264.76
2017-03-07,1263.89
2017-03-08,1265.57
2017-03-09,1273.35
2017-03-10,1275.73
2017-03-13,1275.44
2017-03-14,1269.45
2017-03-15,1273.14
2017-03-16,1284.58
2017-03-17,1287.74
2017-03-20,1284.48
2017-03-21,1281.54
2017-03-22,1278.21
2017-03-23,1289.97
2017-03-24,1286.97
2017-03-27,1284.63
2017-03-28,1295.07
2017-03-29,1298.88
2017-03-30,1303.03
2017-03-31,1310.27
2017-04-03,1300.27
2017-04-04,1303.53
2017-04-05,1300.13
2017-04-06,1306.49
2017-04-07,1308.83
2017-04-10,1303.08
2017-04-11,1299.18
2017-04-12,1298.6099
2017-04-13,1291.03
2017-04-18,1277.44
2017-04-19,1282.03
2017-04-20,1289.17
2017-04-21,1289.26
2017-04-24,1341.22
2017-04-25,1343.84
2017-04-26,1342.17
2017-04-27,1337.8
2017-04-28,1337.1099
2017-05-01,1337.1099
2017-05-02,1346.98
2017-05-03,1350.01
2017-05-04,1367.95
2017-05-05,1381.54
2017-05-08,1375.91
2017-05-09,1378.55
2017-05-10,1378.2
2017-05-11,1370.94
2017-05-12,1377.08
2017-05-15,1381.39
2017-05-16,1383.83
2017-05-17,1362.33
2017-05-18,1353.74
2017-05-19,1363.38
2017-05-22,1360.83
2017-05-23,1367.8699
2017-05-24,1365.22
2017-05-25,1364.44
2017-05-26,1362.33
2017-05-29,1362.3
2017-05-30,1357.24
2017-05-31,1355.72
2017-06-01,1361.53
2017-06-02,1371.0
2017-06-05,1367.17
2017-06-06,1357.48
2017-06-07,1355.44
2017-06-08,1361.18
2017-06-09,1369.66
2017-06-12,1354.38
2017-06-13,1359.7
2017-06-14,1356.1099
2017-06-15,1347.82
2017-06-16,1354.8599
2017-06-19,1368.68
2017-06-20,1361.44
2017-06-21,1359.03
2017-06-22,1359.57
2017-06-23,1354.95
2017-06-26,1361.8599
2017-06-27,1352.9
2017-06-28,1351.9
2017-06-29,1327.29
2017-06-30,1316.02
2017-07-03,1335.1199
2017-07-04,1330.69
2017-07-05,1330.8699
2017-07-06,1324.6199
2017-07-07,1325.3
2017-07-10,1330.74
2017-07-11,1325.54
2017-07-12,1344.96
2017-07-13,1349.78
2017-07-14,1349.06
2017-07-17,1345.39
2017-07-18,1330.97
2017-07-19,1339.24
2017-07-20,1338.94
2017-07-21,1320.66
2017-07-24,1321.6099
2017-07-25,1329.4
2017-07-26,1336.16
2017-07-27,1336.91
2017-07-28,1327.18
2017-07-31,1320.15
2017-08-01,1330.88
2017-08-02,1324.51
2017-08-03,1327.52
2017-08-04,1343.77
2017-08-07,1343.15
2017-08-08,1346.92
2017-08-09,1328.84
2017-08-10,1315.47
2017-08-11,1305.05
2017-08-14,1322.03
2017-08-15,1326.34
2017-08-16,1335.02
2017-08-17,1326.3599
2017-08-18,1320.26
2017-08-21,1311.64
2017-08-22,1323.92
2017-08-23,1317.42
2017-08-24,1319.76
2017-08-25,1317.39
2017-08-28,1310.68
2017-08-29,1298.1099
2017-08-30,1304.04
2017-08-31,1310.85
2017-09-01,1319.43
2017-09-04,1314.1099
2017-09-05,1310.6099
2017-09-06,1315.57
2017-09-07,1320.97
2017-09-08,1320.98
2017-09-11,1339.18
2017-09-12,1345.84
2017-09-13,1349.89
2017-09-14,1351.17
2017-09-15,1346.99
2017-09-18,1351.84
2017-09-19,1353.55
2017-09-20,1351.39
2017-09-21,1356.77
2017-09-22,1357.47
2017-09-25,1356.96
2017-09-26,1356.41
2017-09-27,1363.6199
2017-09-28,1366.8699
2017-09-29,1378.84
2017-10-02,1381.84
2017-10-03,1383.01
2017-10-04,1378.8599
2017-10-05,1386.01
2017-10-06,1382.43
2017-10-09,1385.18
2017-10-10,1380.69
2017-10-11,1384.33
2017-10-12,1383.6199
2017-10-13,1383.24
2017-10-16,1383.9
2017-10-17,1384.48
2017-10-18,1389.4
2017-10-19,1382.66
2017-10-20,1383.81
2017-10-23,1385.26
2017-10-24,1385.96
2017-10-25,1378.58
2017-10-26,1396.14
2017-10-27,1401.9
2017-10-30,1405.72
2017-10-31,1410.34
2017-11-01,1419.34
2017-11-02,1416.3599
2017-11-03,1416.8
2017-11-06,1413.89
2017-11-07,1405.04
2017-11-08,1403.6099
2017-11-09,1387.27
2017-11-10,1380.08
2017-11-13,1372.69
2017-11-14,1366.39
2017-11-15,1362.29
2017-11-16,1369.63
2017-11-17,1362.96
2017-11-20,1368.32
2017-11-21,1375.2
2017-11-22,1368.8
2017-11-23,1372.42
2017-11-24,1375.94
2017-11-27,1369.33
2017-11-28,1376.81
2017-11-29,1379.27
2017-11-30,1371.6
2017-12-01,1355.31
2017-12-04,1374.01
2017-12-05,1372.3699
2017-12-06,1368.91
2017-12-07,1373.35
2017-12-08,1380.4
2017-12-11,1376.84
2017-12-12,1384.32
2017-12-13,1377.17
2017-12-14,1367.35
2017-12-15,1369.01
2017-12-18,1387.81
2017-12-19,1378.23
2017-12-20,1366.85
2017-12-21,1373.83
2017-12-22,1367.14
2017-12-27,1365.9
2017-12-28,1355.95
2017-12-29,1348.1199
2018-01-02,1342.82
2018-01-03,1350.4
2018-01-04,1373.1
2018-01-05,1388.01
2018-01-08,1391.4
2018-01-09,1393.8699
2018-01-10,1388.85
2018-01-11,1383.69
2018-01-12,1390.38
2018-01-15,1390.07
2018-01-16,1394.0
2018-01-17,1390.44
2018-01-18,1393.57
2018-01-19,1404.41
2018-01-22,1411.1099
2018-01-23,1413.81
2018-01-24,1402.6199
2018-01-25,1397.59
2018-01-26,1404.23
2018-01-29,1402.55
2018-01-30,1389.1199
2018-01-31,1390.1
2018-02-01,1379.56
2018-02-02,1358.71
2018-02-05,1341.55
2018-02-06,1309.21
2018-02-07,1332.19
2018-02-08,1302.41
2018-02-09,1282.63
2018-02-12,1298.92
2018-02-13,1288.39
2018-02-14,1299.53
2018-02-15,1307.49
2018-02-16,1321.83
2018-02-19,1314.49
2018-02-20,1325.02
2018-02-21,1323.1199
2018-02-22,1323.83
2018-02-23,1327.48
2018-02-26,1335.8599
2018-02-27,1333.8699
2018-02-28,1326.52
2018-03-01,1311.16
2018-03-02,1282.46
2018-03-05,1294.25
2018-03-06,1295.24
2018-03-07,1302.76
2018-03-08,1316.85
2018-03-09,1319.65
2018-03-12,1323.09
2018-03-13,1310.7
2018-03-14,1308.24
2018-03-15,1317.17
2018-03-16,1326.15
2018-03-19,1310.59
2018-03-20,1317.26
2018-03-21,1313.0
2018-03-22,1292.6
2018-03-23,1273.25
2018-03-26,1265.78
2018-03-27,1280.84
2018-03-28,1286.3599
2018-03-29,1298.05
2018-04-03,1292.42
2018-04-04,1289.88
2018-04-05,1324.48
2018-04-06,1318.64
2018-04-09,1321.25
2018-04-10,1330.51
2018-04-11,1323.14
2018-04-12,1332.52
2018-04-13,1334.5
2018-04-16,1332.29
2018-04-17,1347.09
2018-04-18,1352.1199
2018-04-19,1350.46
2018-04-20,1353.66
2018-04-23,1360.97
2018-04-24,1360.68
2018-04-25,1353.02
2018-04-26,1361.82
2018-04-27,1367.9
2018-04-30,1375.64
2018-05-01,1375.54
2018-05-02,1383.06
2018-05-03,1375.29
2018-05-04,1384.76
2018-05-07,1392.13
2018-05-08,1389.66
2018-05-09,1394.29
2018-05-10,1396.94
2018-05-11,1397.28
2018-05-14,1397.3699
2018-05-15,1396.8
2018-05-16,1396.23
2018-05-17,1407.73
2018-05-18,1403.31
2018-05-21,1405.29
2018-05-22,1411.44
2018-05-23,1393.56
2018-05-24,1385.67
2018-05-25,1383.27
2018-05-28,1372.67
2018-05-29,1351.51
2018-05-30,1359.7
2018-05-31,1346.67
2018-06-01,1365.2
2018-06-04,1371.54
2018-06-05,1366.95
2018-06-06,1368.55
2018-06-07,1368.13
2018-06-08,1363.2
2018-06-11,1377.55
2018-06-12,1375.71
2018-06-13,1377.82
2018-06-14,1396.65
2018-06-15,1387.9
2018-06-18,1372.7
2018-06-19,1360.29
2018-06-20,1361.99
2018-06-21,1347.71
2018-06-22,1362.78
2018-06-25,1334.1199
2018-06-26,1333.93
2018-06-27,1345.18
2018-06-28,1332.66
2018-06-29,1344.57
2018-07-02,1335.31
2018-07-03,1348.82
2018-07-04,1351.08
2018-07-05,1362.52
2018-07-06,1365.51
2018-07-09,1370.88
2018-07-10,1375.98
2018-07-11,1355.79
2018-07-12,1364.96
2018-07-13,1368.54
2018-07-16,1366.38
2018-07-17,1369.71
2018-07-18,1380.64
2018-07-19,1375.32
2018-07-20,1370.71
2018-07-23,1368.93
2018-07-24,1380.53
2018-07-25,1374.64
2018-07-26,1390.82
2018-07-27,1397.92
2018-07-30,1392.6199
2018-07-31,1397.85
2018-08-01,1391.4
2018-08-02,1375.8699
2018-08-03,1381.1
2018-08-06,1381.99
2018-08-07,1390.35
2018-08-08,1386.08
2018-08-09,1386.29
2018-08-10,1359.3699
2018-08-13,1352.78
2018-08-14,1352.69
2018-08-15,1332.71
2018-08-16,1340.04
2018-08-17,1338.21
2018-08-20,1346.44
2018-08-21,1353.57
2018-08-22,1356.95
2018-08-23,1356.59
2018-08-24,1359.83
2018-08-27,1371.17
2018-08-28,1367.82
2018-08-29,1371.22
2018-08-30,1361.24
2018-08-31,1346.13
2018-09-03,1346.96
2018-09-04,1332.82
2018-09-05,1315.47
2018-09-06,1307.76
2018-09-07,1306.73
2018-09-10,1313.05
2018-09-11,1313.99
2018-09-12,1319.92
2018-09-13,1322.73
2018-09-14,1327.07
2018-09-17,1327.66
2018-09-18,1332.56
2018-09-19,1336.57
2018-09-20,1350.28
2018-09-21,1361.27
2018-09-24,1353.78
2018-09-25,1358.45
2018-09-26,1363.76
2018-09-27,1370.38
2018-09-28,1350.28
2018-10-01,1356.22
2018-10-02,1346.22
2018-10-03,1352.77
2018-10-04,1340.7
2018-10-05,1328.95
2018-10-08,1315.1
2018-10-09,1319.9
2018-10-10,1298.47
2018-10-11,1275.53
2018-10-12,1269.66
2018-10-15,1276.0
2018-10-16,1294.67
2018-10-17,1289.01
2018-10-18,1276.8
2018-10-19,1276.5
2018-10-22,1268.25
2018-10-23,1248.72
2018-10-24,1244.5
2018-10-25,1258.04
2018-10-26,1246.31
2018-10-29,1254.28
2018-10-30,1251.18
2018-10-31,1271.31
2018-11-01,1274.3
2018-11-02,1278.3599
2018-11-05,1279.53
2018-11-06,1275.81
2018-11-07,1291.22
2018-11-08,1287.81
2018-11-09,1284.58
2018-11-12,1270.5
2018-11-13,1282.73
2018-11-14,1274.99
2018-11-15,1269.0
2018-11-16,1265.2
2018-11-19,1257.08
2018-11-20,1239.47
2018-11-21,1254.52
2018-11-22,1243.69
2018-11-23,1247.88
2018-11-26,1262.0
2018-11-27,1259.8699
2018-11-28,1260.6199
2018-11-29,1262.95
2018-11-30,1262.55
2018-12-03,1279.2
2018-12-04,1269.59
2018-12-05,1254.07
2018-12-06,1212.54
2018-12-07,1217.55
2018-12-10,1201.02
2018-12-11,1216.28
2018-12-12,1237.24
2018-12-13,1238.91
2018-12-14,1231.1099
2018-12-17,1219.81
2018-12-18,1211.89
2018-12-19,1216.38
2018-12-20,1195.92
2018-12-21,1196.14
2018-12-24,1185.45
2018-12-27,1170.93
2018-12-28,1190.53
2018-12-31,1196.47
2019-01-02,1193.18
2019-01-03,1177.83
2019-01-04,1212.58
2019-01-07,1209.31
2019-01-08,1217.8
2019-01-09,1224.39
2019-01-10,1226.58
2019-01-11,1224.31
2019-01-14,1218.39
2019-01-15,1223.79
2019-01-16,1227.45
2019-01-17,1224.31
2019-01-18,1250.46
2019-01-21,1247.14
2019-01-22,1242.24
2019-01-23,1241.97
2019-01-24,1247.63
2019-01-25,1262.3699
2019-01-28,1252.0
2019-01-29,1258.45
2019-01-30,1262.35
2019-01-31,1263.23
2019-02-01,1267.9
2019-02-04,1265.53
2019-02-05,1285.46
2019-02-06,1284.55
2019-02-07,1259.76
2019-02-08,1253.71
2019-02-11,1265.7
2019-02-12,1275.75
2019-02-13,1280.4
2019-02-14,1272.84
2019-02-15,1296.27
2019-02-18,1297.69
2019-02-19,1295.54
2019-02-20,1303.57
2019-02-21,1305.25
2019-02-22,1307.99
2019-02-25,1311.77
2019-02-26,1315.49
2019-02-27,1312.8699
2019-02-28,1319.07
2019-03-01,1324.6099
2019-03-04,1326.6099
2019-03-05,1330.64
2019-03-06,1329.63
2019-03-07,1323.54
2019-03-08,1313.44
2019-03-11,1321.78
2019-03-12,1321.58
2019-03-13,1329.38
2019-03-14,1337.06
2019-03-15,1354.68
2019-03-18,1355.43
2019-03-19,1364.8
2019-03-20,1350.14
2019-03-21,1348.15
2019-03-22,1323.46
2019-03-25,1321.3599
2019-03-26,1328.98
2019-03-27,1330.4
2019-03-28,1329.7
2019-03-29,1343.57
2019-04-01,1357.07
2019-04-02,1361.2
2019-04-03,1377.18
2019-04-04,1379.73
2019-04-05,1381.96
2019-04-08,1378.78
2019-04-09,1370.42
2019-04-10,1373.4
2019-04-11,1377.69
2019-04-12,1383.16
2019-04-15,1384.75
2019-04-16,1390.19
2019-04-17,1395.96
2019-04-18,1404.59
2019-04-23,1407.04
2019-04-24,1406.55
2019-04-25,1403.8
2019-04-26,1408.25
2019-04-29,1411.2
2019-04-30,1417.04
2019-05-01,1417.04
2019-05-02,1409.64
2019-05-03,1415.1199
2019-05-06,1400.78
2019-05-07,1376.96
2019-05-08,1383.47
2019-05-09,1360.57
2019-05-10,1365.13
2019-05-13,1349.21
2019-05-14,1366.92
2019-05-15,1376.13
2019-05-16,1399.16
2019-05-17,1394.54
2019-05-20,1375.0
2019-05-21,1382.57
2019-05-22,1382.82
2019-05-23,1360.14
2019-05-24,1369.75
2019-05-27,1376.6
2019-05-28,1370.39
2019-05-29,1351.45
2019-05-30,1359.79
2019-05-31,1344.58
2019-06-03,1352.69
2019-06-04,1366.8
2019-06-05,1369.45
2019-06-06,1368.82
2019-06-07,1385.2
2019-06-10,1388.51
2019-06-11,1395.49
2019-06-12,1389.56
2019-06-13,1391.15
2019-06-14,1386.5
2019-06-17,1388.15
2019-06-18,1417.29
2019-06-19,1418.03
2019-06-20,1423.52
2019-06-21,1423.05
2019-06-24,1418.39
2019-06-25,1413.79
2019-06-26,1413.21
2019-06-27,1412.97
2019-06-28,1425.83
2019-07-01,1435.63
2019-07-02,1439.9
2019-07-03,1453.73
2019-07-04,1455.8599
2019-07-05,1449.22
2019-07-08,1447.49
2019-07-09,1441.73
2019-07-10,1438.52
2019-07-11,1436.55
2019-07-12,1436.92
2019-07-15,1438.81
2019-07-16,1446.67
2019-07-17,1438.54
2019-07-18,1430.84
2019-07-19,1429.75
2019-07-22,1434.38
2019-07-23,1452.03
2019-07-24,1452.04
2019-07-25,1442.69
2019-07-26,1448.58
2019-07-29,1448.38
2019-07-30,1423.41
2019-07-31,1425.05
2019-08-01,1434.58
2019-08-02,1387.76
2019-08-05,1361.49
2019-08-06,1353.57
2019-08-07,1361.1
2019-08-08,1388.34
2019-08-09,1371.4
2019-08-12,1368.45
2019-08-13,1381.04
2019-08-14,1352.88
2019-08-15,1350.44
2019-08-16,1369.49
2019-08-19,1385.99
2019-08-20,1378.19
2019-08-21,1396.56
2019-08-22,1387.83
2019-08-23,1371.6199
2019-08-26,1377.6099
2019-08-27,1386.52
2019-08-28,1384.42
2019-08-29,1403.32
2019-08-30,1409.92
2019-09-02,1412.3
2019-09-03,1407.44
2019-09-04,1419.82
2019-09-05,1433.8599
2019-09-06,1438.18
2019-09-09,1438.1099
2019-09-10,1439.74
2019-09-11,1447.08
2019-09-12,1456.14
2019-09-13,1460.77
2019-09-16,1447.75
2019-09-17,1448.9
2019-09-18,1451.69
2019-09-19,1461.82
2019-09-20,1469.53
2019-09-23,1455.99
2019-09-24,1453.96
2019-09-25,1446.13
2019-09-26,1454.02
2019-09-27,1460.67
2019-09-30,1470.38
2019-10-01,1449.29
2019-10-02,1406.06
2019-10-03,1407.73
2019-10-04,1419.82
2019-10-07,1429.92
2019-10-08,1414.07
2019-10-09,1426.16
2019-10-10,1439.28
2019-10-11,1470.96
2019-10-14,1465.34
2019-10-15,1482.8
2019-10-16,1483.05
2019-10-17,1478.67
2019-10-18,1474.8699
2019-10-21,1483.39
2019-10-22,1485.34
2019-10-23,1486.2
2019-10-24,1492.16
2019-10-25,1493.53
2019-10-28,1493.95
2019-10-29,1492.46
2019-10-30,1492.65
2019-10-31,1486.59
2019-11-01,1494.56
2019-11-04,1511.92
2019-11-05,1516.84
2019-11-06,1521.88
2019-11-07,1529.28
2019-11-08,1526.39
2019-11-11,1525.22
2019-11-12,1531.56
2019-11-13,1526.32
2019-11-14,1521.91
2019-11-15,1531.32
2019-11-18,1528.56
2019-11-19,1525.5
2019-11-20,1520.26
2019-11-21,1518.52
2019-11-22,1521.68
2019-11-25,1530.09
2019-11-26,1529.21
2019-11-27,1532.22
2019-11-28,1528.76
2019-11-29,1528.39
2019-12-02,1497.25
2019-12-03,1490.77
2019-12-04,1511.02
2019-12-05,1506.1099
2019-12-06,1524.7
2019-12-09,1516.38
2019-12-10,1516.21
2019-12-11,1522.68
2019-12-12,1530.49
2019-12-13,1540.7
2019-12-16,1557.9
2019-12-17,1547.1
2019-12-18,1544.5
2019-12-19,1544.57
2019-12-20,1560.02
2019-12-23,1560.06
2019-12-24,1559.1199
2019-12-27,1562.3699
2019-12-30,1548.42
2019-12-31,1547.04
2020-01-02,1566.91
2020-01-03,1558.7
2020-01-06,1551.1
2020-01-07,1553.88
2020-01-08,1559.38
2020-01-09,1569.59
2020-01-10,1566.96
2020-01-13,1562.89
2020-01-14,1561.05
2020-01-15,1558.75
2020-01-16,1560.88
2020-01-17,1575.0
2020-01-20,1571.89
2020-01-21,1567.8
2020-01-22,1559.8
2020-01-23,1546.17
2020-01-24,1563.67
2020-01-27,1521.75
2020-01-28,1538.88
2020-01-29,1545.96
2020-01-30,1527.1
2020-01-31,1506.47
2020-02-03,1514.89
2020-02-04,1544.28
2020-02-05,1563.13
2020-02-06,1576.4
2020-02-07,1573.48
2020-02-10,1571.28
2020-02-11,1584.81
2020-02-12,1596.65
2020-02-13,1593.47
2020-02-14,1591.08
2020-02-17,1596.17
2020-02-18,1589.25
2020-02-19,1601.1099
2020-02-20,1583.97
2020-02-21,1574.6
2020-02-24,1511.46
2020-02-25,1480.19
2020-02-26,1482.34
2020-02-27,1431.88
2020-02-28,1379.5
2020-03-02,1383.3699
2020-03-03,1397.1
2020-03-04,1417.23
2020-03-05,1393.9
2020-03-06,1339.4
2020-03-09,1226.27
2020-03-10,1205.94
2020-03-11,1204.09
2020-03-12,1055.02
2020-03-13,1071.93
2020-03-16,1015.7
2020-03-17,1048.91
2020-03-18,988.94
2020-03-19,1017.24
2020-03-20,1056.3699
2020-03-23,1030.28
2020-03-24,1125.43
2020-03-25,1160.68
2020-03-26,1180.43
2020-03-27,1131.05
2020-03-30,1147.41
2020-03-31,1156.24
2020-04-01,1112.02
2020-04-02,1115.41
2020-04-03,1104.83
2020-04-06,1160.0
2020-04-07,1186.24
2020-04-08,1183.58
2020-04-09,1200.81
2020-04-14,1211.47
2020-04-15,1165.98
2020-04-16,1167.71
2020-04-17,1199.24
2020-04-20,1208.04
2020-04-21,1159.27
2020-04-22,1177.3699
2020-04-23,1184.66
2020-04-24,1166.97
2020-04-27,1197.3
2020-04-28,1218.06
2020-04-29,1246.29
2020-04-30,1218.74
2020-05-01,1218.74
2020-05-04,1174.3599
2020-05-05,1199.97
2020-05-06,1186.56
2020-05-07,1204.3
2020-05-08,1215.8
2020-05-11,1206.3599
2020-05-12,1206.55
2020-05-13,1175.74
2020-05-14,1155.01
2020-05-15,1159.8599
2020-05-18,1219.63
2020-05-19,1215.74
2020-05-20,1232.74
2020-05-21,1218.06
2020-05-22,1218.27
2020-05-25,1245.89
2020-05-26,1257.58
2020-05-27,1279.32
2020-05-28,1297.52
2020-05-29,1278.95
2020-06-01,1290.58
2020-06-02,1325.1099
2020-06-03,1371.49
2020-06-04,1368.17
2020-06-05,1419.6
2020-06-08,1412.05
2020-06-09,1393.18
2020-06-10,1381.85
2020-06-11,1319.28
2020-06-12,1323.13
2020-06-15,1315.85
2020-06-16,1360.43
2020-06-17,1371.28
2020-06-18,1364.0
2020-06-19,1373.85
2020-06-22,1363.46
2020-06-23,1388.1199
2020-06-24,1344.9
2020-06-25,1354.49
2020-06-26,1348.28
2020-06-29,1361.05
2020-06-30,1361.92
2020-07-01,1359.55
2020-07-02,1398.14
2020-07-03,1387.8699
2020-07-06,1411.31
2020-07-07,1400.6
2020-07-08,1386.45
2020-07-09,1376.38
2020-07-10,1391.17
2020-07-13,1413.8699
2020-07-14,1402.59
2020-07-15,1426.59
2020-07-16,1421.15
2020-07-17,1421.26
2020-07-20,1431.64
2020-07-21,1438.83
2020-07-22,1424.21
2020-07-23,1424.63
2020-07-24,1398.92
2020-07-27,1395.51
2020-07-28,1395.82
2020-07-29,1394.38
2020-07-30,1355.53
2020-07-31,1341.21
2020-08-03,1372.46
2020-08-04,1375.0
2020-08-05,1380.96
2020-08-06,1369.46
2020-08-07,1374.97
2020-08-10,1377.95
2020-08-11,1408.56
2020-08-12,1421.69
2020-08-13,1413.1
2020-08-14,1397.1199
2020-08-17,1397.45
2020-08-18,1390.6
2020-08-19,1402.43
2020-08-20,1383.98
2020-08-21,1377.97
2020-08-24,1408.4
2020-08-25,1407.54
2020-08-26,1418.98
2020-08-27,1408.1
2020-08-28,1402.22
2020-08-31,1384.22
2020-09-01,1386.3599
2020-09-02,1412.09
2020-09-03,1397.99
2020-09-04,1379.53
2020-09-07,1402.15
2020-09-08,1382.39
2020-09-09,1406.71
2020-09-10,1401.6
2020-09-11,1402.89
2020-09-14,1403.3
2020-09-15,1409.85
2020-09-16,1412.63
2020-09-17,1403.21
2020-09-18,1389.3
2020-09-21,1337.53
2020-09-22,1338.88
2020-09-23,1345.64
2020-09-24,1336.98
2020-09-25,1328.42
2020-09-28,1364.89
2020-09-29,1361.1199
2020-09-30,1352.3599
2020-10-01,1353.08
2020-10-02,1351.74
2020-10-05,1364.14
2020-10-06,1369.69
2020-10-07,1369.74
2020-10-08,1379.2
2020-10-09,1386.56
2020-10-12,1397.14
2020-10-13,1389.13
2020-10-14,1386.6199
2020-10-15,1352.48
2020-10-16,1374.84
2020-10-19,1373.59
2020-10-20,1367.38
2020-10-21,1347.4
2020-10-22,1343.5
2020-10-23,1355.13
2020-10-26,1315.47
2020-10-27,1300.79
2020-10-28,1255.44
2020-10-29,1254.49
2020-10-30,1253.72
2020-11-02,1280.01
2020-11-03,1313.58
2020-11-04,1340.01
2020-11-05,1363.1099
2020-11-06,1358.23
2020-11-09,1444.65
2020-11-10,1459.3599
2020-11-11,1469.83
2020-11-12,1453.25
2020-11-13,1454.89
2020-11-16,1469.3599
2020-11-17,1470.32
2020-11-18,1476.13
2020-11-19,1463.33
2020-11-20,1469.95
2020-11-23,1468.02
2020-11-24,1487.07
2020-11-25,1488.73
2020-11-26,1488.32
2020-11-27,1495.47
2020-11-30,1480.52
2020-12-01,1494.7
2020-12-02,1493.29
2020-12-03,1491.5
2020-12-04,1500.91
2020-12-07,1497.01
2020-12-08,1495.22
2020-12-09,1496.73
2020-12-10,1493.89
2020-12-11,1478.42
2020-12-14,1486.1
2020-12-15,1493.54
2020-12-16,1502.66
2020-12-17,1510.24
2020-12-18,1503.82
2020-12-21,1462.66
2020-12-22,1483.3599
2020-12-23,1501.28
2020-12-24,1502.98
2020-12-28,1516.6099
2020-12-29,1519.14
2020-12-30,1514.99
2020-12-31,1506.95
2021-01-04,1512.96
2021-01-05,1505.94
2021-01-06,1532.78
2021-01-07,1537.59
2021-01-08,1547.2
2021-01-11,1536.83
2021-01-12,1533.8
2021-01-13,1535.65
2021-01-14,1546.21
2021-01-15,1528.45
2021-01-18,1530.58
2021-01-19,1527.6
2021-01-20,1539.76
2021-01-21,1537.34
2021-01-22,1530.57
2021-01-25,1509.64
2021-01-26,1526.5
2021-01-27,1502.52
2021-01-28,1511.3
2021-01-29,1479.18
2021-02-01,1500.17
2021-02-02,1525.5
2021-02-03,1533.69
2021-02-04,1548.99
2021-02-05,1554.8
2021-02-08,1558.94
2021-02-09,1557.08
2021-02-10,1551.65
2021-02-11,1561.56
2021-02-12,1571.74
2021-02-15,1588.16
2021-02-16,1585.1099
2021-02-17,1573.82
2021-02-18,1565.81
2021-02-19,1579.6099
2021-02-22,1573.82
2021-02-23,1569.24
2021-02-24,1576.43
2021-02-25,1567.6199
2021-02-26,1546.84
2021-03-01,1576.69
2021-03-02,1577.16
2021-03-03,1579.73
2021-03-04,1576.63
2021-03-05,1561.6
2021-03-08,1601.47
2021-03-09,1611.18
2021-03-10,1625.6
2021-03-11,1636.54
2021-03-12,1631.32
2021-03-15,1629.82
2021-03-16,1638.8
2021-03-17,1638.28
2021-03-18,1646.23
2021-03-19,1633.24
2021-03-22,1631.88
2021-03-23,1628.98
2021-03-24,1631.33
2021-03-25,1632.35
2021-03-26,1646.88
2021-03-29,1653.78
2021-03-30,1672.23
2021-03-31,1669.25
2021-04-01,1681.31
2021-04-06,1692.87
2021-04-07,1687.05
2021-04-08,1696.03
2021-04-09,1696.46
2021-04-12,1689.23
2021-04-13,1691.4
2021-04-14,1695.37
2021-04-15,1702.68
2021-04-16,1719.79
2021-04-19,1714.73
2021-04-20,1682.14
2021-04-21,1697.48
2021-04-22,1713.87
2021-04-23,1713.24
2021-04-26,1716.44
2021-04-27,1713.2
2021-04-28,1715.68
2021-04-29,1708.87
2021-04-30,1701.43
2021-05-03,1712.73
2021-05-04,1680.9
2021-05-05,1716.48
2021-05-06,1717.36
2021-05-07,1734.84
2021-05-10,1732.2
2021-05-11,1698.93
2021-05-12,1699.52
2021-05-13,1703.55
2021-05-14,1731.57
2021-05-17,1727.76
2021-05-18,1727.11
2021-05-19,1697.53
2021-05-20,1725.11
2021-05-21,1736.27
2021-05-24,1742.57
2021-05-25,1742.77
2021-05-26,1740.89
2021-05-27,1744.14
2021-05-28,1757.87
2021-05-31,1744.53
2021-06-01,1758.48
2021-06-02,1765.98
2021-06-03,1761.98
2021-06-04,1766.36
2021-06-07,1769.93
2021-06-08,1769.22
2021-06-09,1769.58
2021-06-10,1769.25
2021-06-11,1782.48
2021-06-14,1785.06
2021-06-15,1789.75
2021-06-16,1793.3
2021-06-17,1796.06
2021-06-18,1763.76
2021-06-21,1776.27
2021-06-22,1780.94
2021-06-23,1760.82
2021-06-24,1781.94
2021-06-25,1781.17
2021-06-28,1767.88
2021-06-29,1775.49
2021-06-30,1756.81
2021-07-01,1763.12
2021-07-02,1765.46
2021-07-05,1766.78
2021-07-06,1751.78
2021-07-07,1763.13
2021-07-08,1726.43
2021-07-09,1759.49
2021-07-12,1770.42
2021-07-13,1770.94
2021-07-14,1773.07
2021-07-15,1754.43
2021-07-16,1745.51
2021-07-19,1699.94
2021-07-20,1711.98
2021-07-21,1742.42
2021-07-22,1756.42
2021-07-23,1778.61
2021-07-26,1775.79
2021-07-27,1759.45
2021-07-28,1775.98
2021-07-29,1781.93
2021-07-30,1770.04
2021-08-02,1781.87
2021-08-03,1782.44
2021-08-04,1794.11
2021-08-05,1801.11
2021-08-06,1806.94
2021-08-09,1808.06
2021-08-10,1812.68
2021-08-11,1820.7
2021-08-12,1829.35
2021-08-13,1831.08
2021-08-16,1819.28
2021-08-17,1816.66
2021-08-18,1813.64
2021-08-19,1785.63
2021-08-20,1795.49
2021-08-23,1808.01
2021-08-24,1808.73
2021-08-25,1810.05
2021-08-26,1805.17
2021-08-27,1814.31
2021-08-30,1817.7
2021-08-31,1816.67
2021-09-01,1830.02
2021-09-02,1832.39
2021-09-03,1819.35
2021-09-06,1838.46
2021-09-07,1829.32
2021-09-08,1808.6
2021-09-09,1808.67
2021-09-10,1805.74
2021-09-13,1814.05
2021-09-14,1814.98
2021-09-15,1795.17
2021-09-16,1805.53
2021-09-17,1788.63
2021-09-20,1751.49
2021-09-21,1775.85
2021-09-22,1798.68
2021-09-23,1818.06
2021-09-24,1802.28
2021-09-27,1805.31
2021-09-28,1760.09
2021-09-29,1769.37
2021-09-30,1755.43
2021-10-01,1749.9
2021-10-04,1734.11
2021-10-05,1764.06
2021-10-06,1741.15
2021-10-07,1778.34
2021-10-08,1767.78
2021-10-11,1767.44
2021-10-12,1759.88
2021-10-13,1772.11
2021-10-14,1800.66
2021-10-15,1815.35
2021-10-18,1802.73
2021-10-19,1809.43
2021-10-20,1811.74
2021-10-21,1804.6
2021-10-22,1818.97
2021-10-25,1818.84
2021-10-26,1834.33
2021-10-27,1832.99
2021-10-28,1838.7
2021-10-29,1846.44
2021-11-01,1859.44
2021-11-02,1866.71
2021-11-03,1872.53
2021-11-04,1882.84
2021-11-05,1895.75
2021-11-08,1891.18
2021-11-09,1887.75
2021-11-10,1889.57
2021-11-11,1893.56
2021-11-12,1898.92
2021-11-15,1905.81
2021-11-16,1912.68
2021-11-17,1912.39
2021-11-18,1904.95
2021-11-19,1893.12
2021-11-22,1886.37
2021-11-23,1862.51
2021-11-24,1859.22
2021-11-25,1866.61
2021-11-26,1778.06
2021-11-29,1786.72
2021-11-30,1766.98
2021-12-01,1817.47
2021-12-02,1786.81
2021-12-03,1774.69
2021-12-06,1799.46
2021-12-07,1859.96
2021-12-08,1841.21
2021-12-09,1830.43
2021-12-10,1826.45
2021-12-13,1819.44
2021-12-14,1802.68
2021-12-15,1809.28
2021-12-16,1827.63
2021-12-17,1810.01
2021-12-20,1786.42
2021-12-21,1815.94
2021-12-22,1834.24
2021-12-23,1855.47
2021-12-24,1850.75
2021-12-27,1865.09
2021-12-28,1875.51
2021-12-29,1863.72
2021-12-30,1872.96
2021-12-31,1869.62
2022-01-03,1885.17
2022-01-04,1900.75
2022-01-05,1911.42
2022-01-06,1882.12
2022-01-07,1873.86
2022-01-10,1845.56
2022-01-11,1863.85
2022-01-12,1879.03
2022-01-13,1878.96
2022-01-14,1859.93
2022-01-17,1872.97
2022-01-18,1853.67
2022-01-19,1858.23
2022-01-20,1871.87
2022-01-21,1841.37
2022-01-24,1765.91
2022-01-25,1776.32
2022-01-26,1813.93
2022-01-27,1822.8
2022-01-28,1801.87
2022-01-31,1818.29
2022-02-01,1840.0
2022-02-02,1838.95
2022-02-03,1803.66
2022-02-04,1779.95
2022-02-07,1794.75
2022-02-08,1798.53
2022-02-09,1831.13
2022-02-10,1828.07
2022-02-11,1811.57
2022-02-14,1771.99
2022-02-15,1806.55
2022-02-16,1803.72
2022-02-17,1793.24
2022-02-18,1776.48
2022-02-21,1737.91
2022-02-22,1737.81
2022-02-23,1732.55
2022-02-24,1669.7
2022-02-25,1731.36
2022-02-28,1711.1
2022-03-01,1642.05
2022-03-02,1666.33
2022-03-03,1631.95
2022-03-04,1550.93
2022-03-07,1531.83
2022-03-08,1528.81
2022-03-09,1642.53
2022-03-10,1593.23
2022-03-11,1608.67
2022-03-14,1632.38
2022-03-15,1631.07
2022-03-16,1697.21
2022-03-17,1695.3
2022-03-18,1702.78
2022-03-21,1693.77
2022-03-22,1714.12
2022-03-23,1689.28
2022-03-24,1686.73
2022-03-25,1688.63
2022-03-28,1697.08
2022-03-29,1747.32
2022-03-30,1728.54
2022-03-31,1703.81
2022-04-01,1710.87
2022-04-04,1725.03
2022-04-05,1710.51
2022-04-06,1670.7
2022-04-07,1660.8
2022-04-08,1686.73
2022-04-11,1678.53
2022-04-12,1674.97
2022-04-13,1673.43
2022-04-14,1682.49
2022-04-19,1676.84
2022-04-20,1705.75
2022-04-21,1719.42
2022-04-22,1680.89
2022-04-25,1644.92
2022-04-26,1630.9
2022-04-27,1638.34
2022-04-28,1657.76
2022-04-29,1670.01
2022-05-02,1645.1
2022-05-03,1659.29
2022-05-04,1643.32
2022-05-05,1633.38
2022-05-06,1607.6199
2022-05-09,1563.32
2022-05-10,1576.45
2022-05-11,1617.73
2022-05-12,1603.98
2022-05-13,1645.13
2022-05-16,1637.9
2022-05-17,1663.8599
2022-05-18,1641.28
2022-05-19,1620.56
2022-05-20,1627.9
2022-05-23,1654.79
2022-05-24,1627.65
2022-05-25,1640.83
2022-05-26,1669.04
2022-05-27,1699.63
2022-05-30,1714.7
2022-05-31,1691.42
2022-06-01,1678.17
2022-06-02,1694.39
2022-06-03,1689.27
2022-06-06,1713.72
2022-06-07,1699.58
2022-06-08,1691.63
2022-06-09,1662.84
2022-06-10,1606.92
2022-06-13,1563.75
2022-06-14,1551.55
2022-06-15,1577.06
2022-06-16,1530.45
2022-06-17,1535.16
2022-06-20,1549.16
2022-06-21,1560.99
2022-06-22,1547.8699
2022-06-23,1535.21
2022-06-24,1578.49
2022-06-27,1581.04
2022-06-28,1585.69
2022-06-29,1570.07
2022-06-30,1543.5
2022-07-01,1540.57
2022-07-04,1542.41
2022-07-05,1501.05
2022-07-06,1528.95
2022-07-07,1558.73
2022-07-08,1567.76
2022-07-11,1552.18
2022-07-12,1559.04
2022-07-13,1544.26
2022-07-14,1518.6099
2022-07-15,1554.64
2022-07-18,1571.03
2022-07-19,1604.84
2022-07-20,1603.85
2022-07-21,1608.9
2022-07-22,1608.89
2022-07-25,1612.32
2022-07-26,1599.43
2022-07-27,1613.94
2022-07-28,1633.81
2022-07-29,1658.81
2022-08-01,1658.15
2022-08-02,1648.32
2022-08-03,1669.75
2022-08-04,1679.95
2022-08-05,1666.88
2022-08-08,1681.53
2022-08-09,1662.8
2022-08-10,1678.0
2022-08-11,1681.45
2022-08-12,1690.58
2022-08-15,1696.32
2022-08-16,1703.3
2022-08-17,1681.3
2022-08-18,1690.84
2022-08-19,1669.77
2022-08-22,1637.5
2022-08-23,1634.95
2022-08-24,1641.63
2022-08-25,1644.81
2022-08-26,1613.09
2022-08-29,1598.24
2022-08-30,1594.4
2022-08-31,1574.4
2022-09-01,1547.71
2022-09-02,1586.97
2022-09-05,1562.63
2022-09-06,1567.16
2022-09-07,1568.04
2022-09-08,1572.75
2022-09-09,1598.57
2022-09-12,1632.81
2022-09-13,1605.8
2022-09-14,1597.46
2022-09-15,1585.92
2022-09-16,1567.39
2022-09-19,1567.31
2022-09-20,1552.79
2022-09-21,1564.98
2022-09-22,1535.97
2022-09-23,1500.77
2022-09-26,1498.06
2022-09-27,1491.83
2022-09-28,1494.8
2022-09-29,1469.59
2022-09-30,1487.14
2022-10-03,1497.89
2022-10-04,1561.67
2022-10-05,1545.19
2022-10-06,1538.79
2022-10-07,1513.23
2022-10-10,1504.9
2022-10-11,1497.49
2022-10-12,1493.53
2022-10-13,1507.3699
2022-10-14,1516.04
2022-10-17,1542.9
2022-10-18,1552.84
2022-10-19,1556.17
2022-10-20,1565.85
2022-10-21,1558.58
2022-10-24,1581.58
2022-10-25,1607.49
2022-10-26,1616.34
2022-10-27,1615.98
2022-10-28,1619.8
2022-10-31,1622.51
2022-11-01,1637.53
2022-11-02,1624.52
2022-11-03,1611.92
2022-11-04,1654.6
2022-11-07,1663.79
2022-11-08,1677.46
2022-11-09,1672.41
2022-11-10,1725.58
2022-11-11,1735.43
2022-11-14,1743.95
2022-11-15,1756.67
2022-11-16,1742.17
2022-11-17,1740.21
2022-11-18,1761.04
2022-11-21,1755.19
2022-11-22,1764.45
2022-11-23,1771.88
2022-11-24,1778.86
2022-11-25,1779.36
2022-11-28,1767.27
2022-11-29,1766.8
2022-11-30,1780.39
2022-12-01,1790.39
2022-12-02,1787.43
2022-12-05,1777.83
2022-12-06,1770.04
2022-12-07,1761.82
2022-12-08,1761.99
2022-12-09,1771.58
2022-12-12,1762.23
2022-12-13,1791.44
2022-12-14,1786.25
2022-12-15,1723.53
2022-12-16,1709.3
2022-12-19,1712.55
2022-12-20,1708.61
2022-12-21,1739.91
2022-12-22,1717.96
2022-12-23,1715.14
2022-12-27,1722.27
2022-12-28,1711.46
2022-12-29,1729.99
2022-12-30,1704.63
2023-01-02,1733.8
2023-01-03,1745.58
2023-01-04,1786.8
2023-01-05,1780.29
2023-01-06,1807.16
2023-01-09,1830.01
2023-01-10,1824.99
2023-01-11,1844.01
2023-01-12,1856.12
2023-01-13,1866.97
2023-01-16,1869.96
2023-01-17,1877.75
2023-01-18,1877.76
2023-01-19,1841.74
2023-01-20,1853.27
2023-01-23,1868.12
2023-01-24,1869.11
2023-01-25,1866.9
2023-01-26,1878.54
2023-01-27,1880.36
2023-01-30,1871.7
2023-01-31,1873.87
2023-02-01,1877.47
2023-02-02,1908.83
2023-02-03,1916.41
2023-02-06,1893.1
2023-02-07,1894.84
2023-02-08,1894.77
2023-02-09,1913.22
2023-02-10,1891.59
2023-02-13,1911.15
2023-02-14,1909.99
2023-02-15,1928.58
2023-02-16,1936.34
2023-02-17,1926.53
2023-02-20,1924.92
2023-02-21,1915.55
2023-02-22,1912.16
2023-02-23,1919.05
2023-02-24,1883.29
2023-02-27,1914.48
2023-02-28,1910.13
2023-03-01,1899.94
2023-03-02,1911.13
2023-03-03,1935.56
2023-03-06,1944.12
2023-03-07,1928.42
2023-03-08,1932.7
2023-03-09,1931.65
2023-03-10,1906.14
2023-03-13,1846.21
2023-03-14,1883.58
2023-03-15,1818.44
2023-03-16,1855.91
2023-03-17,1832.47
2023-03-20,1857.36
2023-03-21,1885.39
2023-03-22,1892.84
2023-03-23,1898.0
2023-03-24,1865.28
2023-03-27,1880.63
2023-03-28,1882.25
2023-03-29,1910.73
2023-03-30,1935.18
2023-03-31,1948.56
2023-04-03,1947.94
2023-04-04,1949.87
2023-04-05,1942.2
2023-04-06,1948.76
2023-04-11,1959.54
2023-04-12,1959.87
2023-04-13,1973.08
2023-04-14,1985.89
2023-04-17,1975.43
2023-04-18,1987.34
2023-04-19,1987.17
2023-04-20,1983.23
2023-04-21,1993.96
2023-04-24,1994.19
2023-04-25,1986.48
2023-04-26,1974.63
2023-04-27,1980.39
2023-04-28,1983.33
2023-05-01,1983.33
2023-05-02,1955.92
2023-05-03,1963.33
2023-05-04,1955.38
2023-05-05,1983.89
2023-05-08,1990.86
2023-05-09,1981.13
2023-05-10,1973.64
2023-05-11,1976.17
2023-05-12,1983.08
2023-05-15,1983.4
2023-05-16,1982.99
2023-05-17,1986.97
2023-05-18,2007.69
2023-05-19,2020.49
2023-05-22,2020.86
2023-05-23,2000.93
2023-05-24,1964.7
2023-05-25,1967.41
2023-05-26,1998.68
2023-05-29,1990.62
2023-05-30,1980.46
2023-05-31,1946.53
2023-06-01,1964.79
2023-06-02,1995.2
2023-06-05,1981.23
2023-06-06,1982.14
2023-06-07,1980.61
2023-06-08,1983.28
2023-06-09,1979.64
2023-06-12,1991.96
2023-06-13,2006.29
2023-06-14,2019.41
2023-06-15,2014.4
2023-06-16,2028.1
2023-06-19,2013.13
2023-06-20,2004.26
2023-06-21,1996.03
2023-06-22,1987.59
2023-06-23,1972.42
2023-06-26,1976.55
2023-06-27,1987.96
2023-06-28,2006.19
2023-06-29,2010.78
2023-06-30,2031.28
2023-07-03,2030.85
2023-07-04,2027.54
2023-07-05,2009.21
2023-07-06,1950.27
2023-07-07,1957.72
2023-07-10,1966.92
2023-07-11,1980.81
2023-07-12,2014.96
2023-07-13,2029.42
2023-07-14,2033.28
2023-07-17,2013.26
2023-07-18,2019.24
2023-07-19,2015.79
2023-07-20,2021.09
2023-07-21,2029.26
2023-07-24,2026.49
2023-07-25,2030.32
2023-07-26,2009.44
2023-07-27,2056.27
2023-07-28,2065.08
2023-07-31,2067.31
2023-08-01,2038.2
2023-08-02,2005.34
2023-08-03,1990.61
2023-08-04,2003.69
2023-08-07,2006.63
2023-08-08,1984.12
2023-08-09,1997.3
2023-08-10,2028.16
2023-08-11,1999.45
2023-08-14,2003.57
2023-08-15,1984.3
2023-08-16,1982.31
2023-08-17,1956.19
2023-08-18,1949.31
2023-08-21,1954.82
2023-08-22,1971.25
2023-08-23,1974.16
2023-08-24,1958.22
2023-08-25,1960.09
2023-08-28,1986.66
2023-08-29,2001.83
2023-08-30,1996.67
2023-08-31,1988.25
2023-09-01,1981.55
2023-09-04,1980.27
2023-09-05,1975.31
2023-09-06,1961.02
2023-09-07,1953.04
2023-09-08,1960.52
2023-09-11,1968.45
2023-09-12,1962.87
2023-09-13,1954.18
2023-09-14,1980.21
2023-09-15,1987.29
2023-09-18,1964.89
2023-09-19,1963.42
2023-09-20,1980.03
2023-09-21,1950.68
2023-09-22,1948.17
2023-09-25,1929.74
2023-09-26,1912.06
2023-09-27,1913.22
2023-09-28,1927.05
2023-09-29,1933.12
2023-10-02,1915.97
2023-10-03,1896.51
2023-10-04,1898.47
2023-10-05,1898.46
2023-10-06,1919.12
2023-10-09,1904.98
2023-10-10,1947.9
2023-10-11,1945.85
2023-10-12,1944.66
2023-10-13,1915.89
2023-10-16,1922.25
2023-10-17,1923.39
2023-10-18,1901.88
2023-10-19,1894.68
2023-10-20,1864.27
2023-10-23,1872.28
2023-10-24,1883.22
2023-10-25,1886.92
2023-10-26,1875.83
2023-10-27,1859.59
2023-10-30,1866.06
2023-10-31,1882.25
2023-11-01,1896.82
2023-11-02,1933.01
2023-11-03,1935.35
2023-11-06,1927.91
2023-11-07,1925.47
2023-11-08,1937.12
2023-11-09,1960.63
2023-11-10,1945.87
2023-11-13,1962.01
2023-11-14,1990.03
2023-11-15,2001.07
2023-11-16,1995.0
2023-11-17,2012.77
2023-11-20,2015.38
2023-11-21,2010.5
2023-11-22,2019.84
2023-11-23,2024.16
2023-11-24,2029.51
2023-11-27,2021.3
2023-11-28,2018.33
2023-11-29,2028.78
2023-11-30,2034.32
2023-12-01,2051.05
2023-12-04,2050.33
2023-12-05,2067.89
2023-12-06,2082.05
2023-12-07,2077.64
2023-12-08,2100.65
2023-12-11,2108.4899
2023-12-12,2106.83
2023-12-13,2103.84
2023-12-14,2108.01
2023-12-15,2112.78
2023-12-18,2099.64
2023-12-19,2106.26
2023-12-20,2105.53
2023-12-21,2101.37
2023-12-22,2099.8
2023-12-27,2103.0
2023-12-28,2096.5
2023-12-29,2099.78
2024-01-02,2096.94
2024-01-03,2066.88
2024-01-04,2078.91
2024-01-05,2074.03
2024-01-08,2084.2399
2024-01-09,2076.5
2024-01-10,2077.34
2024-01-11,2064.92
2024-01-12,2082.4699
2024-01-15,2070.9
2024-01-16,2067.1
2024-01-17,2046.91
2024-01-18,2070.14
2024-01-19,2068.18
2024-01-22,2083.92
2024-01-23,2077.2199
2024-01-24,2122.89
2024-01-25,2131.33
2024-01-26,2156.09
2024-01-29,2158.0
2024-01-30,2168.86
2024-01-31,2162.2
2024-02-01,2157.65
2024-02-02,2165.06
2024-02-05,2165.78
2024-02-06,2182.34
2024-02-07,2176.75
2024-02-08,2191.61
2024-02-09,2196.29
2024-02-12,2210.48
2024-02-13,2183.98
2024-02-14,2193.27
2024-02-15,2209.08
2024-02-16,2219.55
2024-02-19,2218.35
2024-02-20,2217.05
2024-02-21,2224.05
2024-02-22,2261.33
2024-02-23,2269.35
2024-02-26,2265.79
2024-02-27,2275.78
2024-02-28,2274.87
2024-02-29,2272.07
2024-03-01,2280.03
2024-03-04,2288.44
2024-03-05,2279.2
2024-03-06,2289.64
2024-03-07,2317.0
2024-03-08,2310.89
2024-03-11,2296.6
2024-03-12,2321.18
2024-03-13,2329.26
2024-03-14,2325.8
2024-03-15,2322.5
2024-03-18,2321.31
2024-03-19,2333.03
2024-03-20,2330.66
2024-03-21,2354.9
2024-03-22,2347.17
2024-03-25,2353.25
2024-03-26,2362.58
2024-03-27,2370.78
2024-03-28,2371.56
2024-04-02,2352.23
2024-04-03,2364.95
2024-04-04,2365.65
2024-04-05,2339.52
2024-04-08,2355.65
2024-04-09,2329.9
2024-04-10,2334.54
2024-04-11,2320.35
2024-04-12,2315.29
2024-04-15,2329.06
2024-04-16,2298.28
2024-04-17,2296.94
2024-04-18,2307.43
2024-04-19,2298.79
2024-04-22,2312.34
2024-04-23,2348.43
2024-04-24,2341.51
2024-04-25,2317.64
2024-04-26,2354.44
2024-04-29,2343.9699
2024-04-30,2318.3
2024-05-01,2318.3
2024-05-02,2304.66
2024-05-03,2320.61
2024-05-06,2339.37
2024-05-07,2367.28
2024-05-08,2377.69
2024-05-09,2391.88
2024-05-10,2406.62
2024-05-13,2406.63
2024-05-14,2407.26
2024-05-15,2417.51
2024-05-16,2406.83
2024-05-17,2402.9699
2024-05-20,2410.94
2024-05-21,2401.3
2024-05-22,2390.92
2024-05-23,2396.83
2024-05-24,2395.79
2024-05-27,2407.11
2024-05-28,2395.3
2024-05-29,2363.32
2024-05-30,2373.63
2024-05-31,2374.34
2024-06-03,2383.81
2024-06-04,2359.91
2024-06-05,2399.11
2024-06-06,2415.04
2024-06-07,2406.57
2024-06-10,2390.69
2024-06-11,2366.2
2024-06-12,2399.2399
2024-06-13,2352.1
2024-06-14,2306.17
2024-06-17,2325.85
2024-06-18,2342.55
2024-06-19,2329.51
2024-06-20,2359.21
2024-06-21,2339.94
2024-06-24,2360.76
2024-06-25,2353.61
2024-06-26,2344.05
2024-06-27,2337.69
2024-06-28,2333.6
2024-07-01,2350.76
2024-07-02,2339.4699
2024-07-03,2367.83
2024-07-04,2379.58
2024-07-05,2375.7199
2024-07-08,2371.16
2024-07-09,2339.57
2024-07-10,2365.93
2024-07-11,2374.16
2024-07-12,2406.08
2024-07-15,2377.5
2024-07-16,2360.66
2024-07-17,2334.08
2024-07-18,2323.9
2024-07-19,2303.44
2024-07-22,2338.21
2024-07-23,2347.45
2024-07-24,2321.23
2024-07-25,2297.07
2024-07-26,2321.53
2024-07-29,2299.4
2024-07-30,2311.63
2024-07-31,2326.88
2024-08-01,2275.69
2024-08-02,2215.03
2024-08-05,2183.77
2024-08-06,2185.5
2024-08-07,2229.85
2024-08-08,2230.17
2024-08-09,2233.62
2024-08-12,2231.9899
2024-08-13,2243.0
2024-08-14,2258.61
2024-08-15,2296.91
2024-08-16,2312.56
2024-08-19,2327.32
2024-08-20,2320.71
2024-08-21,2333.95
2024-08-22,2333.81
2024-08-23,2345.38
2024-08-26,2339.4
2024-08-27,2340.54
2024-08-28,2347.35
2024-08-29,2372.79
2024-08-30,2368.82
2024-09-02,2376.03
2024-09-03,2347.1
2024-09-04,2316.36
2024-09-05,2300.58
2024-09-06,2263.75
2024-09-09,2283.15
2024-09-10,2268.12
2024-09-11,2275.94
2024-09-12,2300.07
2024-09-13,2314.36
2024-09-16,2306.54
2024-09-17,2322.38
2024-09-18,2310.21
2024-09-19,2361.85
2024-09-20,2327.53
2024-09-23,2334.61
2024-09-24,2360.9699
2024-09-25,2350.86
2024-09-26,2406.18
2024-09-27,2422.85
2024-09-30,2390.82
2024-10-01,2368.68
2024-10-02,2373.05
2024-10-03,2352.9899
2024-10-04,2369.06
2024-10-07,2376.12
2024-10-08,2367.35
2024-10-09,2383.41
2024-10-10,2377.56
2024-10-11,2393.62
2024-10-14,2411.36
2024-10-15,2366.68
2024-10-16,2348.4899
2024-10-17,2366.95
2024-10-18,2385.6
2024-10-21,2364.15
2024-10-22,2363.23
2024-10-23,2355.2199
2024-10-24,2361.39
2024-10-25,2365.04
2024-10-28,2377.84
2024-10-29,2368.77
2024-10-30,2339.06
2024-10-31,2311.6
2024-11-01,2335.6
2024-11-04,2323.32
2024-11-05,2332.05
2024-11-06,2298.68
2024-11-07,2323.26
2024-11-08,2299.7
2024-11-11,2324.2399
2024-11-12,2271.89
2024-11-13,2269.81
2024-11-14,2314.43
2024-11-15,2295.91
2024-11-18,2297.04
2024-11-19,2278.29
2024-11-20,2267.9699
2024-11-21,2280.5
2024-11-22,2296.44
2024-11-25,2301.93
2024-11-26,2283.76
2024-11-27,2269.93
2024-11-28,2282.16
2024-11-29,2304.1
2024-12-02,2325.37
2024-12-03,2340.62
2024-12-04,2360.06
2024-12-05,2375.68
2024-12-06,2388.25
2024-12-09,2391.93
2024-12-10,2375.76
2024-12-11,2379.41
2024-12-12,2382.37
2024-12-13,2383.53
2024-12-16,2373.4899
2024-12-17,2371.36
2024-12-18,2378.41
2024-12-19,2340.85
2024-12-20,2332.83
2024-12-23,2328.35
2024-12-24,2330.71
2024-12-27,2350.39
2024-12-30,2336.19
2024-12-31,2349.0
2025-01-02,2360.7399
2025-01-03,2338.45
2025-01-06,2393.75
2025-01-07,2405.84
2025-01-08,2398.48
2025-01-09,2408.81
2025-01-10,2390.21
2025-01-13,2379.15
2025-01-14,2391.86
2025-01-15,2416.75
2025-01-16,2452.59
2025-01-17,2472.45
2025-01-20,2481.36
2025-01-21,2482.09
2025-01-22,2501.2399
2025-01-23,2506.85
2025-01-24,2507.75
2025-01-27,2492.89
2025-01-28,2496.38
2025-01-29,2513.18
2025-01-30,2537.94
2025-01-31,2540.18
2025-02-03,2507.16
2025-02-04,2529.59
2025-02-05,2532.7199
2025-02-06,2573.81
2025-02-07,2558.8
2025-02-10,2575.03
2025-02-11,2590.7
2025-02-12,2597.79
2025-02-13,2643.37
2025-02-14,2642.65
2025-02-17,2655.44
2025-02-18,2662.19
2025-02-19,2627.23
2025-02-20,2627.16
2025-02-21,2634.12
2025-02-24,2623.9699
2025-02-25,2621.16
2025-02-26,2659.69
2025-02-27,2633.02
2025-02-28,2628.68
2025-03-03,2665.8
2025-03-04,2592.0
2025-03-05,2640.9899
2025-03-06,2656.07
2025-03-07,2631.02
2025-03-10,2591.84
2025-03-11,2554.76
2025-03-12,2578.59
2025-03-13,2563.65
2025-03-14,2600.12
2025-03-17,2620.03
2025-03-18,2639.01
2025-03-19,2649.76
2025-03-20,2622.61
2025-03-21,2611.83
2025-03-24,2608.31
2025-03-25,2636.87
2025-03-26,2607.57
2025-03-27,2592.82
2025-03-28,2568.88
2025-03-31,2528.88
2025-04-01,2563.53
2025-04-02,2555.66
2025-04-03,2463.78
2025-04-04,2350.56
2025-04-07,2243.65
2025-04-08,2301.81
2025-04-09,2228.76
2025-04-10,2325.98
2025-04-11,2311.11
2025-04-14,2371.05
2025-04-15,2399.55
2025-04-16,2397.66
2025-04-17,2382.62
2025-04-22,2400.42
2025-04-23,2466.84
2025-04-24,2477.59
2025-04-25,2497.06
2025-04-28,2505.06
2025-04-29,2502.71
2025-04-30,2501.9
2025-05-01,2501.9
2025-05-02,2564.55
2025-05-05,2571.71
2025-05-06,2562.85
2025-05-07,2547.54
2025-05-08,2578.35
2025-05-09,2592.68
2025-05-12,2636.31
2025-05-13,2649.55
2025-05-14,2644.9899
2025-05-15,2650.65
2025-05-16,2658.4699
2025-05-19,2666.58
2025-05-20,2680.05
2025-05-21,2679.96
2025-05-22,2665.2399
2025-05-23,2617.0
2025-05-26,2650.91
2025-05-27,2661.57
2025-05-28,2643.36
2025-05-29,2639.77
2025-05-30,2637.56
2025-06-02,2632.13
2025-06-03,2642.04
2025-06-04,2656.51
2025-06-05,2659.16
2025-06-06,2668.81
2025-06-09,2665.33
2025-06-10,2662.31
2025-06-11,2651.38
2025-06-12,2635.48
2025-06-13,2600.9
2025-06-16,2625.04
2025-06-17,2600.02
2025-06-18,2589.32
2025-06-19,2556.31
2025-06-20,2574.29
2025-06-23,2568.54
2025-06-24,2605.52
2025-06-25,2583.35
2025-06-26,2579.43
2025-06-27,2619.57
2025-06-30,2608.55
2025-07-01,2598.32
2025-07-02,2616.17
2025-07-03,2628.18
2025-07-04,2603.11
2025-07-07,2629.06
2025-07-08,2644.03
2025-07-09,2680.31
2025-07-10,2676.67
2025-07-11,2649.71
2025-07-14,2643.4899
2025-07-15,2635.28
2025-07-16,2607.67
2025-07-17,2646.59
2025-07-18,2637.77
2025-07-21,2631.15
2025-07-22,2605.29
2025-07-23,2632.1
2025-07-24,2637.4899
2025-07-25,2636.0
2025-07-28,2629.39
2025-07-29,2649.9
2025-07-30,2656.78
2025-07-31,2620.69
2025-08-01,2544.67
2025-08-04,2583.2399
2025-08-05,2586.83
2025-08-06,2593.57
2025-08-07,2627.4699
2025-08-08,2635.51
2025-08-11,2627.69
2025-08-12,2629.7199
2025-08-13,2655.48
2025-08-14,2678.37
2025-08-15,2685.23
2025-08-18,2678.34
2025-08-19,2702.31
2025-08-20,2696.91
2025-08-21,2691.91
2025-08-22,2704.75
2025-08-25,2682.94
2025-08-26,2653.38
2025-08-27,2658.01
2025-08-28,2659.81
2025-08-29,2637.64
2025-09-01,2645.2
2025-09-02,2607.7199
2025-09-03,2624.4699
2025-09-04,2635.16
2025-09-05,2621.09
2025-09-08,2643.1
2025-09-09,2646.06
2025-09-10,2642.43
2025-09-11,2654.9
2025-09-12,2656.85
2025-09-15,2681.34
2025-09-16,2647.78
2025-09-17,2646.4899
2025-09-18,2689.35
2025-09-19,2690.21
2025-09-22,2682.53
2025-09-23,2697.48
2025-09-24,2693.62
2025-09-25,2683.93
2025-09-26,2712.84
2025-09-29,2716.37
2025-09-30,2727.77
2025-10-01,2754.38
2025-10-02,2786.26
2025-10-03,2789.17
2025-10-06,2777.82
2025-10-07,2770.37
2025-10-08,2788.19
2025-10-09,2776.26
2025-10-10,2729.76
2025-10-13,2747.95
2025-10-14,2740.4
2025-10-15,2766.55
2025-10-16,2789.7399
2025-10-17,2767.7199
2025-10-20,2804.01
2025-10-21,2806.93
2025-10-22,2783.42
2025-10-23,2797.8
2025-10-24,2800.84
2025-10-27,2818.89
2025-10-28,2816.0
2025-10-29,2816.7199
2025-10-30,2815.08
2025-10-31,2796.73
2025-11-03,2805.2399
2025-11-04,2795.83
2025-11-05,2801.5
2025-11-06,2772.86
2025-11-07,2750.79
2025-11-10,2799.19
2025-11-11,2829.45
2025-11-12,2859.89
2025-11-13,2837.89
2025-11-14,2813.67
2025-11-17,2787.57
2025-11-18,2735.17
2025-11-19,2738.8
2025-11-20,2752.57
2025-11-21,2725.48
2025-11-24,2735.94
2025-11-25,2758.33
2025-11-26,2798.75
2025-11-27,2797.55
2025-11-28,2804.98
2025-12-01,2804.63
2025-12-02,2814.84
2025-12-03,2818.9899
2025-12-04,2830.64
2025-12-05,2833.53
2025-12-08,2834.35
2025-12-09,2830.75
2025-12-10,2825.7
2025-12-11,2848.39
2025-12-12,2831.93
2025-12-15,2847.68
2025-12-16,2830.51
2025-12-17,2812.61
2025-12-18,2842.33
2025-12-19,2851.56
2025-12-22,2843.31
2025-12-23,2846.08
2025-12-24,2844.58
2025-12-29,2847.28
2025-12-30,2869.31
2025-12-31,2868.21
2026-01-02,2897.42
2026-01-05,2933.73
2026-01-06,2937.7399
2026-01-07,2933.7199
2026-01-08,2924.19
2026-01-09,2970.32
2026-01-12,2980.71
2026-01-13,2987.42
2026-01-14,2975.14
2026-01-15,2993.02
2026-01-16,2987.23
2026-01-19,2937.08
2026-01-20,2920.36
2026-01-21,2915.8
2026-01-22,2952.13
2026-01-23,2948.18
2026-01-26,2952.94
2026-01-27,2971.17
2026-01-28,2940.7399
2026-01-29,2920.3
2026-01-30,2947.9899
2026-02-02,2977.57
2026-02-03,2971.55
2026-02-04,2959.2199
2026-02-05,2937.03
2026-02-06,2973.06
2026-02-09,3003.53
2026-02-10,2997.6
2026-02-11,2991.94
2026-02-12,2979.87
2026-02-13,2969.7
2026-02-16,2966.67
2026-02-17,2987.9899
2026-02-18,3028.44
2026-02-19,3006.73
2026-02-20,3042.62
2026-02-23,3033.9899
2026-02-24,3035.32
2026-02-25,3063.46
2026-02-26,3057.63
2026-02-27,3046.51
2026-03-02,2971.33
2026-03-03,2864.53
2026-03-04,2913.75
2026-03-05,2870.06
2026-03-06,2838.8
2026-03-09,2821.58
2026-03-10,2897.0
2026-03-11,2875.92
2026-03-12,2853.19
2026-03-13,2837.17
2026-03-16,2848.29
2026-03-17,2863.29
2026-03-18,2847.21
2026-03-19,2786.16
2026-03-20,2730.3
2026-03-23,2766.91
2026-03-24,2770.37
2026-03-25,2806.46
2026-03-26,2765.02
2026-03-27,2735.15
2026-03-30,2753.03
2026-03-31,2768.21
2026-04-01,2849.21
2026-04-02,2831.84
2026-04-07,2802.17
2026-04-08,2944.03
2026-04-09,2935.53
2026-04-10,2950.83
2026-04-13,2940.33
2026-04-14,2979.91
2026-04-15,2957.92
2026-04-16,2955.9
2026-04-17,3019.68
2026-04-20,2984.34
2026-04-21,2961.43
2026-04-22,2949.43
2026-04-23,2943.69
2026-04-24,2938.7199
2026-04-27,2927.23
2026-04-28,2916.44
2026-04-29,2908.52
2026-04-30,2944.56
2026-05-01,2944.56
2026-05-04,2887.9
2026-05-05,2945.25
2026-05-06,3027.42
2026-05-07,3000.77
2026-05-08,2974.95
2026-05-11,2971.44
2026-05-12,2927.59
2026-05-13,2954.49
2026-05-14,2993.17
2026-05-15,2939.11
2026-05-18,2955.67
2026-05-19,2956.76
2026-05-20,3019.88
2026-05-21,3011.92
2026-05-22,3041.8
2026-05-25,3101.3
2026-05-26,3065.52
2026-05-27,3068.75
2026-05-28,3060.95
2026-05-29,3059.99
2026-06-01,3052.11
2026-06-02,3088.97
2026-06-03,3061.52
2026-06-04,3086.69
2026-06-05,3065.82
2026-06-08,3066.74
2026-06-09,3060.39
2026-06-10,3040.26
2026-06-11,3064.04
2026-06-12,3130.15
2026-06-15,3151.29
2026-06-16,3165.45
2026-06-17,3187.02
2026-06-18,3198.76
2026-06-19,3184.28
2026-06-22,3193.48
2026-06-23,3152.61
2026-06-24,3144.59
2026-06-25,3171.32
2026-06-26,3148.06
2026-06-29,3153.16
2026-06-30,3203.4
2026-07-01,3180.32
2026-07-02,3219.79
2026-07-03,3246.22
2026-07-06,3240.75
2026-07-07,3201.16
2026-07-08,3142.94
2026-07-09,3183.14
2026-07-10,3175.89
2026-07-13,3176.42
2026-07-14,3181.07
2026-07-15,3173.67
2026-07-16,3182.8
2026-07-17,3156.09
2026-07-20,3155.8
2026-07-21,3185.31
2026-07-22,3201.21
2026-07-23,3147.07
2026-07-24,3182.94
2026-07-27,3183.95
2026-07-28,3187.64
2026-07-29,3167.03
2026-07-30,3215.46
2026-07-31,3222.36
