Nom,EURO STOXX 50® (Price Return EUR)
ISIN,EU0009658145
Symbole,SX5E
Source,https://stoxx.com/index/sx5e/?factsheet=true
Date,Close
1986-12-31,900.82
1987-01-01,900.82
1987-01-02,891.78
1987-01-05,898.33
1987-01-06,902.32
1987-01-07,899.15
1987-01-08,887.37
1987-01-09,868.31
1987-01-12,879.41
1987-01-13,872.74
1987-01-14,876.39
1987-01-15,884.37
1987-01-16,883.78
1987-01-19,876.15
1987-01-20,875.1
1987-01-21,872.47
1987-01-22,876.69
1987-01-23,883.62
1987-01-26,870.96
1987-01-27,868.19
1987-01-28,838.6
1987-01-29,847.38
1987-01-30,859.08
1987-02-02,849.03
1987-02-03,839.6
1987-02-04,838.53
1987-02-05,833.03
1987-02-06,842.23
1987-02-09,844.73
1987-02-10,837.91
1987-02-11,837.56
1987-02-12,840.53
1987-02-13,841.54
1987-02-16,844.11
1987-02-17,833.81
1987-02-18,834.15
1987-02-19,844.07
1987-02-20,845.11
1987-02-23,839.36
1987-02-24,837.9
1987-02-25,833.39
1987-02-26,838.23
1987-02-27,840.97
1987-03-02,842.7
1987-03-03,836.22
1987-03-04,848.78
1987-03-05,855.04
1987-03-06,854.82
1987-03-09,856.93
1987-03-10,850.99
1987-03-11,844.78
1987-03-12,851.62
1987-03-13,855.0
1987-03-16,855.21
1987-03-17,848.47
1987-03-18,854.69
1987-03-19,842.48
1987-03-20,848.13
1987-03-23,860.44
1987-03-24,866.76
1987-03-25,868.3
1987-03-26,874.75
1987-03-27,882.89
1987-03-30,877.3
1987-03-31,869.44
1987-04-01,883.95
1987-04-02,888.39
1987-04-03,888.97
1987-04-06,900.79
1987-04-07,896.33
1987-04-08,895.42
1987-04-09,895.62
1987-04-10,884.61
1987-04-13,875.19
1987-04-14,881.0
1987-04-15,888.71
1987-04-16,895.48
1987-04-17,896.06
1987-04-20,893.33
1987-04-21,889.55
1987-04-22,900.5
1987-04-23,896.53
1987-04-24,890.62
1987-04-27,871.69
1987-04-28,879.07
1987-04-29,884.37
1987-04-30,881.46
1987-05-01,883.32
1987-05-04,880.31
1987-05-05,875.43
1987-05-06,880.91
1987-05-07,882.84
1987-05-08,882.7
1987-05-11,887.34
1987-05-12,879.78
1987-05-13,882.77
1987-05-14,883.11
1987-05-15,866.11
1987-05-18,868.85
1987-05-19,865.65
1987-05-20,856.08
1987-05-21,854.02
1987-05-22,857.63
1987-05-25,856.95
1987-05-26,864.83
1987-05-27,869.49
1987-05-28,869.29
1987-05-29,866.41
1987-06-01,872.52
1987-06-02,863.11
1987-06-03,864.57
1987-06-04,869.42
1987-06-05,864.75
1987-06-08,866.08
1987-06-09,863.17
1987-06-10,860.8
1987-06-11,868.26
1987-06-12,869.28
1987-06-15,879.82
1987-06-16,885.41
1987-06-17,885.93
1987-06-18,885.19
1987-06-19,897.16
1987-06-22,908.73
1987-06-23,915.58
1987-06-24,901.6
1987-06-25,903.66
1987-06-26,909.42
1987-06-29,909.76
1987-06-30,905.3
1987-07-01,894.32
1987-07-02,904.15
1987-07-03,917.81
1987-07-06,918.19
1987-07-07,917.15
1987-07-08,923.2
1987-07-09,920.76
1987-07-10,921.82
1987-07-13,921.73
1987-07-14,925.93
1987-07-15,928.92
1987-07-16,932.15
1987-07-17,941.03
1987-07-20,945.38
1987-07-21,941.54
1987-07-22,937.13
1987-07-23,932.12
1987-07-24,933.19
1987-07-27,936.9
1987-07-28,941.84
1987-07-29,949.38
1987-07-30,957.8
1987-07-31,955.83
1987-08-03,959.68
1987-08-04,957.2
1987-08-05,955.55
1987-08-06,961.22
1987-08-07,963.12
1987-08-10,962.46
1987-08-11,952.68
1987-08-12,961.8
1987-08-13,959.8
1987-08-14,961.79
1987-08-17,959.11
1987-08-18,949.25
1987-08-19,940.09
1987-08-20,949.22
1987-08-21,950.03
1987-08-24,941.89
1987-08-25,941.91
1987-08-26,942.2
1987-08-27,943.3
1987-08-28,947.55
1987-08-31,951.06
1987-09-01,953.63
1987-09-02,947.24
1987-09-03,939.54
1987-09-04,930.39
1987-09-07,919.53
1987-09-08,919.47
1987-09-09,919.76
1987-09-10,928.08
1987-09-11,933.42
1987-09-14,940.81
1987-09-15,936.45
1987-09-16,930.91
1987-09-17,934.09
1987-09-18,928.5
1987-09-21,927.1
1987-09-22,922.49
1987-09-23,937.85
1987-09-24,931.48
1987-09-25,928.34
1987-09-28,934.0
1987-09-29,936.2
1987-09-30,930.71
1987-10-01,938.2
1987-10-02,944.2
1987-10-05,949.42
1987-10-06,945.26
1987-10-07,935.79
1987-10-08,940.33
1987-10-09,926.63
1987-10-12,919.64
1987-10-13,921.87
1987-10-14,916.83
1987-10-15,901.83
1987-10-16,894.23
1987-10-19,823.32
1987-10-20,783.33
1987-10-21,831.37
1987-10-22,799.94
1987-10-23,788.59
1987-10-26,734.34
1987-10-27,741.49
1987-10-28,701.32
1987-10-29,691.31
1987-10-30,730.75
1987-11-02,725.43
1987-11-03,712.87
1987-11-04,689.49
1987-11-05,682.12
1987-11-06,683.04
1987-11-09,654.09
1987-11-10,615.9
1987-11-11,632.36
1987-11-12,676.32
1987-11-13,674.57
1987-11-16,694.95
1987-11-17,678.12
1987-11-18,676.37
1987-11-19,669.38
1987-11-20,653.27
1987-11-23,658.18
1987-11-24,676.14
1987-11-25,675.26
1987-11-26,671.13
1987-11-27,675.21
1987-11-30,658.03
1987-12-01,654.9
1987-12-02,655.07
1987-12-03,650.92
1987-12-04,635.83
1987-12-07,634.13
1987-12-08,638.18
1987-12-09,640.49
1987-12-10,641.11
1987-12-11,636.25
1987-12-14,639.67
1987-12-15,648.78
1987-12-16,661.4
1987-12-17,663.47
1987-12-18,658.56
1987-12-21,665.5
1987-12-22,667.53
1987-12-23,672.74
1987-12-24,671.57
1987-12-25,671.57
1987-12-28,663.68
1987-12-29,651.88
1987-12-30,656.14
1987-12-31,648.13
1988-01-01,648.32
1988-01-04,633.3
1988-01-05,658.48
1988-01-06,665.43
1988-01-07,669.13
1988-01-08,674.72
1988-01-11,650.12
1988-01-12,649.16
1988-01-13,639.19
1988-01-14,642.68
1988-01-15,645.79
1988-01-18,661.85
1988-01-19,648.62
1988-01-20,638.35
1988-01-21,633.54
1988-01-22,635.91
1988-01-25,636.19
1988-01-26,640.18
1988-01-27,637.47
1988-01-28,633.5
1988-01-29,635.95
1988-02-01,639.49
1988-02-02,638.99
1988-02-03,644.82
1988-02-04,653.51
1988-02-05,655.59
1988-02-08,660.39
1988-02-09,652.07
1988-02-10,658.26
1988-02-11,673.0
1988-02-12,678.61
1988-02-15,686.68
1988-02-16,688.36
1988-02-17,696.79
1988-02-18,697.01
1988-02-19,695.96
1988-02-22,702.05
1988-02-23,704.53
1988-02-24,707.13
1988-02-25,712.17
1988-02-26,705.06
1988-02-29,708.88
1988-03-01,715.83
1988-03-02,717.62
1988-03-03,716.51
1988-03-04,711.09
1988-03-07,700.57
1988-03-08,709.99
1988-03-09,713.48
1988-03-10,719.48
1988-03-11,713.28
1988-03-14,714.18
1988-03-15,714.82
1988-03-16,721.6
1988-03-17,706.85
1988-03-18,743.45
1988-03-21,740.41
1988-03-22,729.93
1988-03-23,731.4
1988-03-24,729.04
1988-03-25,719.87
1988-03-28,700.5
1988-03-29,706.16
1988-03-30,706.39
1988-03-31,701.56
1988-04-01,701.37
1988-04-04,699.45
1988-04-05,696.84
1988-04-06,707.35
1988-04-07,712.88
1988-04-08,712.36
1988-04-11,723.06
1988-04-12,728.31
1988-04-13,731.26
1988-04-14,725.77
1988-04-15,712.42
1988-04-18,711.6
1988-04-19,716.63
1988-04-20,711.86
1988-04-21,708.23
1988-04-22,711.58
1988-04-25,714.45
1988-04-26,716.27
1988-04-27,714.72
1988-04-28,717.48
1988-04-29,710.55
1988-05-02,709.88
1988-05-03,705.58
1988-05-04,710.63
1988-05-05,708.49
1988-05-06,707.04
1988-05-09,694.64
1988-05-10,691.69
1988-05-11,682.6
1988-05-12,680.1
1988-05-13,678.99
1988-05-16,693.32
1988-05-17,699.73
1988-05-18,697.68
1988-05-19,686.38
1988-05-20,691.0
1988-05-23,688.63
1988-05-24,689.83
1988-05-25,698.42
1988-05-26,697.56
1988-05-27,696.04
1988-05-30,702.31
1988-05-31,711.12
1988-06-01,724.44
1988-06-02,742.44
1988-06-03,732.45
1988-06-06,736.99
1988-06-07,733.47
1988-06-08,736.43
1988-06-09,749.58
1988-06-10,749.26
1988-06-13,746.51
1988-06-14,750.26
1988-06-15,752.49
1988-06-16,745.17
1988-06-17,747.38
1988-06-20,745.56
1988-06-21,748.29
1988-06-22,754.23
1988-06-23,759.34
1988-06-24,763.67
1988-06-27,762.99
1988-06-28,756.75
1988-06-29,760.82
1988-06-30,760.54
1988-07-01,769.63
1988-07-04,771.49
1988-07-05,775.35
1988-07-06,787.97
1988-07-07,783.36
1988-07-08,783.07
1988-07-11,780.72
1988-07-12,771.99
1988-07-13,766.99
1988-07-14,770.82
1988-07-15,774.77
1988-07-18,772.11
1988-07-19,767.36
1988-07-20,771.81
1988-07-21,772.11
1988-07-22,765.79
1988-07-25,765.03
1988-07-26,772.58
1988-07-27,775.46
1988-07-28,771.12
1988-07-29,780.03
1988-08-01,786.65
1988-08-02,786.91
1988-08-03,785.35
1988-08-04,784.49
1988-08-05,790.72
1988-08-08,786.05
1988-08-09,788.65
1988-08-10,774.91
1988-08-11,766.11
1988-08-12,773.27
1988-08-15,770.05
1988-08-16,766.83
1988-08-17,775.41
1988-08-18,777.71
1988-08-19,774.53
1988-08-22,773.6
1988-08-23,767.15
1988-08-24,769.97
1988-08-25,762.04
1988-08-26,760.86
1988-08-29,757.41
1988-08-30,759.76
1988-08-31,761.63
1988-09-01,757.92
1988-09-02,755.5
1988-09-05,762.97
1988-09-06,764.79
1988-09-07,767.95
1988-09-08,773.44
1988-09-09,768.47
1988-09-12,776.16
1988-09-13,779.82
1988-09-14,789.7
1988-09-15,794.24
1988-09-16,793.88
1988-09-19,798.4
1988-09-20,797.96
1988-09-21,803.58
1988-09-22,805.49
1988-09-23,802.23
1988-09-26,805.86
1988-09-27,802.73
1988-09-28,801.46
1988-09-29,807.99
1988-09-30,809.03
1988-10-03,809.23
1988-10-04,812.2
1988-10-05,814.6
1988-10-06,816.7
1988-10-07,818.72
1988-10-10,823.99
1988-10-11,817.84
1988-10-12,812.66
1988-10-13,819.84
1988-10-14,823.39
1988-10-17,825.53
1988-10-18,833.38
1988-10-19,837.6
1988-10-20,832.5
1988-10-21,832.21
1988-10-24,831.32
1988-10-25,832.41
1988-10-26,846.5
1988-10-27,836.33
1988-10-28,841.45
1988-10-31,837.84
1988-11-01,842.83
1988-11-02,838.65
1988-11-03,837.14
1988-11-04,838.31
1988-11-07,830.56
1988-11-08,836.86
1988-11-09,833.03
1988-11-10,830.49
1988-11-11,826.42
1988-11-14,821.69
1988-11-15,819.76
1988-11-16,822.09
1988-11-17,819.3
1988-11-18,825.01
1988-11-21,822.15
1988-11-22,822.15
1988-11-23,828.6
1988-11-24,829.94
1988-11-25,827.28
1988-11-28,822.2
1988-11-29,823.08
1988-11-30,828.32
1988-12-01,828.11
1988-12-02,825.56
1988-12-05,823.66
1988-12-06,827.01
1988-12-07,834.37
1988-12-08,833.25
1988-12-09,843.45
1988-12-12,836.02
1988-12-13,835.75
1988-12-14,832.87
1988-12-15,832.27
1988-12-16,839.18
1988-12-19,846.69
1988-12-20,854.39
1988-12-21,853.69
1988-12-22,843.38
1988-12-23,856.46
1988-12-26,856.06
1988-12-27,861.08
1988-12-28,859.15
1988-12-29,861.22
1988-12-30,861.36
1989-01-02,866.04
1989-01-03,872.11
1989-01-04,876.29
1989-01-05,883.29
1989-01-06,884.13
1989-01-09,886.05
1989-01-10,881.16
1989-01-11,881.55
1989-01-12,884.53
1989-01-13,885.25
1989-01-16,885.24
1989-01-17,881.7
1989-01-18,880.4
1989-01-19,888.68
1989-01-20,885.46
1989-01-23,880.02
1989-01-24,885.82
1989-01-25,892.57
1989-01-26,887.82
1989-01-27,891.09
1989-01-30,887.65
1989-01-31,880.79
1989-02-01,875.47
1989-02-02,878.08
1989-02-03,884.09
1989-02-06,885.49
1989-02-07,883.82
1989-02-08,891.81
1989-02-09,889.28
1989-02-10,888.1
1989-02-13,876.81
1989-02-14,878.7
1989-02-15,870.83
1989-02-16,872.89
1989-02-17,869.54
1989-02-20,876.73
1989-02-21,874.7
1989-02-22,867.41
1989-02-23,856.7
1989-02-24,864.05
1989-02-27,845.09
1989-02-28,852.86
1989-03-01,859.83
1989-03-02,860.68
1989-03-03,871.1
1989-03-06,879.28
1989-03-07,878.31
1989-03-08,872.83
1989-03-09,873.66
1989-03-10,870.96
1989-03-13,872.52
1989-03-14,876.31
1989-03-15,881.84
1989-03-16,882.9
1989-03-17,879.88
1989-03-20,853.38
1989-03-21,874.93
1989-03-22,874.77
1989-03-23,875.44
1989-03-24,875.9
1989-03-27,873.69
1989-03-28,875.62
1989-03-29,880.18
1989-03-30,882.0
1989-03-31,883.82
1989-04-03,891.11
1989-04-04,892.13
1989-04-05,893.29
1989-04-06,889.88
1989-04-07,891.2
1989-04-10,895.58
1989-04-11,899.74
1989-04-12,902.61
1989-04-13,902.29
1989-04-14,904.91
1989-04-17,909.4
1989-04-18,911.73
1989-04-19,911.97
1989-04-20,908.91
1989-04-21,908.9
1989-04-24,909.26
1989-04-25,904.67
1989-04-26,901.26
1989-04-27,901.96
1989-04-28,901.71
1989-05-01,900.64
1989-05-02,899.12
1989-05-03,897.81
1989-05-04,896.8
1989-05-05,904.73
1989-05-08,900.19
1989-05-09,898.8
1989-05-10,896.6
1989-05-11,893.82
1989-05-12,892.69
1989-05-15,891.69
1989-05-16,891.42
1989-05-17,890.49
1989-05-18,896.03
1989-05-19,898.16
1989-05-22,902.16
1989-05-23,904.47
1989-05-24,905.75
1989-05-25,913.38
1989-05-26,914.44
1989-05-29,920.33
1989-05-30,923.35
1989-05-31,923.42
1989-06-01,924.65
1989-06-02,926.05
1989-06-05,930.43
1989-06-06,929.08
1989-06-07,934.15
1989-06-08,939.58
1989-06-09,940.86
1989-06-12,944.7
1989-06-13,944.87
1989-06-14,947.36
1989-06-15,942.49
1989-06-16,942.76
1989-06-19,948.98
1989-06-20,958.23
1989-06-21,956.75
1989-06-22,958.9
1989-06-23,958.27
1989-06-26,962.7
1989-06-27,959.94
1989-06-28,966.26
1989-06-29,963.4
1989-06-30,953.51
1989-07-03,958.48
1989-07-04,963.44
1989-07-05,955.98
1989-07-06,956.83
1989-07-07,961.77
1989-07-10,965.66
1989-07-11,971.49
1989-07-12,971.05
1989-07-13,977.72
1989-07-14,981.2
1989-07-17,979.47
1989-07-18,981.3
1989-07-19,985.74
1989-07-20,991.39
1989-07-21,993.41
1989-07-24,983.6
1989-07-25,988.98
1989-07-26,994.46
1989-07-27,997.27
1989-07-28,996.93
1989-07-31,997.91
1989-08-01,1006.38
1989-08-02,1008.28
1989-08-03,1004.65
1989-08-04,1016.58
1989-08-07,1018.24
1989-08-08,1020.41
1989-08-09,1022.62
1989-08-10,1018.51
1989-08-11,1022.34
1989-08-14,1019.54
1989-08-15,1012.02
1989-08-16,1018.81
1989-08-17,1020.37
1989-08-18,1017.81
1989-08-21,1024.69
1989-08-22,1021.3
1989-08-23,1020.27
1989-08-24,1026.17
1989-08-25,1036.91
1989-08-28,1034.95
1989-08-29,1031.44
1989-08-30,1034.36
1989-08-31,1038.1
1989-09-01,1040.88
1989-09-04,1048.98
1989-09-05,1056.54
1989-09-06,1048.36
1989-09-07,1055.11
1989-09-08,1058.95
1989-09-11,1054.81
1989-09-12,1052.11
1989-09-13,1049.45
1989-09-14,1048.53
1989-09-15,1047.16
1989-09-18,1050.93
1989-09-19,1047.17
1989-09-20,1045.66
1989-09-21,1045.93
1989-09-22,1051.84
1989-09-25,1050.59
1989-09-26,1045.46
1989-09-27,1042.05
1989-09-28,1041.53
1989-09-29,1032.57
1989-10-02,1027.48
1989-10-03,1039.75
1989-10-04,1042.4
1989-10-05,1041.49
1989-10-06,1047.81
1989-10-09,1055.47
1989-10-10,1054.76
1989-10-11,1043.02
1989-10-12,1042.72
1989-10-13,1035.84
1989-10-16,960.81
1989-10-17,981.08
1989-10-18,983.38
1989-10-19,1001.41
1989-10-20,999.85
1989-10-23,1001.27
1989-10-24,983.84
1989-10-25,973.82
1989-10-26,971.67
1989-10-27,959.03
1989-10-30,965.83
1989-10-31,970.43
1989-11-01,972.43
1989-11-02,969.91
1989-11-03,961.72
1989-11-06,958.61
1989-11-07,947.37
1989-11-08,954.83
1989-11-09,960.36
1989-11-10,970.55
1989-11-13,982.49
1989-11-14,977.94
1989-11-15,973.5
1989-11-16,985.33
1989-11-17,985.81
1989-11-20,989.62
1989-11-21,984.76
1989-11-22,990.51
1989-11-23,996.73
1989-11-24,1005.91
1989-11-27,1010.0
1989-11-28,1009.79
1989-11-29,1013.96
1989-11-30,1023.52
1989-12-01,1034.12
1989-12-04,1045.01
1989-12-05,1040.5
1989-12-06,1048.9
1989-12-07,1051.22
1989-12-08,1050.31
1989-12-11,1048.34
1989-12-12,1048.03
1989-12-13,1046.28
1989-12-14,1043.37
1989-12-15,1045.44
1989-12-18,1042.84
1989-12-19,1038.3
1989-12-20,1050.06
1989-12-21,1057.82
1989-12-22,1060.0
1989-12-25,1060.0
1989-12-26,1063.68
1989-12-27,1082.78
1989-12-28,1095.22
1989-12-29,1098.49
1990-01-01,1098.49
1990-01-02,1101.34
1990-01-03,1112.82
1990-01-04,1113.02
1990-01-05,1099.52
1990-01-08,1104.62
1990-01-09,1108.79
1990-01-10,1099.88
1990-01-11,1111.34
1990-01-12,1100.32
1990-01-15,1094.09
1990-01-16,1076.85
1990-01-17,1085.63
1990-01-18,1071.44
1990-01-19,1069.32
1990-01-22,1070.13
1990-01-23,1072.0
1990-01-24,1048.74
1990-01-25,1061.73
1990-01-26,1061.64
1990-01-29,1063.84
1990-01-30,1067.73
1990-01-31,1069.92
1990-02-01,1081.45
1990-02-02,1099.38
1990-02-05,1111.72
1990-02-06,1108.79
1990-02-07,1093.94
1990-02-08,1102.05
1990-02-09,1091.27
1990-02-12,1075.59
1990-02-13,1067.0
1990-02-14,1067.95
1990-02-15,1072.31
1990-02-16,1088.18
1990-02-19,1073.87
1990-02-20,1053.49
1990-02-21,1046.7
1990-02-22,1053.05
1990-02-23,1038.72
1990-02-26,1031.27
1990-02-27,1045.13
1990-02-28,1048.91
1990-03-01,1039.54
1990-03-02,1057.33
1990-03-05,1064.82
1990-03-06,1062.78
1990-03-07,1074.51
1990-03-08,1082.32
1990-03-09,1087.35
1990-03-12,1082.45
1990-03-13,1088.53
1990-03-14,1092.0
1990-03-15,1101.47
1990-03-16,1105.71
1990-03-19,1108.72
1990-03-20,1103.16
1990-03-21,1114.3
1990-03-22,1104.94
1990-03-23,1107.65
1990-03-26,1114.94
1990-03-27,1108.58
1990-03-28,1108.04
1990-03-29,1113.82
1990-03-30,1115.39
1990-04-02,1102.63
1990-04-03,1117.39
1990-04-04,1117.46
1990-04-05,1120.48
1990-04-06,1126.63
1990-04-09,1120.33
1990-04-10,1119.32
1990-04-11,1122.83
1990-04-12,1127.94
1990-04-13,1127.36
1990-04-16,1130.41
1990-04-17,1133.43
1990-04-18,1124.96
1990-04-19,1120.75
1990-04-20,1127.18
1990-04-23,1108.59
1990-04-24,1106.22
1990-04-25,1104.51
1990-04-26,1095.66
1990-04-27,1091.63
1990-04-30,1087.94
1990-05-01,1088.04
1990-05-02,1098.06
1990-05-03,1111.77
1990-05-04,1118.26
1990-05-07,1128.43
1990-05-08,1123.19
1990-05-09,1119.61
1990-05-10,1116.0
1990-05-11,1110.37
1990-05-14,1111.93
1990-05-15,1109.35
1990-05-16,1107.71
1990-05-17,1113.09
1990-05-18,1109.49
1990-05-21,1098.29
1990-05-22,1106.66
1990-05-23,1111.21
1990-05-24,1110.43
1990-05-25,1102.43
1990-05-28,1099.45
1990-05-29,1111.82
1990-05-30,1117.22
1990-05-31,1116.83
1990-06-01,1116.17
1990-06-04,1120.1
1990-06-05,1123.85
1990-06-06,1108.59
1990-06-07,1107.05
1990-06-08,1099.46
1990-06-11,1094.01
1990-06-12,1092.18
1990-06-13,1094.42
1990-06-14,1097.85
1990-06-15,1089.21
1990-06-18,1084.24
1990-06-19,1098.5
1990-06-20,1102.64
1990-06-21,1105.72
1990-06-22,1112.61
1990-06-25,1118.94
1990-06-26,1123.46
1990-06-27,1122.16
1990-06-28,1122.46
1990-06-29,1120.33
1990-07-02,1124.08
1990-07-03,1121.5
1990-07-04,1120.64
1990-07-05,1113.32
1990-07-06,1114.14
1990-07-09,1110.41
1990-07-10,1100.56
1990-07-11,1109.54
1990-07-12,1118.71
1990-07-13,1121.3
1990-07-16,1127.62
1990-07-17,1133.76
1990-07-18,1133.35
1990-07-19,1134.74
1990-07-20,1136.18
1990-07-23,1120.62
1990-07-24,1120.9
1990-07-25,1122.36
1990-07-26,1120.59
1990-07-27,1112.67
1990-07-30,1107.72
1990-07-31,1116.48
1990-08-01,1108.96
1990-08-02,1097.11
1990-08-03,1073.07
1990-08-06,1021.5
1990-08-07,1038.87
1990-08-08,1016.7
1990-08-09,1023.96
1990-08-10,1021.27
1990-08-13,996.97
1990-08-14,1003.6
1990-08-15,1001.34
1990-08-16,1007.38
1990-08-17,976.71
1990-08-20,952.64
1990-08-21,920.64
1990-08-22,930.22
1990-08-23,903.54
1990-08-24,919.56
1990-08-27,964.12
1990-08-28,955.84
1990-08-29,962.32
1990-08-30,969.57
1990-08-31,962.15
1990-09-03,958.14
1990-09-04,940.34
1990-09-05,940.26
1990-09-06,935.87
1990-09-07,937.84
1990-09-10,956.25
1990-09-11,947.76
1990-09-12,954.82
1990-09-13,952.68
1990-09-14,934.09
1990-09-17,924.31
1990-09-18,907.31
1990-09-19,904.25
1990-09-20,890.88
1990-09-21,886.52
1990-09-24,871.4
1990-09-25,850.99
1990-09-26,860.78
1990-09-27,860.35
1990-09-28,845.96
1990-10-01,875.4
1990-10-02,896.69
1990-10-03,891.71
1990-10-04,881.17
1990-10-05,866.85
1990-10-08,893.92
1990-10-09,877.9
1990-10-10,866.26
1990-10-11,869.63
1990-10-12,884.94
1990-10-15,891.48
1990-10-16,889.95
1990-10-17,886.78
1990-10-18,901.35
1990-10-19,910.29
1990-10-22,904.12
1990-10-23,925.33
1990-10-24,924.52
1990-10-25,916.65
1990-10-26,898.73
1990-10-29,896.33
1990-10-30,886.68
1990-10-31,889.57
1990-11-01,884.62
1990-11-02,881.74
1990-11-05,877.88
1990-11-06,876.74
1990-11-07,864.83
1990-11-08,857.62
1990-11-09,861.32
1990-11-12,872.25
1990-11-13,875.77
1990-11-14,870.61
1990-11-15,871.07
1990-11-16,872.0
1990-11-19,882.81
1990-11-20,885.13
1990-11-21,882.83
1990-11-22,889.89
1990-11-23,888.42
1990-11-26,872.01
1990-11-27,863.28
1990-11-28,864.11
1990-11-29,869.21
1990-11-30,872.81
1990-12-03,891.1
1990-12-04,884.12
1990-12-05,893.1
1990-12-06,906.2
1990-12-07,911.41
1990-12-10,908.44
1990-12-11,904.26
1990-12-12,908.03
1990-12-13,911.65
1990-12-14,909.65
1990-12-17,892.49
1990-12-18,893.1
1990-12-19,888.7
1990-12-20,870.71
1990-12-21,872.92
1990-12-24,867.05
1990-12-25,871.47
1990-12-26,866.14
1990-12-27,866.16
1990-12-28,861.57
1990-12-31,858.72
1991-01-01,858.72
1991-01-02,851.35
1991-01-03,854.53
1991-01-04,864.27
1991-01-07,847.19
1991-01-08,842.12
1991-01-09,855.99
1991-01-10,846.31
1991-01-11,843.24
1991-01-14,818.5
1991-01-15,820.44
1991-01-16,821.34
1991-01-17,869.45
1991-01-18,862.65
1991-01-21,854.7
1991-01-22,848.71
1991-01-23,839.95
1991-01-24,852.09
1991-01-25,857.71
1991-01-28,858.5
1991-01-29,853.54
1991-01-30,867.21
1991-01-31,871.77
1991-02-01,871.68
1991-02-04,877.61
1991-02-05,883.56
1991-02-06,880.79
1991-02-07,889.81
1991-02-08,899.59
1991-02-11,914.85
1991-02-12,908.94
1991-02-13,916.72
1991-02-14,922.72
1991-02-15,934.79
1991-02-18,950.97
1991-02-19,957.05
1991-02-20,946.46
1991-02-21,948.9
1991-02-22,959.84
1991-02-25,971.27
1991-02-26,953.01
1991-02-27,956.15
1991-02-28,959.23
1991-03-01,948.8
1991-03-04,956.15
1991-03-05,963.97
1991-03-06,982.18
1991-03-07,983.63
1991-03-08,990.7
1991-03-11,979.89
1991-03-12,980.11
1991-03-13,969.17
1991-03-14,986.08
1991-03-15,982.29
1991-03-18,978.94
1991-03-19,972.89
1991-03-20,964.73
1991-03-21,970.5
1991-03-22,966.81
1991-03-25,969.86
1991-03-26,966.84
1991-03-27,971.07
1991-03-28,981.91
1991-03-29,982.08
1991-04-01,988.77
1991-04-02,985.68
1991-04-03,998.76
1991-04-04,995.97
1991-04-05,1002.3
1991-04-08,995.14
1991-04-09,999.3
1991-04-10,988.82
1991-04-11,995.21
1991-04-12,1001.18
1991-04-15,1006.18
1991-04-16,1001.9
1991-04-17,1012.74
1991-04-18,1012.91
1991-04-19,1007.43
1991-04-22,995.36
1991-04-23,1004.69
1991-04-24,1006.87
1991-04-25,1013.64
1991-04-26,998.46
1991-04-29,1006.89
1991-04-30,1002.08
1991-05-01,1004.74
1991-05-02,1017.29
1991-05-03,1018.24
1991-05-06,1019.47
1991-05-07,1019.77
1991-05-08,1013.48
1991-05-09,1015.16
1991-05-10,1024.15
1991-05-13,1015.48
1991-05-14,1012.67
1991-05-15,1004.96
1991-05-16,1008.49
1991-05-17,1004.86
1991-05-20,1006.74
1991-05-21,1015.4
1991-05-22,1021.14
1991-05-23,1020.26
1991-05-24,1021.3
1991-05-27,1023.97
1991-05-28,1027.34
1991-05-29,1031.32
1991-05-30,1035.19
1991-05-31,1045.52
1991-06-03,1048.03
1991-06-04,1044.26
1991-06-05,1051.3
1991-06-06,1045.72
1991-06-07,1043.22
1991-06-10,1042.47
1991-06-11,1050.0
1991-06-12,1041.42
1991-06-13,1039.11
1991-06-14,1047.25
1991-06-17,1041.32
1991-06-18,1037.89
1991-06-19,1029.36
1991-06-20,1024.79
1991-06-21,1033.43
1991-06-24,1020.52
1991-06-25,1021.47
1991-06-26,1014.97
1991-06-27,1014.9
1991-06-28,1003.15
1991-07-01,1004.3
1991-07-02,1001.04
1991-07-03,993.27
1991-07-04,991.43
1991-07-05,999.65
1991-07-08,987.06
1991-07-09,996.24
1991-07-10,1006.27
1991-07-11,999.48
1991-07-12,998.13
1991-07-15,1002.16
1991-07-16,1002.52
1991-07-17,995.75
1991-07-18,996.4
1991-07-19,1002.0
1991-07-22,1003.19
1991-07-23,1007.02
1991-07-24,1004.49
1991-07-25,1002.65
1991-07-26,996.86
1991-07-29,996.31
1991-07-30,1000.15
1991-07-31,1000.94
1991-08-01,1003.75
1991-08-02,1001.23
1991-08-05,1002.24
1991-08-06,995.93
1991-08-07,1006.09
1991-08-08,1004.69
1991-08-09,1003.49
1991-08-12,1000.7
1991-08-13,1008.87
1991-08-14,1012.18
1991-08-15,1012.9
1991-08-16,1013.94
1991-08-19,942.04
1991-08-20,962.69
1991-08-21,982.63
1991-08-22,1003.52
1991-08-23,1007.05
1991-08-26,1014.68
1991-08-27,1013.34
1991-08-28,1011.53
1991-08-29,1014.31
1991-08-30,1016.62
1991-09-02,1016.78
1991-09-03,1019.44
1991-09-04,1018.78
1991-09-05,1019.67
1991-09-06,1017.57
1991-09-09,1011.74
1991-09-10,1006.09
1991-09-11,1003.27
1991-09-12,1006.92
1991-09-13,1008.85
1991-09-16,1009.76
1991-09-17,1009.64
1991-09-18,1012.61
1991-09-19,1011.56
1991-09-20,1012.54
1991-09-23,1009.21
1991-09-24,1014.21
1991-09-25,1010.29
1991-09-26,1009.44
1991-09-27,1005.94
1991-09-30,1007.0
1991-10-01,1008.05
1991-10-02,1005.32
1991-10-03,1002.47
1991-10-04,997.52
1991-10-07,994.86
1991-10-08,994.24
1991-10-09,988.02
1991-10-10,990.9
1991-10-11,989.88
1991-10-14,990.58
1991-10-15,1000.39
1991-10-16,999.18
1991-10-17,998.53
1991-10-18,999.69
1991-10-21,999.81
1991-10-22,1003.45
1991-10-23,1002.95
1991-10-24,998.0
1991-10-25,992.65
1991-10-28,1002.02
1991-10-29,1002.97
1991-10-30,1000.52
1991-10-31,1003.13
1991-11-01,998.85
1991-11-04,994.85
1991-11-05,998.85
1991-11-06,994.26
1991-11-07,998.51
1991-11-08,1009.88
1991-11-11,1009.75
1991-11-12,1014.97
1991-11-13,1016.98
1991-11-14,1020.51
1991-11-15,1021.82
1991-11-18,1002.85
1991-11-19,992.68
1991-11-20,994.3
1991-11-21,992.55
1991-11-22,993.93
1991-11-25,988.24
1991-11-26,994.34
1991-11-27,991.02
1991-11-28,990.57
1991-11-29,985.85
1991-12-02,974.07
1991-12-03,981.09
1991-12-04,980.16
1991-12-05,979.66
1991-12-06,973.94
1991-12-09,969.4
1991-12-10,960.99
1991-12-11,962.77
1991-12-12,969.05
1991-12-13,977.91
1991-12-16,978.27
1991-12-17,980.8
1991-12-18,986.11
1991-12-19,976.26
1991-12-20,963.56
1991-12-23,965.28
1991-12-24,976.29
1991-12-25,976.29
1991-12-26,977.88
1991-12-27,985.78
1991-12-30,996.85
1991-12-31,1000.0
1992-01-02,1004.03
1992-01-03,1001.2
1992-01-06,1014.3
1992-01-07,1012.6
1992-01-08,1004.03
1992-01-09,1004.41
1992-01-10,1020.41
1992-01-13,1022.82
1992-01-14,1028.99
1992-01-15,1050.45
1992-01-16,1050.79
1992-01-17,1045.37
1992-01-20,1048.98
1992-01-21,1053.99
1992-01-22,1046.64
1992-01-23,1039.87
1992-01-24,1040.46
1992-01-27,1056.28
1992-01-28,1055.7
1992-01-29,1051.94
1992-01-30,1051.31
1992-01-31,1045.71
1992-02-03,1056.81
1992-02-04,1044.47
1992-02-05,1058.12
1992-02-06,1054.44
1992-02-07,1061.81
1992-02-10,1042.63
1992-02-11,1046.78
1992-02-12,1046.48
1992-02-13,1051.15
1992-02-14,1049.22
1992-02-17,1047.65
1992-02-18,1062.38
1992-02-19,1058.04
1992-02-20,1067.45
1992-02-21,1066.58
1992-02-24,1074.47
1992-02-25,1065.91
1992-02-26,1082.58
1992-02-27,1088.49
1992-02-28,1082.35
1992-03-02,1083.9
1992-03-03,1085.66
1992-03-04,1090.92
1992-03-05,1084.9
1992-03-06,1081.98
1992-03-09,1083.11
1992-03-10,1083.76
1992-03-11,1078.5
1992-03-12,1071.09
1992-03-13,1068.02
1992-03-16,1067.11
1992-03-17,1068.27
1992-03-18,1066.09
1992-03-19,1063.11
1992-03-20,1070.82
1992-03-23,1056.89
1992-03-24,1056.71
1992-03-25,1058.58
1992-03-26,1062.19
1992-03-27,1057.9
1992-03-30,1060.79
1992-03-31,1060.78
1992-04-01,1058.37
1992-04-02,1060.68
1992-04-03,1061.76
1992-04-06,1069.29
1992-04-07,1073.69
1992-04-08,1050.82
1992-04-09,1054.29
1992-04-10,1068.93
1992-04-13,1065.04
1992-04-14,1063.47
1992-04-15,1078.97
1992-04-16,1069.61
1992-04-17,1069.99
1992-04-20,1080.62
1992-04-21,1079.94
1992-04-22,1079.64
1992-04-23,1079.33
1992-04-24,1078.95
1992-04-27,1079.55
1992-04-28,1081.64
1992-04-29,1084.76
1992-04-30,1085.06
1992-05-01,1082.71
1992-05-04,1080.82
1992-05-05,1085.05
1992-05-06,1086.62
1992-05-07,1088.98
1992-05-08,1093.09
1992-05-11,1098.9
1992-05-12,1091.83
1992-05-13,1089.26
1992-05-14,1080.29
1992-05-15,1087.94
1992-05-18,1089.0
1992-05-19,1091.1
1992-05-20,1091.86
1992-05-21,1093.37
1992-05-22,1103.72
1992-05-25,1108.28
1992-05-26,1101.76
1992-05-27,1098.2
1992-05-28,1099.05
1992-05-29,1105.18
1992-06-01,1103.53
1992-06-02,1101.27
1992-06-03,1100.54
1992-06-04,1097.85
1992-06-05,1093.42
1992-06-08,1092.5
1992-06-09,1084.7
1992-06-10,1086.09
1992-06-11,1077.6
1992-06-12,1078.4
1992-06-15,1072.76
1992-06-16,1077.18
1992-06-17,1071.76
1992-06-18,1063.92
1992-06-19,1064.49
1992-06-22,1062.09
1992-06-23,1063.62
1992-06-24,1061.28
1992-06-25,1060.05
1992-06-26,1062.84
1992-06-29,1056.59
1992-06-30,1056.93
1992-07-01,1048.29
1992-07-02,1057.98
1992-07-03,1058.53
1992-07-06,1053.35
1992-07-07,1051.5
1992-07-08,1047.16
1992-07-09,1054.99
1992-07-10,1057.89
1992-07-13,1045.96
1992-07-14,1044.81
1992-07-15,1040.35
1992-07-16,1045.6
1992-07-17,1023.83
1992-07-20,999.15
1992-07-21,998.51
1992-07-22,990.68
1992-07-23,989.85
1992-07-24,978.09
1992-07-27,983.31
1992-07-28,982.82
1992-07-29,989.34
1992-07-30,993.47
1992-07-31,988.96
1992-08-03,987.91
1992-08-04,992.34
1992-08-05,993.09
1992-08-06,997.54
1992-08-07,985.2
1992-08-10,975.41
1992-08-11,961.91
1992-08-12,957.61
1992-08-13,951.98
1992-08-14,963.84
1992-08-17,964.61
1992-08-18,956.36
1992-08-19,957.62
1992-08-20,955.68
1992-08-21,968.19
1992-08-24,941.72
1992-08-25,935.47
1992-08-26,933.84
1992-08-27,942.65
1992-08-28,943.43
1992-08-31,951.68
1992-09-01,945.84
1992-09-02,945.24
1992-09-03,964.86
1992-09-04,968.69
1992-09-07,964.0
1992-09-08,961.34
1992-09-09,957.87
1992-09-10,954.49
1992-09-11,966.2
1992-09-14,1005.61
1992-09-15,992.17
1992-09-16,1018.38
1992-09-17,1005.53
1992-09-18,1036.18
1992-09-21,1013.23
1992-09-22,1020.47
1992-09-23,1007.01
1992-09-24,1009.94
1992-09-25,1002.4
1992-09-28,972.74
1992-09-29,970.13
1992-09-30,968.58
1992-10-01,958.97
1992-10-02,971.11
1992-10-05,920.65
1992-10-06,928.88
1992-10-07,931.96
1992-10-08,945.27
1992-10-09,952.37
1992-10-12,954.1
1992-10-13,959.87
1992-10-14,956.22
1992-10-15,950.13
1992-10-16,955.48
1992-10-19,953.12
1992-10-20,977.87
1992-10-21,962.91
1992-10-22,975.9
1992-10-23,988.52
1992-10-26,991.92
1992-10-27,988.47
1992-10-28,983.96
1992-10-29,978.65
1992-10-30,980.05
1992-11-02,979.79
1992-11-03,987.1
1992-11-04,987.65
1992-11-05,983.46
1992-11-06,978.72
1992-11-09,988.19
1992-11-10,999.19
1992-11-11,999.69
1992-11-12,1003.02
1992-11-13,1008.47
1992-11-16,1004.94
1992-11-17,1007.38
1992-11-18,1010.77
1992-11-19,1006.1
1992-11-20,993.55
1992-11-23,994.66
1992-11-24,997.83
1992-11-25,998.69
1992-11-26,999.34
1992-11-27,1009.72
1992-11-30,1012.37
1992-12-01,1010.7
1992-12-02,1005.95
1992-12-03,1005.95
1992-12-04,1004.67
1992-12-07,1010.94
1992-12-08,1001.4
1992-12-09,1003.7
1992-12-10,993.97
1992-12-11,989.86
1992-12-14,987.01
1992-12-15,988.15
1992-12-16,977.95
1992-12-17,988.38
1992-12-18,1000.43
1992-12-21,1014.45
1992-12-22,1023.98
1992-12-23,1025.51
1992-12-24,1031.59
1992-12-25,1031.99
1992-12-28,1025.32
1992-12-29,1040.9
1992-12-30,1034.45
1992-12-31,1033.51
1993-01-04,1028.81
1993-01-05,1039.76
1993-01-06,1039.67
1993-01-07,1034.24
1993-01-08,1027.8
1993-01-11,1014.66
1993-01-12,1017.84
1993-01-13,1016.11
1993-01-14,1023.19
1993-01-15,1036.54
1993-01-18,1047.05
1993-01-19,1047.03
1993-01-20,1046.62
1993-01-21,1048.36
1993-01-22,1051.29
1993-01-25,1034.69
1993-01-26,1045.07
1993-01-27,1037.13
1993-01-28,1038.88
1993-01-29,1043.55
1993-02-01,1051.34
1993-02-02,1054.58
1993-02-03,1072.46
1993-02-04,1079.36
1993-02-05,1097.01
1993-02-08,1101.94
1993-02-09,1094.13
1993-02-10,1095.43
1993-02-11,1101.06
1993-02-12,1099.46
1993-02-15,1106.34
1993-02-16,1098.08
1993-02-17,1096.6
1993-02-18,1109.86
1993-02-19,1112.21
1993-02-22,1118.75
1993-02-23,1111.42
1993-02-24,1109.4
1993-02-25,1112.65
1993-02-26,1128.36
1993-03-01,1140.59
1993-03-02,1139.91
1993-03-03,1141.15
1993-03-04,1138.23
1993-03-05,1141.56
1993-03-08,1146.06
1993-03-09,1148.63
1993-03-10,1147.44
1993-03-11,1148.35
1993-03-12,1135.92
1993-03-15,1139.06
1993-03-16,1135.51
1993-03-17,1130.76
1993-03-18,1133.46
1993-03-19,1135.09
1993-03-22,1118.33
1993-03-23,1118.76
1993-03-24,1119.93
1993-03-25,1127.34
1993-03-26,1130.78
1993-03-29,1136.44
1993-03-30,1139.72
1993-03-31,1140.82
1993-04-01,1130.04
1993-04-02,1122.92
1993-04-05,1119.36
1993-04-06,1126.34
1993-04-07,1123.45
1993-04-08,1130.13
1993-04-09,1127.08
1993-04-12,1126.34
1993-04-13,1139.77
1993-04-14,1138.3
1993-04-15,1135.2
1993-04-16,1138.89
1993-04-19,1142.12
1993-04-20,1136.21
1993-04-21,1127.24
1993-04-22,1130.8
1993-04-23,1123.68
1993-04-26,1121.77
1993-04-27,1121.59
1993-04-28,1120.58
1993-04-29,1109.83
1993-04-30,1114.25
1993-05-03,1117.22
1993-05-04,1116.43
1993-05-05,1115.33
1993-05-06,1113.33
1993-05-07,1103.06
1993-05-10,1103.24
1993-05-11,1103.51
1993-05-12,1107.86
1993-05-13,1122.14
1993-05-14,1113.78
1993-05-17,1106.7
1993-05-18,1108.23
1993-05-19,1106.5
1993-05-20,1104.22
1993-05-21,1102.94
1993-05-24,1107.2
1993-05-25,1115.34
1993-05-26,1113.38
1993-05-27,1117.93
1993-05-28,1113.7
1993-05-31,1113.68
1993-06-01,1107.38
1993-06-02,1110.22
1993-06-03,1110.47
1993-06-04,1109.2
1993-06-07,1114.59
1993-06-08,1118.2
1993-06-09,1129.83
1993-06-10,1131.03
1993-06-11,1136.25
1993-06-14,1138.45
1993-06-15,1131.08
1993-06-16,1136.87
1993-06-17,1134.49
1993-06-18,1140.78
1993-06-21,1144.34
1993-06-22,1157.33
1993-06-23,1157.26
1993-06-24,1153.37
1993-06-25,1153.83
1993-06-28,1161.96
1993-06-29,1156.5
1993-06-30,1157.58
1993-07-01,1156.84
1993-07-02,1147.51
1993-07-05,1144.93
1993-07-06,1147.62
1993-07-07,1154.35
1993-07-08,1181.25
1993-07-09,1186.77
1993-07-12,1190.42
1993-07-13,1187.02
1993-07-14,1187.25
1993-07-15,1191.95
1993-07-16,1190.28
1993-07-19,1195.4
1993-07-20,1192.38
1993-07-21,1181.09
1993-07-22,1186.64
1993-07-23,1194.61
1993-07-26,1202.53
1993-07-27,1202.27
1993-07-28,1201.89
1993-07-29,1214.8
1993-07-30,1236.14
1993-08-02,1245.89
1993-08-03,1241.47
1993-08-04,1244.39
1993-08-05,1242.77
1993-08-06,1247.11
1993-08-09,1260.27
1993-08-10,1253.82
1993-08-11,1270.63
1993-08-12,1266.59
1993-08-13,1269.49
1993-08-16,1273.5
1993-08-17,1275.57
1993-08-18,1293.3
1993-08-19,1299.07
1993-08-20,1287.25
1993-08-23,1280.01
1993-08-24,1284.42
1993-08-25,1304.85
1993-08-26,1302.86
1993-08-27,1308.24
1993-08-30,1317.64
1993-08-31,1321.88
1993-09-01,1307.58
1993-09-02,1307.92
1993-09-03,1307.61
1993-09-06,1297.08
1993-09-07,1287.05
1993-09-08,1278.79
1993-09-09,1276.85
1993-09-10,1271.75
1993-09-13,1270.08
1993-09-14,1277.9
1993-09-15,1261.46
1993-09-16,1256.55
1993-09-17,1267.02
1993-09-20,1279.08
1993-09-21,1275.84
1993-09-22,1266.05
1993-09-23,1267.75
1993-09-24,1263.38
1993-09-27,1281.61
1993-09-28,1283.62
1993-09-29,1279.85
1993-09-30,1285.92
1993-10-01,1287.49
1993-10-04,1293.23
1993-10-05,1313.89
1993-10-06,1322.78
1993-10-07,1321.29
1993-10-08,1336.44
1993-10-11,1320.14
1993-10-12,1315.69
1993-10-13,1314.41
1993-10-14,1313.68
1993-10-15,1326.15
1993-10-18,1339.69
1993-10-19,1335.07
1993-10-20,1342.11
1993-10-21,1351.2
1993-10-22,1366.84
1993-10-25,1369.39
1993-10-26,1361.37
1993-10-27,1349.74
1993-10-28,1353.7
1993-10-29,1359.41
1993-11-01,1360.77
1993-11-02,1367.39
1993-11-03,1364.93
1993-11-04,1353.48
1993-11-05,1323.35
1993-11-08,1322.96
1993-11-09,1329.71
1993-11-10,1320.77
1993-11-11,1318.93
1993-11-12,1316.41
1993-11-15,1329.77
1993-11-16,1330.29
1993-11-17,1336.67
1993-11-18,1345.02
1993-11-19,1340.76
1993-11-22,1310.32
1993-11-23,1303.98
1993-11-24,1304.92
1993-11-25,1319.41
1993-11-26,1324.02
1993-11-29,1322.54
1993-11-30,1326.28
1993-12-01,1347.38
1993-12-02,1356.17
1993-12-03,1363.86
1993-12-06,1368.98
1993-12-07,1371.06
1993-12-08,1385.54
1993-12-09,1395.19
1993-12-10,1385.03
1993-12-13,1388.06
1993-12-14,1371.28
1993-12-15,1364.39
1993-12-16,1374.58
1993-12-17,1385.53
1993-12-20,1398.71
1993-12-21,1402.55
1993-12-22,1410.18
1993-12-23,1421.32
1993-12-24,1421.46
1993-12-27,1433.22
1993-12-28,1425.08
1993-12-29,1420.37
1993-12-30,1431.63
1993-12-31,1433.34
1994-01-03,1440.91
1994-01-04,1436.03
1994-01-05,1424.89
1994-01-06,1429.78
1994-01-07,1433.71
1994-01-10,1438.03
1994-01-11,1440.3
1994-01-12,1420.37
1994-01-13,1401.53
1994-01-14,1406.11
1994-01-17,1403.61
1994-01-18,1408.49
1994-01-19,1421.76
1994-01-20,1413.34
1994-01-21,1403.16
1994-01-24,1409.51
1994-01-25,1418.52
1994-01-26,1421.35
1994-01-27,1422.43
1994-01-28,1436.71
1994-01-31,1456.88
1994-02-01,1453.55
1994-02-02,1459.27
1994-02-03,1447.44
1994-02-04,1444.99
1994-02-07,1415.52
1994-02-08,1433.9
1994-02-09,1429.25
1994-02-10,1433.5
1994-02-11,1422.66
1994-02-14,1418.12
1994-02-15,1422.12
1994-02-16,1428.76
1994-02-17,1433.04
1994-02-18,1432.03
1994-02-21,1412.26
1994-02-22,1406.44
1994-02-23,1419.19
1994-02-24,1390.34
1994-02-25,1381.66
1994-02-28,1396.06
1994-03-01,1374.03
1994-03-02,1347.84
1994-03-03,1360.09
1994-03-04,1372.0
1994-03-07,1396.36
1994-03-08,1398.47
1994-03-09,1387.76
1994-03-10,1393.91
1994-03-11,1380.04
1994-03-14,1402.91
1994-03-15,1418.62
1994-03-16,1414.77
1994-03-17,1417.33
1994-03-18,1404.37
1994-03-21,1391.96
1994-03-22,1390.01
1994-03-23,1397.12
1994-03-24,1383.47
1994-03-25,1369.6
1994-03-28,1385.36
1994-03-29,1383.0
1994-03-30,1367.86
1994-03-31,1365.74
1994-04-01,1368.12
1994-04-04,1364.65
1994-04-05,1373.5
1994-04-06,1394.06
1994-04-07,1399.86
1994-04-08,1407.45
1994-04-11,1425.69
1994-04-12,1429.36
1994-04-13,1425.17
1994-04-14,1417.49
1994-04-15,1424.74
1994-04-18,1421.75
1994-04-19,1400.29
1994-04-20,1396.54
1994-04-21,1393.58
1994-04-22,1415.98
1994-04-25,1408.35
1994-04-26,1427.08
1994-04-27,1436.48
1994-04-28,1431.79
1994-04-29,1427.37
1994-05-02,1432.21
1994-05-03,1428.69
1994-05-04,1414.59
1994-05-05,1414.68
1994-05-06,1425.01
1994-05-09,1413.35
1994-05-10,1429.21
1994-05-11,1431.48
1994-05-12,1433.57
1994-05-13,1437.29
1994-05-16,1437.63
1994-05-17,1440.05
1994-05-18,1441.33
1994-05-19,1434.04
1994-05-20,1425.53
1994-05-23,1421.0
1994-05-24,1400.81
1994-05-25,1381.18
1994-05-26,1371.98
1994-05-27,1365.66
1994-05-30,1363.29
1994-05-31,1358.74
1994-06-01,1348.31
1994-06-02,1355.0
1994-06-03,1364.1
1994-06-06,1372.67
1994-06-07,1364.9
1994-06-08,1370.33
1994-06-09,1362.82
1994-06-10,1368.07
1994-06-13,1347.58
1994-06-14,1339.28
1994-06-15,1334.64
1994-06-16,1320.83
1994-06-17,1315.61
1994-06-20,1278.38
1994-06-21,1272.0
1994-06-22,1285.93
1994-06-23,1306.64
1994-06-24,1290.51
1994-06-27,1278.8
1994-06-28,1289.22
1994-06-29,1299.5
1994-06-30,1284.6
1994-07-01,1286.27
1994-07-04,1288.94
1994-07-05,1286.05
1994-07-06,1287.28
1994-07-07,1292.0
1994-07-08,1297.6
1994-07-11,1307.31
1994-07-12,1297.31
1994-07-13,1310.64
1994-07-14,1314.0
1994-07-15,1327.15
1994-07-18,1338.19
1994-07-19,1354.19
1994-07-20,1353.32
1994-07-21,1354.42
1994-07-22,1367.05
1994-07-25,1366.36
1994-07-26,1370.81
1994-07-27,1360.05
1994-07-28,1357.62
1994-07-29,1373.6
1994-08-01,1380.36
1994-08-02,1398.24
1994-08-03,1401.79
1994-08-04,1396.72
1994-08-05,1397.49
1994-08-08,1396.94
1994-08-09,1381.63
1994-08-10,1373.03
1994-08-11,1369.94
1994-08-12,1350.68
1994-08-15,1353.01
1994-08-16,1355.39
1994-08-17,1363.02
1994-08-18,1352.49
1994-08-19,1352.22
1994-08-22,1341.66
1994-08-23,1347.0
1994-08-24,1356.09
1994-08-25,1369.09
1994-08-26,1383.31
1994-08-29,1397.07
1994-08-30,1394.68
1994-08-31,1397.12
1994-09-01,1384.0
1994-09-02,1383.88
1994-09-05,1368.69
1994-09-06,1354.66
1994-09-07,1359.5
1994-09-08,1367.16
1994-09-09,1362.97
1994-09-12,1352.29
1994-09-13,1350.94
1994-09-14,1343.46
1994-09-15,1351.45
1994-09-16,1342.28
1994-09-19,1332.83
1994-09-20,1321.61
1994-09-21,1319.69
1994-09-22,1314.59
1994-09-23,1327.59
1994-09-26,1319.29
1994-09-27,1317.98
1994-09-28,1329.13
1994-09-29,1312.49
1994-09-30,1302.53
1994-10-03,1292.05
1994-10-04,1291.81
1994-10-05,1268.62
1994-10-06,1269.74
1994-10-07,1268.87
1994-10-10,1296.61
1994-10-11,1316.56
1994-10-12,1319.51
1994-10-13,1333.21
1994-10-14,1334.83
1994-10-17,1326.1
1994-10-18,1317.49
1994-10-19,1304.88
1994-10-20,1308.15
1994-10-21,1289.34
1994-10-24,1291.24
1994-10-25,1275.36
1994-10-26,1285.21
1994-10-27,1289.75
1994-10-28,1312.51
1994-10-31,1327.67
1994-11-01,1321.83
1994-11-02,1304.8
1994-11-03,1315.17
1994-11-04,1321.16
1994-11-07,1305.87
1994-11-08,1312.15
1994-11-09,1331.69
1994-11-10,1328.05
1994-11-11,1326.0
1994-11-14,1329.47
1994-11-15,1344.61
1994-11-16,1337.76
1994-11-17,1330.84
1994-11-18,1328.5
1994-11-21,1332.02
1994-11-22,1314.21
1994-11-23,1295.05
1994-11-24,1312.35
1994-11-25,1313.97
1994-11-28,1319.31
1994-11-29,1313.83
1994-11-30,1323.35
1994-12-01,1321.32
1994-12-02,1325.7
1994-12-05,1334.17
1994-12-06,1322.52
1994-12-07,1322.22
1994-12-08,1316.92
1994-12-09,1305.13
1994-12-12,1296.02
1994-12-13,1293.5
1994-12-14,1299.74
1994-12-15,1306.21
1994-12-16,1312.17
1994-12-19,1314.24
1994-12-20,1315.12
1994-12-21,1325.52
1994-12-22,1330.99
1994-12-23,1331.54
1994-12-26,1334.14
1994-12-27,1337.81
1994-12-28,1341.66
1994-12-29,1312.9
1994-12-30,1320.59
1995-01-02,1315.75
1995-01-03,1317.34
1995-01-04,1318.64
1995-01-05,1308.53
1995-01-06,1310.15
1995-01-09,1304.48
1995-01-10,1301.75
1995-01-11,1298.69
1995-01-12,1300.27
1995-01-13,1303.13
1995-01-16,1322.54
1995-01-17,1317.97
1995-01-18,1315.89
1995-01-19,1319.01
1995-01-20,1305.78
1995-01-23,1288.91
1995-01-24,1292.01
1995-01-25,1294.99
1995-01-26,1305.39
1995-01-27,1306.55
1995-01-30,1306.73
1995-01-31,1296.71
1995-02-01,1314.58
1995-02-02,1314.11
1995-02-03,1325.2
1995-02-06,1339.4
1995-02-07,1337.86
1995-02-08,1334.62
1995-02-09,1343.66
1995-02-10,1348.1
1995-02-13,1340.69
1995-02-14,1344.6
1995-02-15,1346.27
1995-02-16,1331.42
1995-02-17,1329.81
1995-02-20,1319.1
1995-02-21,1319.05
1995-02-22,1314.36
1995-02-23,1325.85
1995-02-24,1321.92
1995-02-27,1313.54
1995-02-28,1312.78
1995-03-01,1322.62
1995-03-02,1321.78
1995-03-03,1316.19
1995-03-06,1304.05
1995-03-07,1296.32
1995-03-08,1282.35
1995-03-09,1274.57
1995-03-10,1282.26
1995-03-13,1275.46
1995-03-14,1287.85
1995-03-15,1285.04
1995-03-16,1289.06
1995-03-17,1305.29
1995-03-20,1303.91
1995-03-21,1301.41
1995-03-22,1303.8
1995-03-23,1280.09
1995-03-24,1284.27
1995-03-27,1295.5
1995-03-28,1285.68
1995-03-29,1288.75
1995-03-30,1307.45
1995-03-31,1300.13
1995-04-03,1298.18
1995-04-04,1312.51
1995-04-05,1314.91
1995-04-06,1322.25
1995-04-07,1318.14
1995-04-10,1313.45
1995-04-11,1316.22
1995-04-12,1319.31
1995-04-13,1319.39
1995-04-14,1321.0
1995-04-17,1322.13
1995-04-18,1313.99
1995-04-19,1314.07
1995-04-20,1315.96
1995-04-21,1333.56
1995-04-24,1331.78
1995-04-25,1343.63
1995-04-26,1352.99
1995-04-27,1352.3
1995-04-28,1346.68
1995-05-01,1353.12
1995-05-02,1366.09
1995-05-03,1372.6
1995-05-04,1374.59
1995-05-05,1369.95
1995-05-08,1369.38
1995-05-09,1382.59
1995-05-10,1390.37
1995-05-11,1394.78
1995-05-12,1397.85
1995-05-15,1390.14
1995-05-16,1400.6
1995-05-17,1395.11
1995-05-18,1384.17
1995-05-19,1368.56
1995-05-22,1379.26
1995-05-23,1377.25
1995-05-24,1389.13
1995-05-25,1386.57
1995-05-26,1366.49
1995-05-29,1360.0
1995-05-30,1371.27
1995-05-31,1377.67
1995-06-01,1394.26
1995-06-02,1395.04
1995-06-05,1394.93
1995-06-06,1394.92
1995-06-07,1397.06
1995-06-08,1390.89
1995-06-09,1377.42
1995-06-12,1375.53
1995-06-13,1376.66
1995-06-14,1373.44
1995-06-15,1381.04
1995-06-16,1373.41
1995-06-19,1385.22
1995-06-20,1382.7
1995-06-21,1383.11
1995-06-22,1395.21
1995-06-23,1390.06
1995-06-26,1390.96
1995-06-27,1383.23
1995-06-28,1369.96
1995-06-29,1369.88
1995-06-30,1362.52
1995-07-03,1371.32
1995-07-04,1381.8
1995-07-05,1383.98
1995-07-06,1382.42
1995-07-07,1409.15
1995-07-10,1422.24
1995-07-11,1427.72
1995-07-12,1433.24
1995-07-13,1436.53
1995-07-14,1427.71
1995-07-17,1432.5
1995-07-18,1429.64
1995-07-19,1417.83
1995-07-20,1412.99
1995-07-21,1418.79
1995-07-24,1431.84
1995-07-25,1443.23
1995-07-26,1446.81
1995-07-27,1446.46
1995-07-28,1440.2
1995-07-31,1435.52
1995-08-01,1435.56
1995-08-02,1455.38
1995-08-03,1447.58
1995-08-04,1448.35
1995-08-07,1451.33
1995-08-08,1451.31
1995-08-09,1445.04
1995-08-10,1446.24
1995-08-11,1448.09
1995-08-14,1442.91
1995-08-15,1448.51
1995-08-16,1453.87
1995-08-17,1452.71
1995-08-18,1459.19
1995-08-21,1466.2
1995-08-22,1458.76
1995-08-23,1456.82
1995-08-24,1453.06
1995-08-25,1448.77
1995-08-28,1438.38
1995-08-29,1435.2
1995-08-30,1440.17
1995-08-31,1432.86
1995-09-01,1432.19
1995-09-04,1443.0
1995-09-05,1446.49
1995-09-06,1450.19
1995-09-07,1447.03
1995-09-08,1449.53
1995-09-11,1448.65
1995-09-12,1452.99
1995-09-13,1464.6
1995-09-14,1467.5
1995-09-15,1469.19
1995-09-18,1459.76
1995-09-19,1466.58
1995-09-20,1465.6
1995-09-21,1460.87
1995-09-22,1427.68
1995-09-25,1425.73
1995-09-26,1437.57
1995-09-27,1422.01
1995-09-28,1407.34
1995-09-29,1419.6
1995-10-02,1422.45
1995-10-03,1423.05
1995-10-04,1427.18
1995-10-05,1428.26
1995-10-06,1417.28
1995-10-09,1409.74
1995-10-10,1395.99
1995-10-11,1403.18
1995-10-12,1408.5
1995-10-13,1418.95
1995-10-16,1413.06
1995-10-17,1412.95
1995-10-18,1412.09
1995-10-19,1405.78
1995-10-20,1394.95
1995-10-23,1370.71
1995-10-24,1376.41
1995-10-25,1393.82
1995-10-26,1385.92
1995-10-27,1367.15
1995-10-30,1391.12
1995-10-31,1407.17
1995-11-01,1406.86
1995-11-02,1414.24
1995-11-03,1420.17
1995-11-06,1410.78
1995-11-07,1416.33
1995-11-08,1415.68
1995-11-09,1424.28
1995-11-10,1417.32
1995-11-13,1416.54
1995-11-14,1421.71
1995-11-15,1426.58
1995-11-16,1439.55
1995-11-17,1440.88
1995-11-20,1449.35
1995-11-21,1442.92
1995-11-22,1444.01
1995-11-23,1440.97
1995-11-24,1448.04
1995-11-27,1459.12
1995-11-28,1455.17
1995-11-29,1459.1
1995-11-30,1455.1
1995-12-01,1461.04
1995-12-04,1450.38
1995-12-05,1461.55
1995-12-06,1467.33
1995-12-07,1467.5
1995-12-08,1474.15
1995-12-11,1481.72
1995-12-12,1493.92
1995-12-13,1487.9
1995-12-14,1501.94
1995-12-15,1491.1
1995-12-18,1481.58
1995-12-19,1469.93
1995-12-20,1484.09
1995-12-21,1490.43
1995-12-22,1507.08
1995-12-25,1508.48
1995-12-26,1509.91
1995-12-27,1508.09
1995-12-28,1507.52
1995-12-29,1506.82
1996-01-02,1526.58
1996-01-03,1544.07
1996-01-04,1535.23
1996-01-05,1527.9
1996-01-08,1526.41
1996-01-09,1530.44
1996-01-10,1523.43
1996-01-11,1513.85
1996-01-12,1535.02
1996-01-15,1533.84
1996-01-16,1549.09
1996-01-17,1558.37
1996-01-18,1563.18
1996-01-19,1577.92
1996-01-22,1576.04
1996-01-23,1565.5
1996-01-24,1586.43
1996-01-25,1593.03
1996-01-26,1599.87
1996-01-29,1605.08
1996-01-30,1603.77
1996-01-31,1611.05
1996-02-01,1608.78
1996-02-02,1610.54
1996-02-05,1590.69
1996-02-06,1594.11
1996-02-07,1594.51
1996-02-08,1586.24
1996-02-09,1583.29
1996-02-12,1589.01
1996-02-13,1599.64
1996-02-14,1593.17
1996-02-15,1587.69
1996-02-16,1586.81
1996-02-19,1572.32
1996-02-20,1556.36
1996-02-21,1563.72
1996-02-22,1579.31
1996-02-23,1594.36
1996-02-26,1581.35
1996-02-27,1577.78
1996-02-28,1593.88
1996-02-29,1595.64
1996-03-01,1609.59
1996-03-04,1604.76
1996-03-05,1593.18
1996-03-06,1592.6
1996-03-07,1599.87
1996-03-08,1585.61
1996-03-11,1563.31
1996-03-12,1566.72
1996-03-13,1568.97
1996-03-14,1576.33
1996-03-15,1578.08
1996-03-18,1589.2
1996-03-19,1601.27
1996-03-20,1600.39
1996-03-21,1603.15
1996-03-22,1604.06
1996-03-25,1606.1
1996-03-26,1602.44
1996-03-27,1611.44
1996-03-28,1604.96
1996-03-29,1612.24
1996-04-01,1619.33
1996-04-02,1620.88
1996-04-03,1622.79
1996-04-04,1627.37
1996-04-05,1625.74
1996-04-08,1626.08
1996-04-09,1627.77
1996-04-10,1644.85
1996-04-11,1633.45
1996-04-12,1632.71
1996-04-15,1647.87
1996-04-16,1651.56
1996-04-17,1639.99
1996-04-18,1645.28
1996-04-19,1651.43
1996-04-22,1666.3
1996-04-23,1665.07
1996-04-24,1666.47
1996-04-25,1670.37
1996-04-26,1674.5
1996-04-29,1669.09
1996-04-30,1671.13
1996-05-01,1675.67
1996-05-02,1673.12
1996-05-03,1653.2
1996-05-06,1655.77
1996-05-07,1655.23
1996-05-08,1645.41
1996-05-09,1651.74
1996-05-10,1658.16
1996-05-13,1660.23
1996-05-14,1676.5
1996-05-15,1687.45
1996-05-16,1684.09
1996-05-17,1678.32
1996-05-20,1685.34
1996-05-21,1691.04
1996-05-22,1681.22
1996-05-23,1682.84
1996-05-24,1678.46
1996-05-27,1680.44
1996-05-28,1686.86
1996-05-29,1678.81
1996-05-30,1668.58
1996-05-31,1673.76
1996-06-03,1662.58
1996-06-04,1665.87
1996-06-05,1673.71
1996-06-06,1674.43
1996-06-07,1666.66
1996-06-10,1676.01
1996-06-11,1680.02
1996-06-12,1685.21
1996-06-13,1675.32
1996-06-14,1665.96
1996-06-17,1665.98
1996-06-18,1672.31
1996-06-19,1661.97
1996-06-20,1651.82
1996-06-21,1649.54
1996-06-24,1658.69
1996-06-25,1667.28
1996-06-26,1667.4
1996-06-27,1657.51
1996-06-28,1665.9
1996-07-01,1663.44
1996-07-02,1662.17
1996-07-03,1662.39
1996-07-04,1668.86
1996-07-05,1657.4
1996-07-08,1643.72
1996-07-09,1649.9
1996-07-10,1644.54
1996-07-11,1637.84
1996-07-12,1624.01
1996-07-15,1614.81
1996-07-16,1578.26
1996-07-17,1589.28
1996-07-18,1599.28
1996-07-19,1602.75
1996-07-22,1578.0
1996-07-23,1586.0
1996-07-24,1563.32
1996-07-25,1578.7
1996-07-26,1571.31
1996-07-29,1573.74
1996-07-30,1574.73
1996-07-31,1590.93
1996-08-01,1601.71
1996-08-02,1616.43
1996-08-05,1620.54
1996-08-06,1617.66
1996-08-07,1621.59
1996-08-08,1620.71
1996-08-09,1612.64
1996-08-12,1610.67
1996-08-13,1614.26
1996-08-14,1612.07
1996-08-15,1615.67
1996-08-16,1620.22
1996-08-19,1627.45
1996-08-20,1638.17
1996-08-21,1625.95
1996-08-22,1637.33
1996-08-23,1633.28
1996-08-26,1625.81
1996-08-27,1628.32
1996-08-28,1627.22
1996-08-29,1615.32
1996-08-30,1601.43
1996-09-02,1602.57
1996-09-03,1595.17
1996-09-04,1604.53
1996-09-05,1605.33
1996-09-06,1605.98
1996-09-09,1623.19
1996-09-10,1630.62
1996-09-11,1626.79
1996-09-12,1635.45
1996-09-13,1656.08
1996-09-16,1665.71
1996-09-17,1659.79
1996-09-18,1655.95
1996-09-19,1658.05
1996-09-20,1665.15
1996-09-23,1655.69
1996-09-24,1652.97
1996-09-25,1672.15
1996-09-26,1678.28
1996-09-27,1689.69
1996-09-30,1694.51
1996-10-01,1693.99
1996-10-02,1705.92
1996-10-03,1708.95
1996-10-04,1710.79
1996-10-07,1712.03
1996-10-08,1714.22
1996-10-09,1710.64
1996-10-10,1700.19
1996-10-11,1701.25
1996-10-14,1704.06
1996-10-15,1723.12
1996-10-16,1714.92
1996-10-17,1718.44
1996-10-18,1734.83
1996-10-21,1734.44
1996-10-22,1741.5
1996-10-23,1724.32
1996-10-24,1720.07
1996-10-25,1719.42
1996-10-28,1725.65
1996-10-29,1704.83
1996-10-30,1698.65
1996-10-31,1700.54
1996-11-01,1702.07
1996-11-04,1697.24
1996-11-05,1720.3
1996-11-06,1738.32
1996-11-07,1735.62
1996-11-08,1742.08
1996-11-11,1737.84
1996-11-12,1749.75
1996-11-13,1756.94
1996-11-14,1764.12
1996-11-15,1774.15
1996-11-18,1768.38
1996-11-19,1773.49
1996-11-20,1773.0
1996-11-21,1770.72
1996-11-22,1783.62
1996-11-25,1788.27
1996-11-26,1798.65
1996-11-27,1784.3
1996-11-28,1799.9
1996-11-29,1817.95
1996-12-02,1825.15
1996-12-03,1836.59
1996-12-04,1823.51
1996-12-05,1830.76
1996-12-06,1780.95
1996-12-09,1804.8
1996-12-10,1810.43
1996-12-11,1781.06
1996-12-12,1784.2
1996-12-13,1761.6
1996-12-16,1791.28
1996-12-17,1778.59
1996-12-18,1795.03
1996-12-19,1816.01
1996-12-20,1833.99
1996-12-23,1836.26
1996-12-24,1836.31
1996-12-25,1833.04
1996-12-26,1839.58
1996-12-27,1845.66
1996-12-30,1859.1
1996-12-31,1850.32
1997-01-02,1824.52
1997-01-03,1845.79
1997-01-06,1853.82
1997-01-07,1854.75
1997-01-08,1874.47
1997-01-09,1880.96
1997-01-10,1898.34
1997-01-13,1923.44
1997-01-14,1941.9
1997-01-15,1943.9
1997-01-16,1959.29
1997-01-17,1967.86
1997-01-20,1972.72
1997-01-21,1961.12
1997-01-22,1991.18
1997-01-23,2000.68
1997-01-24,1977.0
1997-01-27,1975.98
1997-01-28,1983.83
1997-01-29,1969.12
1997-01-30,1987.84
1997-01-31,2005.36
1997-02-03,2004.32
1997-02-04,2006.61
1997-02-05,2035.49
1997-02-06,2038.2
1997-02-07,2056.83
1997-02-10,2064.99
1997-02-11,2057.73
1997-02-12,2071.1
1997-02-13,2088.21
1997-02-14,2097.42
1997-02-17,2102.12
1997-02-18,2107.17
1997-02-19,2098.1
1997-02-20,2086.06
1997-02-21,2070.45
1997-02-24,2069.43
1997-02-25,2096.81
1997-02-26,2088.77
1997-02-27,2099.8
1997-02-28,2077.22
1997-03-03,2080.42
1997-03-04,2111.36
1997-03-05,2122.98
1997-03-06,2150.21
1997-03-07,2142.99
1997-03-10,2162.2
1997-03-11,2169.71
1997-03-12,2143.17
1997-03-13,2133.95
1997-03-14,2139.65
1997-03-17,2124.55
1997-03-18,2095.49
1997-03-19,2099.91
1997-03-20,2068.0
1997-03-21,2090.88
1997-03-24,2080.93
1997-03-25,2108.68
1997-03-26,2133.6
1997-03-27,2141.51
1997-03-28,2142.45
1997-03-31,2137.28
1997-04-01,2063.22
1997-04-02,2056.63
1997-04-03,2026.91
1997-04-04,2031.61
1997-04-07,2072.15
1997-04-08,2077.81
1997-04-09,2100.7
1997-04-10,2091.17
1997-04-11,2080.82
1997-04-14,2059.07
1997-04-15,2100.96
1997-04-16,2108.24
1997-04-17,2120.31
1997-04-18,2104.84
1997-04-21,2108.25
1997-04-22,2108.48
1997-04-23,2134.76
1997-04-24,2135.01
1997-04-25,2123.99
1997-04-28,2111.6
1997-04-29,2142.84
1997-04-30,2164.68
1997-05-01,2175.5
1997-05-02,2175.52
1997-05-05,2204.66
1997-05-06,2213.29
1997-05-07,2205.71
1997-05-08,2206.78
1997-05-09,2218.99
1997-05-12,2243.84
1997-05-13,2252.52
1997-05-14,2264.28
1997-05-15,2260.64
1997-05-16,2267.46
1997-05-19,2266.3
1997-05-20,2228.67
1997-05-21,2281.58
1997-05-22,2267.18
1997-05-23,2274.95
1997-05-26,2280.76
1997-05-27,2288.31
1997-05-28,2262.02
1997-05-29,2256.07
1997-05-30,2220.86
1997-06-02,2250.77
1997-06-03,2262.72
1997-06-04,2275.62
1997-06-05,2288.6
1997-06-06,2310.55
1997-06-09,2314.58
1997-06-10,2305.01
1997-06-11,2316.53
1997-06-12,2346.73
1997-06-13,2369.86
1997-06-16,2373.32
1997-06-17,2355.68
1997-06-18,2359.91
1997-06-19,2370.0
1997-06-20,2386.13
1997-06-23,2384.72
1997-06-24,2389.28
1997-06-25,2426.34
1997-06-26,2438.38
1997-06-27,2431.73
1997-06-30,2398.41
1997-07-01,2445.8
1997-07-02,2452.79
1997-07-03,2491.58
1997-07-04,2509.09
1997-07-07,2531.84
1997-07-08,2520.46
1997-07-09,2544.62
1997-07-10,2512.98
1997-07-11,2542.17
1997-07-14,2554.05
1997-07-15,2546.57
1997-07-16,2598.19
1997-07-17,2601.8
1997-07-18,2558.56
1997-07-21,2516.79
1997-07-22,2578.77
1997-07-23,2645.05
1997-07-24,2619.17
1997-07-25,2640.14
1997-07-28,2660.13
1997-07-29,2638.05
1997-07-30,2674.56
1997-07-31,2674.83
1997-08-01,2656.32
1997-08-04,2614.82
1997-08-05,2618.3
1997-08-06,2667.77
1997-08-07,2699.78
1997-08-08,2654.07
1997-08-11,2625.86
1997-08-12,2645.81
1997-08-13,2578.11
1997-08-14,2558.3
1997-08-15,2503.46
1997-08-18,2508.04
1997-08-19,2549.74
1997-08-20,2589.14
1997-08-21,2581.93
1997-08-22,2515.62
1997-08-25,2513.53
1997-08-26,2466.54
1997-08-27,2467.04
1997-08-28,2438.6
1997-08-29,2407.58
1997-09-01,2439.92
1997-09-02,2514.53
1997-09-03,2537.65
1997-09-04,2521.34
1997-09-05,2533.35
1997-09-08,2528.14
1997-09-09,2512.4
1997-09-10,2478.75
1997-09-11,2434.49
1997-09-12,2409.42
1997-09-15,2430.24
1997-09-16,2473.76
1997-09-17,2500.16
1997-09-18,2506.79
1997-09-19,2511.17
1997-09-22,2558.1
1997-09-23,2546.6
1997-09-24,2561.21
1997-09-25,2556.23
1997-09-26,2555.21
1997-09-29,2551.87
1997-09-30,2581.36
1997-10-01,2608.01
1997-10-02,2609.64
1997-10-03,2641.68
1997-10-06,2635.67
1997-10-07,2628.43
1997-10-08,2625.44
1997-10-09,2550.22
1997-10-10,2534.48
1997-10-13,2582.03
1997-10-14,2584.02
1997-10-15,2567.53
1997-10-16,2544.6
1997-10-17,2508.15
1997-10-20,2502.42
1997-10-21,2546.57
1997-10-22,2537.55
1997-10-23,2444.06
1997-10-24,2450.3
1997-10-27,2371.39
1997-10-28,2241.21
1997-10-29,2370.94
1997-10-30,2330.44
1997-10-31,2331.25
1997-11-03,2392.17
1997-11-04,2368.23
1997-11-05,2386.78
1997-11-06,2362.16
1997-11-07,2300.25
1997-11-10,2319.53
1997-11-11,2309.75
1997-11-12,2281.01
1997-11-13,2303.29
1997-11-14,2313.77
1997-11-17,2369.83
1997-11-18,2382.46
1997-11-19,2369.87
1997-11-20,2418.67
1997-11-21,2448.63
1997-11-24,2385.77
1997-11-25,2386.28
1997-11-26,2412.67
1997-11-27,2423.99
1997-11-28,2423.74
1997-12-01,2482.43
1997-12-02,2489.56
1997-12-03,2475.79
1997-12-04,2498.54
1997-12-05,2503.93
1997-12-08,2525.86
1997-12-09,2521.96
1997-12-10,2481.39
1997-12-11,2420.75
1997-12-12,2432.06
1997-12-15,2439.14
1997-12-16,2488.89
1997-12-17,2502.96
1997-12-18,2485.06
1997-12-19,2420.83
1997-12-22,2429.42
1997-12-23,2435.84
1997-12-24,2440.93
1997-12-25,2438.12
1997-12-26,2439.15
1997-12-29,2498.93
1997-12-30,2528.77
1997-12-31,2531.99
1998-01-02,2575.0
1998-01-05,2616.8
1998-01-06,2591.05
1998-01-07,2588.56
1998-01-08,2562.42
1998-01-09,2527.59
1998-01-12,2466.81
1998-01-13,2508.36
1998-01-14,2524.47
1998-01-15,2524.59
1998-01-16,2553.34
1998-01-19,2576.53
1998-01-20,2593.95
1998-01-21,2585.15
1998-01-22,2565.88
1998-01-23,2545.09
1998-01-26,2570.85
1998-01-27,2603.16
1998-01-28,2643.21
1998-01-29,2664.66
1998-01-30,2676.03
1998-02-02,2694.29
1998-02-03,2698.07
1998-02-04,2682.6
1998-02-05,2708.33
1998-02-06,2719.19
1998-02-09,2724.07
1998-02-10,2721.88
1998-02-11,2746.36
1998-02-12,2713.24
1998-02-13,2717.35
1998-02-16,2744.34
1998-02-17,2795.88
1998-02-18,2796.52
1998-02-19,2779.69
1998-02-20,2785.22
1998-02-23,2798.66
1998-02-24,2801.52
1998-02-25,2861.65
1998-02-26,2875.61
1998-02-27,2878.04
1998-03-02,2929.02
1998-03-03,2908.59
1998-03-04,2878.59
1998-03-05,2863.18
1998-03-06,2930.86
1998-03-09,2962.52
1998-03-10,2959.09
1998-03-11,2974.45
1998-03-12,2967.95
1998-03-13,2999.97
1998-03-16,3029.49
1998-03-17,3053.96
1998-03-18,3035.43
1998-03-19,3048.63
1998-03-20,3086.08
1998-03-23,3111.1
1998-03-24,3143.37
1998-03-25,3179.72
1998-03-26,3135.27
1998-03-27,3150.9
1998-03-30,3137.03
1998-03-31,3153.32
1998-04-01,3196.05
1998-04-02,3230.54
1998-04-03,3268.7
1998-04-06,3345.86
1998-04-07,3286.69
1998-04-08,3253.58
1998-04-09,3264.15
1998-04-14,3283.05
1998-04-15,3289.71
1998-04-16,3251.87
1998-04-17,3267.75
1998-04-20,3298.98
1998-04-21,3294.93
1998-04-22,3272.2
1998-04-23,3226.14
1998-04-24,3174.18
1998-04-27,3061.04
1998-04-28,3153.55
1998-04-29,3118.37
1998-04-30,3195.43
1998-05-04,3309.96
1998-05-05,3261.38
1998-05-06,3262.55
1998-05-07,3216.03
1998-05-08,3255.78
1998-05-11,3327.92
1998-05-12,3290.86
1998-05-13,3304.42
1998-05-14,3305.41
1998-05-15,3304.69
1998-05-18,3253.33
1998-05-19,3313.72
1998-05-20,3352.25
1998-05-22,3371.39
1998-05-25,3422.42
1998-05-26,3424.55
1998-05-27,3340.51
1998-05-28,3338.8
1998-05-29,3357.77
1998-06-02,3368.29
1998-06-03,3399.22
1998-06-04,3375.03
1998-06-05,3421.55
1998-06-08,3443.76
1998-06-09,3415.77
1998-06-10,3424.65
1998-06-11,3393.76
1998-06-12,3303.01
1998-06-15,3253.91
1998-06-16,3269.06
1998-06-17,3330.55
1998-06-18,3291.14
1998-06-19,3258.16
1998-06-22,3252.12
1998-06-23,3309.48
1998-06-24,3330.29
1998-06-25,3391.88
1998-06-26,3395.41
1998-06-29,3431.06
1998-06-30,3406.82
1998-07-01,3464.96
1998-07-02,3471.65
1998-07-03,3506.45
1998-07-06,3518.79
1998-07-07,3530.93
1998-07-08,3553.07
1998-07-09,3542.2
1998-07-10,3532.65
1998-07-13,3551.74
1998-07-14,3576.68
1998-07-15,3602.83
1998-07-16,3613.4
1998-07-17,3658.48
1998-07-20,3670.82
1998-07-21,3649.96
1998-07-22,3582.12
1998-07-23,3582.16
1998-07-24,3570.67
1998-07-27,3512.62
1998-07-28,3499.87
1998-07-29,3494.53
1998-07-30,3529.5
1998-07-31,3480.63
1998-08-03,3422.75
1998-08-04,3412.66
1998-08-05,3344.15
1998-08-06,3290.5
1998-08-07,3348.61
1998-08-10,3282.7
1998-08-11,3187.44
1998-08-12,3248.14
1998-08-13,3240.83
1998-08-14,3284.4699
1998-08-17,3277.21
1998-08-18,3389.88
1998-08-19,3400.07
1998-08-20,3349.23
1998-08-21,3209.05
1998-08-24,3202.96
1998-08-25,3282.91
1998-08-26,3186.77
1998-08-27,3063.83
1998-08-28,3009.7399
1998-08-31,2978.12
1998-09-01,2950.01
1998-09-02,3035.73
1998-09-03,2971.38
1998-09-04,3003.66
1998-09-07,3038.09
1998-09-08,3105.31
1998-09-09,3051.4899
1998-09-10,2903.71
1998-09-11,2890.98
1998-09-14,2968.55
1998-09-15,2947.01
1998-09-16,2971.83
1998-09-17,2826.2199
1998-09-18,2781.69
1998-09-21,2658.27
1998-09-22,2726.32
1998-09-23,2820.29
1998-09-24,2789.07
1998-09-25,2743.04
1998-09-28,2785.63
1998-09-29,2760.26
1998-09-30,2670.9699
1998-10-01,2533.07
1998-10-02,2488.59
1998-10-05,2445.89
1998-10-06,2586.69
1998-10-07,2541.08
1998-10-08,2419.23
1998-10-09,2469.87
1998-10-12,2628.44
1998-10-13,2674.13
1998-10-14,2742.95
1998-10-15,2741.34
1998-10-16,2780.89
1998-10-19,2779.79
1998-10-20,2863.89
1998-10-21,2818.18
1998-10-22,2797.33
1998-10-23,2806.2199
1998-10-26,2829.55
1998-10-27,2910.1
1998-10-28,2845.3
1998-10-29,2832.82
1998-10-30,2887.11
1998-11-02,2952.04
1998-11-03,2952.23
1998-11-04,3030.34
1998-11-05,2975.7
1998-11-06,2972.25
1998-11-09,2957.79
1998-11-10,2918.94
1998-11-11,2935.14
1998-11-12,2929.19
1998-11-13,2924.9699
1998-11-16,3000.9699
1998-11-17,2982.07
1998-11-18,2974.98
1998-11-19,3049.68
1998-11-20,3133.4899
1998-11-23,3194.17
1998-11-24,3163.88
1998-11-25,3167.2399
1998-11-26,3230.34
1998-11-27,3261.19
1998-11-30,3179.09
1998-12-01,3056.11
1998-12-02,3017.89
1998-12-03,3064.55
1998-12-04,3079.64
1998-12-07,3095.55
1998-12-08,3102.9899
1998-12-09,3111.96
1998-12-10,3106.59
1998-12-11,3048.92
1998-12-14,3045.14
1998-12-15,3069.7199
1998-12-16,3114.53
1998-12-17,3148.9699
1998-12-18,3123.38
1998-12-21,3225.6
1998-12-22,3248.07
1998-12-23,3301.32
1998-12-24,3308.73
1998-12-28,3331.51
1998-12-29,3354.71
1998-12-30,3342.32
1999-01-04,3543.1
1999-01-05,3604.67
1999-01-06,3685.36
1999-01-07,3627.87
1999-01-08,3616.57
1999-01-11,3546.4
1999-01-12,3502.38
1999-01-13,3336.45
1999-01-14,3365.43
1999-01-15,3426.06
1999-01-18,3515.43
1999-01-19,3515.69
1999-01-20,3601.36
1999-01-21,3561.56
1999-01-22,3426.11
1999-01-25,3428.8
1999-01-26,3433.87
1999-01-27,3453.7
1999-01-28,3511.31
1999-01-29,3547.15
1999-02-01,3597.04
1999-02-02,3541.43
1999-02-03,3488.13
1999-02-04,3487.08
1999-02-05,3489.98
1999-02-08,3462.29
1999-02-09,3342.58
1999-02-10,3325.56
1999-02-11,3375.42
1999-02-12,3405.68
1999-02-15,3414.97
1999-02-16,3402.21
1999-02-17,3343.04
1999-02-18,3380.58
1999-02-19,3415.52
1999-02-22,3470.89
1999-02-23,3537.81
1999-02-24,3556.69
1999-02-25,3496.27
1999-02-26,3484.24
1999-03-01,3441.74
1999-03-02,3451.18
1999-03-03,3393.95
1999-03-04,3434.49
1999-03-05,3536.64
1999-03-08,3495.43
1999-03-09,3493.54
1999-03-10,3485.05
1999-03-11,3521.63
1999-03-12,3574.73
1999-03-15,3582.78
1999-03-16,3606.67
1999-03-17,3589.16
1999-03-18,3579.21
1999-03-19,3633.05
1999-03-22,3607.82
1999-03-23,3520.64
1999-03-24,3472.44
1999-03-25,3528.43
1999-03-26,3488.15
1999-03-29,3536.62
1999-03-30,3523.24
1999-03-31,3559.86
1999-04-01,3573.6
1999-04-06,3644.76
1999-04-07,3659.41
1999-04-08,3669.21
1999-04-09,3689.61
1999-04-12,3690.16
1999-04-13,3725.4
1999-04-14,3699.33
1999-04-15,3652.06
1999-04-16,3655.15
1999-04-19,3705.63
1999-04-20,3613.96
1999-04-21,3643.26
1999-04-22,3676.61
1999-04-23,3662.31
1999-04-26,3678.37
1999-04-27,3756.2
1999-04-28,3743.49
1999-04-29,3735.91
1999-04-30,3757.87
1999-05-03,3776.39
1999-05-04,3775.33
1999-05-05,3716.13
1999-05-06,3700.37
1999-05-07,3683.34
1999-05-10,3693.41
1999-05-11,3702.38
1999-05-12,3679.45
1999-05-13,3693.62
1999-05-14,3643.82
1999-05-17,3574.13
1999-05-18,3608.77
1999-05-19,3653.0
1999-05-20,3684.21
1999-05-21,3691.31
1999-05-24,3677.45
1999-05-25,3634.4
1999-05-26,3643.9
1999-05-27,3587.16
1999-05-28,3602.45
1999-05-31,3629.46
1999-06-01,3610.59
1999-06-02,3615.54
1999-06-03,3650.98
1999-06-04,3671.42
1999-06-07,3717.94
1999-06-08,3721.67
1999-06-09,3739.07
1999-06-10,3706.76
1999-06-11,3749.67
1999-06-14,3735.77
1999-06-15,3742.88
1999-06-16,3780.6
1999-06-17,3806.55
1999-06-18,3822.89
1999-06-21,3867.89
1999-06-22,3857.06
1999-06-23,3828.79
1999-06-24,3779.39
1999-06-25,3739.81
1999-06-28,3766.49
1999-06-29,3787.49
1999-06-30,3788.66
1999-07-01,3865.54
1999-07-02,3888.11
1999-07-05,3971.84
1999-07-06,3968.99
1999-07-07,3950.49
1999-07-08,3951.0
1999-07-09,3962.42
1999-07-12,3962.35
1999-07-13,3905.52
1999-07-14,3922.49
1999-07-15,3960.67
1999-07-16,3952.2
1999-07-19,3946.4
1999-07-20,3856.65
1999-07-21,3798.69
1999-07-22,3762.34
1999-07-23,3723.55
1999-07-26,3676.91
1999-07-27,3687.58
1999-07-28,3684.64
1999-07-29,3580.19
1999-07-30,3638.62
1999-08-02,3633.44
1999-08-03,3614.05
1999-08-04,3590.69
1999-08-05,3512.71
1999-08-06,3525.47
1999-08-09,3585.58
1999-08-10,3535.1
1999-08-11,3551.39
1999-08-12,3640.44
1999-08-13,3710.57
1999-08-16,3724.68
1999-08-17,3747.89
1999-08-18,3738.83
1999-08-19,3679.48
1999-08-20,3715.39
1999-08-23,3752.59
1999-08-24,3781.3
1999-08-25,3856.72
1999-08-26,3852.53
1999-08-27,3853.48
1999-08-30,3837.7
1999-08-31,3769.14
1999-09-01,3795.62
1999-09-02,3718.37
1999-09-03,3809.11
1999-09-06,3842.59
1999-09-07,3834.34
1999-09-08,3827.07
1999-09-09,3858.15
1999-09-10,3887.09
1999-09-13,3858.01
1999-09-14,3825.86
1999-09-15,3816.53
1999-09-16,3775.24
1999-09-17,3748.75
1999-09-20,3782.02
1999-09-21,3731.96
1999-09-22,3713.41
1999-09-23,3750.49
1999-09-24,3688.79
1999-09-27,3727.93
1999-09-28,3673.4
1999-09-29,3666.99
1999-09-30,3669.71
1999-10-01,3642.34
1999-10-04,3695.09
1999-10-05,3731.23
1999-10-06,3752.79
1999-10-07,3785.24
1999-10-08,3784.32
1999-10-11,3789.89
1999-10-12,3756.44
1999-10-13,3724.4
1999-10-14,3695.77
1999-10-15,3638.82
1999-10-18,3607.72
1999-10-19,3691.34
1999-10-20,3699.15
1999-10-21,3691.66
1999-10-22,3778.61
1999-10-25,3757.7
1999-10-26,3796.72
1999-10-27,3786.07
1999-10-28,3866.75
1999-10-29,3922.91
1999-11-01,3913.89
1999-11-02,3923.14
1999-11-03,3955.95
1999-11-04,3994.54
1999-11-05,4014.08
1999-11-08,4024.55
1999-11-09,4039.47
1999-11-10,4076.96
1999-11-11,4140.58
1999-11-12,4133.93
1999-11-15,4199.86
1999-11-16,4220.85
1999-11-17,4221.36
1999-11-18,4288.14
1999-11-19,4292.4
1999-11-22,4212.8
1999-11-23,4225.9
1999-11-24,4238.34
1999-11-25,4343.22
1999-11-26,4380.77
1999-11-29,4364.32
1999-11-30,4314.38
1999-12-01,4340.7
1999-12-02,4336.42
1999-12-03,4449.47
1999-12-06,4458.76
1999-12-07,4509.37
1999-12-08,4491.35
1999-12-09,4498.75
1999-12-10,4458.04
1999-12-13,4474.2
1999-12-14,4510.99
1999-12-15,4482.1899
1999-12-16,4517.68
1999-12-17,4538.2299
1999-12-20,4583.02
1999-12-21,4566.87
1999-12-22,4632.56
1999-12-23,4752.96
1999-12-24,4781.16
1999-12-27,4785.17
1999-12-28,4788.7
1999-12-29,4807.01
1999-12-30,4904.46
2000-01-03,4849.22
2000-01-04,4657.83
2000-01-05,4541.75
2000-01-06,4500.6899
2000-01-07,4648.27
2000-01-10,4714.03
2000-01-11,4671.5
2000-01-12,4649.3
2000-01-13,4688.35
2000-01-14,4829.36
2000-01-17,4884.5
2000-01-18,4761.0
2000-01-19,4768.37
2000-01-20,4778.71
2000-01-21,4719.29
2000-01-24,4718.76
2000-01-25,4653.61
2000-01-26,4721.03
2000-01-27,4786.82
2000-01-28,4781.9399
2000-01-31,4684.4799
2000-02-01,4792.04
2000-02-02,4902.12
2000-02-03,5046.12
2000-02-04,5119.79
2000-02-07,5041.08
2000-02-08,5176.17
2000-02-09,5191.79
2000-02-10,5174.35
2000-02-11,5195.67
2000-02-14,5166.08
2000-02-15,5043.33
2000-02-16,5063.7299
2000-02-17,5114.47
2000-02-18,5079.59
2000-02-21,5033.33
2000-02-22,5024.05
2000-02-23,5086.0
2000-02-24,5117.41
2000-02-25,5208.87
2000-02-28,5126.33
2000-02-29,5182.62
2000-03-01,5235.14
2000-03-02,5406.37
2000-03-03,5450.22
2000-03-06,5464.43
2000-03-07,5426.36
2000-03-08,5364.52
2000-03-09,5352.88
2000-03-10,5416.81
2000-03-13,5254.41
2000-03-14,5258.32
2000-03-15,5083.15
2000-03-16,5175.2299
2000-03-17,5231.35
2000-03-20,5286.71
2000-03-21,5266.2299
2000-03-22,5268.35
2000-03-23,5259.15
2000-03-24,5379.75
2000-03-27,5369.11
2000-03-28,5426.57
2000-03-29,5416.32
2000-03-30,5251.97
2000-03-31,5249.55
2000-04-03,5118.37
2000-04-04,5176.71
2000-04-05,5044.17
2000-04-06,5179.96
2000-04-07,5259.52
2000-04-10,5282.26
2000-04-11,5174.38
2000-04-12,5179.28
2000-04-13,5181.33
2000-04-14,5034.25
2000-04-17,4979.66
2000-04-18,5061.9
2000-04-19,5078.6899
2000-04-20,5117.78
2000-04-25,5158.13
2000-04-26,5245.11
2000-04-27,5171.96
2000-04-28,5303.95
2000-05-01,5309.29
2000-05-02,5434.81
2000-05-03,5316.9399
2000-05-04,5306.32
2000-05-05,5351.71
2000-05-08,5285.09
2000-05-09,5182.7299
2000-05-10,5065.85
2000-05-11,5171.77
2000-05-12,5238.42
2000-05-15,5182.68
2000-05-16,5335.02
2000-05-17,5230.74
2000-05-18,5247.13
2000-05-19,5063.46
2000-05-22,4945.17
2000-05-23,4984.7
2000-05-24,4903.92
2000-05-25,5018.79
2000-05-26,5007.97
2000-05-29,5084.6899
2000-05-30,5156.07
2000-05-31,5200.89
2000-06-01,5275.2
2000-06-02,5428.27
2000-06-05,5379.6
2000-06-06,5325.87
2000-06-07,5272.37
2000-06-08,5286.74
2000-06-09,5292.97
2000-06-12,5294.65
2000-06-13,5305.34
2000-06-14,5379.57
2000-06-15,5338.49
2000-06-16,5281.57
2000-06-19,5271.82
2000-06-20,5312.13
2000-06-21,5253.3
2000-06-22,5231.93
2000-06-23,5240.58
2000-06-26,5235.39
2000-06-27,5209.53
2000-06-28,5229.17
2000-06-29,5061.63
2000-06-30,5145.35
2000-07-03,5187.01
2000-07-04,5185.87
2000-07-05,5166.25
2000-07-06,5152.38
2000-07-07,5251.65
2000-07-10,5263.97
2000-07-11,5231.33
2000-07-12,5249.15
2000-07-13,5299.54
2000-07-14,5320.06
2000-07-17,5357.1899
2000-07-18,5314.95
2000-07-19,5294.76
2000-07-20,5316.51
2000-07-21,5238.02
2000-07-24,5237.95
2000-07-25,5212.83
2000-07-26,5222.83
2000-07-27,5097.41
2000-07-28,5061.83
2000-07-31,5122.8
2000-08-01,5104.2299
2000-08-02,5091.86
2000-08-03,4995.82
2000-08-04,5049.45
2000-08-07,5088.41
2000-08-08,5105.52
2000-08-09,5158.12
2000-08-10,5182.06
2000-08-11,5179.68
2000-08-14,5218.59
2000-08-15,5203.14
2000-08-16,5223.7
2000-08-17,5192.06
2000-08-18,5180.7
2000-08-21,5165.4399
2000-08-22,5161.42
2000-08-23,5160.14
2000-08-24,5123.99
2000-08-25,5175.65
2000-08-28,5204.18
2000-08-29,5188.93
2000-08-30,5166.91
2000-08-31,5175.12
2000-09-01,5298.64
2000-09-04,5392.63
2000-09-05,5326.6899
2000-09-06,5299.24
2000-09-07,5329.06
2000-09-08,5229.04
2000-09-11,5233.87
2000-09-12,5222.37
2000-09-13,5153.2
2000-09-14,5204.62
2000-09-15,5199.14
2000-09-18,5129.43
2000-09-19,5117.15
2000-09-20,5051.4
2000-09-21,4941.06
2000-09-22,4945.37
2000-09-25,4984.29
2000-09-26,4934.89
2000-09-27,4949.87
2000-09-28,4934.08
2000-09-29,4915.18
2000-10-02,4961.88
2000-10-03,5003.46
2000-10-04,4959.41
2000-10-05,4997.25
2000-10-06,4958.37
2000-10-09,4844.4399
2000-10-10,4867.33
2000-10-11,4743.47
2000-10-12,4747.87
2000-10-13,4782.74
2000-10-16,4793.14
2000-10-17,4760.92
2000-10-18,4658.85
2000-10-19,4836.86
2000-10-20,4889.51
2000-10-23,4906.67
2000-10-24,5031.03
2000-10-25,4977.07
2000-10-26,4926.36
2000-10-27,4965.92
2000-10-30,4981.38
2000-10-31,5057.46
2000-11-01,5085.47
2000-11-02,5092.63
2000-11-03,5101.4
2000-11-06,5091.25
2000-11-07,5076.8
2000-11-08,5055.05
2000-11-09,5017.6899
2000-11-10,4934.47
2000-11-13,4847.46
2000-11-14,5011.12
2000-11-15,5053.4799
2000-11-16,5010.65
2000-11-17,4961.54
2000-11-20,4849.33
2000-11-21,4893.95
2000-11-22,4783.35
2000-11-23,4837.4799
2000-11-24,4940.22
2000-11-27,4945.34
2000-11-28,4893.46
2000-11-29,4907.61
2000-11-30,4790.08
2000-12-01,4839.27
2000-12-04,4734.72
2000-12-05,4911.93
2000-12-06,4869.4799
2000-12-07,4900.6
2000-12-08,4889.72
2000-12-11,4970.66
2000-12-12,4947.72
2000-12-13,4890.16
2000-12-14,4810.9399
2000-12-15,4718.0
2000-12-18,4744.26
2000-12-19,4814.64
2000-12-20,4641.15
2000-12-21,4614.24
2000-12-22,4655.87
2000-12-27,4721.49
2000-12-28,4770.9
2000-12-29,4772.39
2001-01-02,4701.68
2001-01-03,4660.4799
2001-01-04,4752.71
2001-01-05,4734.4799
2001-01-08,4711.31
2001-01-09,4641.79
2001-01-10,4598.82
2001-01-11,4686.88
2001-01-12,4737.95
2001-01-15,4763.53
2001-01-16,4693.82
2001-01-17,4787.45
2001-01-18,4754.97
2001-01-19,4720.03
2001-01-22,4743.39
2001-01-23,4743.93
2001-01-24,4773.26
2001-01-25,4779.35
2001-01-26,4760.2
2001-01-29,4757.09
2001-01-30,4726.65
2001-01-31,4779.9
2001-02-01,4709.1899
2001-02-02,4665.1899
2001-02-05,4668.57
2001-02-06,4706.83
2001-02-07,4634.42
2001-02-08,4653.17
2001-02-09,4583.76
2001-02-12,4628.17
2001-02-13,4629.67
2001-02-14,4556.49
2001-02-15,4607.64
2001-02-16,4519.95
2001-02-19,4516.31
2001-02-20,4481.04
2001-02-21,4412.76
2001-02-22,4345.1
2001-02-23,4236.82
2001-02-26,4310.14
2001-02-27,4333.32
2001-02-28,4318.88
2001-03-01,4282.9
2001-03-02,4300.35
2001-03-05,4347.4
2001-03-06,4412.11
2001-03-07,4413.62
2001-03-08,4370.56
2001-03-09,4334.2299
2001-03-12,4218.14
2001-03-13,4184.15
2001-03-14,4123.97
2001-03-15,4200.08
2001-03-16,4106.79
2001-03-19,4085.53
2001-03-20,4158.42
2001-03-21,4067.26
2001-03-22,3891.49
2001-03-23,4002.56
2001-03-26,4143.85
2001-03-27,4229.81
2001-03-28,4157.55
2001-03-29,4165.75
2001-03-30,4185.0
2001-04-02,4190.8
2001-04-03,4039.16
2001-04-04,4062.12
2001-04-05,4158.1899
2001-04-06,4145.85
2001-04-09,4204.13
2001-04-10,4305.96
2001-04-11,4329.2299
2001-04-12,4338.12
2001-04-17,4293.51
2001-04-18,4441.58
2001-04-19,4420.55
2001-04-20,4383.59
2001-04-23,4331.54
2001-04-24,4372.41
2001-04-25,4363.11
2001-04-26,4405.39
2001-04-27,4473.95
2001-04-30,4525.01
2001-05-01,4526.97
2001-05-02,4494.71
2001-05-03,4401.57
2001-05-04,4416.79
2001-05-07,4440.65
2001-05-08,4441.86
2001-05-09,4415.99
2001-05-10,4519.04
2001-05-11,4479.9
2001-05-14,4426.78
2001-05-15,4453.95
2001-05-16,4449.61
2001-05-17,4504.26
2001-05-18,4546.41
2001-05-21,4558.76
2001-05-22,4582.07
2001-05-23,4535.97
2001-05-24,4561.38
2001-05-25,4498.11
2001-05-28,4512.6
2001-05-29,4477.95
2001-05-30,4413.37
2001-05-31,4426.24
2001-06-01,4414.95
2001-06-04,4432.65
2001-06-05,4493.93
2001-06-06,4468.95
2001-06-07,4450.41
2001-06-08,4450.97
2001-06-11,4424.92
2001-06-12,4289.07
2001-06-13,4336.0
2001-06-14,4282.1
2001-06-15,4236.9
2001-06-18,4168.95
2001-06-19,4195.43
2001-06-20,4175.88
2001-06-21,4174.06
2001-06-22,4194.96
2001-06-25,4211.77
2001-06-26,4143.75
2001-06-27,4124.24
2001-06-28,4169.49
2001-06-29,4243.91
2001-07-02,4304.4399
2001-07-03,4243.8
2001-07-04,4214.62
2001-07-05,4185.47
2001-07-06,4076.47
2001-07-09,4077.86
2001-07-10,4032.97
2001-07-11,3974.64
2001-07-12,4010.85
2001-07-13,4044.42
2001-07-16,4011.59
2001-07-17,3996.05
2001-07-18,3911.3
2001-07-19,3991.08
2001-07-20,3947.49
2001-07-23,3977.18
2001-07-24,3930.11
2001-07-25,3860.7
2001-07-26,3915.62
2001-07-27,3986.48
2001-07-30,4047.66
2001-07-31,4091.38
2001-08-01,4092.22
2001-08-02,4066.43
2001-08-03,4024.9
2001-08-06,4044.29
2001-08-07,4042.71
2001-08-08,3972.98
2001-08-09,3885.05
2001-08-10,3828.68
2001-08-13,3874.67
2001-08-14,3924.67
2001-08-15,3894.77
2001-08-16,3849.17
2001-08-17,3759.69
2001-08-20,3765.61
2001-08-21,3790.34
2001-08-22,3793.55
2001-08-23,3816.99
2001-08-24,3890.55
2001-08-27,3892.15
2001-08-28,3823.33
2001-08-29,3832.6
2001-08-30,3737.12
2001-08-31,3743.97
2001-09-03,3691.77
2001-09-04,3736.82
2001-09-05,3637.17
2001-09-06,3550.26
2001-09-07,3456.52
2001-09-10,3440.65
2001-09-11,3220.27
2001-09-12,3260.9
2001-09-13,3293.82
2001-09-14,3091.21
2001-09-17,3204.96
2001-09-18,3189.94
2001-09-19,3105.13
2001-09-20,2967.94
2001-09-21,2877.68
2001-09-24,3068.05
2001-09-25,3095.75
2001-09-26,3155.68
2001-09-27,3198.78
2001-09-28,3296.66
2001-10-01,3208.31
2001-10-02,3265.2399
2001-10-03,3264.59
2001-10-04,3394.69
2001-10-05,3348.02
2001-10-08,3353.41
2001-10-09,3357.12
2001-10-10,3468.32
2001-10-11,3510.55
2001-10-12,3498.66
2001-10-15,3393.62
2001-10-16,3455.27
2001-10-17,3531.76
2001-10-18,3457.9
2001-10-19,3406.94
2001-10-22,3480.27
2001-10-23,3580.5
2001-10-24,3609.65
2001-10-25,3523.43
2001-10-26,3611.88
2001-10-29,3527.55
2001-10-30,3414.72
2001-10-31,3478.63
2001-11-01,3508.96
2001-11-02,3503.26
2001-11-05,3606.5
2001-11-06,3589.69
2001-11-07,3633.05
2001-11-08,3723.93
2001-11-09,3665.78
2001-11-12,3567.55
2001-11-13,3717.98
2001-11-14,3708.36
2001-11-15,3703.85
2001-11-16,3743.44
2001-11-19,3795.72
2001-11-20,3747.27
2001-11-21,3730.04
2001-11-22,3770.29
2001-11-23,3772.19
2001-11-26,3753.54
2001-11-27,3681.05
2001-11-28,3631.76
2001-11-29,3629.37
2001-11-30,3658.27
2001-12-03,3645.6
2001-12-04,3690.25
2001-12-05,3821.8
2001-12-06,3828.76
2001-12-07,3792.85
2001-12-10,3720.2
2001-12-11,3744.56
2001-12-12,3692.39
2001-12-13,3607.26
2001-12-14,3568.73
2001-12-17,3692.85
2001-12-18,3680.55
2001-12-19,3651.51
2001-12-20,3617.47
2001-12-21,3696.44
2001-12-24,3696.98
2001-12-27,3778.39
2001-12-28,3806.13
2002-01-02,3755.56
2002-01-03,3833.09
2002-01-04,3820.42
2002-01-07,3754.42
2002-01-08,3724.04
2002-01-09,3722.98
2002-01-10,3666.36
2002-01-11,3696.66
2002-01-14,3588.51
2002-01-15,3637.2
2002-01-16,3576.6
2002-01-17,3649.43
2002-01-18,3639.27
2002-01-21,3601.97
2002-01-22,3614.62
2002-01-23,3648.81
2002-01-24,3710.14
2002-01-25,3701.3
2002-01-28,3739.85
2002-01-29,3684.65
2002-01-30,3630.73
2002-01-31,3670.26
2002-02-01,3682.69
2002-02-04,3619.23
2002-02-05,3535.7
2002-02-06,3485.38
2002-02-07,3519.93
2002-02-08,3507.46
2002-02-11,3556.09
2002-02-12,3543.27
2002-02-13,3571.56
2002-02-14,3616.14
2002-02-15,3555.15
2002-02-18,3537.52
2002-02-19,3448.98
2002-02-20,3433.08
2002-02-21,3480.58
2002-02-22,3430.18
2002-02-25,3493.32
2002-02-26,3519.8
2002-02-27,3591.23
2002-02-28,3624.74
2002-03-01,3645.33
2002-03-04,3748.55
2002-03-05,3732.08
2002-03-06,3748.67
2002-03-07,3766.81
2002-03-08,3789.88
2002-03-11,3766.9
2002-03-12,3723.95
2002-03-13,3702.89
2002-03-14,3711.44
2002-03-15,3755.75
2002-03-18,3778.72
2002-03-19,3796.26
2002-03-20,3747.27
2002-03-21,3722.68
2002-03-22,3744.37
2002-03-25,3711.76
2002-03-26,3732.75
2002-03-27,3734.98
2002-03-28,3784.05
2002-04-02,3743.96
2002-04-03,3748.44
2002-04-04,3691.1
2002-04-05,3677.72
2002-04-08,3604.73
2002-04-09,3623.0
2002-04-10,3660.5
2002-04-11,3593.43
2002-04-12,3611.79
2002-04-15,3650.23
2002-04-16,3742.88
2002-04-17,3746.69
2002-04-18,3704.86
2002-04-19,3709.01
2002-04-22,3665.27
2002-04-23,3657.8
2002-04-24,3625.67
2002-04-25,3574.38
2002-04-26,3561.08
2002-04-29,3538.74
2002-04-30,3574.23
2002-05-02,3543.12
2002-05-03,3496.44
2002-05-06,3479.29
2002-05-07,3453.29
2002-05-08,3540.64
2002-05-09,3525.59
2002-05-10,3465.12
2002-05-13,3511.01
2002-05-14,3575.62
2002-05-15,3595.73
2002-05-16,3579.03
2002-05-17,3554.77
2002-05-20,3518.98
2002-05-21,3512.88
2002-05-22,3459.02
2002-05-23,3467.67
2002-05-24,3477.06
2002-05-27,3500.94
2002-05-28,3472.4
2002-05-29,3462.38
2002-05-30,3388.44
2002-05-31,3425.79
2002-06-03,3382.54
2002-06-04,3260.01
2002-06-05,3267.77
2002-06-06,3277.53
2002-06-07,3210.5
2002-06-10,3205.36
2002-06-11,3265.27
2002-06-12,3176.95
2002-06-13,3142.21
2002-06-14,3054.5
2002-06-17,3193.0
2002-06-18,3188.26
2002-06-19,3122.35
2002-06-20,3057.43
2002-06-21,3036.29
2002-06-24,2928.7199
2002-06-25,3008.29
2002-06-26,2949.07
2002-06-27,3002.7399
2002-06-28,3133.39
2002-07-01,3131.39
2002-07-02,2999.17
2002-07-03,2928.94
2002-07-04,3013.8
2002-07-05,3165.4699
2002-07-08,3155.88
2002-07-09,3113.69
2002-07-10,2983.4699
2002-07-11,2883.92
2002-07-12,2886.3
2002-07-15,2709.2199
2002-07-16,2713.73
2002-07-17,2819.63
2002-07-18,2850.14
2002-07-19,2695.46
2002-07-22,2544.95
2002-07-23,2458.56
2002-07-24,2438.31
2002-07-25,2515.2
2002-07-26,2536.93
2002-07-29,2723.01
2002-07-30,2691.91
2002-07-31,2685.79
2002-08-01,2557.86
2002-08-02,2547.12
2002-08-05,2447.32
2002-08-06,2592.2399
2002-08-07,2564.77
2002-08-08,2698.18
2002-08-09,2750.16
2002-08-12,2670.78
2002-08-13,2698.9899
2002-08-14,2590.75
2002-08-15,2677.7399
2002-08-16,2713.96
2002-08-19,2825.39
2002-08-20,2771.4
2002-08-21,2802.95
2002-08-22,2872.02
2002-08-23,2821.04
2002-08-26,2771.19
2002-08-27,2863.6
2002-08-28,2729.93
2002-08-29,2667.17
2002-08-30,2709.29
2002-09-02,2639.18
2002-09-03,2509.46
2002-09-04,2534.01
2002-09-05,2511.53
2002-09-06,2618.18
2002-09-09,2564.81
2002-09-10,2639.83
2002-09-11,2723.14
2002-09-12,2590.18
2002-09-13,2530.8
2002-09-16,2516.31
2002-09-17,2493.42
2002-09-18,2382.7
2002-09-19,2328.29
2002-09-20,2308.03
2002-09-23,2217.48
2002-09-24,2187.2199
2002-09-25,2238.11
2002-09-26,2373.03
2002-09-27,2343.2199
2002-09-30,2204.39
2002-10-01,2266.55
2002-10-02,2361.73
2002-10-03,2305.18
2002-10-04,2224.7399
2002-10-07,2207.62
2002-10-08,2170.54
2002-10-09,2150.27
2002-10-10,2234.62
2002-10-11,2351.81
2002-10-14,2318.51
2002-10-15,2485.13
2002-10-16,2444.85
2002-10-17,2536.45
2002-10-18,2527.38
2002-10-21,2549.84
2002-10-22,2507.5
2002-10-23,2399.77
2002-10-24,2469.62
2002-10-25,2456.91
2002-10-28,2508.51
2002-10-29,2383.5
2002-10-30,2468.8
2002-10-31,2518.9899
2002-11-01,2487.66
2002-11-04,2592.55
2002-11-05,2614.14
2002-11-06,2578.36
2002-11-07,2485.81
2002-11-08,2450.42
2002-11-11,2434.73
2002-11-12,2454.27
2002-11-13,2435.68
2002-11-14,2525.7399
2002-11-15,2535.73
2002-11-18,2572.65
2002-11-19,2550.4699
2002-11-20,2544.38
2002-11-21,2644.1
2002-11-22,2648.14
2002-11-25,2638.11
2002-11-26,2564.4899
2002-11-27,2654.77
2002-11-28,2669.89
2002-11-29,2656.85
2002-12-02,2662.4899
2002-12-03,2585.42
2002-12-04,2577.0
2002-12-05,2527.18
2002-12-06,2531.66
2002-12-09,2459.02
2002-12-10,2486.94
2002-12-11,2515.34
2002-12-12,2471.37
2002-12-13,2429.42
2002-12-16,2522.05
2002-12-17,2490.61
2002-12-18,2427.31
2002-12-19,2406.08
2002-12-20,2438.9699
2002-12-23,2456.5
2002-12-24,2454.93
2002-12-27,2364.9899
2002-12-30,2386.41
2002-12-31,2398.65
2003-01-02,2522.2399
2003-01-03,2502.19
2003-01-06,2529.86
2003-01-07,2504.91
2003-01-08,2449.78
2003-01-09,2492.18
2003-01-10,2489.01
2003-01-13,2497.61
2003-01-14,2509.43
2003-01-15,2479.71
2003-01-16,2474.88
2003-01-17,2390.36
2003-01-20,2352.81
2003-01-21,2326.93
2003-01-22,2278.2199
2003-01-23,2269.04
2003-01-24,2234.56
2003-01-27,2154.53
2003-01-28,2159.8
2003-01-29,2189.03
2003-01-30,2238.19
2003-01-31,2248.17
2003-02-03,2270.73
2003-02-04,2184.36
2003-02-05,2225.44
2003-02-06,2169.88
2003-02-07,2133.6
2003-02-10,2125.75
2003-02-11,2190.28
2003-02-12,2136.6
2003-02-13,2123.71
2003-02-14,2199.9699
2003-02-17,2240.3
2003-02-18,2280.82
2003-02-19,2208.18
2003-02-20,2173.77
2003-02-21,2208.25
2003-02-24,2160.58
2003-02-25,2081.3
2003-02-26,2058.9699
2003-02-27,2104.41
2003-02-28,2140.73
2003-03-03,2142.39
2003-03-04,2093.04
2003-03-05,2080.6
2003-03-06,2043.35
2003-03-07,1992.45
2003-03-10,1936.39
2003-03-11,1934.34
2003-03-12,1849.64
2003-03-13,1974.92
2003-03-14,2079.71
2003-03-17,2158.0
2003-03-18,2153.86
2003-03-19,2187.16
2003-03-20,2156.89
2003-03-21,2249.11
2003-03-24,2124.78
2003-03-25,2184.98
2003-03-26,2172.64
2003-03-27,2132.51
2003-03-28,2132.11
2003-03-31,2036.86
2003-04-01,2067.23
2003-04-02,2160.23
2003-04-03,2182.9699
2003-04-04,2223.17
2003-04-07,2314.54
2003-04-08,2282.2399
2003-04-09,2279.52
2003-04-10,2222.4
2003-04-11,2247.4699
2003-04-14,2273.96
2003-04-15,2317.7199
2003-04-16,2294.95
2003-04-17,2324.27
2003-04-22,2343.59
2003-04-23,2365.9699
2003-04-24,2310.87
2003-04-25,2271.92
2003-04-28,2344.02
2003-04-29,2322.27
2003-04-30,2324.23
2003-05-01,2324.23
2003-05-02,2321.9
2003-05-05,2351.65
2003-05-06,2389.7
2003-05-07,2357.14
2003-05-08,2287.2399
2003-05-09,2314.1
2003-05-12,2318.0
2003-05-13,2312.9
2003-05-14,2309.93
2003-05-15,2344.01
2003-05-16,2349.13
2003-05-19,2248.03
2003-05-20,2249.06
2003-05-21,2229.43
2003-05-22,2261.98
2003-05-23,2246.58
2003-05-26,2242.16
2003-05-27,2259.35
2003-05-28,2309.33
2003-05-29,2310.83
2003-05-30,2330.06
2003-06-02,2379.39
2003-06-03,2366.31
2003-06-04,2394.79
2003-06-05,2365.76
2003-06-06,2421.92
2003-06-09,2388.55
2003-06-10,2410.55
2003-06-11,2452.4
2003-06-12,2479.91
2003-06-13,2440.32
2003-06-16,2492.28
2003-06-17,2505.9899
2003-06-18,2527.44
2003-06-19,2491.9899
2003-06-20,2515.33
2003-06-23,2450.57
2003-06-24,2446.78
2003-06-25,2453.73
2003-06-26,2452.86
2003-06-27,2453.4899
2003-06-30,2419.51
2003-07-01,2366.86
2003-07-02,2420.35
2003-07-03,2421.64
2003-07-04,2408.18
2003-07-07,2486.01
2003-07-08,2492.73
2003-07-09,2473.62
2003-07-10,2441.9
2003-07-11,2477.7199
2003-07-14,2517.88
2003-07-15,2503.36
2003-07-16,2487.9899
2003-07-17,2449.73
2003-07-18,2458.92
2003-07-21,2419.81
2003-07-22,2436.88
2003-07-23,2429.07
2003-07-24,2480.87
2003-07-25,2442.13
2003-07-28,2486.76
2003-07-29,2470.41
2003-07-30,2483.9
2003-07-31,2519.79
2003-08-01,2479.7
2003-08-04,2456.28
2003-08-05,2481.77
2003-08-06,2437.38
2003-08-07,2436.06
2003-08-08,2460.14
2003-08-11,2479.06
2003-08-12,2496.58
2003-08-13,2497.7399
2003-08-14,2544.05
2003-08-15,2548.86
2003-08-18,2574.0
2003-08-19,2579.19
2003-08-20,2562.65
2003-08-21,2583.91
2003-08-22,2593.55
2003-08-25,2565.03
2003-08-26,2537.14
2003-08-27,2560.76
2003-08-28,2575.9899
2003-08-29,2556.71
2003-09-01,2600.9
2003-09-02,2599.8
2003-09-03,2641.55
2003-09-04,2638.8
2003-09-05,2614.81
2003-09-08,2635.6
2003-09-09,2604.08
2003-09-10,2565.52
2003-09-11,2572.7399
2003-09-12,2546.78
2003-09-15,2555.64
2003-09-16,2585.28
2003-09-17,2586.81
2003-09-18,2608.58
2003-09-19,2582.4699
2003-09-22,2514.11
2003-09-23,2493.03
2003-09-24,2477.34
2003-09-25,2465.13
2003-09-26,2447.92
2003-09-29,2440.12
2003-09-30,2395.87
2003-10-01,2439.25
2003-10-02,2434.63
2003-10-03,2516.48
2003-10-06,2497.1
2003-10-07,2476.61
2003-10-08,2473.88
2003-10-09,2531.37
2003-10-10,2518.44
2003-10-13,2563.4
2003-10-14,2552.38
2003-10-15,2571.41
2003-10-16,2557.8
2003-10-17,2550.82
2003-10-20,2552.18
2003-10-21,2560.14
2003-10-22,2509.9699
2003-10-23,2489.07
2003-10-24,2482.56
2003-10-27,2512.32
2003-10-28,2542.7
2003-10-29,2556.16
2003-10-30,2571.51
2003-10-31,2575.04
2003-11-03,2631.65
2003-11-04,2627.32
2003-11-05,2609.9
2003-11-06,2626.68
2003-11-07,2657.6
2003-11-10,2633.07
2003-11-11,2618.9
2003-11-12,2627.15
2003-11-13,2636.78
2003-11-14,2656.94
2003-11-17,2586.05
2003-11-18,2584.05
2003-11-19,2574.66
2003-11-20,2568.71
2003-11-21,2578.2399
2003-11-24,2632.25
2003-11-25,2625.31
2003-11-26,2619.56
2003-11-27,2635.89
2003-11-28,2630.4699
2003-12-01,2674.62
2003-12-02,2666.9699
2003-12-03,2694.01
2003-12-04,2693.43
2003-12-05,2672.02
2003-12-08,2651.41
2003-12-09,2672.62
2003-12-10,2660.73
2003-12-11,2684.71
2003-12-12,2685.39
2003-12-15,2698.77
2003-12-16,2697.14
2003-12-17,2692.26
2003-12-18,2714.73
2003-12-19,2725.26
2003-12-22,2714.09
2003-12-23,2721.57
2003-12-24,2725.07
2003-12-29,2744.2
2003-12-30,2750.09
2003-12-31,2760.66
2004-01-02,2797.56
2004-01-05,2808.07
2004-01-06,2805.91
2004-01-07,2782.52
2004-01-08,2821.33
2004-01-09,2800.16
2004-01-12,2793.88
2004-01-13,2801.9699
2004-01-14,2829.44
2004-01-15,2840.8
2004-01-16,2865.96
2004-01-19,2879.94
2004-01-20,2859.58
2004-01-21,2873.86
2004-01-22,2891.84
2004-01-23,2892.54
2004-01-26,2874.4699
2004-01-27,2884.25
2004-01-28,2896.78
2004-01-29,2860.08
2004-01-30,2839.13
2004-02-02,2853.9
2004-02-03,2841.26
2004-02-04,2819.92
2004-02-05,2816.34
2004-02-06,2833.63
2004-02-09,2870.98
2004-02-10,2880.94
2004-02-11,2890.8
2004-02-12,2896.25
2004-02-13,2860.88
2004-02-16,2877.39
2004-02-17,2895.38
2004-02-18,2897.59
2004-02-19,2932.95
2004-02-20,2904.36
2004-02-23,2907.46
2004-02-24,2866.04
2004-02-25,2872.48
2004-02-26,2883.54
2004-02-27,2893.18
2004-03-01,2918.56
2004-03-02,2946.62
2004-03-03,2926.79
2004-03-04,2952.61
2004-03-05,2945.63
2004-03-08,2959.71
2004-03-09,2923.05
2004-03-10,2922.68
2004-03-11,2834.02
2004-03-12,2834.03
2004-03-15,2756.13
2004-03-16,2773.18
2004-03-17,2821.8
2004-03-18,2761.66
2004-03-19,2769.86
2004-03-22,2712.11
2004-03-23,2713.68
2004-03-24,2702.05
2004-03-25,2752.43
2004-03-26,2763.75
2004-03-29,2797.68
2004-03-30,2791.58
2004-03-31,2787.4899
2004-04-01,2819.7
2004-04-02,2885.08
2004-04-05,2905.88
2004-04-06,2865.03
2004-04-07,2851.83
2004-04-08,2858.92
2004-04-13,2889.91
2004-04-14,2856.61
2004-04-15,2854.53
2004-04-16,2866.95
2004-04-19,2859.2399
2004-04-20,2878.8
2004-04-21,2855.46
2004-04-22,2877.65
2004-04-23,2894.18
2004-04-26,2886.05
2004-04-27,2884.82
2004-04-28,2836.67
2004-04-29,2806.37
2004-04-30,2787.48
2004-05-03,2806.46
2004-05-04,2799.71
2004-05-05,2823.37
2004-05-06,2765.7399
2004-05-07,2756.85
2004-05-10,2684.96
2004-05-11,2721.08
2004-05-12,2680.1
2004-05-13,2712.5
2004-05-14,2694.92
2004-05-17,2659.85
2004-05-18,2675.75
2004-05-19,2729.52
2004-05-20,2708.55
2004-05-21,2697.46
2004-05-24,2716.07
2004-05-25,2699.36
2004-05-26,2729.62
2004-05-27,2752.02
2004-05-28,2736.83
2004-05-31,2749.62
2004-06-01,2713.29
2004-06-02,2730.15
2004-06-03,2736.7199
2004-06-04,2767.87
2004-06-07,2799.81
2004-06-08,2800.36
2004-06-09,2787.39
2004-06-10,2800.18
2004-06-11,2797.05
2004-06-14,2759.27
2004-06-15,2785.68
2004-06-16,2807.15
2004-06-17,2807.16
2004-06-18,2822.06
2004-06-21,2816.56
2004-06-22,2782.43
2004-06-23,2793.63
2004-06-24,2822.35
2004-06-25,2818.86
2004-06-28,2840.04
2004-06-29,2828.59
2004-06-30,2811.08
2004-07-01,2806.62
2004-07-02,2783.9899
2004-07-05,2784.92
2004-07-06,2764.89
2004-07-07,2764.31
2004-07-08,2776.88
2004-07-09,2776.25
2004-07-12,2760.12
2004-07-13,2763.2
2004-07-14,2754.77
2004-07-15,2715.64
2004-07-16,2713.27
2004-07-19,2697.69
2004-07-20,2708.16
2004-07-21,2728.91
2004-07-22,2680.44
2004-07-23,2673.44
2004-07-26,2640.61
2004-07-27,2670.48
2004-07-28,2665.98
2004-07-29,2717.61
2004-07-30,2720.05
2004-08-02,2696.26
2004-08-03,2712.45
2004-08-04,2684.28
2004-08-05,2689.26
2004-08-06,2618.68
2004-08-09,2596.52
2004-08-10,2619.42
2004-08-11,2594.45
2004-08-12,2588.8
2004-08-13,2580.04
2004-08-16,2604.75
2004-08-17,2617.27
2004-08-18,2627.37
2004-08-19,2630.71
2004-08-20,2624.96
2004-08-23,2662.35
2004-08-24,2659.14
2004-08-25,2664.67
2004-08-26,2688.67
2004-08-27,2704.53
2004-08-30,2697.05
2004-08-31,2670.79
2004-09-01,2691.67
2004-09-02,2711.16
2004-09-03,2739.43
2004-09-06,2748.39
2004-09-07,2751.93
2004-09-08,2746.96
2004-09-09,2730.7399
2004-09-10,2745.86
2004-09-13,2780.85
2004-09-14,2771.67
2004-09-15,2763.75
2004-09-16,2765.87
2004-09-17,2788.64
2004-09-20,2776.1
2004-09-21,2790.67
2004-09-22,2759.68
2004-09-23,2735.45
2004-09-24,2740.06
2004-09-27,2725.1
2004-09-28,2733.69
2004-09-29,2746.36
2004-09-30,2726.3
2004-10-01,2796.08
2004-10-04,2823.46
2004-10-05,2830.12
2004-10-06,2831.88
2004-10-07,2834.62
2004-10-08,2816.42
2004-10-11,2813.93
2004-10-12,2788.07
2004-10-13,2792.27
2004-10-14,2776.03
2004-10-15,2773.39
2004-10-18,2768.63
2004-10-19,2801.19
2004-10-20,2769.26
2004-10-21,2786.53
2004-10-22,2788.89
2004-10-25,2734.37
2004-10-26,2739.37
2004-10-27,2787.15
2004-10-28,2818.54
2004-10-29,2811.7199
2004-11-01,2834.03
2004-11-02,2855.16
2004-11-03,2860.68
2004-11-04,2859.52
2004-11-05,2874.8
2004-11-08,2872.48
2004-11-09,2864.93
2004-11-10,2872.66
2004-11-11,2903.93
2004-11-12,2907.45
2004-11-15,2898.16
2004-11-16,2879.01
2004-11-17,2922.2399
2004-11-18,2917.21
2004-11-19,2893.08
2004-11-22,2879.58
2004-11-23,2876.88
2004-11-24,2876.84
2004-11-25,2904.16
2004-11-26,2898.95
2004-11-29,2891.15
2004-11-30,2876.39
2004-12-01,2913.21
2004-12-02,2926.73
2004-12-03,2911.59
2004-12-06,2904.51
2004-12-07,2918.43
2004-12-08,2912.44
2004-12-09,2888.02
2004-12-10,2903.96
2004-12-13,2928.43
2004-12-14,2934.1
2004-12-15,2921.94
2004-12-16,2929.63
2004-12-17,2891.48
2004-12-20,2906.2399
2004-12-21,2912.8
2004-12-22,2937.7399
2004-12-23,2950.92
2004-12-24,2951.16
2004-12-27,2944.16
2004-12-28,2955.11
2004-12-29,2953.15
2004-12-30,2951.2399
2004-12-31,2951.01
2005-01-03,2970.02
2005-01-04,2971.12
2005-01-05,2947.19
2005-01-06,2966.2399
2005-01-07,2979.82
2005-01-10,2977.21
2005-01-11,2949.29
2005-01-12,2924.01
2005-01-13,2936.32
2005-01-14,2948.2199
2005-01-17,2963.06
2005-01-18,2962.43
2005-01-19,2959.9
2005-01-20,2937.71
2005-01-21,2940.87
2005-01-24,2937.83
2005-01-25,2958.61
2005-01-26,2956.43
2005-01-27,2970.81
2005-01-28,2955.89
2005-01-31,2984.59
2005-02-01,3008.85
2005-02-02,3022.35
2005-02-03,3010.39
2005-02-04,3037.13
2005-02-07,3051.9699
2005-02-08,3055.89
2005-02-09,3044.36
2005-02-10,3044.0
2005-02-11,3080.08
2005-02-14,3075.76
2005-02-15,3086.95
2005-02-16,3068.55
2005-02-17,3067.34
2005-02-18,3072.04
2005-02-21,3063.64
2005-02-22,3045.2399
2005-02-23,3028.08
2005-02-24,3024.8
2005-02-25,3062.7199
2005-02-28,3058.32
2005-03-01,3078.44
2005-03-02,3082.71
2005-03-03,3078.11
2005-03-04,3106.86
2005-03-07,3114.54
2005-03-08,3097.34
2005-03-09,3081.9899
2005-03-10,3053.66
2005-03-11,3060.36
2005-03-14,3060.7199
2005-03-15,3083.73
2005-03-16,3032.13
2005-03-17,3039.8
2005-03-18,3053.54
2005-03-21,3038.14
2005-03-22,3050.44
2005-03-23,3036.85
2005-03-24,3060.67
2005-03-29,3069.35
2005-03-30,3056.25
2005-03-31,3055.73
2005-04-01,3061.11
2005-04-04,3042.17
2005-04-05,3064.07
2005-04-06,3076.23
2005-04-07,3090.7199
2005-04-08,3088.92
2005-04-11,3080.6
2005-04-12,3065.18
2005-04-13,3080.54
2005-04-14,3075.33
2005-04-15,3013.79
2005-04-18,2947.79
2005-04-19,2957.37
2005-04-20,2944.33
2005-04-21,2950.34
2005-04-22,2976.39
2005-04-25,2987.05
2005-04-26,2983.2199
2005-04-27,2942.62
2005-04-28,2930.87
2005-04-29,2930.1
2005-05-02,2949.09
2005-05-03,2962.59
2005-05-04,2981.04
2005-05-05,3004.52
2005-05-06,3019.26
2005-05-09,3007.1
2005-05-10,2983.42
2005-05-11,2970.5
2005-05-12,2993.09
2005-05-13,2994.52
2005-05-16,2988.16
2005-05-17,2983.84
2005-05-18,3036.3
2005-05-19,3051.79
2005-05-20,3050.45
2005-05-23,3070.98
2005-05-24,3066.55
2005-05-25,3059.84
2005-05-26,3086.08
2005-05-27,3084.0
2005-05-30,3096.54
2005-05-31,3076.7
2005-06-01,3125.88
2005-06-02,3131.03
2005-06-03,3114.27
2005-06-06,3099.2
2005-06-07,3134.82
2005-06-08,3125.59
2005-06-09,3122.93
2005-06-10,3143.85
2005-06-13,3159.83
2005-06-14,3162.86
2005-06-15,3147.55
2005-06-16,3160.09
2005-06-17,3178.48
2005-06-20,3162.14
2005-06-21,3179.62
2005-06-22,3182.08
2005-06-23,3190.8
2005-06-24,3161.0
2005-06-27,3132.5
2005-06-28,3162.0
2005-06-29,3178.56
2005-06-30,3181.54
2005-07-01,3208.61
2005-07-04,3215.6
2005-07-05,3207.91
2005-07-06,3224.11
2005-07-07,3170.06
2005-07-08,3224.59
2005-07-11,3246.4
2005-07-12,3236.33
2005-07-13,3260.67
2005-07-14,3277.2
2005-07-15,3278.71
2005-07-18,3276.4899
2005-07-19,3314.06
2005-07-20,3303.88
2005-07-21,3299.92
2005-07-22,3292.92
2005-07-25,3298.27
2005-07-26,3302.98
2005-07-27,3310.84
2005-07-28,3333.05
2005-07-29,3326.51
2005-08-01,3320.44
2005-08-02,3349.91
2005-08-03,3343.63
2005-08-04,3310.62
2005-08-05,3280.4899
2005-08-08,3292.41
2005-08-09,3331.29
2005-08-10,3370.84
2005-08-11,3354.16
2005-08-12,3334.15
2005-08-15,3326.34
2005-08-16,3307.42
2005-08-17,3298.2
2005-08-18,3283.84
2005-08-19,3328.17
2005-08-22,3330.44
2005-08-23,3299.28
2005-08-24,3294.25
2005-08-25,3258.52
2005-08-26,3224.1
2005-08-29,3239.96
2005-08-30,3234.1
2005-08-31,3263.78
2005-09-01,3282.29
2005-09-02,3274.42
2005-09-05,3303.05
2005-09-06,3341.8
2005-09-07,3349.46
2005-09-08,3346.63
2005-09-09,3359.65
2005-09-12,3354.64
2005-09-13,3325.55
2005-09-14,3338.9899
2005-09-15,3339.02
2005-09-16,3366.57
2005-09-19,3356.28
2005-09-20,3375.79
2005-09-21,3326.78
2005-09-22,3312.26
2005-09-23,3331.55
2005-09-26,3400.93
2005-09-27,3384.24
2005-09-28,3429.42
2005-09-29,3412.75
2005-09-30,3428.51
2005-10-03,3449.34
2005-10-04,3464.23
2005-10-05,3418.84
2005-10-06,3384.15
2005-10-07,3374.1
2005-10-10,3381.17
2005-10-11,3387.46
2005-10-12,3359.85
2005-10-13,3331.42
2005-10-14,3349.58
2005-10-17,3356.77
2005-10-18,3334.79
2005-10-19,3279.61
2005-10-20,3284.78
2005-10-21,3271.05
2005-10-24,3310.13
2005-10-25,3292.52
2005-10-26,3304.27
2005-10-27,3241.14
2005-10-28,3245.98
2005-10-31,3320.15
2005-11-01,3312.45
2005-11-02,3320.62
2005-11-03,3361.64
2005-11-04,3355.28
2005-11-07,3362.83
2005-11-08,3361.75
2005-11-09,3355.77
2005-11-10,3361.05
2005-11-11,3406.23
2005-11-14,3412.19
2005-11-15,3413.96
2005-11-16,3391.59
2005-11-17,3404.12
2005-11-18,3427.18
2005-11-21,3450.01
2005-11-22,3450.51
2005-11-23,3471.43
2005-11-24,3459.15
2005-11-25,3466.08
2005-11-28,3453.11
2005-11-29,3463.67
2005-11-30,3447.07
2005-12-01,3501.54
2005-12-02,3519.66
2005-12-05,3499.4
2005-12-06,3516.84
2005-12-07,3505.34
2005-12-08,3510.38
2005-12-09,3500.8
2005-12-12,3514.07
2005-12-13,3528.34
2005-12-14,3519.12
2005-12-15,3522.3
2005-12-16,3556.76
2005-12-19,3551.1
2005-12-20,3561.11
2005-12-21,3591.94
2005-12-22,3591.02
2005-12-23,3599.47
2005-12-27,3612.21
2005-12-28,3605.12
2005-12-29,3616.33
2005-12-30,3578.93
2006-01-02,3604.33
2006-01-03,3614.34
2006-01-04,3652.46
2006-01-05,3650.24
2006-01-06,3666.99
2006-01-09,3671.78
2006-01-10,3644.94
2006-01-11,3668.61
2006-01-12,3670.2
2006-01-13,3629.25
2006-01-16,3644.41
2006-01-17,3610.07
2006-01-18,3570.17
2006-01-19,3593.22
2006-01-20,3550.8
2006-01-23,3544.31
2006-01-24,3532.68
2006-01-25,3578.0
2006-01-26,3641.42
2006-01-27,3685.48
2006-01-30,3677.52
2006-01-31,3691.41
2006-02-01,3728.34
2006-02-02,3677.05
2006-02-03,3678.48
2006-02-06,3682.32
2006-02-07,3680.8
2006-02-08,3671.37
2006-02-09,3726.81
2006-02-10,3695.63
2006-02-13,3727.46
2006-02-14,3734.48
2006-02-15,3729.79
2006-02-16,3756.47
2006-02-17,3767.7
2006-02-20,3766.74
2006-02-21,3779.51
2006-02-22,3818.48
2006-02-23,3813.29
2006-02-24,3826.0
2006-02-27,3840.56
2006-02-28,3774.51
2006-03-01,3806.03
2006-03-02,3763.73
2006-03-03,3733.95
2006-03-06,3754.07
2006-03-07,3745.2
2006-03-08,3727.96
2006-03-09,3757.73
2006-03-10,3798.46
2006-03-13,3824.97
2006-03-14,3833.48
2006-03-15,3842.16
2006-03-16,3839.71
2006-03-17,3832.43
2006-03-20,3842.1
2006-03-21,3848.17
2006-03-22,3868.48
2006-03-23,3860.13
2006-03-24,3870.89
2006-03-27,3827.93
2006-03-28,3811.22
2006-03-29,3826.3
2006-03-30,3874.61
2006-03-31,3853.74
2006-04-03,3878.64
2006-04-04,3850.11
2006-04-05,3863.92
2006-04-06,3861.29
2006-04-07,3823.11
2006-04-10,3843.52
2006-04-11,3788.81
2006-04-12,3776.94
2006-04-13,3779.94
2006-04-18,3770.79
2006-04-19,3820.96
2006-04-20,3860.0
2006-04-21,3888.46
2006-04-24,3862.27
2006-04-25,3871.09
2006-04-26,3887.0
2006-04-27,3865.42
2006-04-28,3839.9
2006-05-01,3839.9
2006-05-02,3862.24
2006-05-03,3821.97
2006-05-04,3843.08
2006-05-05,3874.32
2006-05-08,3877.53
2006-05-09,3890.94
2006-05-10,3863.56
2006-05-11,3837.86
2006-05-12,3750.44
2006-05-15,3711.16
2006-05-16,3730.36
2006-05-17,3605.19
2006-05-18,3606.33
2006-05-19,3625.25
2006-05-22,3539.77
2006-05-23,3620.28
2006-05-24,3574.86
2006-05-25,3635.0
2006-05-26,3699.8
2006-05-29,3679.57
2006-05-30,3590.91
2006-05-31,3637.17
2006-06-01,3648.33
2006-06-02,3636.89
2006-06-05,3604.33
2006-06-06,3529.1
2006-06-07,3562.36
2006-06-08,3462.37
2006-06-09,3520.99
2006-06-12,3480.76
2006-06-13,3408.02
2006-06-14,3414.21
2006-06-15,3493.25
2006-06-16,3463.56
2006-06-19,3490.24
2006-06-20,3514.83
2006-06-21,3526.86
2006-06-22,3544.85
2006-06-23,3550.15
2006-06-26,3534.84
2006-06-27,3506.93
2006-06-28,3506.02
2006-06-29,3582.61
2006-06-30,3648.92
2006-07-03,3662.92
2006-07-04,3670.75
2006-07-05,3618.64
2006-07-06,3662.39
2006-07-07,3651.33
2006-07-10,3666.51
2006-07-11,3617.78
2006-07-12,3630.5
2006-07-13,3562.56
2006-07-14,3508.25
2006-07-17,3498.62
2006-07-18,3492.11
2006-07-19,3585.65
2006-07-20,3589.63
2006-07-21,3557.08
2006-07-24,3632.93
2006-07-25,3631.5
2006-07-26,3640.75
2006-07-27,3681.55
2006-07-28,3710.6
2006-07-31,3691.87
2006-08-01,3640.6
2006-08-02,3696.35
2006-08-03,3667.91
2006-08-04,3718.09
2006-08-07,3658.25
2006-08-08,3668.1
2006-08-09,3707.19
2006-08-10,3675.44
2006-08-11,3675.06
2006-08-14,3719.11
2006-08-15,3766.38
2006-08-16,3791.1
2006-08-17,3800.1
2006-08-18,3791.4
2006-08-21,3777.25
2006-08-22,3792.55
2006-08-23,3758.98
2006-08-24,3781.87
2006-08-25,3781.17
2006-08-28,3808.57
2006-08-29,3806.81
2006-08-30,3817.86
2006-08-31,3808.7
2006-09-01,3820.89
2006-09-04,3837.61
2006-09-05,3817.76
2006-09-06,3772.21
2006-09-07,3739.7
2006-09-08,3750.08
2006-09-11,3742.06
2006-09-12,3788.96
2006-09-13,3805.55
2006-09-14,3796.59
2006-09-15,3812.11
2006-09-18,3808.47
2006-09-19,3780.18
2006-09-20,3841.31
2006-09-21,3857.14
2006-09-22,3812.73
2006-09-25,3822.12
2006-09-26,3872.92
2006-09-27,3896.18
2006-09-28,3894.98
2006-09-29,3899.41
2006-10-02,3892.48
2006-10-03,3880.14
2006-10-04,3914.73
2006-10-05,3939.86
2006-10-06,3940.31
2006-10-09,3939.48
2006-10-10,3960.67
2006-10-11,3967.39
2006-10-12,3999.89
2006-10-13,3999.07
2006-10-16,4001.97
2006-10-17,3949.57
2006-10-18,3991.38
2006-10-19,3986.82
2006-10-20,3998.19
2006-10-23,4019.02
2006-10-24,4014.01
2006-10-25,4019.14
2006-10-26,4027.29
2006-10-27,4017.27
2006-10-30,4004.92
2006-10-31,4004.8
2006-11-01,4014.34
2006-11-02,3974.62
2006-11-03,3990.46
2006-11-06,4045.22
2006-11-07,4072.86
2006-11-08,4073.81
2006-11-09,4073.0
2006-11-10,4063.84
2006-11-13,4086.14
2006-11-14,4084.33
2006-11-15,4108.83
2006-11-16,4109.81
2006-11-17,4080.03
2006-11-20,4095.75
2006-11-21,4096.06
2006-11-22,4094.97
2006-11-23,4085.76
2006-11-24,4048.16
2006-11-27,3978.25
2006-11-28,3975.11
2006-11-29,4023.09
2006-11-30,3987.23
2006-12-01,3932.09
2006-12-04,3962.93
2006-12-05,4007.94
2006-12-06,4002.31
2006-12-07,4018.69
2006-12-08,4019.89
2006-12-11,4052.89
2006-12-12,4059.74
2006-12-13,4094.33
2006-12-14,4118.84
2006-12-15,4140.66
2006-12-18,4130.06
2006-12-19,4100.4799
2006-12-20,4118.54
2006-12-21,4112.1
2006-12-22,4073.5
2006-12-27,4134.86
2006-12-28,4130.66
2006-12-29,4119.9399
2007-01-02,4182.12
2007-01-03,4188.24
2007-01-04,4177.76
2007-01-05,4129.35
2007-01-08,4123.33
2007-01-09,4129.49
2007-01-10,4090.88
2007-01-11,4165.95
2007-01-12,4174.8
2007-01-15,4187.36
2007-01-16,4169.18
2007-01-17,4146.7299
2007-01-18,4137.31
2007-01-19,4173.07
2007-01-22,4140.61
2007-01-23,4140.1899
2007-01-24,4187.55
2007-01-25,4175.7
2007-01-26,4149.01
2007-01-29,4166.83
2007-01-30,4195.22
2007-01-31,4178.54
2007-02-01,4211.32
2007-02-02,4228.39
2007-02-05,4227.47
2007-02-06,4233.47
2007-02-07,4251.06
2007-02-08,4225.92
2007-02-09,4248.24
2007-02-12,4213.85
2007-02-13,4239.03
2007-02-14,4267.02
2007-02-15,4258.13
2007-02-16,4247.4
2007-02-19,4266.2299
2007-02-20,4250.3
2007-02-21,4232.52
2007-02-22,4241.4799
2007-02-23,4245.99
2007-02-26,4272.32
2007-02-27,4156.7299
2007-02-28,4087.12
2007-03-01,4031.3
2007-03-02,4011.63
2007-03-05,3980.06
2007-03-06,4010.39
2007-03-07,4021.97
2007-03-08,4082.58
2007-03-09,4091.67
2007-03-12,4066.78
2007-03-13,4017.74
2007-03-14,3906.15
2007-03-15,3985.57
2007-03-16,3984.54
2007-03-19,4055.49
2007-03-20,4079.52
2007-03-21,4078.29
2007-03-22,4170.08
2007-03-23,4191.58
2007-03-26,4142.11
2007-03-27,4153.61
2007-03-28,4128.2
2007-03-29,4180.07
2007-03-30,4181.03
2007-04-02,4189.55
2007-04-03,4246.3
2007-04-04,4261.83
2007-04-05,4271.54
2007-04-10,4301.47
2007-04-11,4293.2
2007-04-12,4280.02
2007-04-13,4317.35
2007-04-16,4379.25
2007-04-17,4384.38
2007-04-18,4358.95
2007-04-19,4339.93
2007-04-20,4416.79
2007-04-23,4400.12
2007-04-24,4367.83
2007-04-25,4404.4399
2007-04-26,4414.21
2007-04-27,4383.13
2007-04-30,4392.34
2007-05-01,4392.41
2007-05-02,4415.4799
2007-05-03,4427.32
2007-05-04,4445.59
2007-05-07,4441.31
2007-05-08,4411.32
2007-05-09,4425.03
2007-05-10,4391.87
2007-05-11,4423.07
2007-05-14,4413.72
2007-05-15,4441.03
2007-05-16,4422.62
2007-05-17,4428.57
2007-05-18,4480.81
2007-05-21,4465.54
2007-05-22,4469.88
2007-05-23,4499.6899
2007-05-24,4452.7
2007-05-25,4463.52
2007-05-28,4475.46
2007-05-29,4474.81
2007-05-30,4468.72
2007-05-31,4512.65
2007-06-01,4556.97
2007-06-04,4537.81
2007-06-05,4513.18
2007-06-06,4437.29
2007-06-07,4381.45
2007-06-08,4376.42
2007-06-11,4415.5
2007-06-12,4383.02
2007-06-13,4401.68
2007-06-14,4485.04
2007-06-15,4551.0
2007-06-18,4530.22
2007-06-19,4527.22
2007-06-20,4545.61
2007-06-21,4488.66
2007-06-22,4479.36
2007-06-25,4471.13
2007-06-26,4433.04
2007-06-27,4412.12
2007-06-28,4457.99
2007-06-29,4489.77
2007-07-02,4470.26
2007-07-03,4513.01
2007-07-04,4524.24
2007-07-05,4491.87
2007-07-06,4524.45
2007-07-09,4528.76
2007-07-10,4474.15
2007-07-11,4447.52
2007-07-12,4517.7
2007-07-13,4542.57
2007-07-16,4557.57
2007-07-17,4538.31
2007-07-18,4472.22
2007-07-19,4522.64
2007-07-20,4445.2299
2007-07-23,4482.75
2007-07-24,4412.06
2007-07-25,4360.9
2007-07-26,4252.92
2007-07-27,4244.58
2007-07-30,4239.18
2007-07-31,4315.6899
2007-08-01,4237.05
2007-08-02,4288.66
2007-08-03,4229.1899
2007-08-06,4202.78
2007-08-07,4276.8
2007-08-08,4364.22
2007-08-09,4275.18
2007-08-10,4161.29
2007-08-13,4255.79
2007-08-14,4195.6
2007-08-15,4183.06
2007-08-16,4062.33
2007-08-17,4157.2
2007-08-20,4173.29
2007-08-21,4175.07
2007-08-22,4226.52
2007-08-23,4225.89
2007-08-24,4238.63
2007-08-27,4240.95
2007-08-28,4170.68
2007-08-29,4193.58
2007-08-30,4246.12
2007-08-31,4294.56
2007-09-03,4295.99
2007-09-04,4324.35
2007-09-05,4235.41
2007-09-06,4256.12
2007-09-07,4162.42
2007-09-10,4136.45
2007-09-11,4197.35
2007-09-12,4210.6899
2007-09-13,4249.01
2007-09-14,4221.34
2007-09-17,4184.61
2007-09-18,4264.42
2007-09-19,4389.33
2007-09-20,4366.16
2007-09-21,4370.35
2007-09-24,4360.63
2007-09-25,4328.89
2007-09-26,4364.4
2007-09-27,4388.9799
2007-09-28,4381.71
2007-10-01,4409.65
2007-10-02,4427.01
2007-10-03,4421.58
2007-10-04,4420.39
2007-10-05,4455.31
2007-10-08,4435.87
2007-10-09,4447.58
2007-10-10,4442.61
2007-10-11,4473.57
2007-10-12,4476.02
2007-10-15,4434.9799
2007-10-16,4420.91
2007-10-17,4441.8
2007-10-18,4420.38
2007-10-19,4411.26
2007-10-22,4356.24
2007-10-23,4378.42
2007-10-24,4357.14
2007-10-25,4412.12
2007-10-26,4440.2299
2007-10-29,4471.46
2007-10-30,4462.95
2007-10-31,4489.79
2007-11-01,4415.27
2007-11-02,4410.08
2007-11-05,4392.8
2007-11-06,4407.34
2007-11-07,4400.34
2007-11-08,4363.6
2007-11-09,4297.83
2007-11-12,4302.88
2007-11-13,4311.9799
2007-11-14,4338.28
2007-11-15,4301.4399
2007-11-16,4282.4
2007-11-19,4226.7
2007-11-20,4277.24
2007-11-21,4195.58
2007-11-22,4208.92
2007-11-23,4268.53
2007-11-26,4238.0
2007-11-27,4224.4399
2007-11-28,4321.74
2007-11-29,4347.0
2007-11-30,4394.95
2007-12-03,4371.67
2007-12-04,4339.1
2007-12-05,4410.0
2007-12-06,4414.66
2007-12-07,4446.34
2007-12-10,4465.52
2007-12-11,4449.95
2007-12-12,4469.47
2007-12-13,4370.76
2007-12-14,4384.65
2007-12-17,4312.47
2007-12-18,4309.14
2007-12-19,4301.34
2007-12-20,4314.7
2007-12-21,4384.55
2007-12-24,4388.38
2007-12-27,4404.61
2007-12-28,4404.64
2007-12-31,4399.72
2008-01-02,4339.2299
2008-01-03,4333.42
2008-01-04,4270.53
2008-01-07,4283.37
2008-01-08,4295.2299
2008-01-09,4258.32
2008-01-10,4237.62
2008-01-11,4225.31
2008-01-14,4236.68
2008-01-15,4140.9399
2008-01-16,4108.34
2008-01-17,4065.76
2008-01-18,3995.17
2008-01-21,3703.05
2008-01-22,3753.68
2008-01-23,3577.99
2008-01-24,3809.07
2008-01-25,3777.06
2008-01-28,3765.41
2008-01-29,3810.01
2008-01-30,3789.31
2008-01-31,3792.8
2008-02-01,3867.47
2008-02-04,3867.16
2008-02-05,3717.08
2008-02-06,3760.12
2008-02-07,3699.29
2008-02-08,3701.17
2008-02-11,3678.16
2008-02-12,3803.76
2008-02-13,3803.21
2008-02-14,3797.89
2008-02-15,3719.28
2008-02-18,3795.12
2008-02-19,3805.27
2008-02-20,3758.47
2008-02-21,3778.21
2008-02-22,3737.11
2008-02-25,3798.99
2008-02-26,3855.03
2008-02-27,3856.69
2008-02-28,3784.27
2008-02-29,3724.5
2008-03-03,3675.51
2008-03-04,3610.2
2008-03-05,3684.54
2008-03-06,3617.68
2008-03-07,3576.68
2008-03-10,3546.1
2008-03-11,3606.59
2008-03-12,3647.64
2008-03-13,3599.58
2008-03-14,3566.59
2008-03-17,3431.82
2008-03-18,3558.66
2008-03-19,3529.54
2008-03-20,3505.9
2008-03-25,3632.59
2008-03-26,3611.45
2008-03-27,3652.11
2008-03-28,3641.05
2008-03-31,3628.06
2008-04-01,3753.55
2008-04-02,3797.9
2008-04-03,3774.94
2008-04-04,3795.2
2008-04-07,3828.46
2008-04-08,3810.51
2008-04-09,3775.93
2008-04-10,3758.05
2008-04-11,3699.99
2008-04-14,3671.28
2008-04-15,3690.75
2008-04-16,3748.56
2008-04-17,3725.23
2008-04-18,3808.59
2008-04-21,3769.89
2008-04-22,3736.12
2008-04-23,3763.55
2008-04-24,3761.96
2008-04-25,3794.39
2008-04-28,3814.76
2008-04-29,3793.63
2008-04-30,3825.02
2008-05-01,3825.02
2008-05-02,3877.5
2008-05-05,3872.15
2008-05-06,3845.08
2008-05-07,3871.78
2008-05-08,3855.86
2008-05-09,3801.59
2008-05-12,3812.69
2008-05-13,3817.07
2008-05-14,3857.46
2008-05-15,3854.86
2008-05-16,3862.91
2008-05-19,3882.28
2008-05-20,3822.31
2008-05-21,3794.13
2008-05-22,3793.03
2008-05-23,3725.82
2008-05-26,3724.9
2008-05-27,3711.03
2008-05-28,3743.18
2008-05-29,3752.24
2008-05-30,3777.85
2008-06-02,3720.5
2008-06-03,3737.34
2008-06-04,3699.05
2008-06-05,3682.83
2008-06-06,3596.7
2008-06-09,3597.34
2008-06-10,3574.7
2008-06-11,3509.39
2008-06-12,3542.59
2008-06-13,3562.67
2008-06-16,3532.83
2008-06-17,3555.58
2008-06-18,3507.97
2008-06-19,3486.71
2008-06-20,3426.58
2008-06-23,3427.33
2008-06-24,3404.52
2008-06-25,3460.4
2008-06-26,3366.35
2008-06-27,3340.27
2008-06-30,3352.81
2008-07-01,3292.86
2008-07-02,3288.52
2008-07-03,3330.9
2008-07-04,3275.2
2008-07-07,3332.66
2008-07-08,3287.6
2008-07-09,3342.48
2008-07-10,3283.01
2008-07-11,3197.78
2008-07-14,3216.2399
2008-07-15,3142.73
2008-07-16,3174.76
2008-07-17,3256.09
2008-07-18,3321.53
2008-07-21,3333.92
2008-07-22,3326.2399
2008-07-23,3387.5
2008-07-24,3354.58
2008-07-25,3351.13
2008-07-28,3313.41
2008-07-29,3324.86
2008-07-30,3367.33
2008-07-31,3367.82
2008-08-01,3316.61
2008-08-04,3289.26
2008-08-05,3380.09
2008-08-06,3409.02
2008-08-07,3397.25
2008-08-08,3408.48
2008-08-11,3445.66
2008-08-12,3436.85
2008-08-13,3354.75
2008-08-14,3356.84
2008-08-15,3367.62
2008-08-18,3366.09
2008-08-19,3279.75
2008-08-20,3295.28
2008-08-21,3248.92
2008-08-22,3312.41
2008-08-25,3280.41
2008-08-26,3297.42
2008-08-27,3299.15
2008-08-28,3359.42
2008-08-29,3365.63
2008-09-01,3364.4
2008-09-02,3416.46
2008-09-03,3368.97
2008-09-04,3274.82
2008-09-05,3185.83
2008-09-08,3284.12
2008-09-09,3261.07
2008-09-10,3242.02
2008-09-11,3222.1
2008-09-12,3278.02
2008-09-15,3151.17
2008-09-16,3088.43
2008-09-17,3018.77
2008-09-18,3000.83
2008-09-19,3253.52
2008-09-22,3181.77
2008-09-23,3139.83
2008-09-24,3119.83
2008-09-25,3207.11
2008-09-26,3156.46
2008-09-29,3008.19
2008-09-30,3038.2
2008-10-01,3067.35
2008-10-02,3007.51
2008-10-03,3113.82
2008-10-06,2868.9699
2008-10-07,2879.45
2008-10-08,2694.55
2008-10-09,2629.04
2008-10-10,2421.87
2008-10-13,2688.32
2008-10-14,2756.7399
2008-10-15,2578.06
2008-10-16,2423.8
2008-10-17,2532.17
2008-10-20,2613.68
2008-10-21,2598.9699
2008-10-22,2457.9699
2008-10-23,2452.03
2008-10-24,2333.28
2008-10-27,2293.05
2008-10-28,2381.68
2008-10-29,2515.2399
2008-10-30,2528.04
2008-10-31,2591.76
2008-11-03,2610.04
2008-11-04,2755.12
2008-11-05,2710.65
2008-11-06,2542.04
2008-11-07,2602.54
2008-11-10,2625.84
2008-11-11,2483.61
2008-11-12,2400.7399
2008-11-13,2429.94
2008-11-14,2456.43
2008-11-17,2364.83
2008-11-18,2390.1
2008-11-19,2295.36
2008-11-20,2225.9899
2008-11-21,2165.91
2008-11-24,2380.3
2008-11-25,2385.9
2008-11-26,2373.82
2008-11-27,2427.9699
2008-11-28,2430.31
2008-12-01,2288.39
2008-12-02,2354.13
2008-12-03,2369.52
2008-12-04,2368.7199
2008-12-05,2252.09
2008-12-08,2449.28
2008-12-09,2480.79
2008-12-10,2495.58
2008-12-11,2485.39
2008-12-12,2418.91
2008-12-15,2407.4699
2008-12-16,2450.36
2008-12-17,2444.46
2008-12-18,2452.42
2008-12-19,2444.14
2008-12-22,2397.65
2008-12-23,2382.14
2008-12-24,2377.42
2008-12-29,2388.3
2008-12-30,2451.48
2008-12-31,2447.62
2009-01-02,2536.4699
2009-01-05,2553.41
2009-01-06,2578.43
2009-01-07,2538.55
2009-01-08,2516.56
2009-01-09,2486.59
2009-01-12,2451.87
2009-01-13,2411.28
2009-01-14,2298.46
2009-01-15,2257.67
2009-01-16,2281.45
2009-01-19,2252.39
2009-01-20,2200.8
2009-01-21,2188.43
2009-01-22,2160.07
2009-01-23,2147.87
2009-01-26,2226.77
2009-01-27,2224.62
2009-01-28,2322.78
2009-01-29,2269.4
2009-01-30,2236.98
2009-02-02,2198.7399
2009-02-03,2244.89
2009-02-04,2297.73
2009-02-05,2293.23
2009-02-06,2343.66
2009-02-09,2348.95
2009-02-10,2268.15
2009-02-11,2267.9
2009-02-12,2214.95
2009-02-13,2228.29
2009-02-16,2193.64
2009-02-17,2119.98
2009-02-18,2118.4699
2009-02-19,2114.84
2009-02-20,2011.68
2009-02-23,1991.63
2009-02-24,1977.5
2009-02-25,1965.26
2009-02-26,2021.14
2009-02-27,1976.23
2009-03-02,1882.79
2009-03-03,1864.73
2009-03-04,1943.46
2009-03-05,1852.25
2009-03-06,1817.24
2009-03-09,1809.98
2009-03-10,1919.53
2009-03-11,1932.79
2009-03-12,1962.64
2009-03-13,1969.52
2009-03-16,2033.72
2009-03-17,2012.25
2009-03-18,2019.19
2009-03-19,2039.58
2009-03-20,2050.96
2009-03-23,2121.7199
2009-03-24,2127.37
2009-03-25,2149.18
2009-03-26,2156.9699
2009-03-27,2118.76
2009-03-30,2010.61
2009-03-31,2071.13
2009-04-01,2097.57
2009-04-02,2216.4899
2009-04-03,2198.75
2009-04-06,2179.73
2009-04-07,2165.56
2009-04-08,2186.79
2009-04-09,2247.89
2009-04-14,2278.65
2009-04-15,2262.96
2009-04-16,2300.51
2009-04-17,2341.15
2009-04-20,2249.44
2009-04-21,2243.63
2009-04-22,2285.69
2009-04-23,2259.54
2009-04-24,2319.89
2009-04-27,2317.36
2009-04-28,2280.52
2009-04-29,2334.59
2009-04-30,2375.34
2009-05-01,2375.34
2009-05-04,2419.53
2009-05-05,2407.55
2009-05-06,2437.27
2009-05-07,2406.08
2009-05-08,2462.39
2009-05-11,2433.59
2009-05-12,2424.34
2009-05-13,2357.3
2009-05-14,2353.53
2009-05-15,2364.1
2009-05-18,2422.7399
2009-05-19,2459.59
2009-05-20,2487.17
2009-05-21,2423.7199
2009-05-22,2433.52
2009-05-25,2440.23
2009-05-26,2468.45
2009-05-27,2479.48
2009-05-28,2453.15
2009-05-29,2451.2399
2009-06-01,2537.35
2009-06-02,2534.17
2009-06-03,2483.39
2009-06-04,2487.08
2009-06-05,2503.17
2009-06-08,2468.37
2009-06-09,2479.38
2009-06-10,2500.94
2009-06-11,2522.33
2009-06-12,2509.2199
2009-06-15,2431.4
2009-06-16,2425.9699
2009-06-17,2383.71
2009-06-18,2414.44
2009-06-19,2434.77
2009-06-22,2359.28
2009-06-23,2353.48
2009-06-24,2418.46
2009-06-25,2402.32
2009-06-26,2389.91
2009-06-29,2437.7199
2009-06-30,2401.69
2009-07-01,2449.73
2009-07-02,2369.65
2009-07-03,2376.48
2009-07-06,2343.88
2009-07-07,2320.9
2009-07-08,2291.33
2009-07-09,2313.87
2009-07-10,2281.4699
2009-07-13,2345.2199
2009-07-14,2370.71
2009-07-15,2451.02
2009-07-16,2458.9699
2009-07-17,2469.2
2009-07-20,2500.69
2009-07-21,2519.9899
2009-07-22,2528.85
2009-07-23,2585.79
2009-07-24,2582.76
2009-07-27,2601.41
2009-07-28,2573.08
2009-07-29,2600.31
2009-07-30,2654.7399
2009-07-31,2638.13
2009-08-03,2674.07
2009-08-04,2670.96
2009-08-05,2643.13
2009-08-06,2662.01
2009-08-07,2706.2199
2009-08-10,2693.61
2009-08-11,2650.94
2009-08-12,2688.21
2009-08-13,2705.7399
2009-08-14,2669.41
2009-08-17,2603.79
2009-08-18,2630.6
2009-08-19,2622.88
2009-08-20,2663.67
2009-08-21,2745.62
2009-08-24,2778.34
2009-08-25,2801.14
2009-08-26,2788.9
2009-08-27,2777.62
2009-08-28,2803.65
2009-08-31,2775.17
2009-09-01,2715.7399
2009-09-02,2703.76
2009-09-03,2699.2199
2009-09-04,2743.34
2009-09-07,2783.84
2009-09-08,2786.25
2009-09-09,2820.58
2009-09-10,2817.5
2009-09-11,2831.37
2009-09-14,2829.25
2009-09-15,2843.0
2009-09-16,2882.28
2009-09-17,2895.45
2009-09-18,2887.2399
2009-09-21,2872.51
2009-09-22,2881.6
2009-09-23,2887.2399
2009-09-24,2838.2199
2009-09-25,2831.95
2009-09-28,2899.12
2009-09-29,2892.44
2009-09-30,2872.63
2009-10-01,2810.46
2009-10-02,2760.6
2009-10-05,2790.78
2009-10-06,2865.7
2009-10-07,2852.17
2009-10-08,2887.61
2009-10-09,2882.18
2009-10-12,2914.35
2009-10-13,2879.06
2009-10-14,2950.82
2009-10-15,2939.09
2009-10-16,2893.53
2009-10-19,2947.41
2009-10-20,2925.08
2009-10-21,2936.83
2009-10-22,2902.19
2009-10-23,2886.08
2009-10-26,2834.82
2009-10-27,2835.17
2009-10-28,2778.46
2009-10-29,2824.78
2009-10-30,2743.5
2009-11-02,2762.95
2009-11-03,2712.3
2009-11-04,2763.29
2009-11-05,2793.44
2009-11-06,2794.25
2009-11-09,2860.11
2009-11-10,2856.44
2009-11-11,2881.01
2009-11-12,2876.92
2009-11-13,2883.04
2009-11-16,2926.15
2009-11-17,2906.92
2009-11-18,2908.53
2009-11-19,2860.29
2009-11-20,2833.06
2009-11-23,2898.19
2009-11-24,2877.58
2009-11-25,2896.9
2009-11-26,2799.44
2009-11-27,2831.14
2009-11-30,2797.25
2009-12-01,2871.75
2009-12-02,2877.94
2009-12-03,2876.14
2009-12-04,2910.33
2009-12-07,2896.23
2009-12-08,2849.17
2009-12-09,2818.1
2009-12-10,2851.29
2009-12-11,2862.32
2009-12-14,2885.0
2009-12-15,2888.58
2009-12-16,2926.52
2009-12-17,2891.66
2009-12-18,2871.2199
2009-12-21,2926.05
2009-12-22,2945.71
2009-12-23,2957.48
2009-12-24,2957.03
2009-12-28,2982.42
2009-12-29,2992.08
2009-12-30,2966.2399
2009-12-31,2964.96
2010-01-04,3017.8
2010-01-05,3012.36
2010-01-06,3009.66
2010-01-07,3007.34
2010-01-08,3017.85
2010-01-11,3010.2399
2010-01-12,2976.89
2010-01-13,2978.41
2010-01-14,2989.71
2010-01-15,2940.25
2010-01-18,2957.87
2010-01-19,2984.82
2010-01-20,2914.6
2010-01-21,2863.25
2010-01-22,2836.8
2010-01-25,2807.3
2010-01-26,2827.7399
2010-01-27,2787.4
2010-01-28,2737.33
2010-01-29,2776.83
2010-02-01,2793.29
2010-02-02,2830.01
2010-02-03,2804.61
2010-02-04,2707.45
2010-02-05,2631.64
2010-02-08,2664.29
2010-02-09,2668.43
2010-02-10,2700.17
2010-02-11,2680.25
2010-02-12,2674.46
2010-02-15,2683.83
2010-02-16,2720.77
2010-02-17,2762.25
2010-02-18,2778.3
2010-02-19,2793.37
2010-02-22,2778.12
2010-02-23,2730.57
2010-02-24,2734.95
2010-02-25,2684.42
2010-02-26,2728.4699
2010-03-01,2772.7
2010-03-02,2796.33
2010-03-03,2822.59
2010-03-04,2816.1
2010-03-05,2877.44
2010-03-08,2879.29
2010-03-09,2880.71
2010-03-10,2909.4
2010-03-11,2895.7399
2010-03-12,2898.36
2010-03-15,2870.55
2010-03-16,2905.93
2010-03-17,2931.31
2010-03-18,2913.7399
2010-03-19,2897.95
2010-03-22,2890.75
2010-03-23,2910.52
2010-03-24,2903.94
2010-03-25,2948.09
2010-03-26,2940.94
2010-03-29,2947.4899
2010-03-30,2939.68
2010-03-31,2931.16
2010-04-01,2978.5
2010-04-06,2989.4899
2010-04-07,2974.62
2010-04-08,2942.31
2010-04-09,2993.54
2010-04-12,3002.23
2010-04-13,2988.2399
2010-04-14,3008.03
2010-04-15,3012.65
2010-04-16,2949.65
2010-04-19,2940.19
2010-04-20,2983.91
2010-04-21,2947.64
2010-04-22,2897.59
2010-04-23,2918.11
2010-04-26,2947.04
2010-04-27,2838.78
2010-04-28,2788.54
2010-04-29,2828.12
2010-04-30,2816.86
2010-05-03,2816.5
2010-05-04,2708.12
2010-05-05,2679.3
2010-05-06,2611.41
2010-05-07,2500.18
2010-05-10,2758.89
2010-05-11,2730.48
2010-05-12,2764.31
2010-05-13,2764.05
2010-05-14,2633.92
2010-05-17,2635.34
2010-05-18,2698.21
2010-05-19,2619.48
2010-05-20,2569.58
2010-05-21,2574.18
2010-05-24,2558.27
2010-05-25,2488.5
2010-05-26,2530.34
2010-05-27,2619.36
2010-05-28,2614.06
2010-05-31,2610.26
2010-06-01,2606.58
2010-06-02,2601.98
2010-06-03,2634.16
2010-06-04,2553.59
2010-06-07,2529.9699
2010-06-08,2510.84
2010-06-09,2556.68
2010-06-10,2608.7399
2010-06-11,2638.31
2010-06-14,2683.46
2010-06-15,2716.3
2010-06-16,2718.73
2010-06-17,2728.12
2010-06-18,2737.02
2010-06-21,2768.27
2010-06-22,2745.9699
2010-06-23,2704.8
2010-06-24,2645.32
2010-06-25,2629.25
2010-06-28,2668.67
2010-06-29,2556.34
2010-06-30,2573.32
2010-07-01,2518.65
2010-07-02,2522.36
2010-07-05,2507.83
2010-07-06,2578.69
2010-07-07,2634.39
2010-07-08,2666.42
2010-07-09,2681.2
2010-07-12,2686.09
2010-07-13,2737.59
2010-07-14,2738.96
2010-07-15,2702.81
2010-07-16,2645.61
2010-07-19,2634.6
2010-07-20,2627.28
2010-07-21,2639.52
2010-07-22,2714.21
2010-07-23,2719.13
2010-07-26,2743.12
2010-07-27,2769.31
2010-07-28,2766.11
2010-07-29,2752.93
2010-07-30,2742.14
2010-08-02,2822.17
2010-08-03,2818.9699
2010-08-04,2825.08
2010-08-05,2819.34
2010-08-06,2779.34
2010-08-09,2827.27
2010-08-10,2800.02
2010-08-11,2724.16
2010-08-12,2720.85
2010-08-13,2708.73
2010-08-16,2698.29
2010-08-17,2737.69
2010-08-18,2728.66
2010-08-19,2675.02
2010-08-20,2643.98
2010-08-23,2660.84
2010-08-24,2614.54
2010-08-25,2587.4
2010-08-26,2606.89
2010-08-27,2630.35
2010-08-30,2616.57
2010-08-31,2622.95
2010-09-01,2715.27
2010-09-02,2715.19
2010-09-03,2746.23
2010-09-06,2753.6
2010-09-07,2727.16
2010-09-08,2752.89
2010-09-09,2782.43
2010-09-10,2780.4
2010-09-13,2805.06
2010-09-14,2806.4699
2010-09-15,2794.36
2010-09-16,2784.61
2010-09-17,2757.37
2010-09-20,2802.67
2010-09-21,2794.55
2010-09-22,2752.77
2010-09-23,2738.61
2010-09-24,2792.75
2010-09-27,2776.33
2010-09-28,2774.62
2010-09-29,2752.71
2010-09-30,2747.9
2010-10-01,2732.91
2010-10-04,2701.02
2010-10-05,2758.56
2010-10-06,2780.0
2010-10-07,2786.88
2010-10-08,2785.43
2010-10-11,2789.7199
2010-10-12,2775.75
2010-10-13,2840.55
2010-10-14,2836.11
2010-10-15,2841.65
2010-10-18,2850.7199
2010-10-19,2837.33
2010-10-20,2851.52
2010-10-21,2882.29
2010-10-22,2873.7399
2010-10-25,2871.48
2010-10-26,2856.31
2010-10-27,2829.42
2010-10-28,2845.53
2010-10-29,2844.9899
2010-11-01,2836.73
2010-11-02,2861.01
2010-11-03,2830.43
2010-11-04,2884.21
2010-11-05,2875.94
2010-11-08,2867.96
2010-11-09,2890.64
2010-11-10,2845.93
2010-11-11,2831.2199
2010-11-12,2822.43
2010-11-15,2848.45
2010-11-16,2781.77
2010-11-17,2802.7
2010-11-18,2855.23
2010-11-19,2845.75
2010-11-22,2811.43
2010-11-23,2739.37
2010-11-24,2758.02
2010-11-25,2765.05
2010-11-26,2736.96
2010-11-29,2669.96
2010-11-30,2650.9899
2010-12-01,2721.87
2010-12-02,2781.39
2010-12-03,2782.39
2010-12-06,2769.96
2010-12-07,2802.7399
2010-12-08,2818.95
2010-12-09,2840.71
2010-12-10,2839.53
2010-12-13,2855.37
2010-12-14,2861.67
2010-12-15,2841.9899
2010-12-16,2845.78
2010-12-17,2821.77
2010-12-20,2839.2199
2010-12-21,2876.9899
2010-12-22,2869.63
2010-12-23,2864.52
2010-12-24,2861.94
2010-12-27,2826.51
2010-12-28,2824.3
2010-12-29,2841.23
2010-12-30,2807.04
2010-12-31,2792.82
2011-01-03,2839.43
2011-01-04,2844.17
2011-01-05,2833.7399
2011-01-06,2836.23
2011-01-07,2808.25
2011-01-10,2760.88
2011-01-11,2796.6
2011-01-12,2879.11
2011-01-13,2915.62
2011-01-14,2920.4
2011-01-17,2910.63
2011-01-18,2945.62
2011-01-19,2923.76
2011-01-20,2927.42
2011-01-21,2970.56
2011-01-24,2979.06
2011-01-25,2957.78
2011-01-26,2967.78
2011-01-27,2989.75
2011-01-28,2954.13
2011-01-31,2953.63
2011-02-01,3006.81
2011-02-02,3012.7
2011-02-03,2995.4899
2011-02-04,3003.19
2011-02-07,3031.18
2011-02-08,3042.5
2011-02-09,3031.62
2011-02-10,3025.68
2011-02-11,3024.37
2011-02-14,3018.38
2011-02-15,3030.46
2011-02-16,3061.92
2011-02-17,3064.54
2011-02-18,3068.0
2011-02-21,3012.34
2011-02-22,2983.33
2011-02-23,2954.92
2011-02-24,2949.13
2011-02-25,2985.02
2011-02-28,3013.09
2011-03-01,2983.27
2011-03-02,2958.8
2011-03-03,2969.2399
2011-03-04,2949.18
2011-03-07,2931.42
2011-03-08,2945.42
2011-03-09,2935.11
2011-03-10,2909.73
2011-03-11,2883.84
2011-03-14,2852.11
2011-03-15,2784.2
2011-03-16,2721.2399
2011-03-17,2786.16
2011-03-18,2792.61
2011-03-21,2860.81
2011-03-22,2854.79
2011-03-23,2866.23
2011-03-24,2909.78
2011-03-25,2911.33
2011-03-28,2914.76
2011-03-29,2910.93
2011-03-30,2936.44
2011-03-31,2910.91
2011-04-01,2962.92
2011-04-04,2955.84
2011-04-05,2950.96
2011-04-06,2971.48
2011-04-07,2963.69
2011-04-08,2984.66
2011-04-11,2974.58
2011-04-12,2932.33
2011-04-13,2949.98
2011-04-14,2917.7199
2011-04-15,2919.05
2011-04-18,2847.96
2011-04-19,2857.61
2011-04-20,2921.43
2011-04-21,2936.3
2011-04-26,2955.36
2011-04-27,2977.59
2011-04-28,3005.33
2011-04-29,3011.25
2011-05-02,3008.89
2011-05-03,3000.39
2011-05-04,2952.02
2011-05-05,2926.54
2011-05-06,2952.9
2011-05-09,2902.4
2011-05-10,2939.02
2011-05-11,2942.43
2011-05-12,2917.05
2011-05-13,2894.6
2011-05-16,2881.31
2011-05-17,2849.6
2011-05-18,2867.3
2011-05-19,2890.6
2011-05-20,2853.98
2011-05-23,2794.26
2011-05-24,2801.27
2011-05-25,2816.84
2011-05-26,2799.82
2011-05-27,2819.4
2011-05-30,2814.34
2011-05-31,2861.92
2011-06-01,2827.66
2011-06-02,2782.57
2011-06-03,2789.11
2011-06-06,2765.33
2011-06-07,2774.5
2011-06-08,2752.06
2011-06-09,2778.12
2011-06-10,2732.54
2011-06-13,2733.95
2011-06-14,2779.94
2011-06-15,2731.5
2011-06-16,2730.62
2011-06-17,2770.12
2011-06-20,2748.01
2011-06-21,2801.9899
2011-06-22,2795.07
2011-06-23,2730.86
2011-06-24,2715.88
2011-06-27,2723.93
2011-06-28,2750.4899
2011-06-29,2802.55
2011-06-30,2848.53
2011-07-01,2875.67
2011-07-04,2870.19
2011-07-05,2850.51
2011-07-06,2832.63
2011-07-07,2844.51
2011-07-08,2790.09
2011-07-11,2709.14
2011-07-12,2693.53
2011-07-13,2715.05
2011-07-14,2695.29
2011-07-15,2675.38
2011-07-18,2622.36
2011-07-19,2657.45
2011-07-20,2705.75
2011-07-21,2763.34
2011-07-22,2772.6
2011-07-25,2742.7
2011-07-26,2739.65
2011-07-27,2693.71
2011-07-28,2692.76
2011-07-29,2670.37
2011-08-01,2593.34
2011-08-02,2544.89
2011-08-03,2497.83
2011-08-04,2412.29
2011-08-05,2375.15
2011-08-08,2286.91
2011-08-09,2294.2399
2011-08-10,2153.77
2011-08-11,2215.45
2011-08-12,2307.33
2011-08-15,2324.48
2011-08-16,2323.67
2011-08-17,2331.12
2011-08-18,2206.61
2011-08-19,2159.07
2011-08-22,2183.39
2011-08-23,2199.98
2011-08-24,2238.7
2011-08-25,2216.7
2011-08-26,2190.44
2011-08-29,2239.3
2011-08-30,2239.14
2011-08-31,2302.08
2011-09-01,2305.75
2011-09-02,2220.7199
2011-09-05,2107.27
2011-09-06,2080.1
2011-09-07,2151.16
2011-09-08,2163.4
2011-09-09,2073.67
2011-09-12,1995.01
2011-09-13,2036.64
2011-09-14,2083.38
2011-09-15,2155.62
2011-09-16,2159.28
2011-09-19,2096.1
2011-09-20,2140.41
2011-09-21,2098.4899
2011-09-22,1995.75
2011-09-23,2026.03
2011-09-26,2083.35
2011-09-27,2194.03
2011-09-28,2176.64
2011-09-29,2212.44
2011-09-30,2179.66
2011-10-03,2138.2399
2011-10-04,2091.09
2011-10-05,2179.42
2011-10-06,2248.78
2011-10-07,2269.19
2011-10-10,2320.8
2011-10-11,2315.9699
2011-10-12,2372.15
2011-10-13,2332.52
2011-10-14,2355.48
2011-10-17,2315.89
2011-10-18,2306.81
2011-10-19,2330.08
2011-10-20,2271.77
2011-10-21,2337.51
2011-10-24,2369.07
2011-10-25,2343.96
2011-10-26,2335.06
2011-10-27,2476.92
2011-10-28,2462.36
2011-10-31,2385.2199
2011-11-01,2259.73
2011-11-02,2291.89
2011-11-03,2347.94
2011-11-04,2291.4699
2011-11-07,2275.92
2011-11-08,2303.2
2011-11-09,2249.39
2011-11-10,2254.92
2011-11-11,2324.81
2011-11-14,2288.32
2011-11-15,2254.0
2011-11-16,2267.96
2011-11-17,2242.78
2011-11-18,2236.68
2011-11-21,2160.28
2011-11-22,2136.81
2011-11-23,2096.79
2011-11-24,2090.25
2011-11-25,2111.26
2011-11-28,2221.76
2011-11-29,2234.17
2011-11-30,2330.43
2011-12-01,2313.84
2011-12-02,2342.5
2011-12-05,2369.39
2011-12-06,2356.71
2011-12-07,2344.92
2011-12-08,2288.05
2011-12-09,2342.59
2011-12-12,2269.46
2011-12-13,2260.98
2011-12-14,2205.91
2011-12-15,2224.89
2011-12-16,2202.7199
2011-12-19,2202.95
2011-12-20,2262.39
2011-12-21,2244.35
2011-12-22,2273.02
2011-12-23,2290.37
2011-12-27,2290.31
2011-12-28,2255.03
2011-12-29,2292.28
2011-12-30,2316.55
2012-01-02,2370.2
2012-01-03,2389.91
2012-01-04,2349.89
2012-01-05,2315.75
2012-01-06,2298.65
2012-01-09,2286.45
2012-01-10,2347.4699
2012-01-11,2339.51
2012-01-12,2345.85
2012-01-13,2338.01
2012-01-16,2361.56
2012-01-17,2396.63
2012-01-18,2390.64
2012-01-19,2435.04
2012-01-20,2426.96
2012-01-23,2441.44
2012-01-24,2432.07
2012-01-25,2421.12
2012-01-26,2460.4
2012-01-27,2436.62
2012-01-30,2404.62
2012-01-31,2416.66
2012-02-01,2470.79
2012-02-02,2478.15
2012-02-03,2515.15
2012-02-06,2507.89
2012-02-07,2514.12
2012-02-08,2512.92
2012-02-09,2522.34
2012-02-10,2480.76
2012-02-13,2491.54
2012-02-14,2488.29
2012-02-15,2493.96
2012-02-16,2489.35
2012-02-17,2520.31
2012-02-20,2550.28
2012-02-21,2541.6
2012-02-22,2519.0
2012-02-23,2508.08
2012-02-24,2523.69
2012-02-27,2513.06
2012-02-28,2519.7199
2012-02-29,2512.11
2012-03-01,2548.66
2012-03-02,2546.16
2012-03-05,2529.86
2012-03-06,2443.52
2012-03-07,2460.77
2012-03-08,2514.2199
2012-03-09,2515.95
2012-03-12,2514.9699
2012-03-13,2556.82
2012-03-14,2574.79
2012-03-15,2593.9699
2012-03-16,2608.3
2012-03-19,2608.42
2012-03-20,2576.61
2012-03-21,2567.58
2012-03-22,2530.2199
2012-03-23,2525.43
2012-03-26,2539.87
2012-03-27,2525.21
2012-03-28,2496.68
2012-03-29,2452.7399
2012-03-30,2477.28
2012-04-02,2501.18
2012-04-03,2458.98
2012-04-04,2398.46
2012-04-05,2392.54
2012-04-10,2321.53
2012-04-11,2341.36
2012-04-12,2352.2399
2012-04-13,2291.51
2012-04-16,2301.19
2012-04-17,2367.05
2012-04-18,2327.84
2012-04-19,2284.67
2012-04-20,2311.27
2012-04-23,2244.83
2012-04-24,2284.08
2012-04-25,2322.91
2012-04-26,2322.69
2012-04-27,2344.02
2012-04-30,2306.43
2012-05-01,2306.69
2012-05-02,2290.31
2012-05-03,2287.1
2012-05-04,2248.34
2012-05-07,2283.09
2012-05-08,2236.11
2012-05-09,2225.63
2012-05-10,2247.38
2012-05-11,2254.54
2012-05-14,2201.95
2012-05-15,2178.67
2012-05-16,2175.34
2012-05-17,2146.91
2012-05-18,2144.69
2012-05-21,2150.16
2012-05-22,2192.85
2012-05-23,2134.05
2012-05-24,2156.52
2012-05-25,2161.87
2012-05-28,2147.92
2012-05-29,2160.31
2012-05-30,2116.18
2012-05-31,2118.94
2012-06-01,2068.66
2012-06-04,2078.96
2012-06-05,2087.31
2012-06-06,2137.73
2012-06-07,2143.08
2012-06-08,2143.9
2012-06-11,2137.7
2012-06-12,2143.38
2012-06-13,2143.5
2012-06-14,2148.21
2012-06-15,2181.23
2012-06-18,2155.64
2012-06-19,2198.01
2012-06-20,2207.4899
2012-06-21,2199.42
2012-06-22,2186.81
2012-06-25,2130.71
2012-06-26,2127.95
2012-06-27,2165.61
2012-06-28,2157.62
2012-06-29,2264.7199
2012-07-02,2292.08
2012-07-03,2320.43
2012-07-04,2312.41
2012-07-05,2284.92
2012-07-06,2235.51
2012-07-09,2227.91
2012-07-10,2241.85
2012-07-11,2246.23
2012-07-12,2228.01
2012-07-13,2259.09
2012-07-16,2251.96
2012-07-17,2250.75
2012-07-18,2284.7
2012-07-19,2302.45
2012-07-20,2237.33
2012-07-23,2179.31
2012-07-24,2151.54
2012-07-25,2159.09
2012-07-26,2251.05
2012-07-27,2301.23
2012-07-30,2340.31
2012-07-31,2325.7199
2012-08-01,2333.38
2012-08-02,2263.36
2012-08-03,2372.58
2012-08-06,2399.32
2012-08-07,2440.2399
2012-08-08,2432.28
2012-08-09,2437.04
2012-08-10,2423.2199
2012-08-13,2415.96
2012-08-14,2432.29
2012-08-15,2430.39
2012-08-16,2456.53
2012-08-17,2471.53
2012-08-20,2466.32
2012-08-21,2490.27
2012-08-22,2452.73
2012-08-23,2429.17
2012-08-24,2434.23
2012-08-27,2461.82
2012-08-28,2442.12
2012-08-29,2434.23
2012-08-30,2403.8
2012-08-31,2440.71
2012-09-03,2463.17
2012-09-04,2436.54
2012-09-05,2441.81
2012-09-06,2524.95
2012-09-07,2538.6
2012-09-10,2528.53
2012-09-11,2557.65
2012-09-12,2564.8
2012-09-13,2543.2199
2012-09-14,2594.56
2012-09-17,2583.57
2012-09-18,2553.4
2012-09-19,2567.67
2012-09-20,2553.03
2012-09-21,2577.08
2012-09-24,2557.89
2012-09-25,2568.48
2012-09-26,2498.52
2012-09-27,2506.06
2012-09-28,2454.26
2012-10-01,2498.81
2012-10-02,2493.59
2012-10-03,2492.48
2012-10-04,2485.75
2012-10-05,2531.21
2012-10-08,2496.09
2012-10-09,2472.23
2012-10-10,2456.54
2012-10-11,2487.08
2012-10-12,2469.09
2012-10-15,2485.12
2012-10-16,2547.9
2012-10-17,2569.83
2012-10-18,2574.19
2012-10-19,2542.2399
2012-10-22,2531.1
2012-10-23,2477.92
2012-10-24,2490.58
2012-10-25,2483.43
2012-10-26,2496.1
2012-10-29,2478.84
2012-10-30,2515.9899
2012-10-31,2503.64
2012-11-01,2533.87
2012-11-02,2547.15
2012-11-05,2517.67
2012-11-06,2535.94
2012-11-07,2479.1
2012-11-08,2479.13
2012-11-09,2479.82
2012-11-12,2473.52
2012-11-13,2493.14
2012-11-14,2472.84
2012-11-15,2461.77
2012-11-16,2427.32
2012-11-19,2495.21
2012-11-20,2509.62
2012-11-21,2519.68
2012-11-22,2535.09
2012-11-23,2557.03
2012-11-26,2542.52
2012-11-27,2543.45
2012-11-28,2546.84
2012-11-29,2581.69
2012-11-30,2575.25
2012-12-03,2582.36
2012-12-04,2590.83
2012-12-05,2592.09
2012-12-06,2603.41
2012-12-07,2601.37
2012-12-10,2596.02
2012-12-11,2624.03
2012-12-12,2630.34
2012-12-13,2627.66
2012-12-14,2630.54
2012-12-17,2628.01
2012-12-18,2643.5
2012-12-19,2654.69
2012-12-20,2658.3
2012-12-21,2651.09
2012-12-24,2648.53
2012-12-27,2659.95
2012-12-28,2626.85
2012-12-31,2635.93
2013-01-02,2711.25
2013-01-03,2701.2199
2013-01-04,2709.35
2013-01-07,2695.56
2013-01-08,2691.45
2013-01-09,2706.39
2013-01-10,2708.27
2013-01-11,2717.79
2013-01-14,2715.16
2013-01-15,2701.59
2013-01-16,2702.54
2013-01-17,2718.93
2013-01-18,2709.59
2013-01-21,2726.63
2013-01-22,2716.7
2013-01-23,2708.28
2013-01-24,2722.96
2013-01-25,2744.18
2013-01-28,2744.5
2013-01-29,2749.27
2013-01-30,2732.12
2013-01-31,2702.98
2013-02-01,2710.08
2013-02-04,2625.17
2013-02-05,2651.21
2013-02-06,2617.35
2013-02-07,2597.92
2013-02-08,2630.3
2013-02-11,2622.61
2013-02-12,2648.83
2013-02-13,2656.86
2013-02-14,2635.35
2013-02-15,2615.26
2013-02-18,2616.65
2013-02-19,2662.37
2013-02-20,2640.35
2013-02-21,2579.76
2013-02-22,2630.05
2013-02-25,2651.86
2013-02-26,2570.52
2013-02-27,2611.89
2013-02-28,2633.55
2013-03-01,2616.75
2013-03-04,2619.78
2013-03-05,2683.02
2013-03-06,2679.89
2013-03-07,2690.85
2013-03-08,2728.78
2013-03-11,2718.71
2013-03-12,2711.85
2013-03-13,2704.73
2013-03-14,2744.7
2013-03-15,2725.7199
2013-03-18,2705.4699
2013-03-19,2671.96
2013-03-20,2708.9
2013-03-21,2683.92
2013-03-22,2681.67
2013-03-25,2649.28
2013-03-26,2641.12
2013-03-27,2612.46
2013-03-28,2624.02
2013-04-02,2679.8
2013-04-03,2639.01
2013-04-04,2621.43
2013-04-05,2585.28
2013-04-08,2589.25
2013-04-09,2595.13
2013-04-10,2661.62
2013-04-11,2674.33
2013-04-12,2633.4699
2013-04-15,2624.71
2013-04-16,2609.3
2013-04-17,2553.4899
2013-04-18,2555.5
2013-04-19,2575.16
2013-04-22,2583.62
2013-04-23,2662.88
2013-04-24,2702.05
2013-04-25,2704.41
2013-04-26,2683.43
2013-04-29,2717.38
2013-04-30,2712.0
2013-05-01,2711.7399
2013-05-02,2718.9
2013-05-03,2763.68
2013-05-06,2750.52
2013-05-07,2769.08
2013-05-08,2784.62
2013-05-09,2773.16
2013-05-10,2785.2399
2013-05-13,2777.39
2013-05-14,2795.63
2013-05-15,2809.58
2013-05-16,2806.7
2013-05-17,2817.9899
2013-05-20,2824.5
2013-05-21,2821.65
2013-05-22,2835.01
2013-05-23,2776.78
2013-05-24,2764.29
2013-05-27,2795.0
2013-05-28,2835.87
2013-05-29,2786.54
2013-05-30,2799.2
2013-05-31,2769.64
2013-06-03,2747.7399
2013-06-04,2755.7
2013-06-05,2709.33
2013-06-06,2676.21
2013-06-07,2724.08
2013-06-10,2719.4
2013-06-11,2683.2
2013-06-12,2666.52
2013-06-13,2661.71
2013-06-14,2667.32
2013-06-17,2702.69
2013-06-18,2700.93
2013-06-19,2683.98
2013-06-20,2586.45
2013-06-21,2549.48
2013-06-24,2511.83
2013-06-25,2543.37
2013-06-26,2602.81
2013-06-27,2619.86
2013-06-28,2602.59
2013-07-01,2622.62
2013-07-02,2603.2
2013-07-03,2570.76
2013-07-04,2646.54
2013-07-05,2596.01
2013-07-08,2650.85
2013-07-09,2664.14
2013-07-10,2659.71
2013-07-11,2681.32
2013-07-12,2674.87
2013-07-15,2686.69
2013-07-16,2665.61
2013-07-17,2681.88
2013-07-18,2717.9899
2013-07-19,2716.17
2013-07-22,2725.4
2013-07-23,2722.9
2013-07-24,2752.25
2013-07-25,2740.29
2013-07-26,2741.96
2013-07-29,2741.73
2013-07-30,2759.21
2013-07-31,2768.15
2013-08-01,2808.64
2013-08-02,2811.0
2013-08-05,2809.08
2013-08-06,2790.78
2013-08-07,2794.44
2013-08-08,2816.88
2013-08-09,2825.62
2013-08-12,2827.15
2013-08-13,2841.61
2013-08-14,2852.08
2013-08-15,2835.86
2013-08-16,2854.27
2013-08-19,2823.35
2013-08-20,2787.98
2013-08-21,2774.58
2013-08-22,2812.32
2013-08-23,2826.05
2013-08-26,2821.45
2013-08-27,2749.27
2013-08-28,2742.61
2013-08-29,2758.31
2013-08-30,2721.37
2013-09-02,2774.09
2013-09-03,2753.35
2013-09-04,2758.29
2013-09-05,2774.2
2013-09-06,2803.42
2013-09-09,2798.31
2013-09-10,2851.4
2013-09-11,2863.44
2013-09-12,2862.07
2013-09-13,2867.11
2013-09-16,2894.64
2013-09-17,2890.95
2013-09-18,2908.92
2013-09-19,2936.2
2013-09-20,2927.19
2013-09-23,2906.35
2013-09-24,2922.93
2013-09-25,2927.35
2013-09-26,2922.9899
2013-09-27,2919.34
2013-09-30,2893.15
2013-10-01,2933.02
2013-10-02,2918.31
2013-10-03,2902.12
2013-10-04,2928.31
2013-10-07,2923.04
2013-10-08,2903.35
2013-10-09,2904.73
2013-10-10,2969.41
2013-10-11,2974.28
2013-10-14,2977.69
2013-10-15,3004.56
2013-10-16,3015.4
2013-10-17,3010.39
2013-10-18,3033.31
2013-10-21,3028.65
2013-10-22,3045.77
2013-10-23,3017.16
2013-10-24,3038.96
2013-10-25,3034.5
2013-10-28,3022.04
2013-10-29,3050.64
2013-10-30,3040.69
2013-10-31,3067.95
2013-11-01,3052.14
2013-11-04,3061.18
2013-11-05,3035.92
2013-11-06,3056.4
2013-11-07,3042.98
2013-11-08,3034.91
2013-11-11,3052.83
2013-11-12,3034.68
2013-11-13,3021.17
2013-11-14,3053.69
2013-11-15,3054.53
2013-11-18,3081.3
2013-11-19,3049.17
2013-11-20,3047.32
2013-11-21,3044.34
2013-11-22,3055.98
2013-11-25,3072.75
2013-11-26,3062.62
2013-11-27,3082.65
2013-11-28,3092.42
2013-11-29,3086.64
2013-12-02,3077.23
2013-12-03,3013.88
2013-12-04,2991.76
2013-12-05,2953.17
2013-12-06,2979.94
2013-12-09,2988.67
2013-12-10,2960.86
2013-12-11,2947.31
2013-12-12,2928.12
2013-12-13,2921.92
2013-12-16,2978.77
2013-12-17,2941.76
2013-12-18,2975.09
2013-12-19,3031.05
2013-12-20,3049.35
2013-12-23,3070.91
2013-12-24,3072.88
2013-12-27,3111.37
2013-12-30,3100.93
2013-12-31,3109.0
2014-01-02,3059.93
2014-01-03,3074.43
2014-01-06,3069.16
2014-01-07,3110.96
2014-01-08,3110.66
2014-01-09,3090.26
2014-01-10,3104.15
2014-01-13,3111.94
2014-01-14,3119.53
2014-01-15,3168.76
2014-01-16,3150.2
2014-01-17,3154.1
2014-01-20,3153.17
2014-01-21,3153.08
2014-01-22,3151.27
2014-01-23,3117.08
2014-01-24,3028.2
2014-01-27,3014.62
2014-01-28,3038.6
2014-01-29,3011.45
2014-01-30,3027.3
2014-01-31,3013.96
2014-02-03,2963.96
2014-02-04,2962.4899
2014-02-05,2962.51
2014-02-06,3010.79
2014-02-07,3038.4899
2014-02-10,3032.53
2014-02-11,3077.08
2014-02-12,3094.89
2014-02-13,3097.95
2014-02-14,3119.06
2014-02-17,3118.91
2014-02-18,3117.44
2014-02-19,3120.8
2014-02-20,3121.59
2014-02-21,3131.67
2014-02-24,3157.31
2014-02-25,3157.48
2014-02-26,3148.19
2014-02-27,3134.94
2014-02-28,3149.23
2014-03-03,3053.9899
2014-03-04,3136.33
2014-03-05,3135.9699
2014-03-06,3144.53
2014-03-07,3095.31
2014-03-10,3092.79
2014-03-11,3092.55
2014-03-12,3065.46
2014-03-13,3019.54
2014-03-14,3004.64
2014-03-17,3049.19
2014-03-18,3073.75
2014-03-19,3076.36
2014-03-20,3088.9
2014-03-21,3096.4899
2014-03-24,3052.91
2014-03-25,3096.64
2014-03-26,3130.17
2014-03-27,3133.75
2014-03-28,3172.43
2014-03-31,3161.6
2014-04-01,3186.34
2014-04-02,3187.45
2014-04-03,3206.76
2014-04-04,3230.33
2014-04-07,3185.9699
2014-04-08,3177.66
2014-04-09,3182.79
2014-04-10,3152.86
2014-04-11,3116.54
2014-04-14,3131.57
2014-04-15,3091.52
2014-04-16,3139.26
2014-04-17,3155.81
2014-04-22,3199.69
2014-04-23,3175.9699
2014-04-24,3189.81
2014-04-25,3147.4
2014-04-28,3165.84
2014-04-29,3208.68
2014-04-30,3198.39
2014-05-01,3198.66
2014-05-02,3177.89
2014-05-05,3171.29
2014-05-06,3149.79
2014-05-07,3159.67
2014-05-08,3204.3
2014-05-09,3184.09
2014-05-12,3206.9699
2014-05-13,3211.78
2014-05-14,3210.42
2014-05-15,3163.2199
2014-05-16,3172.7199
2014-05-19,3169.9
2014-05-20,3163.93
2014-05-21,3187.08
2014-05-22,3187.63
2014-05-23,3203.28
2014-05-26,3240.39
2014-05-27,3244.28
2014-05-28,3246.2399
2014-05-29,3244.66
2014-05-30,3244.6
2014-06-02,3247.8
2014-06-03,3241.04
2014-06-04,3237.93
2014-06-05,3267.05
2014-06-06,3294.28
2014-06-09,3305.26
2014-06-10,3313.8
2014-06-11,3289.09
2014-06-12,3284.28
2014-06-13,3282.84
2014-06-16,3261.42
2014-06-17,3275.33
2014-06-18,3279.2
2014-06-19,3314.8
2014-06-20,3302.36
2014-06-23,3282.58
2014-06-24,3284.81
2014-06-25,3252.31
2014-06-26,3233.19
2014-06-27,3227.85
2014-06-30,3228.2399
2014-07-01,3258.71
2014-07-02,3252.25
2014-07-03,3289.75
2014-07-04,3270.4699
2014-07-07,3230.92
2014-07-08,3184.38
2014-07-09,3203.1
2014-07-10,3150.59
2014-07-11,3157.05
2014-07-14,3185.86
2014-07-15,3153.75
2014-07-16,3202.94
2014-07-17,3157.82
2014-07-18,3164.21
2014-07-21,3137.06
2014-07-22,3189.2199
2014-07-23,3193.13
2014-07-24,3220.07
2014-07-25,3174.9899
2014-07-28,3171.55
2014-07-29,3190.54
2014-07-30,3169.23
2014-07-31,3115.51
2014-08-01,3072.57
2014-08-04,3070.46
2014-08-05,3072.2
2014-08-06,3050.37
2014-08-07,3012.88
2014-08-08,3006.83
2014-08-11,3047.56
2014-08-12,3023.77
2014-08-13,3056.17
2014-08-14,3058.16
2014-08-15,3033.52
2014-08-18,3073.45
2014-08-19,3091.11
2014-08-20,3083.5
2014-08-21,3124.56
2014-08-22,3098.5
2014-08-25,3165.4699
2014-08-26,3197.54
2014-08-27,3194.45
2014-08-28,3164.44
2014-08-29,3172.63
2014-09-01,3175.05
2014-09-02,3180.29
2014-09-03,3218.84
2014-09-04,3277.25
2014-09-05,3275.25
2014-09-08,3267.54
2014-09-09,3245.43
2014-09-10,3244.16
2014-09-11,3237.76
2014-09-12,3235.07
2014-09-15,3231.7
2014-09-16,3221.73
2014-09-17,3237.44
2014-09-18,3271.37
2014-09-19,3273.25
2014-09-22,3257.48
2014-09-23,3205.93
2014-09-24,3244.01
2014-09-25,3202.31
2014-09-26,3219.58
2014-09-29,3186.95
2014-09-30,3225.93
2014-10-01,3195.08
2014-10-02,3106.42
2014-10-03,3133.37
2014-10-06,3138.67
2014-10-07,3082.1
2014-10-08,3053.31
2014-10-09,3042.45
2014-10-10,2991.5
2014-10-13,2998.32
2014-10-14,3000.9899
2014-10-15,2892.55
2014-10-16,2874.65
2014-10-17,2962.2399
2014-10-20,2927.3
2014-10-21,2991.46
2014-10-22,3008.53
2014-10-23,3044.3
2014-10-24,3030.37
2014-10-27,2998.84
2014-10-28,3036.15
2014-10-29,3022.42
2014-10-30,3035.9
2014-10-31,3113.32
2014-11-03,3082.32
2014-11-04,3034.2399
2014-11-05,3091.54
2014-11-06,3102.07
2014-11-07,3064.92
2014-11-10,3094.6
2014-11-11,3104.59
2014-11-12,3047.3
2014-11-13,3056.8
2014-11-14,3059.9899
2014-11-17,3084.79
2014-11-18,3120.42
2014-11-19,3123.12
2014-11-20,3102.21
2014-11-21,3194.2199
2014-11-24,3211.7
2014-11-25,3226.15
2014-11-26,3226.08
2014-11-27,3244.92
2014-11-28,3250.93
2014-12-01,3232.91
2014-12-02,3238.35
2014-12-03,3247.7199
2014-12-04,3191.25
2014-12-05,3277.38
2014-12-08,3247.9899
2014-12-09,3162.77
2014-12-10,3150.95
2014-12-11,3159.11
2014-12-12,3067.32
2014-12-15,2982.9
2014-12-16,3049.9899
2014-12-17,3051.9899
2014-12-18,3153.77
2014-12-19,3141.28
2014-12-22,3154.91
2014-12-23,3192.4699
2014-12-24,3184.66
2014-12-29,3185.17
2014-12-30,3135.95
2014-12-31,3146.43
2015-01-02,3139.44
2015-01-05,3023.14
2015-01-06,3007.91
2015-01-07,3026.79
2015-01-08,3135.08
2015-01-09,3042.9
2015-01-12,3084.18
2015-01-13,3133.86
2015-01-14,3089.67
2015-01-15,3157.36
2015-01-16,3202.2399
2015-01-19,3220.9
2015-01-20,3244.92
2015-01-21,3269.73
2015-01-22,3322.65
2015-01-23,3382.55
2015-01-26,3414.28
2015-01-27,3372.58
2015-01-28,3358.96
2015-01-29,3371.83
2015-01-30,3351.44
2015-02-02,3370.11
2015-02-03,3414.18
2015-02-04,3415.53
2015-02-05,3408.96
2015-02-06,3398.16
2015-02-09,3347.75
2015-02-10,3383.13
2015-02-11,3374.14
2015-02-12,3417.61
2015-02-13,3447.59
2015-02-16,3433.3
2015-02-17,3438.44
2015-02-18,3465.8
2015-02-19,3488.08
2015-02-20,3490.53
2015-02-23,3519.58
2015-02-24,3547.1
2015-02-25,3541.78
2015-02-26,3574.94
2015-02-27,3599.0
2015-03-02,3591.09
2015-03-03,3549.11
2015-03-04,3583.44
2015-03-05,3618.21
2015-03-06,3617.62
2015-03-09,3610.28
2015-03-10,3567.25
2015-03-11,3649.54
2015-03-12,3641.32
2015-03-13,3656.21
2015-03-16,3706.75
2015-03-17,3672.16
2015-03-18,3668.52
2015-03-19,3670.73
2015-03-20,3726.07
2015-03-23,3699.04
2015-03-24,3731.35
2015-03-25,3684.04
2015-03-26,3669.79
2015-03-27,3679.03
2015-03-30,3727.8
2015-03-31,3697.38
2015-04-01,3714.89
2015-04-02,3715.27
2015-04-07,3768.72
2015-04-08,3742.63
2015-04-09,3781.79
2015-04-10,3816.76
2015-04-13,3828.78
2015-04-14,3784.53
2015-04-15,3803.55
2015-04-16,3751.72
2015-04-17,3674.05
2015-04-20,3718.04
2015-04-21,3719.38
2015-04-22,3724.49
2015-04-23,3697.88
2015-04-24,3713.96
2015-04-27,3771.45
2015-04-28,3715.42
2015-04-29,3617.11
2015-04-30,3615.59
2015-05-01,3615.59
2015-05-04,3632.94
2015-05-05,3546.56
2015-05-06,3558.03
2015-05-07,3556.21
2015-05-08,3649.48
2015-05-11,3624.41
2015-05-12,3573.1
2015-05-13,3553.42
2015-05-14,3602.22
2015-05-15,3573.07
2015-05-18,3589.22
2015-05-19,3670.52
2015-05-20,3683.48
2015-05-21,3688.72
2015-05-22,3679.14
2015-05-25,3655.41
2015-05-26,3619.3
2015-05-27,3682.87
2015-05-28,3650.71
2015-05-29,3570.78
2015-06-01,3575.04
2015-06-02,3561.89
2015-06-03,3583.82
2015-06-04,3556.38
2015-06-05,3510.01
2015-06-08,3468.31
2015-06-09,3456.79
2015-06-10,3526.48
2015-06-11,3551.91
2015-06-12,3502.77
2015-06-15,3438.07
2015-06-16,3454.09
2015-06-17,3428.76
2015-06-18,3450.45
2015-06-19,3455.8
2015-06-22,3596.07
2015-06-23,3625.97
2015-06-24,3610.95
2015-06-25,3610.91
2015-06-26,3621.37
2015-06-29,3468.9
2015-06-30,3424.3
2015-07-01,3496.28
2015-07-02,3463.25
2015-07-03,3441.76
2015-07-06,3365.2
2015-07-07,3294.19
2015-07-08,3327.5
2015-07-09,3420.03
2015-07-10,3528.81
2015-07-13,3590.43
2015-07-14,3607.19
2015-07-15,3623.87
2015-07-16,3676.41
2015-07-17,3670.34
2015-07-20,3686.58
2015-07-21,3647.96
2015-07-22,3635.58
2015-07-23,3634.64
2015-07-24,3600.0
2015-07-27,3513.1
2015-07-28,3554.11
2015-07-29,3575.53
2015-07-30,3583.79
2015-07-31,3600.69
2015-08-03,3635.4
2015-08-04,3619.31
2015-08-05,3676.75
2015-08-06,3668.47
2015-08-07,3637.8
2015-08-10,3674.94
2015-08-11,3605.28
2015-08-12,3484.41
2015-08-13,3516.15
2015-08-14,3491.03
2015-08-17,3497.9
2015-08-18,3495.38
2015-08-19,3429.84
2015-08-20,3353.48
2015-08-21,3247.26
2015-08-24,3073.39
2015-08-25,3218.01
2015-08-26,3170.73
2015-08-27,3280.78
2015-08-28,3286.59
2015-08-31,3269.63
2015-09-01,3188.73
2015-09-02,3198.86
2015-09-03,3270.09
2015-09-04,3180.25
2015-09-07,3197.9699
2015-09-08,3233.84
2015-09-09,3269.98
2015-09-10,3221.14
2015-09-11,3187.94
2015-09-14,3175.62
2015-09-15,3207.6
2015-09-16,3251.79
2015-09-17,3255.79
2015-09-18,3157.3
2015-09-21,3184.7199
2015-09-22,3076.05
2015-09-23,3079.9899
2015-09-24,3019.34
2015-09-25,3113.16
2015-09-28,3039.44
2015-09-29,3029.86
2015-09-30,3100.67
2015-10-01,3069.05
2015-10-02,3088.18
2015-10-05,3190.39
2015-10-06,3220.09
2015-10-07,3226.4
2015-10-08,3224.96
2015-10-09,3250.31
2015-10-12,3247.33
2015-10-13,3221.28
2015-10-14,3191.57
2015-10-15,3238.81
2015-10-16,3264.93
2015-10-19,3272.04
2015-10-20,3255.7199
2015-10-21,3272.23
2015-10-22,3353.11
2015-10-23,3425.81
2015-10-26,3414.6
2015-10-27,3381.01
2015-10-28,3421.09
2015-10-29,3413.39
2015-10-30,3418.23
2015-11-02,3434.5
2015-11-03,3442.68
2015-11-04,3439.16
2015-11-05,3447.49
2015-11-06,3468.21
2015-11-09,3418.36
2015-11-10,3425.4
2015-11-11,3448.42
2015-11-12,3387.7
2015-11-13,3360.65
2015-11-16,3362.23
2015-11-17,3451.94
2015-11-18,3431.92
2015-11-19,3448.93
2015-11-20,3452.45
2015-11-23,3445.26
2015-11-24,3409.6
2015-11-25,3462.06
2015-11-26,3498.62
2015-11-27,3488.99
2015-11-30,3506.45
2015-12-01,3479.64
2015-12-02,3468.66
2015-12-03,3343.34
2015-12-04,3330.75
2015-12-07,3360.21
2015-12-08,3297.46
2015-12-09,3277.21
2015-12-10,3269.9699
2015-12-11,3203.21
2015-12-14,3139.2399
2015-12-15,3241.51
2015-12-16,3246.78
2015-12-17,3306.4699
2015-12-18,3260.7199
2015-12-21,3213.01
2015-12-22,3214.32
2015-12-23,3286.68
2015-12-24,3284.4699
2015-12-28,3256.4899
2015-12-29,3314.28
2015-12-30,3287.98
2015-12-31,3267.52
2016-01-04,3164.76
2016-01-05,3178.01
2016-01-06,3139.32
2016-01-07,3084.68
2016-01-08,3033.4699
2016-01-11,3027.4899
2016-01-12,3064.66
2016-01-13,3073.02
2016-01-14,3024.0
2016-01-15,2952.48
2016-01-18,2935.39
2016-01-19,2980.4899
2016-01-20,2882.59
2016-01-21,2943.92
2016-01-22,3023.21
2016-01-25,3001.78
2016-01-26,3032.84
2016-01-27,3043.4699
2016-01-28,2979.42
2016-01-29,3045.09
2016-02-01,3021.01
2016-02-02,2951.85
2016-02-03,2896.63
2016-02-04,2905.3
2016-02-05,2879.39
2016-02-08,2785.17
2016-02-09,2736.5
2016-02-10,2789.05
2016-02-11,2680.35
2016-02-12,2756.16
2016-02-15,2833.87
2016-02-16,2821.26
2016-02-17,2897.7199
2016-02-18,2895.15
2016-02-19,2871.05
2016-02-22,2933.91
2016-02-23,2887.38
2016-02-24,2820.2399
2016-02-25,2877.42
2016-02-26,2929.16
2016-02-29,2945.75
2016-03-01,2996.39
2016-03-02,3022.14
2016-03-03,3012.87
2016-03-04,3037.35
2016-03-07,3021.09
2016-03-08,3002.01
2016-03-09,3016.18
2016-03-10,2970.78
2016-03-11,3073.8
2016-03-14,3091.98
2016-03-15,3067.21
2016-03-16,3062.05
2016-03-17,3043.1
2016-03-18,3059.77
2016-03-21,3048.77
2016-03-22,3051.23
2016-03-23,3042.42
2016-03-24,2986.73
2016-03-29,3004.87
2016-03-30,3044.1
2016-03-31,3004.93
2016-04-01,2953.28
2016-04-04,2962.28
2016-04-05,2890.35
2016-04-06,2909.36
2016-04-07,2871.57
2016-04-08,2911.98
2016-04-11,2924.23
2016-04-12,2942.09
2016-04-13,3039.19
2016-04-14,3060.86
2016-04-15,3054.34
2016-04-18,3064.03
2016-04-19,3112.9899
2016-04-20,3142.52
2016-04-21,3151.69
2016-04-22,3141.12
2016-04-25,3117.62
2016-04-26,3121.29
2016-04-27,3130.43
2016-04-28,3125.43
2016-04-29,3028.21
2016-05-02,3032.6
2016-05-03,2974.2
2016-05-04,2938.75
2016-05-05,2940.35
2016-05-06,2936.84
2016-05-09,2955.83
2016-05-10,2978.9699
2016-05-11,2956.71
2016-05-12,2935.46
2016-05-13,2956.63
2016-05-16,2951.39
2016-05-17,2938.09
2016-05-18,2956.43
2016-05-19,2919.2199
2016-05-20,2962.16
2016-05-23,2932.93
2016-05-24,3010.12
2016-05-25,3061.6
2016-05-26,3071.21
2016-05-27,3078.48
2016-05-30,3090.01
2016-05-31,3063.48
2016-06-01,3038.77
2016-06-02,3033.86
2016-06-03,2997.55
2016-06-06,3001.9
2016-06-07,3040.69
2016-06-08,3019.76
2016-06-09,2989.03
2016-06-10,2911.11
2016-06-13,2853.52
2016-06-14,2797.18
2016-06-15,2830.3
2016-06-16,2819.3
2016-06-17,2849.17
2016-06-20,2942.88
2016-06-21,2967.34
2016-06-22,2978.31
2016-06-23,3037.86
2016-06-24,2776.09
2016-06-27,2697.44
2016-06-28,2758.67
2016-06-29,2832.18
2016-06-30,2864.7399
2016-07-01,2883.06
2016-07-04,2862.21
2016-07-05,2812.88
2016-07-06,2761.37
2016-07-07,2780.1
2016-07-08,2838.01
2016-07-11,2885.32
2016-07-12,2933.44
2016-07-13,2926.14
2016-07-14,2963.07
2016-07-15,2958.65
2016-07-18,2949.17
2016-07-19,2931.1
2016-07-20,2966.95
2016-07-21,2968.4899
2016-07-22,2972.23
2016-07-25,2973.2199
2016-07-26,2978.9
2016-07-27,2999.48
2016-07-28,2966.1
2016-07-29,2990.76
2016-08-01,2967.31
2016-08-02,2906.98
2016-08-03,2911.06
2016-08-04,2932.34
2016-08-05,2973.71
2016-08-08,2982.92
2016-08-09,3029.18
2016-08-10,3018.46
2016-08-11,3049.03
2016-08-12,3044.94
2016-08-15,3046.65
2016-08-16,3016.19
2016-08-17,2980.54
2016-08-18,2995.3
2016-08-19,2968.2
2016-08-22,2960.37
2016-08-23,2993.73
2016-08-24,3008.59
2016-08-25,2987.69
2016-08-26,3010.36
2016-08-29,2998.5
2016-08-30,3030.75
2016-08-31,3023.13
2016-09-01,3017.4899
2016-09-02,3079.7399
2016-09-05,3077.66
2016-09-06,3070.16
2016-09-07,3091.66
2016-09-08,3083.54
2016-09-09,3053.2
2016-09-12,3012.88
2016-09-13,2974.8
2016-09-14,2964.9
2016-09-15,2973.77
2016-09-16,2935.25
2016-09-19,2968.31
2016-09-20,2964.86
2016-09-21,2982.18
2016-09-22,3051.69
2016-09-23,3032.31
2016-09-26,2975.88
2016-09-27,2970.84
2016-09-28,2991.11
2016-09-29,2991.58
2016-09-30,3002.2399
2016-10-03,2998.5
2016-10-04,3029.5
2016-10-05,3026.28
2016-10-06,3021.58
2016-10-07,3000.57
2016-10-10,3035.76
2016-10-11,3020.69
2016-10-12,3008.03
2016-10-13,2975.04
2016-10-14,3025.19
2016-10-17,3008.7199
2016-10-18,3046.9899
2016-10-19,3055.94
2016-10-20,3076.63
2016-10-21,3077.65
2016-10-24,3093.86
2016-10-25,3087.41
2016-10-26,3080.98
2016-10-27,3085.17
2016-10-28,3079.2399
2016-10-31,3055.25
2016-11-01,3023.15
2016-11-02,2980.17
2016-11-03,2973.4899
2016-11-04,2954.53
2016-11-07,3009.28
2016-11-08,3023.43
2016-11-09,3056.29
2016-11-10,3046.59
2016-11-11,3030.02
2016-11-14,3039.8
2016-11-15,3049.7199
2016-11-16,3026.36
2016-11-17,3041.79
2016-11-18,3020.83
2016-11-21,3032.9699
2016-11-22,3044.33
2016-11-23,3032.14
2016-11-24,3040.6
2016-11-25,3048.38
2016-11-28,3016.8
2016-11-29,3038.42
2016-11-30,3051.61
2016-12-01,3030.98
2016-12-02,3015.13
2016-12-05,3052.75
2016-12-06,3100.76
2016-12-07,3142.2399
2016-12-08,3185.79
2016-12-09,3197.54
2016-12-12,3199.11
2016-12-13,3236.71
2016-12-14,3211.71
2016-12-15,3249.7399
2016-12-16,3259.2399
2016-12-19,3257.85
2016-12-20,3279.41
2016-12-21,3270.75
2016-12-22,3269.51
2016-12-23,3273.9699
2016-12-27,3278.53
2016-12-28,3278.7199
2016-12-29,3271.76
2016-12-30,3290.52
2017-01-02,3308.67
2017-01-03,3315.02
2017-01-04,3317.52
2017-01-05,3316.4699
2017-01-06,3321.17
2017-01-09,3308.9699
2017-01-10,3306.21
2017-01-11,3307.94
2017-01-12,3286.7
2017-01-13,3324.34
2017-01-16,3294.53
2017-01-17,3285.04
2017-01-18,3294.0
2017-01-19,3290.33
2017-01-20,3299.44
2017-01-23,3273.04
2017-01-24,3281.53
2017-01-25,3326.15
2017-01-26,3319.13
2017-01-27,3303.33
2017-01-30,3262.7199
2017-01-31,3230.68
2017-02-01,3258.92
2017-02-02,3253.61
2017-02-03,3273.11
2017-02-06,3238.31
2017-02-07,3235.71
2017-02-08,3238.04
2017-02-09,3277.79
2017-02-10,3270.83
2017-02-13,3305.23
2017-02-14,3308.89
2017-02-15,3323.71
2017-02-16,3311.04
2017-02-17,3308.81
2017-02-20,3312.39
2017-02-21,3339.33
2017-02-22,3339.27
2017-02-23,3333.96
2017-02-24,3304.09
2017-02-27,3309.3
2017-02-28,3319.61
2017-03-01,3390.2
2017-03-02,3384.71
2017-03-03,3403.39
2017-03-06,3387.46
2017-03-07,3385.12
2017-03-08,3389.62
2017-03-09,3409.89
2017-03-10,3416.27
2017-03-13,3415.49
2017-03-14,3399.43
2017-03-15,3409.32
2017-03-16,3439.96
2017-03-17,3448.41
2017-03-20,3437.48
2017-03-21,3429.62
2017-03-22,3420.7
2017-03-23,3452.18
2017-03-24,3444.15
2017-03-27,3437.14
2017-03-28,3465.07
2017-03-29,3475.27
2017-03-30,3481.58
2017-03-31,3500.93
2017-04-03,3472.94
2017-04-04,3481.66
2017-04-05,3472.58
2017-04-06,3489.57
2017-04-07,3495.8
2017-04-10,3480.44
2017-04-11,3470.04
2017-04-12,3468.51
2017-04-13,3448.26
2017-04-18,3409.78
2017-04-19,3420.99
2017-04-20,3440.03
2017-04-21,3440.27
2017-04-24,3577.38
2017-04-25,3583.16
2017-04-26,3578.71
2017-04-27,3563.29
2017-04-28,3559.59
2017-05-01,3559.59
2017-05-02,3578.21
2017-05-03,3586.25
2017-05-04,3627.88
2017-05-05,3658.79
2017-05-08,3642.11
2017-05-09,3649.08
2017-05-10,3645.74
2017-05-11,3623.55
2017-05-12,3637.52
2017-05-15,3641.88
2017-05-16,3641.89
2017-05-17,3584.83
2017-05-18,3562.22
2017-05-19,3587.01
2017-05-22,3576.53
2017-05-23,3595.03
2017-05-24,3586.62
2017-05-25,3584.55
2017-05-26,3579.02
2017-05-29,3578.95
2017-05-30,3561.22
2017-05-31,3554.59
2017-06-01,3567.02
2017-06-02,3591.82
2017-06-05,3579.55
2017-06-06,3554.18
2017-06-07,3548.84
2017-06-08,3563.88
2017-06-09,3586.07
2017-06-12,3543.95
2017-06-13,3557.87
2017-06-14,3547.15
2017-06-15,3525.46
2017-06-16,3543.88
2017-06-19,3579.58
2017-06-20,3560.66
2017-06-21,3554.35
2017-06-22,3555.76
2017-06-23,3543.68
2017-06-26,3561.76
2017-06-27,3538.32
2017-06-28,3535.7
2017-06-29,3471.33
2017-06-30,3441.88
2017-07-03,3491.81
2017-07-04,3479.47
2017-07-05,3478.41
2017-07-06,3462.06
2017-07-07,3463.84
2017-07-10,3478.06
2017-07-11,3464.48
2017-07-12,3515.23
2017-07-13,3527.83
2017-07-14,3525.94
2017-07-17,3516.35
2017-07-18,3478.68
2017-07-19,3500.28
2017-07-20,3499.49
2017-07-21,3451.71
2017-07-24,3453.17
2017-07-25,3473.54
2017-07-26,3491.19
2017-07-27,3493.14
2017-07-28,3467.73
2017-07-31,3449.36
2017-08-01,3477.39
2017-08-02,3459.32
2017-08-03,3466.37
2017-08-04,3507.41
2017-08-07,3505.8
2017-08-08,3515.63
2017-08-09,3468.45
2017-08-10,3433.54
2017-08-11,3406.34
2017-08-14,3450.66
2017-08-15,3461.91
2017-08-16,3484.57
2017-08-17,3461.97
2017-08-18,3446.03
2017-08-21,3423.53
2017-08-22,3455.59
2017-08-23,3438.63
2017-08-24,3444.73
2017-08-25,3438.55
2017-08-28,3421.03
2017-08-29,3388.22
2017-08-30,3403.71
2017-08-31,3421.47
2017-09-01,3443.88
2017-09-04,3429.98
2017-09-05,3420.86
2017-09-06,3433.8
2017-09-07,3447.66
2017-09-08,3447.69
2017-09-11,3495.19
2017-09-12,3512.56
2017-09-13,3523.14
2017-09-14,3526.48
2017-09-15,3515.55
2017-09-18,3526.74
2017-09-19,3531.18
2017-09-20,3525.55
2017-09-21,3539.59
2017-09-22,3541.42
2017-09-25,3537.81
2017-09-26,3536.38
2017-09-27,3555.17
2017-09-28,3563.64
2017-09-29,3594.85
2017-10-02,3602.69
2017-10-03,3605.73
2017-10-04,3594.91
2017-10-05,3613.54
2017-10-06,3603.32
2017-10-09,3610.5
2017-10-10,3598.79
2017-10-11,3607.39
2017-10-12,3605.54
2017-10-13,3604.55
2017-10-16,3606.27
2017-10-17,3607.77
2017-10-18,3619.65
2017-10-19,3602.08
2017-10-20,3605.09
2017-10-23,3608.87
2017-10-24,3610.69
2017-10-25,3591.46
2017-10-26,3637.2
2017-10-27,3652.23
2017-10-30,3662.18
2017-10-31,3673.95
2017-11-01,3697.4
2017-11-02,3688.8
2017-11-03,3689.96
2017-11-06,3682.36
2017-11-07,3658.77
2017-11-08,3655.04
2017-11-09,3612.5
2017-11-10,3593.76
2017-11-13,3574.52
2017-11-14,3556.38
2017-11-15,3545.72
2017-11-16,3564.8
2017-11-17,3547.46
2017-11-20,3561.41
2017-11-21,3579.32
2017-11-22,3562.65
2017-11-23,3572.07
2017-11-24,3581.23
2017-11-27,3564.02
2017-11-28,3583.49
2017-11-29,3589.91
2017-11-30,3569.93
2017-12-01,3527.55
2017-12-04,3576.22
2017-12-05,3570.57
2017-12-06,3561.57
2017-12-07,3573.13
2017-12-08,3591.45
2017-12-11,3582.21
2017-12-12,3600.35
2017-12-13,3581.75
2017-12-14,3556.22
2017-12-15,3560.53
2017-12-18,3609.42
2017-12-19,3582.22
2017-12-20,3552.65
2017-12-21,3570.78
2017-12-22,3553.39
2017-12-27,3550.17
2017-12-28,3524.31
2017-12-29,3503.96
2018-01-02,3490.19
2018-01-03,3509.88
2018-01-04,3568.88
2018-01-05,3607.63
2018-01-08,3616.45
2018-01-09,3622.87
2018-01-10,3609.83
2018-01-11,3595.24
2018-01-12,3612.61
2018-01-15,3611.81
2018-01-16,3622.01
2018-01-17,3612.78
2018-01-18,3620.91
2018-01-19,3649.07
2018-01-22,3665.28
2018-01-23,3672.29
2018-01-24,3643.22
2018-01-25,3630.15
2018-01-26,3647.41
2018-01-29,3643.04
2018-01-30,3606.75
2018-01-31,3609.29
2018-02-01,3577.35
2018-02-02,3523.28
2018-02-05,3478.77
2018-02-06,3394.92
2018-02-07,3454.52
2018-02-08,3377.3
2018-02-09,3325.9899
2018-02-12,3368.25
2018-02-13,3340.93
2018-02-14,3369.83
2018-02-15,3389.63
2018-02-16,3426.8
2018-02-19,3407.79
2018-02-20,3435.08
2018-02-21,3430.16
2018-02-22,3431.99
2018-02-23,3441.46
2018-02-26,3463.18
2018-02-27,3458.03
2018-02-28,3438.96
2018-03-01,3399.16
2018-03-02,3324.75
2018-03-05,3355.32
2018-03-06,3357.86
2018-03-07,3377.36
2018-03-08,3413.28
2018-03-09,3420.54
2018-03-12,3429.48
2018-03-13,3397.35
2018-03-14,3390.98
2018-03-15,3414.13
2018-03-16,3437.4
2018-03-19,3394.79
2018-03-20,3412.08
2018-03-21,3401.04
2018-03-22,3348.19
2018-03-23,3298.07
2018-03-26,3278.7199
2018-03-27,3316.95
2018-03-28,3331.25
2018-03-29,3361.5
2018-04-03,3346.93
2018-04-04,3340.35
2018-04-05,3429.95
2018-04-06,3408.1
2018-04-09,3414.85
2018-04-10,3438.78
2018-04-11,3419.71
2018-04-12,3443.97
2018-04-13,3448.0
2018-04-16,3441.04
2018-04-17,3477.91
2018-04-18,3490.89
2018-04-19,3486.6
2018-04-20,3494.2
2018-04-23,3513.06
2018-04-24,3510.88
2018-04-25,3485.83
2018-04-26,3506.03
2018-04-27,3518.78
2018-04-30,3536.52
2018-05-01,3536.26
2018-05-02,3553.79
2018-05-03,3529.12
2018-05-04,3550.59
2018-05-07,3564.19
2018-05-08,3557.88
2018-05-09,3569.74
2018-05-10,3569.71
2018-05-11,3565.52
2018-05-14,3565.74
2018-05-15,3564.29
2018-05-16,3562.85
2018-05-17,3592.18
2018-05-18,3573.76
2018-05-21,3572.57
2018-05-22,3587.25
2018-05-23,3541.82
2018-05-24,3521.76
2018-05-25,3515.36
2018-05-28,3482.64
2018-05-29,3428.14
2018-05-30,3441.19
2018-05-31,3406.65
2018-06-01,3453.54
2018-06-04,3469.57
2018-06-05,3456.79
2018-06-06,3460.82
2018-06-07,3459.77
2018-06-08,3447.3
2018-06-11,3480.22
2018-06-12,3475.58
2018-06-13,3479.56
2018-06-14,3527.11
2018-06-15,3505.02
2018-06-18,3466.65
2018-06-19,3435.3
2018-06-20,3439.6
2018-06-21,3403.51
2018-06-22,3441.6
2018-06-25,3369.21
2018-06-26,3368.72
2018-06-27,3397.13
2018-06-28,3365.52
2018-06-29,3395.6
2018-07-02,3372.21
2018-07-03,3406.34
2018-07-04,3412.03
2018-07-05,3440.92
2018-07-06,3448.49
2018-07-09,3460.44
2018-07-10,3473.31
2018-07-11,3422.35
2018-07-12,3445.49
2018-07-13,3454.54
2018-07-16,3449.08
2018-07-17,3457.5
2018-07-18,3485.08
2018-07-19,3471.64
2018-07-20,3460.03
2018-07-23,3454.05
2018-07-24,3483.31
2018-07-25,3468.45
2018-07-26,3509.26
2018-07-27,3527.18
2018-07-30,3512.31
2018-07-31,3525.49
2018-08-01,3509.23
2018-08-02,3469.21
2018-08-03,3482.4
2018-08-06,3483.3
2018-08-07,3504.37
2018-08-08,3493.6
2018-08-09,3494.13
2018-08-10,3426.28
2018-08-13,3409.68
2018-08-14,3409.44
2018-08-15,3359.08
2018-08-16,3377.56
2018-08-17,3372.94
2018-08-20,3393.67
2018-08-21,3411.66
2018-08-22,3420.18
2018-08-23,3419.26
2018-08-24,3427.44
2018-08-27,3456.01
2018-08-28,3447.57
2018-08-29,3456.13
2018-08-30,3430.99
2018-08-31,3392.9
2018-09-03,3394.99
2018-09-04,3359.36
2018-09-05,3315.62
2018-09-06,3295.95
2018-09-07,3293.36
2018-09-10,3309.28
2018-09-11,3311.66
2018-09-12,3326.6
2018-09-13,3333.68
2018-09-14,3344.63
2018-09-17,3346.11
2018-09-18,3358.46
2018-09-19,3368.56
2018-09-20,3403.12
2018-09-21,3430.81
2018-09-24,3410.44
2018-09-25,3419.78
2018-09-26,3433.15
2018-09-27,3449.79
2018-09-28,3399.2
2018-10-01,3414.16
2018-10-02,3388.99
2018-10-03,3405.48
2018-10-04,3375.08
2018-10-05,3345.51
2018-10-08,3309.7199
2018-10-09,3321.79
2018-10-10,3266.9
2018-10-11,3209.19
2018-10-12,3194.41
2018-10-15,3210.37
2018-10-16,3257.34
2018-10-17,3243.08
2018-10-18,3211.59
2018-10-19,3210.82
2018-10-22,3190.09
2018-10-23,3140.94
2018-10-24,3130.33
2018-10-25,3164.4
2018-10-26,3134.89
2018-10-29,3154.93
2018-10-30,3147.13
2018-10-31,3197.51
2018-11-01,3204.21
2018-11-02,3214.41
2018-11-05,3217.37
2018-11-06,3207.42
2018-11-07,3246.16
2018-11-08,3237.6
2018-11-09,3229.4899
2018-11-12,3194.08
2018-11-13,3224.82
2018-11-14,3205.36
2018-11-15,3190.31
2018-11-16,3180.7399
2018-11-19,3160.33
2018-11-20,3116.07
2018-11-21,3153.91
2018-11-22,3126.67
2018-11-23,3137.21
2018-11-26,3172.71
2018-11-27,3166.42
2018-11-28,3168.29
2018-11-29,3174.16
2018-11-30,3173.13
2018-12-03,3214.9899
2018-12-04,3189.25
2018-12-05,3150.27
2018-12-06,3045.94
2018-12-07,3058.53
2018-12-10,3016.9899
2018-12-11,3055.32
2018-12-12,3107.9699
2018-12-13,3112.17
2018-12-14,3092.6
2018-12-17,3063.65
2018-12-18,3040.13
2018-12-19,3051.38
2018-12-20,3000.06
2018-12-21,3000.61
2018-12-24,2973.78
2018-12-27,2937.36
2018-12-28,2986.53
2018-12-31,3001.42
2019-01-02,2993.18
2019-01-03,2954.66
2019-01-04,3041.85
2019-01-07,3033.64
2019-01-08,3054.94
2019-01-09,3070.2399
2019-01-10,3075.73
2019-01-11,3070.04
2019-01-14,3055.18
2019-01-15,3068.05
2019-01-16,3077.2199
2019-01-17,3069.35
2019-01-18,3134.92
2019-01-21,3125.07
2019-01-22,3112.8
2019-01-23,3112.13
2019-01-24,3126.31
2019-01-25,3163.2399
2019-01-28,3137.27
2019-01-29,3153.42
2019-01-30,3161.7399
2019-01-31,3159.43
2019-02-01,3171.12
2019-02-04,3165.2
2019-02-05,3215.04
2019-02-06,3212.75
2019-02-07,3150.76
2019-02-08,3135.62
2019-02-11,3165.61
2019-02-12,3190.75
2019-02-13,3202.37
2019-02-14,3182.66
2019-02-15,3241.25
2019-02-18,3244.79
2019-02-19,3239.41
2019-02-20,3259.4899
2019-02-21,3263.7
2019-02-22,3270.55
2019-02-25,3280.01
2019-02-26,3289.32
2019-02-27,3282.77
2019-02-28,3298.26
2019-03-01,3312.1
2019-03-04,3317.12
2019-03-05,3327.19
2019-03-06,3324.67
2019-03-07,3308.85
2019-03-08,3283.6
2019-03-11,3304.44
2019-03-12,3303.95
2019-03-13,3323.45
2019-03-14,3342.03
2019-03-15,3386.08
2019-03-18,3387.94
2019-03-19,3409.0
2019-03-20,3372.38
2019-03-21,3367.4
2019-03-22,3305.73
2019-03-25,3300.48
2019-03-26,3319.53
2019-03-27,3322.04
2019-03-28,3320.29
2019-03-29,3351.71
2019-04-01,3385.38
2019-04-02,3395.7
2019-04-03,3435.56
2019-04-04,3441.93
2019-04-05,3447.47
2019-04-08,3438.06
2019-04-09,3417.22
2019-04-10,3424.65
2019-04-11,3435.34
2019-04-12,3447.83
2019-04-15,3450.46
2019-04-16,3463.36
2019-04-17,3477.73
2019-04-18,3499.23
2019-04-23,3503.85
2019-04-24,3502.63
2019-04-25,3491.92
2019-04-26,3500.41
2019-04-29,3501.94
2019-04-30,3514.62
2019-05-01,3514.62
2019-05-02,3488.93
2019-05-03,3502.48
2019-05-06,3462.95
2019-05-07,3401.16
2019-05-08,3417.26
2019-05-09,3350.71
2019-05-10,3361.05
2019-05-13,3320.78
2019-05-14,3364.38
2019-05-15,3385.78
2019-05-16,3438.56
2019-05-17,3425.64
2019-05-20,3369.78
2019-05-21,3386.51
2019-05-22,3386.72
2019-05-23,3327.2
2019-05-24,3350.7
2019-05-27,3364.04
2019-05-28,3348.86
2019-05-29,3297.81
2019-05-30,3318.15
2019-05-31,3280.43
2019-06-03,3300.2199
2019-06-04,3333.4899
2019-06-05,3339.95
2019-06-06,3338.41
2019-06-07,3378.38
2019-06-10,3386.45
2019-06-11,3401.1
2019-06-12,3386.63
2019-06-13,3390.5
2019-06-14,3379.19
2019-06-17,3383.21
2019-06-18,3452.89
2019-06-19,3454.7
2019-06-20,3468.08
2019-06-21,3466.92
2019-06-24,3455.57
2019-06-25,3444.36
2019-06-26,3442.95
2019-06-27,3442.38
2019-06-28,3473.69
2019-07-01,3497.59
2019-07-02,3507.98
2019-07-03,3540.63
2019-07-04,3544.15
2019-07-05,3527.98
2019-07-08,3523.76
2019-07-09,3509.75
2019-07-10,3501.52
2019-07-11,3496.73
2019-07-12,3497.63
2019-07-15,3502.22
2019-07-16,3521.36
2019-07-17,3501.58
2019-07-18,3482.83
2019-07-19,3480.18
2019-07-22,3489.92
2019-07-23,3532.87
2019-07-24,3532.9
2019-07-25,3510.15
2019-07-26,3524.47
2019-07-29,3523.58
2019-07-30,3462.85
2019-07-31,3466.85
2019-08-01,3490.03
2019-08-02,3376.12
2019-08-05,3310.93
2019-08-06,3291.66
2019-08-07,3309.9899
2019-08-08,3375.38
2019-08-09,3333.7399
2019-08-12,3326.55
2019-08-13,3357.16
2019-08-14,3288.7
2019-08-15,3282.78
2019-08-16,3329.08
2019-08-19,3369.19
2019-08-20,3350.23
2019-08-21,3394.89
2019-08-22,3373.67
2019-08-23,3334.25
2019-08-26,3348.84
2019-08-27,3370.47
2019-08-28,3365.38
2019-08-29,3411.33
2019-08-30,3426.76
2019-09-02,3432.54
2019-09-03,3420.74
2019-09-04,3450.83
2019-09-05,3484.7
2019-09-06,3495.19
2019-09-09,3495.02
2019-09-10,3498.99
2019-09-11,3516.82
2019-09-12,3538.86
2019-09-13,3550.11
2019-09-16,3518.45
2019-09-17,3521.26
2019-09-18,3528.04
2019-09-19,3552.65
2019-09-20,3571.39
2019-09-23,3536.97
2019-09-24,3532.05
2019-09-25,3513.03
2019-09-26,3532.18
2019-09-27,3545.88
2019-09-30,3569.45
2019-10-01,3518.25
2019-10-02,3413.31
2019-10-03,3417.37
2019-10-04,3446.71
2019-10-07,3471.24
2019-10-08,3432.76
2019-10-09,3462.11
2019-10-10,3493.96
2019-10-11,3569.92
2019-10-14,3556.26
2019-10-15,3598.65
2019-10-16,3599.25
2019-10-17,3588.62
2019-10-18,3579.41
2019-10-21,3600.08
2019-10-22,3604.82
2019-10-23,3606.89
2019-10-24,3621.37
2019-10-25,3624.68
2019-10-28,3625.69
2019-10-29,3622.09
2019-10-30,3620.29
2019-10-31,3604.41
2019-11-01,3623.74
2019-11-04,3665.21
2019-11-05,3676.52
2019-11-06,3688.74
2019-11-07,3706.68
2019-11-08,3699.65
2019-11-11,3696.82
2019-11-12,3712.2
2019-11-13,3699.5
2019-11-14,3688.81
2019-11-15,3711.61
2019-11-18,3704.92
2019-11-19,3696.56
2019-11-20,3683.88
2019-11-21,3679.66
2019-11-22,3687.32
2019-11-25,3707.68
2019-11-26,3705.55
2019-11-27,3712.85
2019-11-28,3704.48
2019-11-29,3703.58
2019-12-02,3626.66
2019-12-03,3610.99
2019-12-04,3660.02
2019-12-05,3648.13
2019-12-06,3692.34
2019-12-09,3672.18
2019-12-10,3671.78
2019-12-11,3687.45
2019-12-12,3706.35
2019-12-13,3731.07
2019-12-16,3772.74
2019-12-17,3745.28
2019-12-18,3739.0
2019-12-19,3739.17
2019-12-20,3776.56
2019-12-23,3776.66
2019-12-24,3774.39
2019-12-27,3782.27
2019-12-30,3748.47
2019-12-31,3745.15
2020-01-02,3793.24
2020-01-03,3773.37
2020-01-06,3752.52
2020-01-07,3759.25
2020-01-08,3772.56
2020-01-09,3795.88
2020-01-10,3789.52
2020-01-13,3779.68
2020-01-14,3774.88
2020-01-15,3768.96
2020-01-16,3774.14
2020-01-17,3808.26
2020-01-20,3799.03
2020-01-21,3789.12
2020-01-22,3769.79
2020-01-23,3736.85
2020-01-24,3779.16
2020-01-27,3677.84
2020-01-28,3719.22
2020-01-29,3736.36
2020-01-30,3690.78
2020-01-31,3640.91
2020-02-03,3661.27
2020-02-04,3732.28
2020-02-05,3777.84
2020-02-06,3805.52
2020-02-07,3798.49
2020-02-10,3793.18
2020-02-11,3825.84
2020-02-12,3854.43
2020-02-13,3846.74
2020-02-14,3840.97
2020-02-17,3853.27
2020-02-18,3836.54
2020-02-19,3865.18
2020-02-20,3822.98
2020-02-21,3800.38
2020-02-24,3647.98
2020-02-25,3572.51
2020-02-26,3577.68
2020-02-27,3455.92
2020-02-28,3329.4899
2020-03-02,3338.83
2020-03-03,3371.97
2020-03-04,3420.56
2020-03-05,3363.58
2020-03-06,3232.07
2020-03-09,2959.07
2020-03-10,2910.02
2020-03-11,2905.56
2020-03-12,2545.23
2020-03-13,2586.02
2020-03-16,2450.37
2020-03-17,2530.5
2020-03-18,2385.82
2020-03-19,2454.08
2020-03-20,2548.5
2020-03-23,2485.54
2020-03-24,2715.11
2020-03-25,2800.14
2020-03-26,2847.78
2020-03-27,2728.65
2020-03-30,2765.62
2020-03-31,2786.9
2020-04-01,2680.3
2020-04-02,2688.4899
2020-04-03,2662.9899
2020-04-06,2795.9699
2020-04-07,2857.67
2020-04-08,2851.27
2020-04-09,2892.79
2020-04-14,2917.7399
2020-04-15,2808.2
2020-04-16,2812.35
2020-04-17,2888.3
2020-04-20,2909.5
2020-04-21,2791.34
2020-04-22,2834.9
2020-04-23,2852.46
2020-04-24,2809.07
2020-04-27,2882.09
2020-04-28,2932.06
2020-04-29,2996.08
2020-04-30,2927.93
2020-05-01,2927.93
2020-05-04,2816.48
2020-05-05,2875.91
2020-05-06,2843.76
2020-05-07,2880.6
2020-05-08,2908.11
2020-05-11,2883.75
2020-05-12,2884.2
2020-05-13,2810.55
2020-05-14,2760.23
2020-05-15,2770.7
2020-05-18,2911.88
2020-05-19,2902.58
2020-05-20,2942.39
2020-05-21,2904.98
2020-05-22,2905.4699
2020-05-25,2971.35
2020-05-26,2999.2199
2020-05-27,3051.08
2020-05-28,3094.4699
2020-05-29,3050.2
2020-06-01,3077.92
2020-06-02,3159.02
2020-06-03,3269.59
2020-06-04,3261.67
2020-06-05,3384.29
2020-06-08,3366.29
2020-06-09,3320.71
2020-06-10,3293.71
2020-06-11,3144.57
2020-06-12,3153.7399
2020-06-15,3136.4
2020-06-16,3242.65
2020-06-17,3267.26
2020-06-18,3249.9
2020-06-19,3269.1
2020-06-22,3241.69
2020-06-23,3298.83
2020-06-24,3196.12
2020-06-25,3218.91
2020-06-26,3204.17
2020-06-29,3232.02
2020-06-30,3234.07
2020-07-01,3228.45
2020-07-02,3320.09
2020-07-03,3294.38
2020-07-06,3350.03
2020-07-07,3321.56
2020-07-08,3286.09
2020-07-09,3261.17
2020-07-10,3296.2199
2020-07-13,3350.0
2020-07-14,3321.39
2020-07-15,3378.21
2020-07-16,3365.35
2020-07-17,3365.6
2020-07-20,3388.34
2020-07-21,3405.35
2020-07-22,3370.76
2020-07-23,3371.74
2020-07-24,3310.89
2020-07-27,3302.84
2020-07-28,3303.56
2020-07-29,3300.16
2020-07-30,3208.2
2020-07-31,3174.32
2020-08-03,3248.28
2020-08-04,3254.29
2020-08-05,3268.38
2020-08-06,3240.39
2020-08-07,3252.65
2020-08-10,3259.71
2020-08-11,3332.12
2020-08-12,3363.18
2020-08-13,3342.85
2020-08-14,3305.05
2020-08-17,3305.85
2020-08-18,3289.64
2020-08-19,3317.62
2020-08-20,3273.98
2020-08-21,3259.75
2020-08-24,3331.7399
2020-08-25,3329.71
2020-08-26,3356.76
2020-08-27,3331.04
2020-08-28,3315.54
2020-08-31,3272.51
2020-09-01,3277.58
2020-09-02,3337.77
2020-09-03,3304.2199
2020-09-04,3260.59
2020-09-07,3314.07
2020-09-08,3267.37
2020-09-09,3324.83
2020-09-10,3312.77
2020-09-11,3315.81
2020-09-14,3316.79
2020-09-15,3332.26
2020-09-16,3338.84
2020-09-17,3316.57
2020-09-18,3283.69
2020-09-21,3160.95
2020-09-22,3164.13
2020-09-23,3180.11
2020-09-24,3159.64
2020-09-25,3137.06
2020-09-28,3223.19
2020-09-29,3214.3
2020-09-30,3193.61
2020-10-01,3194.09
2020-10-02,3190.93
2020-10-05,3220.2199
2020-10-06,3233.3
2020-10-07,3233.43
2020-10-08,3255.76
2020-10-09,3273.12
2020-10-12,3298.12
2020-10-13,3279.19
2020-10-14,3273.28
2020-10-15,3192.69
2020-10-16,3245.4699
2020-10-19,3242.51
2020-10-20,3227.87
2020-10-21,3180.7
2020-10-22,3171.41
2020-10-23,3198.86
2020-10-26,3105.25
2020-10-27,3070.6
2020-10-28,2963.54
2020-10-29,2960.03
2020-10-30,2958.21
2020-11-02,3019.54
2020-11-03,3098.7199
2020-11-04,3161.07
2020-11-05,3215.56
2020-11-06,3204.05
2020-11-09,3407.91
2020-11-10,3442.62
2020-11-11,3467.3
2020-11-12,3428.2
2020-11-13,3432.07
2020-11-16,3466.21
2020-11-17,3468.48
2020-11-18,3482.17
2020-11-19,3451.97
2020-11-20,3467.6
2020-11-23,3463.04
2020-11-24,3507.98
2020-11-25,3511.9
2020-11-26,3510.94
2020-11-27,3527.79
2020-11-30,3492.54
2020-12-01,3525.24
2020-12-02,3521.32
2020-12-03,3517.1
2020-12-04,3539.27
2020-12-07,3530.08
2020-12-08,3525.87
2020-12-09,3529.02
2020-12-10,3522.31
2020-12-11,3485.84
2020-12-14,3503.96
2020-12-15,3521.5
2020-12-16,3543.0
2020-12-17,3560.87
2020-12-18,3545.74
2020-12-21,3448.68
2020-12-22,3497.49
2020-12-23,3539.26
2020-12-24,3543.28
2020-12-28,3575.41
2020-12-29,3581.37
2020-12-30,3571.59
2020-12-31,3552.64
2021-01-04,3564.39
2021-01-05,3547.85
2021-01-06,3611.08
2021-01-07,3622.42
2021-01-08,3645.05
2021-01-11,3620.62
2021-01-12,3612.13
2021-01-13,3616.51
2021-01-14,3641.37
2021-01-15,3599.55
2021-01-18,3602.67
2021-01-19,3595.42
2021-01-20,3624.04
2021-01-21,3618.35
2021-01-22,3602.41
2021-01-25,3553.14
2021-01-26,3592.83
2021-01-27,3536.38
2021-01-28,3557.04
2021-01-29,3481.44
2021-02-01,3530.85
2021-02-02,3590.46
2021-02-03,3609.75
2021-02-04,3642.12
2021-02-05,3655.77
2021-02-08,3665.51
2021-02-09,3661.13
2021-02-10,3648.37
2021-02-11,3671.68
2021-02-12,3695.61
2021-02-15,3734.2
2021-02-16,3726.4
2021-02-17,3699.85
2021-02-18,3681.04
2021-02-19,3713.46
2021-02-22,3699.85
2021-02-23,3689.1
2021-02-24,3705.99
2021-02-25,3685.28
2021-02-26,3636.44
2021-03-01,3706.62
2021-03-02,3707.72
2021-03-03,3712.78
2021-03-04,3704.85
2021-03-05,3669.54
2021-03-08,3763.24
2021-03-09,3786.05
2021-03-10,3819.92
2021-03-11,3845.64
2021-03-12,3833.36
2021-03-15,3829.84
2021-03-16,3850.96
2021-03-17,3849.74
2021-03-18,3867.54
2021-03-19,3837.02
2021-03-22,3833.84
2021-03-23,3827.02
2021-03-24,3832.55
2021-03-25,3832.57
2021-03-26,3866.68
2021-03-29,3882.87
2021-03-30,3926.2
2021-03-31,3919.21
2021-04-01,3945.96
2021-04-06,3970.42
2021-04-07,3956.77
2021-04-08,3977.83
2021-04-09,3978.84
2021-04-12,3961.9
2021-04-13,3966.99
2021-04-14,3976.28
2021-04-15,3993.43
2021-04-16,4032.99
2021-04-19,4019.91
2021-04-20,3940.46
2021-04-21,3976.41
2021-04-22,4014.8
2021-04-23,4013.34
2021-04-26,4020.83
2021-04-27,4011.91
2021-04-28,4015.03
2021-04-29,3996.9
2021-04-30,3974.74
2021-05-03,4000.25
2021-05-04,3924.8
2021-05-05,4002.79
2021-05-06,3999.44
2021-05-07,4034.25
2021-05-10,4023.35
2021-05-11,3946.06
2021-05-12,3947.43
2021-05-13,3952.45
2021-05-14,4017.44
2021-05-17,4006.84
2021-05-18,4005.34
2021-05-19,3936.74
2021-05-20,3999.91
2021-05-21,4025.78
2021-05-24,4035.58
2021-05-25,4036.04
2021-05-26,4031.67
2021-05-27,4039.21
2021-05-28,4070.56
2021-05-31,4039.46
2021-06-01,4071.75
2021-06-02,4088.5
2021-06-03,4079.24
2021-06-04,4089.38
2021-06-07,4097.65
2021-06-08,4096.01
2021-06-09,4096.85
2021-06-10,4096.07
2021-06-11,4126.7
2021-06-14,4132.67
2021-06-15,4143.52
2021-06-16,4151.76
2021-06-17,4158.14
2021-06-18,4083.37
2021-06-21,4112.33
2021-06-22,4123.13
2021-06-23,4075.94
2021-06-24,4122.43
2021-06-25,4120.66
2021-06-28,4089.91
2021-06-29,4107.51
2021-06-30,4064.3
2021-07-01,4078.89
2021-07-02,4084.31
2021-07-05,4087.37
2021-07-06,4052.67
2021-07-07,4078.53
2021-07-08,3991.66
2021-07-09,4068.09
2021-07-12,4093.38
2021-07-13,4094.56
2021-07-14,4099.5
2021-07-15,4056.39
2021-07-16,4035.77
2021-07-19,3928.53
2021-07-20,3956.34
2021-07-21,4026.68
2021-07-22,4059.05
2021-07-23,4109.1
2021-07-26,4102.59
2021-07-27,4064.83
2021-07-28,4103.03
2021-07-29,4116.77
2021-07-30,4089.3
2021-08-02,4116.62
2021-08-03,4117.95
2021-08-04,4144.9
2021-08-05,4161.08
2021-08-06,4174.54
2021-08-09,4177.15
2021-08-10,4187.82
2021-08-11,4206.33
2021-08-12,4226.33
2021-08-13,4229.7
2021-08-16,4202.4399
2021-08-17,4196.4
2021-08-18,4189.42
2021-08-19,4124.71
2021-08-20,4147.5
2021-08-23,4176.42
2021-08-24,4178.08
2021-08-25,4181.12
2021-08-26,4169.87
2021-08-27,4190.9799
2021-08-30,4198.8
2021-08-31,4196.41
2021-09-01,4227.27
2021-09-02,4232.1
2021-09-03,4201.9799
2021-09-06,4246.13
2021-09-07,4225.01
2021-09-08,4177.15
2021-09-09,4177.11
2021-09-10,4170.35
2021-09-13,4189.53
2021-09-14,4191.67
2021-09-15,4145.9399
2021-09-16,4169.87
2021-09-17,4130.84
2021-09-20,4043.63
2021-09-21,4097.51
2021-09-22,4150.1899
2021-09-23,4194.92
2021-09-24,4158.51
2021-09-27,4165.4799
2021-09-28,4058.82
2021-09-29,4080.22
2021-09-30,4048.08
2021-10-01,4035.3
2021-10-04,3996.41
2021-10-05,4065.43
2021-10-06,4012.65
2021-10-07,4098.34
2021-10-08,4073.29
2021-10-11,4072.52
2021-10-12,4055.09
2021-10-13,4083.28
2021-10-14,4149.06
2021-10-15,4182.91
2021-10-18,4151.4
2021-10-19,4166.83
2021-10-20,4172.17
2021-10-21,4155.7299
2021-10-22,4188.81
2021-10-25,4188.31
2021-10-26,4223.97
2021-10-27,4220.88
2021-10-28,4233.87
2021-10-29,4250.56
2021-11-01,4280.47
2021-11-02,4296.22
2021-11-03,4309.61
2021-11-04,4333.34
2021-11-05,4363.04
2021-11-08,4352.53
2021-11-09,4344.63
2021-11-10,4348.82
2021-11-11,4358.0
2021-11-12,4370.33
2021-11-15,4386.1899
2021-11-16,4401.49
2021-11-17,4400.81
2021-11-18,4383.7
2021-11-19,4356.47
2021-11-22,4338.6899
2021-11-23,4283.82
2021-11-24,4276.25
2021-11-25,4293.24
2021-11-26,4089.58
2021-11-29,4109.51
2021-11-30,4063.06
2021-12-01,4179.15
2021-12-02,4108.02
2021-12-03,4080.15
2021-12-06,4137.11
2021-12-07,4276.2
2021-12-08,4233.09
2021-12-09,4208.3
2021-12-10,4199.16
2021-12-13,4183.04
2021-12-14,4144.51
2021-12-15,4159.68
2021-12-16,4201.87
2021-12-17,4161.35
2021-12-20,4107.13
2021-12-21,4174.99
2021-12-22,4217.06
2021-12-23,4265.86
2021-12-24,4255.01
2021-12-27,4287.9799
2021-12-28,4311.93
2021-12-29,4284.83
2021-12-30,4306.07
2021-12-31,4298.41
2022-01-03,4331.82
2022-01-04,4367.62
2022-01-05,4392.15
2022-01-06,4324.81
2022-01-07,4305.83
2022-01-10,4239.52
2022-01-11,4281.54
2022-01-12,4316.39
2022-01-13,4315.9
2022-01-14,4272.1899
2022-01-17,4302.14
2022-01-18,4257.82
2022-01-19,4268.28
2022-01-20,4299.61
2022-01-21,4229.56
2022-01-24,4054.36
2022-01-25,4078.26
2022-01-26,4164.6
2022-01-27,4184.97
2022-01-28,4136.91
2022-01-31,4174.6
2022-02-01,4224.45
2022-02-02,4222.05
2022-02-03,4141.02
2022-02-04,4086.58
2022-02-07,4120.56
2022-02-08,4129.25
2022-02-09,4204.09
2022-02-10,4197.07
2022-02-11,4155.2299
2022-02-14,4064.45
2022-02-15,4143.71
2022-02-16,4137.22
2022-02-17,4113.1899
2022-02-18,4074.28
2022-02-21,3985.71
2022-02-22,3985.47
2022-02-23,3973.41
2022-02-24,3829.29
2022-02-25,3970.69
2022-02-28,3924.23
2022-03-01,3765.85
2022-03-02,3820.59
2022-03-03,3741.78
2022-03-04,3556.01
2022-03-07,3512.22
2022-03-08,3505.29
2022-03-09,3766.02
2022-03-10,3651.39
2022-03-11,3686.78
2022-03-14,3741.1
2022-03-15,3738.11
2022-03-16,3889.69
2022-03-17,3885.32
2022-03-18,3902.44
2022-03-21,3881.8
2022-03-22,3926.12
2022-03-23,3869.22
2022-03-24,3863.39
2022-03-25,3867.73
2022-03-28,3887.1
2022-03-29,4002.18
2022-03-30,3959.14
2022-03-31,3902.52
2022-04-01,3918.68
2022-04-04,3951.12
2022-04-05,3917.85
2022-04-06,3824.69
2022-04-07,3802.01
2022-04-08,3858.37
2022-04-11,3839.62
2022-04-12,3831.47
2022-04-13,3827.96
2022-04-14,3848.68
2022-04-19,3830.76
2022-04-20,3896.81
2022-04-21,3928.03
2022-04-22,3840.01
2022-04-25,3757.59
2022-04-26,3721.36
2022-04-27,3734.64
2022-04-28,3777.02
2022-04-29,3802.86
2022-05-02,3732.44
2022-05-03,3761.19
2022-05-04,3724.99
2022-05-05,3696.63
2022-05-06,3629.17
2022-05-09,3526.86
2022-05-10,3554.8
2022-05-11,3647.87
2022-05-12,3613.43
2022-05-13,3703.42
2022-05-16,3685.34
2022-05-17,3741.51
2022-05-18,3690.74
2022-05-19,3640.55
2022-05-20,3657.03
2022-05-23,3708.39
2022-05-24,3647.56
2022-05-25,3677.1
2022-05-26,3740.31
2022-05-27,3808.86
2022-05-30,3841.62
2022-05-31,3789.21
2022-06-01,3759.54
2022-06-02,3795.13
2022-06-03,3783.66
2022-06-06,3838.42
2022-06-07,3806.74
2022-06-08,3788.93
2022-06-09,3724.45
2022-06-10,3599.2
2022-06-13,3502.5
2022-06-14,3475.18
2022-06-15,3532.32
2022-06-16,3427.91
2022-06-17,3438.46
2022-06-20,3469.83
2022-06-21,3494.0
2022-06-22,3464.64
2022-06-23,3436.29
2022-06-24,3533.17
2022-06-27,3538.88
2022-06-28,3549.29
2022-06-29,3514.32
2022-06-30,3454.86
2022-07-01,3448.31
2022-07-04,3452.42
2022-07-05,3359.83
2022-07-06,3421.84
2022-07-07,3488.5
2022-07-08,3506.55
2022-07-11,3471.69
2022-07-12,3487.05
2022-07-13,3453.97
2022-07-14,3396.61
2022-07-15,3477.2
2022-07-18,3511.86
2022-07-19,3587.44
2022-07-20,3585.24
2022-07-21,3596.51
2022-07-22,3596.49
2022-07-25,3604.16
2022-07-26,3575.36
2022-07-27,3607.78
2022-07-28,3652.2
2022-07-29,3708.1
2022-08-01,3706.62
2022-08-02,3684.63
2022-08-03,3732.54
2022-08-04,3754.6
2022-08-05,3725.39
2022-08-08,3757.22
2022-08-09,3715.37
2022-08-10,3749.35
2022-08-11,3757.05
2022-08-12,3776.81
2022-08-15,3789.62
2022-08-16,3805.22
2022-08-17,3756.06
2022-08-18,3777.38
2022-08-19,3730.32
2022-08-22,3658.22
2022-08-23,3652.52
2022-08-24,3667.46
2022-08-25,3674.54
2022-08-26,3603.68
2022-08-29,3570.51
2022-08-30,3561.92
2022-08-31,3517.25
2022-09-01,3456.7
2022-09-02,3544.38
2022-09-05,3490.01
2022-09-06,3500.14
2022-09-07,3502.09
2022-09-08,3512.38
2022-09-09,3570.04
2022-09-12,3646.51
2022-09-13,3586.18
2022-09-14,3567.56
2022-09-15,3541.79
2022-09-16,3500.41
2022-09-19,3499.49
2022-09-20,3467.09
2022-09-21,3491.87
2022-09-22,3427.14
2022-09-23,3348.6
2022-09-26,3342.56
2022-09-27,3328.65
2022-09-28,3335.3
2022-09-29,3279.04
2022-09-30,3318.2
2022-10-03,3342.17
2022-10-04,3484.48
2022-10-05,3447.72
2022-10-06,3433.45
2022-10-07,3375.46
2022-10-10,3356.88
2022-10-11,3340.35
2022-10-12,3331.53
2022-10-13,3362.4
2022-10-14,3381.73
2022-10-17,3441.64
2022-10-18,3463.83
2022-10-19,3471.24
2022-10-20,3492.85
2022-10-21,3476.63
2022-10-24,3527.79
2022-10-25,3585.58
2022-10-26,3605.31
2022-10-27,3604.51
2022-10-28,3613.02
2022-10-31,3617.54
2022-11-01,3651.02
2022-11-02,3622.01
2022-11-03,3593.18
2022-11-04,3688.33
2022-11-07,3708.8
2022-11-08,3739.28
2022-11-09,3728.03
2022-11-10,3846.56
2022-11-11,3868.5
2022-11-14,3887.51
2022-11-15,3915.09
2022-11-16,3882.78
2022-11-17,3878.42
2022-11-18,3924.84
2022-11-21,3909.28
2022-11-22,3929.9
2022-11-23,3946.44
2022-11-24,3961.99
2022-11-25,3962.41
2022-11-28,3935.51
2022-11-29,3934.44
2022-11-30,3964.72
2022-12-01,3984.5
2022-12-02,3977.9
2022-12-05,3956.53
2022-12-06,3939.19
2022-12-07,3920.9
2022-12-08,3921.27
2022-12-09,3942.62
2022-12-12,3921.82
2022-12-13,3986.83
2022-12-14,3975.26
2022-12-15,3835.7
2022-12-16,3804.02
2022-12-19,3811.24
2022-12-20,3802.49
2022-12-21,3872.15
2022-12-22,3823.29
2022-12-23,3817.01
2022-12-27,3832.89
2022-12-28,3808.82
2022-12-29,3850.07
2022-12-30,3793.62
2023-01-02,3856.09
2023-01-03,3882.29
2023-01-04,3973.97
2023-01-05,3959.48
2023-01-06,4017.83
2023-01-09,4068.62
2023-01-10,4057.46
2023-01-11,4099.76
2023-01-12,4126.68
2023-01-13,4150.8
2023-01-16,4157.0
2023-01-17,4174.33
2023-01-18,4174.34
2023-01-19,4094.28
2023-01-20,4119.9
2023-01-23,4150.82
2023-01-24,4153.02
2023-01-25,4148.11
2023-01-26,4173.9799
2023-01-27,4178.01
2023-01-30,4158.63
2023-01-31,4163.45
2023-02-01,4171.4399
2023-02-02,4241.12
2023-02-03,4257.9799
2023-02-06,4205.45
2023-02-07,4209.31
2023-02-08,4209.15
2023-02-09,4250.14
2023-02-10,4197.9399
2023-02-13,4241.36
2023-02-14,4238.76
2023-02-15,4280.04
2023-02-16,4297.24
2023-02-17,4274.92
2023-02-20,4271.18
2023-02-21,4250.4
2023-02-22,4242.88
2023-02-23,4258.16
2023-02-24,4178.82
2023-02-27,4248.01
2023-02-28,4238.38
2023-03-01,4215.75
2023-03-02,4240.59
2023-03-03,4294.8
2023-03-06,4313.78
2023-03-07,4278.96
2023-03-08,4288.45
2023-03-09,4286.12
2023-03-10,4229.53
2023-03-13,4096.54
2023-03-14,4179.47
2023-03-15,4034.92
2023-03-16,4116.9799
2023-03-17,4064.99
2023-03-20,4119.42
2023-03-21,4181.6
2023-03-22,4195.7
2023-03-23,4207.14
2023-03-24,4130.62
2023-03-27,4164.62
2023-03-28,4168.21
2023-03-29,4231.27
2023-03-30,4285.42
2023-03-31,4315.05
2023-04-03,4311.05
2023-04-04,4315.32
2023-04-05,4298.36
2023-04-06,4309.45
2023-04-11,4333.29
2023-04-12,4334.03
2023-04-13,4363.24
2023-04-14,4390.75
2023-04-17,4367.61
2023-04-18,4393.95
2023-04-19,4393.57
2023-04-20,4384.86
2023-04-21,4408.59
2023-04-24,4401.8
2023-04-25,4377.85
2023-04-26,4347.71
2023-04-27,4358.05
2023-04-28,4359.31
2023-05-01,4359.31
2023-05-02,4294.85
2023-05-03,4310.18
2023-05-04,4287.03
2023-05-05,4340.43
2023-05-08,4348.65
2023-05-09,4323.09
2023-05-10,4306.76
2023-05-11,4309.75
2023-05-12,4317.88
2023-05-15,4316.41
2023-05-16,4315.51
2023-05-17,4323.2299
2023-05-18,4367.45
2023-05-19,4395.3
2023-05-22,4385.63
2023-05-23,4342.38
2023-05-24,4263.74
2023-05-25,4269.64
2023-05-26,4337.5
2023-05-29,4320.01
2023-05-30,4291.58
2023-05-31,4218.04
2023-06-01,4257.61
2023-06-02,4323.52
2023-06-05,4293.24
2023-06-06,4295.22
2023-06-07,4291.91
2023-06-08,4297.68
2023-06-09,4289.79
2023-06-12,4316.49
2023-06-13,4347.55
2023-06-14,4375.9799
2023-06-15,4365.12
2023-06-16,4394.82
2023-06-19,4362.38
2023-06-20,4343.14
2023-06-21,4322.75
2023-06-22,4304.47
2023-06-23,4271.61
2023-06-26,4280.57
2023-06-27,4305.26
2023-06-28,4344.75
2023-06-29,4354.6899
2023-06-30,4399.09
2023-07-03,4398.15
2023-07-04,4390.99
2023-07-05,4350.71
2023-07-06,4223.09
2023-07-07,4236.6
2023-07-10,4256.51
2023-07-11,4286.56
2023-07-12,4360.46
2023-07-13,4391.76
2023-07-14,4400.11
2023-07-17,4356.79
2023-07-18,4369.7299
2023-07-19,4362.28
2023-07-20,4373.7299
2023-07-21,4391.41
2023-07-24,4383.03
2023-07-25,4391.3
2023-07-26,4346.15
2023-07-27,4447.4399
2023-07-28,4466.5
2023-07-31,4471.31
2023-08-01,4407.54
2023-08-02,4336.5
2023-08-03,4304.63
2023-08-04,4332.91
2023-08-07,4337.5
2023-08-08,4288.85
2023-08-09,4317.33
2023-08-10,4384.04
2023-08-11,4321.33
2023-08-14,4330.2299
2023-08-15,4288.57
2023-08-16,4284.27
2023-08-17,4227.83
2023-08-18,4212.95
2023-08-21,4224.87
2023-08-22,4260.37
2023-08-23,4266.67
2023-08-24,4232.22
2023-08-25,4236.25
2023-08-28,4293.6899
2023-08-29,4326.47
2023-08-30,4315.31
2023-08-31,4297.11
2023-09-01,4282.64
2023-09-04,4279.87
2023-09-05,4269.16
2023-09-06,4238.26
2023-09-07,4221.02
2023-09-08,4237.1899
2023-09-11,4254.33
2023-09-12,4242.27
2023-09-13,4223.4799
2023-09-14,4279.75
2023-09-15,4295.05
2023-09-18,4245.88
2023-09-19,4242.7
2023-09-20,4275.9799
2023-09-21,4212.59
2023-09-22,4207.16
2023-09-25,4167.37
2023-09-26,4129.18
2023-09-27,4131.68
2023-09-28,4161.56
2023-09-29,4174.66
2023-10-02,4137.63
2023-10-03,4095.59
2023-10-04,4099.85
2023-10-05,4099.81
2023-10-06,4144.43
2023-10-09,4112.57
2023-10-10,4205.2299
2023-10-11,4200.8
2023-10-12,4198.2299
2023-10-13,4136.12
2023-10-16,4149.86
2023-10-17,4152.32
2023-10-18,4105.86
2023-10-19,4090.33
2023-10-20,4024.68
2023-10-23,4041.75
2023-10-24,4065.37
2023-10-25,4073.35
2023-10-26,4049.4
2023-10-27,4014.36
2023-10-30,4028.32
2023-10-31,4061.12
2023-11-01,4091.71
2023-11-02,4169.62
2023-11-03,4174.67
2023-11-06,4158.64
2023-11-07,4153.37
2023-11-08,4178.49
2023-11-09,4229.2
2023-11-10,4197.36
2023-11-13,4232.1899
2023-11-14,4291.72
2023-11-15,4315.53
2023-11-16,4302.45
2023-11-17,4340.77
2023-11-20,4342.41
2023-11-21,4331.9
2023-11-22,4352.02
2023-11-23,4361.32
2023-11-24,4372.1
2023-11-27,4354.41
2023-11-28,4348.02
2023-11-29,4370.53
2023-11-30,4382.47
2023-12-01,4418.51
2023-12-04,4414.95
2023-12-05,4452.77
2023-12-06,4483.26
2023-12-07,4473.77
2023-12-08,4523.31
2023-12-11,4540.1899
2023-12-12,4536.61
2023-12-13,4530.1899
2023-12-14,4539.16
2023-12-15,4549.4399
2023-12-18,4521.13
2023-12-19,4535.4
2023-12-20,4533.82
2023-12-21,4524.86
2023-12-22,4521.47
2023-12-27,4528.38
2023-12-28,4514.38
2023-12-29,4521.4399
2024-01-02,4512.81
2024-01-03,4448.13
2024-01-04,4474.01
2024-01-05,4463.51
2024-01-08,4485.4799
2024-01-09,4467.17
2024-01-10,4468.9799
2024-01-11,4442.28
2024-01-12,4480.02
2024-01-15,4454.68
2024-01-16,4446.51
2024-01-17,4403.08
2024-01-18,4453.05
2024-01-19,4448.83
2024-01-22,4480.32
2024-01-23,4465.91
2024-01-24,4564.11
2024-01-25,4582.26
2024-01-26,4635.47
2024-01-29,4639.36
2024-01-30,4662.7
2024-01-31,4648.4
2024-02-01,4638.6
2024-02-02,4654.55
2024-02-05,4655.27
2024-02-06,4690.87
2024-02-07,4678.85
2024-02-08,4710.78
2024-02-09,4715.87
2024-02-12,4746.35
2024-02-13,4689.28
2024-02-14,4709.22
2024-02-15,4743.17
2024-02-16,4765.65
2024-02-19,4763.07
2024-02-20,4760.28
2024-02-21,4775.31
2024-02-22,4855.36
2024-02-23,4872.57
2024-02-26,4864.29
2024-02-27,4885.74
2024-02-28,4883.77
2024-02-29,4877.77
2024-03-01,4894.86
2024-03-04,4912.92
2024-03-05,4893.07
2024-03-06,4915.49
2024-03-07,4974.22
2024-03-08,4961.11
2024-03-11,4930.42
2024-03-12,4983.2
2024-03-13,5000.55
2024-03-14,4993.12
2024-03-15,4986.02
2024-03-18,4982.76
2024-03-19,5007.92
2024-03-20,5000.31
2024-03-21,5052.31
2024-03-22,5031.15
2024-03-25,5044.1899
2024-03-26,5064.18
2024-03-27,5081.74
2024-03-28,5083.42
2024-04-02,5042.0
2024-04-03,5069.25
2024-04-04,5070.76
2024-04-05,5014.75
2024-04-08,5046.05
2024-04-09,4990.9
2024-04-10,5000.83
2024-04-11,4966.68
2024-04-12,4955.01
2024-04-15,4984.4799
2024-04-16,4916.99
2024-04-17,4914.13
2024-04-18,4936.57
2024-04-19,4918.09
2024-04-22,4936.85
2024-04-23,5008.17
2024-04-24,4989.88
2024-04-25,4939.01
2024-04-26,5006.85
2024-04-29,4981.09
2024-04-30,4921.22
2024-05-01,4921.22
2024-05-02,4890.61
2024-05-03,4921.4799
2024-05-06,4956.96
2024-05-07,5016.1
2024-05-08,5038.17
2024-05-09,5054.41
2024-05-10,5085.08
2024-05-13,5078.96
2024-05-14,5080.29
2024-05-15,5100.9
2024-05-16,5072.45
2024-05-17,5064.14
2024-05-20,5074.34
2024-05-21,5046.99
2024-05-22,5025.17
2024-05-23,5037.6
2024-05-24,5035.41
2024-05-27,5059.2
2024-05-28,5030.35
2024-05-29,4963.2
2024-05-30,4982.18
2024-05-31,4983.67
2024-06-03,5003.54
2024-06-04,4953.37
2024-06-05,5035.66
2024-06-06,5069.09
2024-06-07,5051.31
2024-06-10,5016.4799
2024-06-11,4965.09
2024-06-12,5034.43
2024-06-13,4935.5
2024-06-14,4839.14
2024-06-17,4880.42
2024-06-18,4915.47
2024-06-19,4885.45
2024-06-20,4947.7299
2024-06-21,4907.3
2024-06-24,4950.9799
2024-06-25,4935.97
2024-06-26,4915.9399
2024-06-27,4902.6
2024-06-28,4894.02
2024-07-01,4929.99
2024-07-02,4906.33
2024-07-03,4965.8
2024-07-04,4987.4799
2024-07-05,4979.39
2024-07-08,4969.83
2024-07-09,4903.62
2024-07-10,4958.86
2024-07-11,4976.13
2024-07-12,5043.02
2024-07-15,4983.11
2024-07-16,4947.83
2024-07-17,4891.46
2024-07-18,4870.12
2024-07-19,4827.24
2024-07-22,4897.4399
2024-07-23,4916.8
2024-07-24,4861.87
2024-07-25,4811.28
2024-07-26,4862.5
2024-07-29,4815.39
2024-07-30,4841.0
2024-07-31,4872.9399
2024-08-01,4765.72
2024-08-02,4638.7
2024-08-05,4571.6
2024-08-06,4575.22
2024-08-07,4668.06
2024-08-08,4668.74
2024-08-09,4675.28
2024-08-12,4671.88
2024-08-13,4694.92
2024-08-14,4727.6
2024-08-15,4807.77
2024-08-16,4840.52
2024-08-19,4871.41
2024-08-20,4857.58
2024-08-21,4885.28
2024-08-22,4885.0
2024-08-23,4909.2
2024-08-26,4896.6899
2024-08-27,4898.78
2024-08-28,4913.03
2024-08-29,4966.27
2024-08-30,4957.9799
2024-09-02,4973.07
2024-09-03,4912.52
2024-09-04,4848.18
2024-09-05,4815.15
2024-09-06,4738.06
2024-09-09,4778.66
2024-09-10,4747.2
2024-09-11,4763.58
2024-09-12,4814.08
2024-09-13,4843.99
2024-09-16,4827.63
2024-09-17,4860.78
2024-09-18,4835.3
2024-09-19,4943.38
2024-09-20,4871.54
2024-09-23,4885.57
2024-09-24,4940.72
2024-09-25,4916.89
2024-09-26,5032.59
2024-09-27,5067.45
2024-09-30,5000.45
2024-10-01,4954.15
2024-10-02,4963.29
2024-10-03,4921.33
2024-10-04,4954.9399
2024-10-07,4969.71
2024-10-08,4949.0
2024-10-09,4982.57
2024-10-10,4970.34
2024-10-11,5003.92
2024-10-14,5041.01
2024-10-15,4946.7299
2024-10-16,4908.71
2024-10-17,4947.3
2024-10-18,4986.27
2024-10-21,4941.22
2024-10-22,4939.31
2024-10-23,4922.55
2024-10-24,4935.45
2024-10-25,4943.09
2024-10-28,4969.83
2024-10-29,4950.02
2024-10-30,4885.75
2024-10-31,4827.63
2024-11-01,4877.75
2024-11-04,4852.1
2024-11-05,4870.33
2024-11-06,4800.63
2024-11-07,4851.96
2024-11-08,4802.76
2024-11-11,4854.03
2024-11-12,4744.6899
2024-11-13,4740.34
2024-11-14,4833.53
2024-11-15,4794.85
2024-11-18,4790.33
2024-11-19,4751.2299
2024-11-20,4729.71
2024-11-21,4755.83
2024-11-22,4789.08
2024-11-25,4799.87
2024-11-26,4761.99
2024-11-27,4733.15
2024-11-28,4758.65
2024-11-29,4804.4
2024-12-02,4846.7299
2024-12-03,4878.51
2024-12-04,4919.02
2024-12-05,4951.58
2024-12-06,4977.78
2024-12-09,4985.46
2024-12-10,4951.74
2024-12-11,4959.35
2024-12-12,4965.53
2024-12-13,4967.95
2024-12-16,4947.03
2024-12-17,4942.58
2024-12-18,4957.28
2024-12-19,4879.0
2024-12-20,4862.28
2024-12-23,4852.93
2024-12-24,4857.86
2024-12-27,4898.88
2024-12-30,4869.28
2024-12-31,4895.9799
2025-01-02,4917.88
2025-01-03,4871.45
2025-01-06,4986.64
2025-01-07,5011.82
2025-01-08,4996.39
2025-01-09,5017.91
2025-01-10,4977.26
2025-01-13,4954.21
2025-01-14,4980.47
2025-01-15,5032.31
2025-01-16,5106.93
2025-01-17,5148.3
2025-01-20,5164.4399
2025-01-21,5165.96
2025-01-22,5205.83
2025-01-23,5217.5
2025-01-24,5219.37
2025-01-27,5188.45
2025-01-28,5195.71
2025-01-29,5230.66
2025-01-30,5282.21
2025-01-31,5286.87
2025-02-03,5217.91
2025-02-04,5264.59
2025-02-05,5271.12
2025-02-06,5356.63
2025-02-07,5325.4
2025-02-10,5358.3
2025-02-11,5390.91
2025-02-12,5405.65
2025-02-13,5500.5
2025-02-14,5493.4
2025-02-17,5519.83
2025-02-18,5533.84
2025-02-19,5461.17
2025-02-20,5461.03
2025-02-21,5474.85
2025-02-24,5453.76
2025-02-25,5447.9
2025-02-26,5527.99
2025-02-27,5472.56
2025-02-28,5463.54
2025-03-03,5540.6899
2025-03-04,5387.31
2025-03-05,5489.12
2025-03-06,5520.47
2025-03-07,5468.41
2025-03-10,5386.9799
2025-03-11,5309.9
2025-03-12,5359.42
2025-03-13,5328.39
2025-03-14,5404.18
2025-03-17,5445.55
2025-03-18,5485.01
2025-03-19,5507.36
2025-03-20,5450.93
2025-03-21,5423.83
2025-03-24,5415.79
2025-03-25,5475.08
2025-03-26,5411.6899
2025-03-27,5381.08
2025-03-28,5331.4
2025-03-31,5248.39
2025-04-01,5320.3
2025-04-02,5303.95
2025-04-03,5113.28
2025-04-04,4878.31
2025-04-07,4656.41
2025-04-08,4773.65
2025-04-09,4622.14
2025-04-10,4818.92
2025-04-11,4787.2299
2025-04-14,4911.39
2025-04-15,4970.43
2025-04-16,4966.5
2025-04-17,4935.34
2025-04-22,4961.45
2025-04-23,5098.74
2025-04-24,5114.9799
2025-04-25,5154.12
2025-04-28,5170.49
2025-04-29,5161.9
2025-04-30,5160.22
2025-05-01,5160.22
2025-05-02,5285.1899
2025-05-05,5283.05
2025-05-06,5263.38
2025-05-07,5230.1899
2025-05-08,5288.9399
2025-05-09,5309.74
2025-05-12,5392.36
2025-05-13,5416.21
2025-05-14,5403.4399
2025-05-15,5412.08
2025-05-16,5427.53
2025-05-19,5427.2299
2025-05-20,5454.65
2025-05-21,5454.46
2025-05-22,5424.4799
2025-05-23,5326.31
2025-05-26,5395.33
2025-05-27,5415.45
2025-05-28,5378.39
2025-05-29,5371.1
2025-05-30,5366.59
2025-06-02,5355.56
2025-06-03,5375.7
2025-06-04,5405.15
2025-06-05,5410.55
2025-06-06,5430.17
2025-06-09,5421.52
2025-06-10,5415.38
2025-06-11,5393.15
2025-06-12,5360.82
2025-06-13,5290.47
2025-06-16,5339.57
2025-06-17,5288.68
2025-06-18,5266.91
2025-06-19,5197.03
2025-06-20,5233.58
2025-06-23,5221.9
2025-06-24,5297.07
2025-06-25,5252.01
2025-06-26,5244.03
2025-06-27,5325.64
2025-06-30,5303.24
2025-07-01,5282.43
2025-07-02,5318.72
2025-07-03,5343.15
2025-07-04,5288.81
2025-07-07,5341.54
2025-07-08,5371.95
2025-07-09,5445.65
2025-07-10,5438.27
2025-07-11,5383.4799
2025-07-14,5370.85
2025-07-15,5354.17
2025-07-16,5298.07
2025-07-17,5377.15
2025-07-18,5359.2299
2025-07-21,5342.9799
2025-07-22,5290.4799
2025-07-23,5344.25
2025-07-24,5355.2
2025-07-25,5352.16
2025-07-28,5337.58
2025-07-29,5379.2
2025-07-30,5393.18
2025-07-31,5319.92
2025-08-01,5165.6
2025-08-04,5242.32
2025-08-05,5249.59
2025-08-06,5263.29
2025-08-07,5332.07
2025-08-08,5347.74
2025-08-11,5331.85
2025-08-12,5335.97
2025-08-13,5388.25
2025-08-14,5434.7
2025-08-15,5448.61
2025-08-18,5434.64
2025-08-19,5483.28
2025-08-20,5472.32
2025-08-21,5462.16
2025-08-22,5488.2299
2025-08-25,5443.96
2025-08-26,5383.68
2025-08-27,5393.07
2025-08-28,5396.7299
2025-08-29,5351.7299
2025-09-01,5367.08
2025-09-02,5291.04
2025-09-03,5325.01
2025-09-04,5346.71
2025-09-05,5318.15
2025-09-08,5362.81
2025-09-09,5368.82
2025-09-10,5361.47
2025-09-11,5386.77
2025-09-12,5390.71
2025-09-15,5440.4
2025-09-16,5372.31
2025-09-17,5369.7
2025-09-18,5456.67
2025-09-19,5458.42
2025-09-22,5442.05
2025-09-23,5472.39
2025-09-24,5464.56
2025-09-25,5444.89
2025-09-26,5499.7
2025-09-29,5506.85
2025-09-30,5529.96
2025-10-01,5581.21
2025-10-02,5645.81
2025-10-03,5651.71
2025-10-06,5628.72
2025-10-07,5613.62
2025-10-08,5649.7299
2025-10-09,5625.56
2025-10-10,5531.32
2025-10-13,5568.1899
2025-10-14,5552.05
2025-10-15,5605.03
2025-10-16,5652.01
2025-10-17,5607.39
2025-10-20,5680.93
2025-10-21,5686.83
2025-10-22,5639.21
2025-10-23,5668.33
2025-10-24,5674.5
2025-10-27,5711.06
2025-10-28,5704.35
2025-10-29,5705.81
2025-10-30,5699.18
2025-10-31,5662.04
2025-11-03,5679.25
2025-11-04,5660.2
2025-11-05,5669.13
2025-11-06,5611.18
2025-11-07,5566.53
2025-11-10,5664.46
2025-11-11,5725.7
2025-11-12,5787.31
2025-11-13,5742.79
2025-11-14,5693.77
2025-11-17,5640.9399
2025-11-18,5534.71
2025-11-19,5542.05
2025-11-20,5569.92
2025-11-21,5515.09
2025-11-24,5528.67
2025-11-25,5573.91
2025-11-26,5655.58
2025-11-27,5653.17
2025-11-28,5668.17
2025-12-01,5667.4799
2025-12-02,5686.17
2025-12-03,5694.56
2025-12-04,5718.08
2025-12-05,5723.93
2025-12-08,5725.59
2025-12-09,5718.32
2025-12-10,5708.12
2025-12-11,5753.96
2025-12-12,5720.71
2025-12-15,5752.52
2025-12-16,5717.83
2025-12-17,5681.67
2025-12-18,5741.71
2025-12-19,5760.35
2025-12-22,5743.6899
2025-12-23,5749.28
2025-12-24,5746.24
2025-12-29,5751.71
2025-12-30,5796.22
2025-12-31,5791.41
2026-01-02,5850.38
2026-01-05,5923.6899
2026-01-06,5931.79
2026-01-07,5923.57
2026-01-08,5904.32
2026-01-09,5997.47
2026-01-12,6016.3
2026-01-13,6029.83
2026-01-14,6005.05
2026-01-15,6041.14
2026-01-16,6029.45
2026-01-19,5925.82
2026-01-20,5892.08
2026-01-21,5882.88
2026-01-22,5956.17
2026-01-23,5948.2
2026-01-26,5957.8
2026-01-27,5994.59
2026-01-28,5933.2
2026-01-29,5891.95
2026-01-30,5947.81
2026-02-02,6007.51
2026-02-03,5995.35
2026-02-04,5970.47
2026-02-05,5925.7
2026-02-06,5998.4
2026-02-09,6059.01
2026-02-10,6047.06
2026-02-11,6035.64
2026-02-12,6011.29
2026-02-13,5985.2299
2026-02-16,5978.88
2026-02-17,6021.85
2026-02-18,6103.37
2026-02-19,6059.62
2026-02-20,6131.31
2026-02-23,6113.92
2026-02-24,6116.6
2026-02-25,6173.32
2026-02-26,6161.56
2026-02-27,6138.41
2026-03-02,5986.93
2026-03-03,5771.7299
2026-03-04,5870.92
2026-03-05,5782.89
2026-03-06,5719.9
2026-03-09,5685.2
2026-03-10,5837.17
2026-03-11,5794.68
2026-03-12,5748.89
2026-03-13,5716.61
2026-03-16,5739.01
2026-03-17,5769.25
2026-03-18,5736.85
2026-03-19,5613.83
2026-03-20,5501.28
2026-03-23,5574.32
2026-03-24,5581.29
2026-03-25,5649.33
2026-03-26,5565.93
2026-03-27,5505.8
2026-03-30,5541.79
2026-03-31,5569.7299
2026-04-01,5732.71
2026-04-02,5692.86
2026-04-07,5633.22
2026-04-08,5913.37
2026-04-09,5896.29
2026-04-10,5926.11
2026-04-13,5905.02
2026-04-14,5984.51
2026-04-15,5940.34
2026-04-16,5933.28
2026-04-17,6057.71
2026-04-20,5982.63
2026-04-21,5930.25
2026-04-22,5906.22
2026-04-23,5894.7299
2026-04-24,5883.4799
2026-04-27,5860.32
2026-04-28,5836.1
2026-04-29,5816.48
2026-04-30,5881.51
2026-05-01,5881.51
2026-05-04,5763.61
2026-05-05,5869.63
2026-05-06,6027.13
2026-05-07,5972.65
2026-05-08,5911.53
2026-05-11,5895.45
2026-05-12,5808.45
2026-05-13,5861.07
2026-05-14,5934.96
2026-05-15,5827.76
2026-05-18,5849.0
2026-05-19,5851.16
2026-05-20,5976.07
2026-05-21,5960.32
2026-05-22,6019.45
2026-05-25,6136.66
2026-05-26,6064.15
2026-05-27,6070.54
2026-05-28,6055.11
2026-05-29,6050.54
2026-06-01,6034.95
2026-06-02,6107.85
2026-06-03,6053.57
2026-06-04,6103.33
2026-06-05,6062.07
2026-06-08,6062.29
2026-06-09,6049.74
2026-06-10,6009.95
2026-06-11,6056.96
2026-06-12,6187.63
2026-06-15,6229.43
2026-06-16,6257.42
2026-06-17,6300.07
2026-06-18,6323.27
2026-06-19,6293.13
2026-06-22,6311.32
2026-06-23,6230.55
2026-06-24,6214.7
2026-06-25,6267.53
2026-06-26,6221.55
2026-06-29,6231.63
2026-06-30,6328.09
2026-07-01,6282.5
2026-07-02,6360.47
2026-07-03,6412.68
2026-07-06,6398.01
2026-07-07,6319.86
2026-07-08,6204.91
2026-07-09,6284.27
2026-07-10,6269.97
2026-07-13,6271.02
2026-07-14,6280.19
2026-07-15,6265.58
2026-07-16,6283.61
2026-07-17,6230.87
2026-07-20,6227.4
2026-07-21,6285.63
2026-07-22,6316.99
2026-07-23,6210.17
2026-07-24,6280.94
