Nom,STOXX® Europe 600 (Price Return EUR)
ISIN,EU0009658202
Symbole,SXXP
Source,https://stoxx.com/index/sxxp/?factsheet=true
Date,Close
1986-12-31,82.76
1987-01-01,82.76
1987-01-02,82.57
1987-01-05,82.82
1987-01-06,83.28
1987-01-07,83.78
1987-01-08,83.52
1987-01-09,83.03
1987-01-12,83.64
1987-01-13,83.0
1987-01-14,82.99
1987-01-15,83.77
1987-01-16,84.15
1987-01-19,83.39
1987-01-20,83.5
1987-01-21,83.35
1987-01-22,83.48
1987-01-23,84.12
1987-01-26,83.38
1987-01-27,83.64
1987-01-28,81.87
1987-01-29,82.31
1987-01-30,83.2
1987-02-02,83.03
1987-02-03,82.31
1987-02-04,82.72
1987-02-05,82.89
1987-02-06,83.87
1987-02-09,84.03
1987-02-10,82.91
1987-02-11,83.31
1987-02-12,83.22
1987-02-13,83.75
1987-02-16,84.22
1987-02-17,84.24
1987-02-18,84.73
1987-02-19,84.75
1987-02-20,85.26
1987-02-23,84.74
1987-02-24,84.96
1987-02-25,84.99
1987-02-26,85.39
1987-02-27,85.73
1987-03-02,86.22
1987-03-03,86.1
1987-03-04,86.98
1987-03-05,87.63
1987-03-06,87.65
1987-03-09,87.76
1987-03-10,87.49
1987-03-11,87.37
1987-03-12,87.83
1987-03-13,87.73
1987-03-16,87.47
1987-03-17,87.66
1987-03-18,88.34
1987-03-19,87.27
1987-03-20,87.83
1987-03-23,88.7
1987-03-24,89.49
1987-03-25,89.45
1987-03-26,89.74
1987-03-27,90.39
1987-03-30,89.01
1987-03-31,88.4
1987-04-01,88.66
1987-04-02,89.1
1987-04-03,89.06
1987-04-06,90.31
1987-04-07,89.88
1987-04-08,89.67
1987-04-09,89.4
1987-04-10,88.31
1987-04-13,87.49
1987-04-14,87.53
1987-04-15,88.2
1987-04-16,89.22
1987-04-17,89.24
1987-04-20,89.15
1987-04-21,88.82
1987-04-22,89.67
1987-04-23,89.82
1987-04-24,90.12
1987-04-27,89.01
1987-04-28,89.84
1987-04-29,90.42
1987-04-30,90.73
1987-05-01,91.14
1987-05-04,91.03
1987-05-05,90.72
1987-05-06,91.32
1987-05-07,91.37
1987-05-08,92.35
1987-05-11,93.12
1987-05-12,92.28
1987-05-13,92.97
1987-05-14,93.28
1987-05-15,91.97
1987-05-18,92.35
1987-05-19,92.53
1987-05-20,91.32
1987-05-21,90.87
1987-05-22,91.04
1987-05-25,91.04
1987-05-26,91.11
1987-05-27,90.89
1987-05-28,91.32
1987-05-29,92.05
1987-06-01,92.9
1987-06-02,92.1
1987-06-03,92.25
1987-06-04,92.02
1987-06-05,92.02
1987-06-08,92.01
1987-06-09,92.79
1987-06-10,92.15
1987-06-11,92.94
1987-06-12,93.7
1987-06-15,94.53
1987-06-16,95.05
1987-06-17,95.29
1987-06-18,94.7
1987-06-19,94.43
1987-06-22,94.36
1987-06-23,94.98
1987-06-24,94.88
1987-06-25,94.93
1987-06-26,95.51
1987-06-29,95.33
1987-06-30,95.19
1987-07-01,94.65
1987-07-02,95.7
1987-07-03,97.03
1987-07-06,97.51
1987-07-07,97.68
1987-07-08,97.94
1987-07-09,98.04
1987-07-10,98.32
1987-07-13,98.46
1987-07-14,99.01
1987-07-15,99.61
1987-07-16,100.34
1987-07-17,100.58
1987-07-20,100.24
1987-07-21,99.74
1987-07-22,98.67
1987-07-23,98.31
1987-07-24,98.54
1987-07-27,98.23
1987-07-28,99.26
1987-07-29,100.2
1987-07-30,100.44
1987-07-31,99.93
1987-08-03,99.43
1987-08-04,98.96
1987-08-05,98.96
1987-08-06,98.29
1987-08-07,97.58
1987-08-10,97.65
1987-08-11,97.89
1987-08-12,98.97
1987-08-13,98.9
1987-08-14,99.12
1987-08-17,98.42
1987-08-18,97.31
1987-08-19,96.42
1987-08-20,96.75
1987-08-21,97.39
1987-08-24,97.21
1987-08-25,97.42
1987-08-26,97.46
1987-08-27,97.6
1987-08-28,97.84
1987-08-31,97.98
1987-09-01,98.84
1987-09-02,98.27
1987-09-03,98.33
1987-09-04,98.24
1987-09-07,97.93
1987-09-08,97.56
1987-09-09,97.03
1987-09-10,97.53
1987-09-11,97.96
1987-09-14,98.32
1987-09-15,98.15
1987-09-16,98.22
1987-09-17,98.94
1987-09-18,99.21
1987-09-21,99.16
1987-09-22,98.96
1987-09-23,100.15
1987-09-24,99.07
1987-09-25,99.42
1987-09-28,100.42
1987-09-29,100.35
1987-09-30,100.16
1987-10-01,100.6
1987-10-02,101.24
1987-10-05,101.7
1987-10-06,101.18
1987-10-07,100.58
1987-10-08,101.12
1987-10-09,100.45
1987-10-12,99.3
1987-10-13,99.75
1987-10-14,99.1
1987-10-15,97.79
1987-10-16,97.04
1987-10-19,88.79
1987-10-20,81.65
1987-10-21,86.46
1987-10-22,82.75
1987-10-23,81.07
1987-10-26,75.63
1987-10-27,76.29
1987-10-28,73.16
1987-10-29,72.7
1987-10-30,76.32
1987-11-02,75.69
1987-11-03,73.65
1987-11-04,71.41
1987-11-05,71.5
1987-11-06,71.38
1987-11-09,68.96
1987-11-10,66.69
1987-11-11,68.76
1987-11-12,71.98
1987-11-13,71.73
1987-11-16,72.94
1987-11-17,71.62
1987-11-18,71.6
1987-11-19,70.61
1987-11-20,69.75
1987-11-23,70.23
1987-11-24,71.85
1987-11-25,71.41
1987-11-26,71.48
1987-11-27,71.51
1987-11-30,69.22
1987-12-01,68.96
1987-12-02,69.21
1987-12-03,68.86
1987-12-04,67.93
1987-12-07,67.98
1987-12-08,68.69
1987-12-09,69.14
1987-12-10,68.93
1987-12-11,69.23
1987-12-14,69.48
1987-12-15,70.29
1987-12-16,71.43
1987-12-17,71.95
1987-12-18,71.94
1987-12-21,72.92
1987-12-22,72.99
1987-12-23,73.73
1987-12-24,73.85
1987-12-25,73.84
1987-12-28,74.07
1987-12-29,71.74
1987-12-30,72.56
1987-12-31,71.1
1988-01-01,71.1
1988-01-04,70.86
1988-01-05,72.94
1988-01-06,73.4
1988-01-07,73.62
1988-01-08,73.71
1988-01-11,72.07
1988-01-12,71.72
1988-01-13,71.07
1988-01-14,71.32
1988-01-15,72.25
1988-01-18,73.21
1988-01-19,72.31
1988-01-20,71.52
1988-01-21,71.2
1988-01-22,71.7
1988-01-25,71.61
1988-01-26,71.72
1988-01-27,71.6
1988-01-28,71.74
1988-01-29,72.0
1988-02-01,71.79
1988-02-02,71.63
1988-02-03,71.84
1988-02-04,72.2
1988-02-05,71.95
1988-02-08,71.32
1988-02-09,70.8
1988-02-10,71.48
1988-02-11,72.4
1988-02-12,72.8
1988-02-15,73.37
1988-02-16,73.41
1988-02-17,74.13
1988-02-18,73.96
1988-02-19,73.87
1988-02-22,74.47
1988-02-23,74.82
1988-02-24,75.11
1988-02-25,75.82
1988-02-26,75.19
1988-02-29,75.45
1988-03-01,76.08
1988-03-02,76.97
1988-03-03,76.93
1988-03-04,77.19
1988-03-07,76.37
1988-03-08,77.38
1988-03-09,77.76
1988-03-10,78.75
1988-03-11,77.93
1988-03-14,78.04
1988-03-15,78.55
1988-03-16,78.54
1988-03-17,76.89
1988-03-18,80.74
1988-03-21,80.09
1988-03-22,79.42
1988-03-23,79.44
1988-03-24,78.53
1988-03-25,77.75
1988-03-28,76.06
1988-03-29,76.7
1988-03-30,76.55
1988-03-31,76.07
1988-04-01,76.06
1988-04-04,76.03
1988-04-05,75.72
1988-04-06,76.83
1988-04-07,77.44
1988-04-08,77.72
1988-04-11,78.89
1988-04-12,79.05
1988-04-13,79.31
1988-04-14,78.72
1988-04-15,77.69
1988-04-18,77.67
1988-04-19,78.29
1988-04-20,77.82
1988-04-21,77.7
1988-04-22,77.64
1988-04-25,77.97
1988-04-26,78.59
1988-04-27,78.72
1988-04-28,78.81
1988-04-29,78.49
1988-05-02,78.5
1988-05-03,78.22
1988-05-04,78.3
1988-05-05,78.02
1988-05-06,78.23
1988-05-09,77.51
1988-05-10,77.3
1988-05-11,76.08
1988-05-12,76.17
1988-05-13,76.21
1988-05-16,77.23
1988-05-17,77.85
1988-05-18,77.65
1988-05-19,76.83
1988-05-20,77.31
1988-05-23,77.0
1988-05-24,77.46
1988-05-25,78.09
1988-05-26,78.03
1988-05-27,77.98
1988-05-30,78.25
1988-05-31,78.85
1988-06-01,79.39
1988-06-02,80.92
1988-06-03,79.61
1988-06-06,80.05
1988-06-07,79.82
1988-06-08,80.23
1988-06-09,81.06
1988-06-10,81.27
1988-06-13,81.1
1988-06-14,81.74
1988-06-15,82.07
1988-06-16,81.49
1988-06-17,81.46
1988-06-20,81.32
1988-06-21,81.65
1988-06-22,82.47
1988-06-23,82.91
1988-06-24,82.6
1988-06-27,81.81
1988-06-28,81.87
1988-06-29,82.13
1988-06-30,81.95
1988-07-01,82.32
1988-07-04,81.96
1988-07-05,82.64
1988-07-06,83.79
1988-07-07,83.18
1988-07-08,83.61
1988-07-11,83.54
1988-07-12,82.77
1988-07-13,82.72
1988-07-14,82.92
1988-07-15,83.09
1988-07-18,82.93
1988-07-19,82.67
1988-07-20,83.37
1988-07-21,83.42
1988-07-22,82.8
1988-07-25,82.7
1988-07-26,82.94
1988-07-27,83.35
1988-07-28,83.32
1988-07-29,83.82
1988-08-01,84.42
1988-08-02,84.26
1988-08-03,84.45
1988-08-04,84.67
1988-08-05,85.09
1988-08-08,84.79
1988-08-09,84.78
1988-08-10,83.38
1988-08-11,82.8
1988-08-12,83.46
1988-08-15,82.71
1988-08-16,82.88
1988-08-17,83.47
1988-08-18,83.72
1988-08-19,83.76
1988-08-22,83.4
1988-08-23,82.59
1988-08-24,82.59
1988-08-25,81.22
1988-08-26,80.7
1988-08-29,80.45
1988-08-30,80.34
1988-08-31,80.41
1988-09-01,79.62
1988-09-02,79.53
1988-09-05,80.34
1988-09-06,80.58
1988-09-07,80.54
1988-09-08,80.64
1988-09-09,79.99
1988-09-12,80.45
1988-09-13,80.86
1988-09-14,81.57
1988-09-15,81.93
1988-09-16,81.87
1988-09-19,82.02
1988-09-20,82.33
1988-09-21,83.11
1988-09-22,83.03
1988-09-23,83.03
1988-09-26,83.26
1988-09-27,83.54
1988-09-28,83.73
1988-09-29,84.42
1988-09-30,84.47
1988-10-03,84.03
1988-10-04,84.12
1988-10-05,84.71
1988-10-06,85.14
1988-10-07,85.44
1988-10-10,85.91
1988-10-11,85.57
1988-10-12,84.96
1988-10-13,85.5
1988-10-14,86.0
1988-10-17,86.39
1988-10-18,86.57
1988-10-19,86.93
1988-10-20,86.87
1988-10-21,86.63
1988-10-24,86.35
1988-10-25,86.4
1988-10-26,87.43
1988-10-27,86.67
1988-10-28,87.08
1988-10-31,86.97
1988-11-01,87.42
1988-11-02,87.05
1988-11-03,86.78
1988-11-04,87.0
1988-11-07,86.29
1988-11-08,86.98
1988-11-09,86.45
1988-11-10,86.29
1988-11-11,85.47
1988-11-14,84.93
1988-11-15,85.04
1988-11-16,85.22
1988-11-17,85.39
1988-11-18,85.37
1988-11-21,84.82
1988-11-22,85.0
1988-11-23,85.7
1988-11-24,85.71
1988-11-25,84.94
1988-11-28,84.58
1988-11-29,84.83
1988-11-30,85.33
1988-12-01,85.03
1988-12-02,84.65
1988-12-05,84.56
1988-12-06,84.94
1988-12-07,85.35
1988-12-08,84.95
1988-12-09,85.28
1988-12-12,84.52
1988-12-13,84.54
1988-12-14,84.28
1988-12-15,84.43
1988-12-16,85.03
1988-12-19,85.33
1988-12-20,85.93
1988-12-21,85.89
1988-12-22,84.49
1988-12-23,86.07
1988-12-26,86.06
1988-12-27,86.26
1988-12-28,86.53
1988-12-29,87.04
1988-12-30,86.85
1989-01-02,87.04
1989-01-03,87.38
1989-01-04,87.93
1989-01-05,88.38
1989-01-06,88.72
1989-01-09,89.36
1989-01-10,89.35
1989-01-11,89.65
1989-01-12,90.19
1989-01-13,90.56
1989-01-16,90.87
1989-01-17,90.65
1989-01-18,91.29
1989-01-19,91.93
1989-01-20,91.77
1989-01-23,91.66
1989-01-24,92.4
1989-01-25,92.75
1989-01-26,93.1
1989-01-27,94.16
1989-01-30,94.78
1989-01-31,94.71
1989-02-01,94.12
1989-02-02,94.27
1989-02-03,95.3
1989-02-06,94.77
1989-02-07,95.12
1989-02-08,96.15
1989-02-09,95.77
1989-02-10,95.25
1989-02-13,94.26
1989-02-14,94.6
1989-02-15,94.09
1989-02-16,93.98
1989-02-17,93.99
1989-02-20,94.68
1989-02-21,94.32
1989-02-22,93.31
1989-02-23,92.36
1989-02-24,93.12
1989-02-27,90.83
1989-02-28,91.49
1989-03-01,92.12
1989-03-02,92.7
1989-03-03,93.57
1989-03-06,94.43
1989-03-07,94.66
1989-03-08,94.43
1989-03-09,94.4
1989-03-10,94.46
1989-03-13,94.94
1989-03-14,95.56
1989-03-15,95.91
1989-03-16,95.63
1989-03-17,94.9
1989-03-20,92.08
1989-03-21,94.54
1989-03-22,94.2
1989-03-23,94.44
1989-03-24,94.49
1989-03-27,94.37
1989-03-28,94.43
1989-03-29,94.89
1989-03-30,94.4
1989-03-31,95.08
1989-04-03,95.31
1989-04-04,95.8
1989-04-05,95.74
1989-04-06,95.07
1989-04-07,95.02
1989-04-10,94.98
1989-04-11,95.4
1989-04-12,95.37
1989-04-13,95.28
1989-04-14,95.88
1989-04-17,96.23
1989-04-18,96.71
1989-04-19,96.96
1989-04-20,96.12
1989-04-21,96.17
1989-04-24,96.2
1989-04-25,96.18
1989-04-26,96.5
1989-04-27,96.92
1989-04-28,97.08
1989-05-01,97.04
1989-05-02,96.71
1989-05-03,96.8
1989-05-04,97.02
1989-05-05,97.62
1989-05-08,97.09
1989-05-09,97.21
1989-05-10,96.96
1989-05-11,96.83
1989-05-12,97.33
1989-05-15,97.51
1989-05-16,97.36
1989-05-17,97.52
1989-05-18,98.28
1989-05-19,98.9
1989-05-22,98.22
1989-05-23,97.95
1989-05-24,97.49
1989-05-25,98.05
1989-05-26,98.33
1989-05-29,98.57
1989-05-30,98.29
1989-05-31,97.88
1989-06-01,97.87
1989-06-02,97.77
1989-06-05,97.82
1989-06-06,98.07
1989-06-07,98.54
1989-06-08,99.46
1989-06-09,99.57
1989-06-12,99.27
1989-06-13,98.89
1989-06-14,99.15
1989-06-15,98.86
1989-06-16,99.17
1989-06-19,99.56
1989-06-20,100.29
1989-06-21,100.13
1989-06-22,100.55
1989-06-23,100.16
1989-06-26,100.21
1989-06-27,100.82
1989-06-28,101.39
1989-06-29,100.57
1989-06-30,99.11
1989-07-03,99.82
1989-07-04,100.33
1989-07-05,100.03
1989-07-06,100.01
1989-07-07,100.77
1989-07-10,101.02
1989-07-11,102.39
1989-07-12,102.59
1989-07-13,103.09
1989-07-14,103.51
1989-07-17,103.32
1989-07-18,103.52
1989-07-19,104.09
1989-07-20,104.59
1989-07-21,104.57
1989-07-24,103.68
1989-07-25,103.99
1989-07-26,104.47
1989-07-27,105.05
1989-07-28,105.57
1989-07-31,105.53
1989-08-01,105.49
1989-08-02,105.68
1989-08-03,105.27
1989-08-04,106.31
1989-08-07,106.84
1989-08-08,107.21
1989-08-09,107.67
1989-08-10,107.23
1989-08-11,107.55
1989-08-14,106.97
1989-08-15,106.29
1989-08-16,107.28
1989-08-17,107.58
1989-08-18,107.74
1989-08-21,108.21
1989-08-22,107.93
1989-08-23,108.2
1989-08-24,108.71
1989-08-25,109.35
1989-08-28,109.32
1989-08-29,108.69
1989-08-30,108.84
1989-08-31,109.29
1989-09-01,109.6
1989-09-04,110.38
1989-09-05,110.61
1989-09-06,109.57
1989-09-07,110.38
1989-09-08,110.57
1989-09-11,110.17
1989-09-12,110.09
1989-09-13,109.99
1989-09-14,109.45
1989-09-15,109.29
1989-09-18,109.66
1989-09-19,109.26
1989-09-20,109.48
1989-09-21,109.73
1989-09-22,109.84
1989-09-25,109.62
1989-09-26,108.95
1989-09-27,108.3
1989-09-28,107.73
1989-09-29,107.48
1989-10-02,107.17
1989-10-03,108.16
1989-10-04,107.89
1989-10-05,107.5
1989-10-06,107.81
1989-10-09,107.07
1989-10-10,106.18
1989-10-11,105.78
1989-10-12,106.02
1989-10-13,105.59
1989-10-16,99.01
1989-10-17,100.0
1989-10-18,100.92
1989-10-19,102.44
1989-10-20,102.42
1989-10-23,102.7
1989-10-24,101.06
1989-10-25,100.62
1989-10-26,100.09
1989-10-27,97.57
1989-10-30,98.44
1989-10-31,99.25
1989-11-01,99.63
1989-11-02,99.41
1989-11-03,99.36
1989-11-06,99.27
1989-11-07,98.66
1989-11-08,99.7
1989-11-09,100.03
1989-11-10,100.82
1989-11-13,101.32
1989-11-14,100.91
1989-11-15,100.06
1989-11-16,100.72
1989-11-17,100.91
1989-11-20,100.27
1989-11-21,99.88
1989-11-22,100.1
1989-11-23,100.84
1989-11-24,101.21
1989-11-27,101.14
1989-11-28,101.6
1989-11-29,101.93
1989-11-30,102.91
1989-12-01,103.75
1989-12-04,104.0
1989-12-05,104.28
1989-12-06,105.07
1989-12-07,105.25
1989-12-08,105.6
1989-12-11,105.39
1989-12-12,105.21
1989-12-13,105.39
1989-12-14,105.16
1989-12-15,105.25
1989-12-18,104.88
1989-12-19,104.53
1989-12-20,105.47
1989-12-21,105.64
1989-12-22,105.72
1989-12-25,105.72
1989-12-26,105.92
1989-12-27,106.92
1989-12-28,107.5
1989-12-29,108.15
1990-01-01,108.16
1990-01-02,108.63
1990-01-03,110.04
1990-01-04,110.02
1990-01-05,109.02
1990-01-08,109.19
1990-01-09,109.71
1990-01-10,109.08
1990-01-11,109.77
1990-01-12,108.82
1990-01-15,108.31
1990-01-16,107.1
1990-01-17,107.66
1990-01-18,106.5
1990-01-19,106.45
1990-01-22,106.04
1990-01-23,105.41
1990-01-24,103.69
1990-01-25,104.62
1990-01-26,104.8
1990-01-29,105.18
1990-01-30,105.66
1990-01-31,106.08
1990-02-01,106.77
1990-02-02,107.72
1990-02-05,108.38
1990-02-06,107.77
1990-02-07,106.64
1990-02-08,107.41
1990-02-09,106.82
1990-02-12,105.47
1990-02-13,104.97
1990-02-14,105.08
1990-02-15,105.63
1990-02-16,106.62
1990-02-19,105.68
1990-02-20,104.42
1990-02-21,103.59
1990-02-22,104.13
1990-02-23,102.94
1990-02-26,102.38
1990-02-27,103.23
1990-02-28,103.54
1990-03-01,102.67
1990-03-02,103.47
1990-03-05,102.93
1990-03-06,102.85
1990-03-07,103.59
1990-03-08,104.17
1990-03-09,103.87
1990-03-12,103.48
1990-03-13,103.68
1990-03-14,103.96
1990-03-15,104.54
1990-03-16,105.2
1990-03-19,104.57
1990-03-20,104.72
1990-03-21,104.96
1990-03-22,104.44
1990-03-23,105.06
1990-03-26,105.83
1990-03-27,105.24
1990-03-28,105.33
1990-03-29,105.33
1990-03-30,105.28
1990-04-02,104.28
1990-04-03,105.34
1990-04-04,105.31
1990-04-05,105.66
1990-04-06,105.64
1990-04-09,105.34
1990-04-10,105.03
1990-04-11,105.14
1990-04-12,105.37
1990-04-13,105.32
1990-04-16,105.52
1990-04-17,105.5
1990-04-18,105.03
1990-04-19,104.63
1990-04-20,105.1
1990-04-23,104.04
1990-04-24,103.79
1990-04-25,103.25
1990-04-26,102.73
1990-04-27,101.97
1990-04-30,101.75
1990-05-01,102.04
1990-05-02,102.92
1990-05-03,103.47
1990-05-04,104.42
1990-05-07,104.95
1990-05-08,105.1
1990-05-09,104.76
1990-05-10,104.66
1990-05-11,104.8
1990-05-14,105.66
1990-05-15,105.63
1990-05-16,105.62
1990-05-17,107.14
1990-05-18,106.87
1990-05-21,106.63
1990-05-22,107.68
1990-05-23,107.65
1990-05-24,107.47
1990-05-25,106.93
1990-05-28,106.82
1990-05-29,108.04
1990-05-30,109.44
1990-05-31,109.32
1990-06-01,109.68
1990-06-04,110.0
1990-06-05,110.41
1990-06-06,109.36
1990-06-07,109.7
1990-06-08,109.1
1990-06-11,108.45
1990-06-12,109.09
1990-06-13,109.76
1990-06-14,110.01
1990-06-15,109.3
1990-06-18,108.43
1990-06-19,109.12
1990-06-20,109.53
1990-06-21,109.61
1990-06-22,110.18
1990-06-25,110.75
1990-06-26,111.18
1990-06-27,110.65
1990-06-28,110.33
1990-06-29,110.57
1990-07-02,110.87
1990-07-03,111.1
1990-07-04,110.95
1990-07-05,110.17
1990-07-06,110.54
1990-07-09,110.63
1990-07-10,110.1
1990-07-11,110.84
1990-07-12,112.12
1990-07-13,111.56
1990-07-16,112.43
1990-07-17,113.03
1990-07-18,112.47
1990-07-19,112.57
1990-07-20,112.81
1990-07-23,111.15
1990-07-24,111.04
1990-07-25,110.76
1990-07-26,110.41
1990-07-27,110.18
1990-07-30,109.59
1990-07-31,110.24
1990-08-01,109.89
1990-08-02,108.23
1990-08-03,106.73
1990-08-06,102.05
1990-08-07,103.31
1990-08-08,102.12
1990-08-09,102.78
1990-08-10,102.43
1990-08-13,100.68
1990-08-14,101.55
1990-08-15,101.14
1990-08-16,101.36
1990-08-17,99.25
1990-08-20,97.44
1990-08-21,94.59
1990-08-22,94.94
1990-08-23,93.0
1990-08-24,94.27
1990-08-27,96.78
1990-08-28,97.35
1990-08-29,97.46
1990-08-30,98.27
1990-08-31,97.75
1990-09-03,97.3
1990-09-04,95.81
1990-09-05,95.88
1990-09-06,95.02
1990-09-07,94.99
1990-09-10,95.93
1990-09-11,95.44
1990-09-12,96.08
1990-09-13,95.72
1990-09-14,94.17
1990-09-17,93.48
1990-09-18,92.16
1990-09-19,91.61
1990-09-20,89.97
1990-09-21,89.13
1990-09-24,87.77
1990-09-25,86.6
1990-09-26,87.1
1990-09-27,87.57
1990-09-28,86.39
1990-10-01,88.51
1990-10-02,90.4
1990-10-03,90.45
1990-10-04,89.94
1990-10-05,91.18
1990-10-08,93.58
1990-10-09,91.48
1990-10-10,90.48
1990-10-11,90.48
1990-10-12,91.09
1990-10-15,91.16
1990-10-16,90.67
1990-10-17,90.25
1990-10-18,91.05
1990-10-19,91.73
1990-10-22,91.64
1990-10-23,93.1
1990-10-24,93.28
1990-10-25,92.27
1990-10-26,90.99
1990-10-29,90.64
1990-10-30,89.77
1990-10-31,90.01
1990-11-01,89.19
1990-11-02,89.0
1990-11-05,89.05
1990-11-06,89.34
1990-11-07,88.52
1990-11-08,87.63
1990-11-09,87.96
1990-11-12,88.42
1990-11-13,88.75
1990-11-14,88.04
1990-11-15,88.48
1990-11-16,88.57
1990-11-19,89.71
1990-11-20,90.1
1990-11-21,90.11
1990-11-22,90.37
1990-11-23,91.0
1990-11-26,90.12
1990-11-27,89.72
1990-11-28,89.56
1990-11-29,89.87
1990-11-30,89.89
1990-12-03,91.25
1990-12-04,90.52
1990-12-05,91.07
1990-12-06,92.33
1990-12-07,92.85
1990-12-10,92.32
1990-12-11,91.88
1990-12-12,91.88
1990-12-13,92.39
1990-12-14,92.08
1990-12-17,90.86
1990-12-18,90.9
1990-12-19,90.77
1990-12-20,89.32
1990-12-21,89.83
1990-12-24,89.16
1990-12-25,89.6
1990-12-26,89.32
1990-12-27,89.45
1990-12-28,89.24
1990-12-31,88.91
1991-01-01,88.91
1991-01-02,88.19
1991-01-03,88.2
1991-01-04,88.78
1991-01-07,87.74
1991-01-08,87.21
1991-01-09,88.32
1991-01-10,87.23
1991-01-11,87.11
1991-01-14,85.53
1991-01-15,85.47
1991-01-16,85.2
1991-01-17,88.55
1991-01-18,88.21
1991-01-21,87.42
1991-01-22,86.92
1991-01-23,86.52
1991-01-24,87.54
1991-01-25,88.04
1991-01-28,88.43
1991-01-29,88.18
1991-01-30,89.58
1991-01-31,89.88
1991-02-01,89.89
1991-02-04,90.47
1991-02-05,91.47
1991-02-06,91.33
1991-02-07,92.55
1991-02-08,93.07
1991-02-11,94.53
1991-02-12,93.99
1991-02-13,94.55
1991-02-14,95.5
1991-02-15,96.5
1991-02-18,97.82
1991-02-19,98.04
1991-02-20,97.29
1991-02-21,97.83
1991-02-22,98.79
1991-02-25,99.99
1991-02-26,98.83
1991-02-27,99.23
1991-02-28,100.13
1991-03-01,99.7
1991-03-04,100.16
1991-03-05,101.38
1991-03-06,102.85
1991-03-07,102.8
1991-03-08,103.73
1991-03-11,103.37
1991-03-12,103.28
1991-03-13,102.82
1991-03-14,104.48
1991-03-15,104.13
1991-03-18,104.13
1991-03-19,103.03
1991-03-20,102.27
1991-03-21,103.23
1991-03-22,102.43
1991-03-25,102.72
1991-03-26,102.82
1991-03-27,103.35
1991-03-28,103.98
1991-03-29,104.21
1991-04-01,104.58
1991-04-02,104.91
1991-04-03,105.82
1991-04-04,106.18
1991-04-05,106.89
1991-04-08,106.35
1991-04-09,106.44
1991-04-10,105.43
1991-04-11,106.08
1991-04-12,106.4
1991-04-15,106.52
1991-04-16,105.78
1991-04-17,106.57
1991-04-18,106.79
1991-04-19,106.19
1991-04-22,105.02
1991-04-23,105.5
1991-04-24,105.12
1991-04-25,105.16
1991-04-26,103.58
1991-04-29,104.92
1991-04-30,104.66
1991-05-01,104.9
1991-05-02,106.08
1991-05-03,105.98
1991-05-06,106.02
1991-05-07,106.28
1991-05-08,105.75
1991-05-09,106.07
1991-05-10,106.5
1991-05-13,105.17
1991-05-14,104.79
1991-05-15,104.31
1991-05-16,104.49
1991-05-17,104.28
1991-05-20,104.62
1991-05-21,105.3
1991-05-22,105.3
1991-05-23,105.67
1991-05-24,105.27
1991-05-27,105.49
1991-05-28,105.93
1991-05-29,106.21
1991-05-30,106.12
1991-05-31,106.89
1991-06-03,107.63
1991-06-04,107.31
1991-06-05,107.71
1991-06-06,107.38
1991-06-07,106.91
1991-06-10,106.98
1991-06-11,107.76
1991-06-12,106.82
1991-06-13,106.76
1991-06-14,107.32
1991-06-17,106.55
1991-06-18,106.27
1991-06-19,105.53
1991-06-20,105.23
1991-06-21,105.78
1991-06-24,104.5
1991-06-25,104.39
1991-06-26,103.64
1991-06-27,103.87
1991-06-28,102.92
1991-07-01,103.25
1991-07-02,103.46
1991-07-03,102.83
1991-07-04,103.12
1991-07-05,104.2
1991-07-08,102.97
1991-07-09,103.66
1991-07-10,104.67
1991-07-11,104.13
1991-07-12,104.21
1991-07-15,104.98
1991-07-16,105.48
1991-07-17,105.19
1991-07-18,105.02
1991-07-19,105.24
1991-07-22,105.35
1991-07-23,105.98
1991-07-24,105.59
1991-07-25,105.34
1991-07-26,105.19
1991-07-29,105.29
1991-07-30,105.65
1991-07-31,105.63
1991-08-01,105.75
1991-08-02,105.91
1991-08-05,105.82
1991-08-06,104.98
1991-08-07,105.8
1991-08-08,105.7
1991-08-09,105.4
1991-08-12,105.29
1991-08-13,105.75
1991-08-14,106.31
1991-08-15,106.45
1991-08-16,106.58
1991-08-19,101.25
1991-08-20,102.59
1991-08-21,104.39
1991-08-22,105.94
1991-08-23,106.64
1991-08-26,106.94
1991-08-27,106.7
1991-08-28,106.71
1991-08-29,107.02
1991-08-30,107.35
1991-09-02,108.06
1991-09-03,107.95
1991-09-04,107.86
1991-09-05,107.92
1991-09-06,108.09
1991-09-09,107.43
1991-09-10,106.7
1991-09-11,106.41
1991-09-12,106.89
1991-09-13,106.64
1991-09-16,106.39
1991-09-17,106.07
1991-09-18,106.01
1991-09-19,105.91
1991-09-20,106.18
1991-09-23,105.64
1991-09-24,105.83
1991-09-25,105.77
1991-09-26,105.57
1991-09-27,105.5
1991-09-30,106.02
1991-10-01,106.36
1991-10-02,106.19
1991-10-03,105.76
1991-10-04,105.46
1991-10-07,104.75
1991-10-08,104.47
1991-10-09,103.86
1991-10-10,103.82
1991-10-11,103.44
1991-10-14,103.73
1991-10-15,104.13
1991-10-16,104.04
1991-10-17,104.28
1991-10-18,104.47
1991-10-21,104.02
1991-10-22,103.96
1991-10-23,103.89
1991-10-24,103.19
1991-10-25,102.58
1991-10-28,103.69
1991-10-29,103.68
1991-10-30,103.78
1991-10-31,104.04
1991-11-01,103.46
1991-11-04,103.09
1991-11-05,103.54
1991-11-06,102.98
1991-11-07,103.41
1991-11-08,104.16
1991-11-11,103.98
1991-11-12,104.4
1991-11-13,104.03
1991-11-14,104.22
1991-11-15,103.99
1991-11-18,102.02
1991-11-19,100.87
1991-11-20,101.05
1991-11-21,100.66
1991-11-22,100.32
1991-11-25,99.89
1991-11-26,100.29
1991-11-27,100.01
1991-11-28,99.54
1991-11-29,99.56
1991-12-02,98.43
1991-12-03,98.75
1991-12-04,98.76
1991-12-05,98.34
1991-12-06,97.61
1991-12-09,97.51
1991-12-10,96.71
1991-12-11,96.63
1991-12-12,97.69
1991-12-13,98.81
1991-12-16,98.46
1991-12-17,98.09
1991-12-18,98.34
1991-12-19,97.21
1991-12-20,95.9
1991-12-23,95.87
1991-12-24,97.05
1991-12-25,97.05
1991-12-26,97.02
1991-12-27,98.12
1991-12-30,98.73
1991-12-31,100.0
1992-01-02,100.36
1992-01-03,100.03
1992-01-06,101.36
1992-01-07,101.15
1992-01-08,99.93
1992-01-09,100.2
1992-01-10,101.18
1992-01-13,101.58
1992-01-14,102.48
1992-01-15,103.94
1992-01-16,104.47
1992-01-17,104.22
1992-01-20,104.65
1992-01-21,104.64
1992-01-22,104.0
1992-01-23,103.55
1992-01-24,103.37
1992-01-27,105.09
1992-01-28,105.06
1992-01-29,105.0
1992-01-30,105.1
1992-01-31,104.93
1992-02-03,105.81
1992-02-04,104.73
1992-02-05,105.87
1992-02-06,105.31
1992-02-07,105.84
1992-02-10,104.16
1992-02-11,104.52
1992-02-12,104.48
1992-02-13,104.68
1992-02-14,104.52
1992-02-17,104.68
1992-02-18,105.82
1992-02-19,105.22
1992-02-20,105.85
1992-02-21,105.69
1992-02-24,106.47
1992-02-25,105.54
1992-02-26,107.11
1992-02-27,107.28
1992-02-28,106.67
1992-03-02,106.82
1992-03-03,106.87
1992-03-04,107.37
1992-03-05,106.43
1992-03-06,106.26
1992-03-09,106.6
1992-03-10,106.92
1992-03-11,105.89
1992-03-12,105.01
1992-03-13,104.21
1992-03-16,104.2
1992-03-17,104.52
1992-03-18,104.05
1992-03-19,103.97
1992-03-20,104.58
1992-03-23,103.42
1992-03-24,103.55
1992-03-25,103.65
1992-03-26,104.06
1992-03-27,103.45
1992-03-30,103.68
1992-03-31,103.4
1992-04-01,102.68
1992-04-02,102.54
1992-04-03,102.24
1992-04-06,102.8
1992-04-07,103.04
1992-04-08,101.66
1992-04-09,102.42
1992-04-10,106.26
1992-04-13,106.53
1992-04-14,106.71
1992-04-15,108.5
1992-04-16,106.89
1992-04-17,106.86
1992-04-20,108.64
1992-04-21,108.35
1992-04-22,108.18
1992-04-23,108.37
1992-04-24,108.87
1992-04-27,109.27
1992-04-28,109.13
1992-04-29,109.46
1992-04-30,109.5
1992-05-01,109.34
1992-05-04,109.04
1992-05-05,109.58
1992-05-06,109.98
1992-05-07,110.49
1992-05-08,111.41
1992-05-11,111.85
1992-05-12,111.15
1992-05-13,110.89
1992-05-14,110.08
1992-05-15,110.69
1992-05-18,110.46
1992-05-19,110.5
1992-05-20,110.86
1992-05-21,110.79
1992-05-22,111.67
1992-05-25,111.97
1992-05-26,111.13
1992-05-27,110.92
1992-05-28,110.76
1992-05-29,111.26
1992-06-01,111.12
1992-06-02,110.73
1992-06-03,110.19
1992-06-04,110.11
1992-06-05,109.54
1992-06-08,109.08
1992-06-09,108.25
1992-06-10,108.58
1992-06-11,107.66
1992-06-12,107.46
1992-06-15,106.93
1992-06-16,107.38
1992-06-17,107.08
1992-06-18,105.99
1992-06-19,106.15
1992-06-22,105.4
1992-06-23,105.49
1992-06-24,105.04
1992-06-25,104.87
1992-06-26,104.96
1992-06-29,103.8
1992-06-30,104.08
1992-07-01,102.75
1992-07-02,103.43
1992-07-03,103.49
1992-07-06,102.47
1992-07-07,102.46
1992-07-08,101.85
1992-07-09,102.72
1992-07-10,103.02
1992-07-13,101.5
1992-07-14,101.48
1992-07-15,101.25
1992-07-16,102.02
1992-07-17,99.75
1992-07-20,97.25
1992-07-21,97.66
1992-07-22,96.95
1992-07-23,97.0
1992-07-24,95.91
1992-07-27,95.88
1992-07-28,96.25
1992-07-29,97.16
1992-07-30,97.67
1992-07-31,97.26
1992-08-03,97.23
1992-08-04,97.15
1992-08-05,96.7
1992-08-06,96.95
1992-08-07,95.77
1992-08-10,94.95
1992-08-11,94.02
1992-08-12,93.44
1992-08-13,93.25
1992-08-14,94.53
1992-08-17,94.86
1992-08-18,94.12
1992-08-19,94.35
1992-08-20,94.1
1992-08-21,95.13
1992-08-24,92.43
1992-08-25,91.55
1992-08-26,91.31
1992-08-27,92.36
1992-08-28,92.35
1992-08-31,92.82
1992-09-01,91.99
1992-09-02,92.05
1992-09-03,94.13
1992-09-04,93.96
1992-09-07,93.75
1992-09-08,93.03
1992-09-09,92.54
1992-09-10,92.54
1992-09-11,93.61
1992-09-14,96.97
1992-09-15,95.3
1992-09-16,97.2
1992-09-17,96.5
1992-09-18,99.98
1992-09-21,97.21
1992-09-22,98.78
1992-09-23,97.64
1992-09-24,98.46
1992-09-25,97.6
1992-09-28,94.78
1992-09-29,94.93
1992-09-30,94.69
1992-10-01,93.51
1992-10-02,94.22
1992-10-05,89.09
1992-10-06,90.66
1992-10-07,91.42
1992-10-08,92.48
1992-10-09,93.62
1992-10-12,94.42
1992-10-13,94.64
1992-10-14,93.86
1992-10-15,92.48
1992-10-16,92.68
1992-10-19,91.77
1992-10-20,94.58
1992-10-21,93.01
1992-10-22,95.16
1992-10-23,96.6
1992-10-26,95.96
1992-10-27,95.44
1992-10-28,94.97
1992-10-29,94.77
1992-10-30,94.74
1992-11-02,95.35
1992-11-03,96.17
1992-11-04,96.1
1992-11-05,96.02
1992-11-06,95.77
1992-11-09,95.91
1992-11-10,96.97
1992-11-11,96.69
1992-11-12,96.92
1992-11-13,97.1
1992-11-16,96.49
1992-11-17,96.54
1992-11-18,97.07
1992-11-19,96.7
1992-11-20,96.31
1992-11-23,96.77
1992-11-24,97.33
1992-11-25,96.8
1992-11-26,96.93
1992-11-27,98.09
1992-11-30,98.4
1992-12-01,98.81
1992-12-02,98.4
1992-12-03,98.92
1992-12-04,98.77
1992-12-07,99.44
1992-12-08,99.26
1992-12-09,98.34
1992-12-10,97.53
1992-12-11,97.58
1992-12-14,97.49
1992-12-15,97.39
1992-12-16,96.84
1992-12-17,98.1
1992-12-18,99.43
1992-12-21,100.36
1992-12-22,100.8
1992-12-23,100.65
1992-12-24,100.94
1992-12-25,100.98
1992-12-28,100.04
1992-12-29,101.8
1992-12-30,101.41
1992-12-31,101.55
1993-01-04,101.77
1993-01-05,103.24
1993-01-06,103.17
1993-01-07,102.42
1993-01-08,101.91
1993-01-11,100.78
1993-01-12,100.67
1993-01-13,100.64
1993-01-14,100.94
1993-01-15,101.82
1993-01-18,102.22
1993-01-19,101.67
1993-01-20,101.66
1993-01-21,101.84
1993-01-22,101.79
1993-01-25,100.99
1993-01-26,102.01
1993-01-27,101.28
1993-01-28,101.46
1993-01-29,101.46
1993-02-01,102.41
1993-02-02,102.06
1993-02-03,103.21
1993-02-04,104.04
1993-02-05,105.2
1993-02-08,105.23
1993-02-09,104.06
1993-02-10,103.95
1993-02-11,104.16
1993-02-12,104.09
1993-02-15,104.83
1993-02-16,104.09
1993-02-17,103.82
1993-02-18,104.86
1993-02-19,105.47
1993-02-22,105.67
1993-02-23,104.75
1993-02-24,103.99
1993-02-25,104.49
1993-02-26,105.93
1993-03-01,107.3
1993-03-02,107.18
1993-03-03,108.08
1993-03-04,107.78
1993-03-05,108.58
1993-03-08,109.07
1993-03-09,108.8
1993-03-10,109.16
1993-03-11,108.96
1993-03-12,108.18
1993-03-15,108.3
1993-03-16,108.46
1993-03-17,107.88
1993-03-18,108.47
1993-03-19,109.04
1993-03-22,107.49
1993-03-23,107.21
1993-03-24,107.21
1993-03-25,107.33
1993-03-26,107.76
1993-03-29,108.01
1993-03-30,108.08
1993-03-31,108.78
1993-04-01,108.28
1993-04-02,107.94
1993-04-05,107.22
1993-04-06,107.66
1993-04-07,107.55
1993-04-08,108.04
1993-04-09,107.79
1993-04-12,107.97
1993-04-13,108.95
1993-04-14,108.94
1993-04-15,108.79
1993-04-16,108.51
1993-04-19,108.7
1993-04-20,109.01
1993-04-21,108.75
1993-04-22,109.56
1993-04-23,109.17
1993-04-26,108.51
1993-04-27,108.71
1993-04-28,107.93
1993-04-29,107.39
1993-04-30,108.06
1993-05-03,108.02
1993-05-04,108.1
1993-05-05,107.88
1993-05-06,107.88
1993-05-07,107.57
1993-05-10,107.72
1993-05-11,108.02
1993-05-12,108.44
1993-05-13,108.8
1993-05-14,108.65
1993-05-17,108.66
1993-05-18,109.03
1993-05-19,108.94
1993-05-20,108.87
1993-05-21,108.75
1993-05-24,109.29
1993-05-25,109.87
1993-05-26,109.98
1993-05-27,110.06
1993-05-28,109.46
1993-05-31,109.44
1993-06-01,108.95
1993-06-02,109.27
1993-06-03,109.45
1993-06-04,108.83
1993-06-07,109.33
1993-06-08,109.43
1993-06-09,110.41
1993-06-10,110.65
1993-06-11,110.72
1993-06-14,111.06
1993-06-15,110.54
1993-06-16,110.94
1993-06-17,111.27
1993-06-18,111.65
1993-06-21,112.01
1993-06-22,113.02
1993-06-23,112.03
1993-06-24,112.23
1993-06-25,112.49
1993-06-28,113.38
1993-06-29,113.37
1993-06-30,113.63
1993-07-01,113.87
1993-07-02,112.87
1993-07-05,112.62
1993-07-06,112.92
1993-07-07,112.88
1993-07-08,114.08
1993-07-09,114.39
1993-07-12,114.52
1993-07-13,114.92
1993-07-14,115.11
1993-07-15,115.37
1993-07-16,114.88
1993-07-19,115.22
1993-07-20,114.86
1993-07-21,114.24
1993-07-22,114.81
1993-07-23,115.46
1993-07-26,116.18
1993-07-27,116.53
1993-07-28,116.68
1993-07-29,118.14
1993-07-30,120.44
1993-08-02,121.21
1993-08-03,120.56
1993-08-04,120.66
1993-08-05,120.6
1993-08-06,120.82
1993-08-09,122.25
1993-08-10,121.19
1993-08-11,123.13
1993-08-12,122.45
1993-08-13,122.51
1993-08-16,122.91
1993-08-17,123.11
1993-08-18,125.46
1993-08-19,125.38
1993-08-20,124.51
1993-08-23,123.74
1993-08-24,123.6
1993-08-25,124.8
1993-08-26,125.16
1993-08-27,125.38
1993-08-30,125.67
1993-08-31,125.7
1993-09-01,124.9
1993-09-02,124.39
1993-09-03,124.6
1993-09-06,123.52
1993-09-07,123.16
1993-09-08,122.78
1993-09-09,122.54
1993-09-10,122.42
1993-09-13,121.95
1993-09-14,122.52
1993-09-15,120.87
1993-09-16,120.47
1993-09-17,121.35
1993-09-20,121.84
1993-09-21,121.49
1993-09-22,121.13
1993-09-23,121.21
1993-09-24,121.06
1993-09-27,122.28
1993-09-28,122.23
1993-09-29,121.88
1993-09-30,122.29
1993-10-01,122.65
1993-10-04,123.28
1993-10-05,124.67
1993-10-06,125.67
1993-10-07,125.59
1993-10-08,127.02
1993-10-11,125.46
1993-10-12,124.85
1993-10-13,124.71
1993-10-14,124.77
1993-10-15,125.74
1993-10-18,126.56
1993-10-19,126.43
1993-10-20,127.2
1993-10-21,128.48
1993-10-22,128.97
1993-10-25,129.36
1993-10-26,128.68
1993-10-27,127.91
1993-10-28,128.28
1993-10-29,128.84
1993-11-01,129.06
1993-11-02,129.33
1993-11-03,129.27
1993-11-04,128.38
1993-11-05,126.01
1993-11-08,125.73
1993-11-09,126.26
1993-11-10,125.95
1993-11-11,125.94
1993-11-12,126.1
1993-11-15,126.57
1993-11-16,126.62
1993-11-17,127.3
1993-11-18,127.92
1993-11-19,127.41
1993-11-22,125.17
1993-11-23,125.05
1993-11-24,125.13
1993-11-25,126.19
1993-11-26,126.51
1993-11-29,126.83
1993-11-30,127.57
1993-12-01,129.65
1993-12-02,130.19
1993-12-03,130.87
1993-12-06,131.05
1993-12-07,130.98
1993-12-08,132.14
1993-12-09,132.64
1993-12-10,131.81
1993-12-13,132.11
1993-12-14,131.52
1993-12-15,131.44
1993-12-16,132.49
1993-12-17,133.4
1993-12-20,134.4
1993-12-21,134.65
1993-12-22,135.48
1993-12-23,136.63
1993-12-24,136.98
1993-12-27,137.66
1993-12-28,137.39
1993-12-29,137.82
1993-12-30,137.82
1993-12-31,138.03
1994-01-03,138.48
1994-01-04,138.57
1994-01-05,137.99
1994-01-06,138.91
1994-01-07,139.97
1994-01-10,140.32
1994-01-11,140.42
1994-01-12,139.36
1994-01-13,138.48
1994-01-14,139.43
1994-01-17,139.9
1994-01-18,140.66
1994-01-19,142.03
1994-01-20,141.33
1994-01-21,141.28
1994-01-24,141.24
1994-01-25,141.22
1994-01-26,141.33
1994-01-27,141.34
1994-01-28,142.43
1994-01-31,144.44
1994-02-01,143.87
1994-02-02,144.68
1994-02-03,143.68
1994-02-04,143.45
1994-02-07,141.16
1994-02-08,142.06
1994-02-09,141.09
1994-02-10,140.49
1994-02-11,139.52
1994-02-14,138.7
1994-02-15,139.3
1994-02-16,140.13
1994-02-17,140.71
1994-02-18,139.86
1994-02-21,138.44
1994-02-22,137.86
1994-02-23,138.83
1994-02-24,136.22
1994-02-25,135.94
1994-02-28,136.98
1994-03-01,135.49
1994-03-02,133.51
1994-03-03,134.37
1994-03-04,135.71
1994-03-07,137.4
1994-03-08,136.7
1994-03-09,135.75
1994-03-10,135.59
1994-03-11,134.08
1994-03-14,135.74
1994-03-15,136.92
1994-03-16,136.35
1994-03-17,136.62
1994-03-18,135.71
1994-03-21,134.56
1994-03-22,134.37
1994-03-23,134.13
1994-03-24,132.54
1994-03-25,131.88
1994-03-28,132.73
1994-03-29,132.21
1994-03-30,130.98
1994-03-31,130.82
1994-04-01,131.37
1994-04-04,131.02
1994-04-05,131.93
1994-04-06,133.39
1994-04-07,133.75
1994-04-08,134.12
1994-04-11,135.09
1994-04-12,135.85
1994-04-13,135.16
1994-04-14,134.49
1994-04-15,135.36
1994-04-18,134.8
1994-04-19,133.49
1994-04-20,133.04
1994-04-21,132.62
1994-04-22,134.07
1994-04-25,133.01
1994-04-26,134.62
1994-04-27,135.44
1994-04-28,135.17
1994-04-29,134.74
1994-05-02,134.92
1994-05-03,134.15
1994-05-04,133.05
1994-05-05,133.46
1994-05-06,133.63
1994-05-09,132.38
1994-05-10,133.81
1994-05-11,133.99
1994-05-12,134.28
1994-05-13,134.51
1994-05-16,134.58
1994-05-17,134.89
1994-05-18,134.57
1994-05-19,134.37
1994-05-20,133.65
1994-05-23,133.06
1994-05-24,131.88
1994-05-25,129.85
1994-05-26,129.49
1994-05-27,128.46
1994-05-30,128.43
1994-05-31,127.77
1994-06-01,127.04
1994-06-02,127.82
1994-06-03,128.77
1994-06-06,129.55
1994-06-07,129.11
1994-06-08,130.11
1994-06-09,129.54
1994-06-10,129.93
1994-06-13,128.2
1994-06-14,127.83
1994-06-15,127.45
1994-06-16,126.41
1994-06-17,125.51
1994-06-20,122.46
1994-06-21,121.82
1994-06-22,122.93
1994-06-23,123.79
1994-06-24,122.0
1994-06-27,121.56
1994-06-28,122.5
1994-06-29,123.66
1994-06-30,122.59
1994-07-01,122.71
1994-07-04,123.58
1994-07-05,122.79
1994-07-06,122.74
1994-07-07,122.81
1994-07-08,123.08
1994-07-11,123.43
1994-07-12,122.42
1994-07-13,123.66
1994-07-14,124.8
1994-07-15,125.74
1994-07-18,126.16
1994-07-19,127.38
1994-07-20,127.3
1994-07-21,127.82
1994-07-22,128.91
1994-07-25,128.63
1994-07-26,128.76
1994-07-27,127.56
1994-07-28,127.8
1994-07-29,128.65
1994-08-01,128.99
1994-08-02,130.86
1994-08-03,131.06
1994-08-04,131.04
1994-08-05,131.24
1994-08-08,131.26
1994-08-09,130.35
1994-08-10,129.46
1994-08-11,129.4
1994-08-12,127.91
1994-08-15,127.8
1994-08-16,128.23
1994-08-17,128.97
1994-08-18,128.36
1994-08-19,128.34
1994-08-22,127.41
1994-08-23,127.67
1994-08-24,128.75
1994-08-25,129.83
1994-08-26,131.13
1994-08-29,132.04
1994-08-30,131.65
1994-08-31,131.91
1994-09-01,131.04
1994-09-02,130.79
1994-09-05,130.21
1994-09-06,128.87
1994-09-07,129.17
1994-09-08,129.11
1994-09-09,128.07
1994-09-12,128.12
1994-09-13,127.74
1994-09-14,126.77
1994-09-15,127.78
1994-09-16,127.03
1994-09-19,126.69
1994-09-20,125.63
1994-09-21,125.04
1994-09-22,124.79
1994-09-23,125.41
1994-09-26,124.65
1994-09-27,124.59
1994-09-28,125.56
1994-09-29,123.99
1994-09-30,124.09
1994-10-03,122.79
1994-10-04,123.06
1994-10-05,121.18
1994-10-06,121.88
1994-10-07,121.83
1994-10-10,123.63
1994-10-11,124.92
1994-10-12,125.52
1994-10-13,126.61
1994-10-14,126.16
1994-10-17,125.91
1994-10-18,124.96
1994-10-19,124.44
1994-10-20,124.81
1994-10-21,123.38
1994-10-24,123.4
1994-10-25,122.25
1994-10-26,122.29
1994-10-27,122.91
1994-10-28,124.69
1994-10-31,125.92
1994-11-01,125.46
1994-11-02,124.95
1994-11-03,125.63
1994-11-04,125.65
1994-11-07,124.52
1994-11-08,124.89
1994-11-09,126.47
1994-11-10,126.45
1994-11-11,126.0
1994-11-14,126.54
1994-11-15,127.55
1994-11-16,127.5
1994-11-17,126.98
1994-11-18,126.87
1994-11-21,126.93
1994-11-22,125.4
1994-11-23,123.57
1994-11-24,124.47
1994-11-25,124.55
1994-11-28,125.14
1994-11-29,125.1
1994-11-30,125.93
1994-12-01,125.2
1994-12-02,125.13
1994-12-05,125.48
1994-12-06,124.57
1994-12-07,124.44
1994-12-08,124.37
1994-12-09,123.23
1994-12-12,122.2
1994-12-13,122.03
1994-12-14,122.75
1994-12-15,123.07
1994-12-16,123.8
1994-12-19,124.22
1994-12-20,124.61
1994-12-21,125.12
1994-12-22,125.79
1994-12-23,125.98
1994-12-26,126.07
1994-12-27,126.25
1994-12-28,126.45
1994-12-29,124.57
1994-12-30,125.06
1995-01-02,124.84
1995-01-03,124.89
1995-01-04,124.96
1995-01-05,124.18
1995-01-06,124.71
1995-01-09,123.92
1995-01-10,123.7
1995-01-11,123.52
1995-01-12,123.61
1995-01-13,123.79
1995-01-16,124.88
1995-01-17,124.42
1995-01-18,124.43
1995-01-19,124.01
1995-01-20,122.88
1995-01-23,121.52
1995-01-24,121.85
1995-01-25,122.01
1995-01-26,122.87
1995-01-27,122.97
1995-01-30,122.36
1995-01-31,121.92
1995-02-01,123.32
1995-02-02,123.55
1995-02-03,124.27
1995-02-06,125.15
1995-02-07,125.16
1995-02-08,124.75
1995-02-09,125.76
1995-02-10,126.01
1995-02-13,125.36
1995-02-14,125.08
1995-02-15,125.09
1995-02-16,123.87
1995-02-17,123.48
1995-02-20,122.27
1995-02-21,122.63
1995-02-22,122.34
1995-02-23,123.3
1995-02-24,122.88
1995-02-27,122.09
1995-02-28,121.82
1995-03-01,122.72
1995-03-02,122.9
1995-03-03,122.25
1995-03-06,120.82
1995-03-07,120.11
1995-03-08,119.06
1995-03-09,118.38
1995-03-10,119.0
1995-03-13,118.53
1995-03-14,119.7
1995-03-15,119.35
1995-03-16,120.0
1995-03-17,120.75
1995-03-20,121.23
1995-03-21,121.51
1995-03-22,121.59
1995-03-23,120.4
1995-03-24,121.3
1995-03-27,121.62
1995-03-28,120.71
1995-03-29,120.55
1995-03-30,122.42
1995-03-31,121.27
1995-04-03,121.27
1995-04-04,122.43
1995-04-05,122.73
1995-04-06,123.1
1995-04-07,122.97
1995-04-10,123.05
1995-04-11,122.66
1995-04-12,123.0
1995-04-13,122.99
1995-04-14,123.13
1995-04-17,122.98
1995-04-18,122.06
1995-04-19,122.4
1995-04-20,122.84
1995-04-21,123.71
1995-04-24,123.46
1995-04-25,124.51
1995-04-26,125.12
1995-04-27,125.46
1995-04-28,125.25
1995-05-01,125.93
1995-05-02,126.84
1995-05-03,127.17
1995-05-04,127.6
1995-05-05,126.9
1995-05-08,126.69
1995-05-09,127.37
1995-05-10,128.25
1995-05-11,129.73
1995-05-12,130.22
1995-05-15,129.65
1995-05-16,130.29
1995-05-17,130.41
1995-05-18,129.58
1995-05-19,128.5
1995-05-22,129.44
1995-05-23,129.37
1995-05-24,130.43
1995-05-25,130.19
1995-05-26,128.2
1995-05-29,128.03
1995-05-30,128.73
1995-05-31,129.27
1995-06-01,130.55
1995-06-02,130.38
1995-06-05,130.94
1995-06-06,131.1
1995-06-07,131.16
1995-06-08,130.68
1995-06-09,129.6
1995-06-12,129.4
1995-06-13,129.43
1995-06-14,129.34
1995-06-15,129.76
1995-06-16,129.38
1995-06-19,130.07
1995-06-20,129.89
1995-06-21,129.87
1995-06-22,131.08
1995-06-23,130.39
1995-06-26,129.25
1995-06-27,128.8
1995-06-28,127.82
1995-06-29,128.07
1995-06-30,127.88
1995-07-03,128.48
1995-07-04,129.7
1995-07-05,130.05
1995-07-06,129.83
1995-07-07,132.33
1995-07-10,132.85
1995-07-11,133.36
1995-07-12,133.52
1995-07-13,133.46
1995-07-14,132.67
1995-07-17,133.23
1995-07-18,133.01
1995-07-19,131.61
1995-07-20,131.2
1995-07-21,131.56
1995-07-24,132.41
1995-07-25,133.15
1995-07-26,133.31
1995-07-27,133.37
1995-07-28,133.32
1995-07-31,132.95
1995-08-01,132.85
1995-08-02,134.95
1995-08-03,134.15
1995-08-04,134.56
1995-08-07,134.74
1995-08-08,134.45
1995-08-09,133.88
1995-08-10,134.24
1995-08-11,134.08
1995-08-14,133.27
1995-08-15,134.4
1995-08-16,134.83
1995-08-17,134.95
1995-08-18,135.7
1995-08-21,136.48
1995-08-22,136.18
1995-08-23,136.09
1995-08-24,135.58
1995-08-25,135.7
1995-08-28,135.0
1995-08-29,134.79
1995-08-30,135.06
1995-08-31,134.33
1995-09-01,134.79
1995-09-04,135.51
1995-09-05,136.06
1995-09-06,136.92
1995-09-07,136.72
1995-09-08,136.99
1995-09-11,136.8
1995-09-12,137.1
1995-09-13,138.48
1995-09-14,138.24
1995-09-15,138.63
1995-09-18,137.49
1995-09-19,138.27
1995-09-20,137.92
1995-09-21,137.63
1995-09-22,135.0
1995-09-25,135.16
1995-09-26,135.97
1995-09-27,134.5
1995-09-28,133.85
1995-09-29,135.28
1995-10-02,135.76
1995-10-03,135.91
1995-10-04,136.21
1995-10-05,136.18
1995-10-06,135.65
1995-10-09,134.89
1995-10-10,133.21
1995-10-11,133.95
1995-10-12,134.72
1995-10-13,135.82
1995-10-16,135.35
1995-10-17,135.3
1995-10-18,135.76
1995-10-19,135.12
1995-10-20,133.84
1995-10-23,132.12
1995-10-24,132.59
1995-10-25,133.51
1995-10-26,132.94
1995-10-27,131.78
1995-10-30,133.41
1995-10-31,134.51
1995-11-01,134.64
1995-11-02,135.43
1995-11-03,135.44
1995-11-06,134.88
1995-11-07,135.3
1995-11-08,135.57
1995-11-09,135.97
1995-11-10,135.17
1995-11-13,134.7
1995-11-14,134.94
1995-11-15,135.2
1995-11-16,136.32
1995-11-17,136.14
1995-11-20,136.93
1995-11-21,136.56
1995-11-22,137.2
1995-11-23,136.83
1995-11-24,137.39
1995-11-27,138.13
1995-11-28,137.37
1995-11-29,137.58
1995-11-30,137.85
1995-12-01,138.29
1995-12-04,137.65
1995-12-05,138.18
1995-12-06,138.72
1995-12-07,138.17
1995-12-08,138.33
1995-12-11,138.85
1995-12-12,139.61
1995-12-13,139.4
1995-12-14,140.12
1995-12-15,139.36
1995-12-18,137.99
1995-12-19,137.34
1995-12-20,138.31
1995-12-21,138.99
1995-12-22,140.35
1995-12-25,140.54
1995-12-26,141.2
1995-12-27,141.4
1995-12-28,141.16
1995-12-29,141.69
1996-01-02,142.36
1996-01-03,144.12
1996-01-04,143.51
1996-01-05,142.88
1996-01-08,142.75
1996-01-09,142.32
1996-01-10,141.03
1996-01-11,140.46
1996-01-12,142.05
1996-01-15,141.9
1996-01-16,143.49
1996-01-17,143.29
1996-01-18,144.27
1996-01-19,145.08
1996-01-22,145.02
1996-01-23,144.4
1996-01-24,145.65
1996-01-25,145.63
1996-01-26,145.78
1996-01-29,145.8
1996-01-30,146.06
1996-01-31,147.1
1996-02-01,147.48
1996-02-02,147.97
1996-02-05,146.55
1996-02-06,147.07
1996-02-07,146.94
1996-02-08,146.26
1996-02-09,146.16
1996-02-12,146.3
1996-02-13,147.23
1996-02-14,146.86
1996-02-15,147.04
1996-02-16,146.94
1996-02-19,145.55
1996-02-20,144.11
1996-02-21,144.73
1996-02-22,146.01
1996-02-23,146.97
1996-02-26,145.91
1996-02-27,146.08
1996-02-28,147.25
1996-02-29,147.45
1996-03-01,148.49
1996-03-04,148.82
1996-03-05,147.64
1996-03-06,147.64
1996-03-07,148.6
1996-03-08,147.13
1996-03-11,145.75
1996-03-12,145.71
1996-03-13,145.97
1996-03-14,146.88
1996-03-15,146.17
1996-03-18,147.67
1996-03-19,148.44
1996-03-20,148.57
1996-03-21,148.99
1996-03-22,149.17
1996-03-25,148.66
1996-03-26,148.09
1996-03-27,148.97
1996-03-28,148.22
1996-03-29,149.02
1996-04-01,149.72
1996-04-02,149.59
1996-04-03,149.56
1996-04-04,150.17
1996-04-05,150.11
1996-04-08,150.22
1996-04-09,150.13
1996-04-10,150.72
1996-04-11,149.97
1996-04-12,150.29
1996-04-15,151.16
1996-04-16,151.86
1996-04-17,151.1
1996-04-18,151.99
1996-04-19,153.23
1996-04-22,153.89
1996-04-23,153.68
1996-04-24,153.43
1996-04-25,153.92
1996-04-26,154.41
1996-04-29,153.43
1996-04-30,153.63
1996-05-01,153.34
1996-05-02,152.92
1996-05-03,151.65
1996-05-06,151.87
1996-05-07,151.51
1996-05-08,150.96
1996-05-09,151.28
1996-05-10,152.19
1996-05-13,151.83
1996-05-14,152.84
1996-05-15,153.44
1996-05-16,152.89
1996-05-17,153.33
1996-05-20,153.62
1996-05-21,153.93
1996-05-22,152.89
1996-05-23,152.8
1996-05-24,152.78
1996-05-27,152.76
1996-05-28,153.41
1996-05-29,153.51
1996-05-30,152.7
1996-05-31,153.3
1996-06-03,152.67
1996-06-04,153.46
1996-06-05,153.88
1996-06-06,153.48
1996-06-07,152.18
1996-06-10,152.96
1996-06-11,153.48
1996-06-12,153.63
1996-06-13,153.24
1996-06-14,152.8
1996-06-17,152.81
1996-06-18,153.03
1996-06-19,152.86
1996-06-20,152.27
1996-06-21,152.36
1996-06-24,152.78
1996-06-25,152.49
1996-06-26,152.77
1996-06-27,152.03
1996-06-28,153.23
1996-07-01,153.58
1996-07-02,153.72
1996-07-03,153.43
1996-07-04,154.32
1996-07-05,153.34
1996-07-08,152.62
1996-07-09,153.06
1996-07-10,153.29
1996-07-11,152.72
1996-07-12,151.54
1996-07-15,150.56
1996-07-16,146.82
1996-07-17,147.52
1996-07-18,148.4
1996-07-19,148.73
1996-07-22,146.86
1996-07-23,147.72
1996-07-24,145.68
1996-07-25,146.57
1996-07-26,146.42
1996-07-29,146.6
1996-07-30,146.21
1996-07-31,147.05
1996-08-01,147.98
1996-08-02,149.36
1996-08-05,150.03
1996-08-06,150.3
1996-08-07,150.76
1996-08-08,151.02
1996-08-09,150.46
1996-08-12,150.24
1996-08-13,150.69
1996-08-14,151.03
1996-08-15,150.96
1996-08-16,151.77
1996-08-19,151.59
1996-08-20,152.59
1996-08-21,151.85
1996-08-22,153.18
1996-08-23,153.23
1996-08-26,152.96
1996-08-27,153.04
1996-08-28,153.14
1996-08-29,152.07
1996-08-30,151.31
1996-09-02,151.56
1996-09-03,150.79
1996-09-04,151.3
1996-09-05,151.8
1996-09-06,151.85
1996-09-09,153.11
1996-09-10,153.98
1996-09-11,153.52
1996-09-12,154.36
1996-09-13,155.79
1996-09-16,156.1
1996-09-17,155.72
1996-09-18,155.34
1996-09-19,155.57
1996-09-20,155.69
1996-09-23,154.17
1996-09-24,154.03
1996-09-25,155.53
1996-09-26,156.04
1996-09-27,156.95
1996-09-30,157.4
1996-10-01,158.13
1996-10-02,159.25
1996-10-03,159.17
1996-10-04,159.93
1996-10-07,159.73
1996-10-08,159.89
1996-10-09,159.33
1996-10-10,158.76
1996-10-11,159.46
1996-10-14,159.82
1996-10-15,161.47
1996-10-16,160.27
1996-10-17,160.71
1996-10-18,161.61
1996-10-21,161.81
1996-10-22,162.06
1996-10-23,159.95
1996-10-24,159.25
1996-10-25,160.02
1996-10-28,160.59
1996-10-29,158.75
1996-10-30,158.62
1996-10-31,158.95
1996-11-01,158.63
1996-11-04,158.46
1996-11-05,159.83
1996-11-06,160.69
1996-11-07,160.41
1996-11-08,160.57
1996-11-11,159.8
1996-11-12,161.31
1996-11-13,161.44
1996-11-14,162.41
1996-11-15,163.42
1996-11-18,162.99
1996-11-19,163.83
1996-11-20,163.27
1996-11-21,163.43
1996-11-22,164.92
1996-11-25,165.1
1996-11-26,166.4
1996-11-27,165.42
1996-11-28,166.44
1996-11-29,167.89
1996-12-02,168.41
1996-12-03,167.97
1996-12-04,167.45
1996-12-05,167.62
1996-12-06,163.92
1996-12-09,166.15
1996-12-10,167.11
1996-12-11,164.54
1996-12-12,164.92
1996-12-13,163.71
1996-12-16,165.71
1996-12-17,165.14
1996-12-18,166.89
1996-12-19,168.06
1996-12-20,169.15
1996-12-23,169.56
1996-12-24,169.66
1996-12-25,169.44
1996-12-26,169.69
1996-12-27,170.68
1996-12-30,171.61
1996-12-31,171.31
1997-01-02,168.81
1997-01-03,170.86
1997-01-06,171.34
1997-01-07,171.2
1997-01-08,172.53
1997-01-09,173.16
1997-01-10,172.88
1997-01-13,175.3
1997-01-14,177.15
1997-01-15,177.21
1997-01-16,178.56
1997-01-17,179.57
1997-01-20,179.65
1997-01-21,179.49
1997-01-22,181.03
1997-01-23,181.86
1997-01-24,180.31
1997-01-27,180.41
1997-01-28,181.22
1997-01-29,179.95
1997-01-30,180.88
1997-01-31,182.44
1997-02-03,182.85
1997-02-04,183.21
1997-02-05,185.27
1997-02-06,185.26
1997-02-07,186.54
1997-02-10,187.88
1997-02-11,188.16
1997-02-12,189.13
1997-02-13,189.55
1997-02-14,190.48
1997-02-17,190.8
1997-02-18,190.21
1997-02-19,191.17
1997-02-20,189.92
1997-02-21,189.47
1997-02-24,188.94
1997-02-25,190.39
1997-02-26,190.28
1997-02-27,190.57
1997-02-28,189.29
1997-03-03,189.02
1997-03-04,191.6
1997-03-05,192.47
1997-03-06,194.83
1997-03-07,194.62
1997-03-10,195.69
1997-03-11,196.24
1997-03-12,193.81
1997-03-13,193.39
1997-03-14,193.59
1997-03-17,191.57
1997-03-18,189.01
1997-03-19,189.54
1997-03-20,186.81
1997-03-21,187.74
1997-03-24,187.44
1997-03-25,189.63
1997-03-26,191.91
1997-03-27,192.2
1997-03-28,192.63
1997-03-31,192.54
1997-04-01,187.51
1997-04-02,187.03
1997-04-03,185.33
1997-04-04,186.34
1997-04-07,189.42
1997-04-08,189.7
1997-04-09,191.37
1997-04-10,191.32
1997-04-11,190.82
1997-04-14,189.4
1997-04-15,191.89
1997-04-16,192.17
1997-04-17,192.57
1997-04-18,191.49
1997-04-21,192.14
1997-04-22,192.61
1997-04-23,194.18
1997-04-24,194.68
1997-04-25,193.97
1997-04-28,193.81
1997-04-29,195.91
1997-04-30,196.99
1997-05-01,197.54
1997-05-02,198.01
1997-05-05,199.89
1997-05-06,201.27
1997-05-07,200.65
1997-05-08,200.65
1997-05-09,201.27
1997-05-12,203.66
1997-05-13,204.1
1997-05-14,205.41
1997-05-15,205.52
1997-05-16,205.59
1997-05-19,205.77
1997-05-20,202.4
1997-05-21,206.34
1997-05-22,204.89
1997-05-23,205.99
1997-05-26,206.14
1997-05-27,206.74
1997-05-28,205.42
1997-05-29,204.89
1997-05-30,202.77
1997-06-02,204.03
1997-06-03,204.85
1997-06-04,205.24
1997-06-05,206.22
1997-06-06,208.16
1997-06-09,208.7
1997-06-10,209.26
1997-06-11,209.43
1997-06-12,211.7
1997-06-13,213.79
1997-06-16,212.73
1997-06-17,210.85
1997-06-18,211.23
1997-06-19,211.95
1997-06-20,212.24
1997-06-23,212.18
1997-06-24,212.87
1997-06-25,215.28
1997-06-26,216.07
1997-06-27,216.14
1997-06-30,214.15
1997-07-01,217.73
1997-07-02,219.53
1997-07-03,223.09
1997-07-04,223.33
1997-07-07,224.95
1997-07-08,224.49
1997-07-09,225.87
1997-07-10,223.88
1997-07-11,226.82
1997-07-14,228.5
1997-07-15,228.34
1997-07-16,231.82
1997-07-17,231.39
1997-07-18,228.35
1997-07-21,225.52
1997-07-22,230.46
1997-07-23,234.1
1997-07-24,232.62
1997-07-25,233.02
1997-07-28,232.93
1997-07-29,231.86
1997-07-30,234.33
1997-07-31,234.04
1997-08-01,233.87
1997-08-04,231.61
1997-08-05,233.08
1997-08-06,235.74
1997-08-07,237.49
1997-08-08,234.05
1997-08-11,233.85
1997-08-12,234.77
1997-08-13,229.39
1997-08-14,228.45
1997-08-15,224.44
1997-08-18,223.74
1997-08-19,227.35
1997-08-20,230.33
1997-08-21,229.25
1997-08-22,224.92
1997-08-25,224.33
1997-08-26,221.2
1997-08-27,221.72
1997-08-28,219.38
1997-08-29,218.31
1997-09-01,220.65
1997-09-02,225.64
1997-09-03,225.87
1997-09-04,225.55
1997-09-05,226.41
1997-09-08,226.0
1997-09-09,225.69
1997-09-10,222.52
1997-09-11,219.13
1997-09-12,218.05
1997-09-15,219.39
1997-09-16,222.74
1997-09-17,225.23
1997-09-18,227.62
1997-09-19,227.07
1997-09-22,230.6
1997-09-23,230.63
1997-09-24,231.06
1997-09-25,230.63
1997-09-26,232.41
1997-09-29,232.37
1997-09-30,234.15
1997-10-01,236.99
1997-10-02,237.11
1997-10-03,238.66
1997-10-06,237.98
1997-10-07,238.07
1997-10-08,236.9
1997-10-09,232.19
1997-10-10,231.61
1997-10-13,235.07
1997-10-14,235.39
1997-10-15,234.08
1997-10-16,233.42
1997-10-17,231.88
1997-10-20,231.45
1997-10-21,235.02
1997-10-22,233.75
1997-10-23,225.83
1997-10-24,226.76
1997-10-27,220.26
1997-10-28,209.45
1997-10-29,219.07
1997-10-30,214.83
1997-10-31,216.8
1997-11-03,221.45
1997-11-04,219.95
1997-11-05,220.81
1997-11-06,219.73
1997-11-07,214.18
1997-11-10,215.73
1997-11-11,215.24
1997-11-12,212.83
1997-11-13,213.38
1997-11-14,213.94
1997-11-17,218.88
1997-11-18,219.18
1997-11-19,218.75
1997-11-20,222.72
1997-11-21,225.12
1997-11-24,221.14
1997-11-25,220.75
1997-11-26,223.04
1997-11-27,224.01
1997-11-28,224.2
1997-12-01,228.59
1997-12-02,229.51
1997-12-03,228.91
1997-12-04,230.91
1997-12-05,232.49
1997-12-08,234.63
1997-12-09,234.7
1997-12-10,231.51
1997-12-11,226.37
1997-12-12,227.99
1997-12-15,228.46
1997-12-16,232.18
1997-12-17,233.23
1997-12-18,232.99
1997-12-19,228.09
1997-12-22,228.2
1997-12-23,228.84
1997-12-24,228.79
1997-12-25,228.75
1997-12-26,228.81
1997-12-29,233.94
1997-12-30,235.1
1997-12-31,235.79
1998-01-02,238.33
1998-01-05,242.74
1998-01-06,241.87
1998-01-07,241.32
1998-01-08,238.89
1998-01-09,235.53
1998-01-12,230.18
1998-01-13,233.69
1998-01-14,234.12
1998-01-15,235.99
1998-01-16,239.26
1998-01-19,241.51
1998-01-20,242.35
1998-01-21,240.81
1998-01-22,239.62
1998-01-23,238.3
1998-01-26,240.27
1998-01-27,241.89
1998-01-28,245.93
1998-01-29,248.0
1998-01-30,249.14
1998-02-02,252.46
1998-02-03,253.5
1998-02-04,253.12
1998-02-05,253.65
1998-02-06,255.27
1998-02-09,255.08
1998-02-10,254.64
1998-02-11,256.42
1998-02-12,253.75
1998-02-13,254.97
1998-02-16,256.39
1998-02-17,259.78
1998-02-18,260.05
1998-02-19,259.18
1998-02-20,259.66
1998-02-23,259.4
1998-02-24,258.74
1998-02-25,263.56
1998-02-26,264.86
1998-02-27,265.78
1998-03-02,269.24
1998-03-03,268.59
1998-03-04,265.62
1998-03-05,264.44
1998-03-06,269.26
1998-03-09,270.99
1998-03-10,272.29
1998-03-11,273.41
1998-03-12,272.7
1998-03-13,274.67
1998-03-16,275.7
1998-03-17,278.21
1998-03-18,278.08
1998-03-19,280.14
1998-03-20,282.16
1998-03-23,283.48
1998-03-24,285.84
1998-03-25,287.89
1998-03-26,285.06
1998-03-27,287.08
1998-03-30,286.98
1998-03-31,287.92
1998-04-01,290.52
1998-04-02,292.8
1998-04-03,294.58
1998-04-06,298.67
1998-04-07,295.74
1998-04-08,292.42
1998-04-09,293.7
1998-04-14,295.4
1998-04-15,295.54
1998-04-16,293.32
1998-04-17,292.46
1998-04-20,294.08
1998-04-21,293.45
1998-04-22,291.61
1998-04-23,288.99
1998-04-24,285.43
1998-04-27,277.32
1998-04-28,282.71
1998-04-29,281.63
1998-04-30,288.18
1998-05-04,294.36
1998-05-05,290.58
1998-05-06,290.77
1998-05-07,286.87
1998-05-08,289.75
1998-05-11,294.1
1998-05-12,291.8
1998-05-13,292.48
1998-05-14,291.56
1998-05-15,291.34
1998-05-18,287.15
1998-05-19,290.84
1998-05-20,292.97
1998-05-22,294.55
1998-05-25,297.2
1998-05-26,298.74
1998-05-27,293.01
1998-05-28,292.82
1998-05-29,293.86
1998-06-02,294.11
1998-06-03,295.61
1998-06-04,294.05
1998-06-05,298.22
1998-06-08,301.24
1998-06-09,300.21
1998-06-10,300.02
1998-06-11,296.86
1998-06-12,291.29
1998-06-15,287.27
1998-06-16,288.36
1998-06-17,293.65
1998-06-18,291.61
1998-06-19,288.8
1998-06-22,288.22
1998-06-23,291.49
1998-06-24,293.17
1998-06-25,296.97
1998-06-26,297.36
1998-06-29,299.39
1998-06-30,297.52
1998-07-01,301.98
1998-07-02,303.04
1998-07-03,306.31
1998-07-06,307.22
1998-07-07,306.52
1998-07-08,308.22
1998-07-09,307.16
1998-07-10,305.42
1998-07-13,306.4
1998-07-14,309.57
1998-07-15,311.57
1998-07-16,310.73
1998-07-17,313.83
1998-07-20,315.0
1998-07-21,313.52
1998-07-22,308.13
1998-07-23,307.42
1998-07-24,305.3
1998-07-27,300.5
1998-07-28,299.72
1998-07-29,299.16
1998-07-30,302.63
1998-07-31,299.76
1998-08-03,296.31
1998-08-04,294.95
1998-08-05,288.68
1998-08-06,285.2
1998-08-07,289.42
1998-08-10,284.26
1998-08-11,275.85
1998-08-12,279.49
1998-08-13,277.8
1998-08-14,281.56
1998-08-17,280.68
1998-08-18,289.27
1998-08-19,290.3399
1998-08-20,287.36
1998-08-21,277.18
1998-08-24,277.2799
1998-08-25,282.98
1998-08-26,276.41
1998-08-27,266.31
1998-08-28,261.62
1998-08-31,259.47
1998-09-01,255.09
1998-09-02,261.02
1998-09-03,254.31
1998-09-04,256.8399
1998-09-07,261.55
1998-09-08,265.42
1998-09-09,262.22
1998-09-10,250.71
1998-09-11,249.14
1998-09-14,256.8
1998-09-15,254.82
1998-09-16,256.66
1998-09-17,246.34
1998-09-18,243.11
1998-09-21,234.79
1998-09-22,240.1
1998-09-23,246.28
1998-09-24,243.86
1998-09-25,240.3
1998-09-28,243.42
1998-09-29,242.21
1998-09-30,235.86
1998-10-01,224.49
1998-10-02,218.73
1998-10-05,212.96
1998-10-06,223.27
1998-10-07,220.37
1998-10-08,212.07
1998-10-09,216.09
1998-10-12,228.47
1998-10-13,230.3
1998-10-14,235.4
1998-10-15,236.09
1998-10-16,239.58
1998-10-19,238.96
1998-10-20,246.69
1998-10-21,243.24
1998-10-22,242.74
1998-10-23,242.55
1998-10-26,244.98
1998-10-27,250.23
1998-10-28,246.21
1998-10-29,247.32
1998-10-30,251.64
1998-11-02,256.63
1998-11-03,255.92
1998-11-04,261.81
1998-11-05,256.58
1998-11-06,257.33
1998-11-09,256.72
1998-11-10,253.94
1998-11-11,255.37
1998-11-12,255.03
1998-11-13,254.91
1998-11-16,258.2799
1998-11-17,257.35
1998-11-18,257.07
1998-11-19,262.79
1998-11-20,267.88
1998-11-23,273.57
1998-11-24,270.97
1998-11-25,270.58
1998-11-26,275.26
1998-11-27,277.62
1998-11-30,271.27
1998-12-01,260.98
1998-12-02,258.94
1998-12-03,261.89
1998-12-04,262.95
1998-12-07,263.07
1998-12-08,263.29
1998-12-09,265.04
1998-12-10,263.08
1998-12-11,259.13
1998-12-14,258.65
1998-12-15,260.32
1998-12-16,263.88
1998-12-17,266.5899
1998-12-18,266.31
1998-12-21,273.5299
1998-12-22,273.72
1998-12-23,277.68
1998-12-24,277.64
1998-12-28,279.46
1998-12-29,280.68
1998-12-30,279.2
1998-12-31,279.31
1999-01-04,287.81
1999-01-05,291.4
1999-01-06,298.11
1999-01-07,294.55
1999-01-08,296.0299
1999-01-11,291.91
1999-01-12,287.9
1999-01-13,277.02
1999-01-14,277.13
1999-01-15,282.3
1999-01-18,289.1
1999-01-19,287.3399
1999-01-20,291.15
1999-01-21,287.51
1999-01-22,280.13
1999-01-25,281.04
1999-01-26,281.57
1999-01-27,282.5299
1999-01-28,286.31
1999-01-29,288.31
1999-02-01,292.89
1999-02-02,291.0
1999-02-03,287.69
1999-02-04,288.05
1999-02-05,287.14
1999-02-08,285.05
1999-02-09,279.32
1999-02-10,277.38
1999-02-11,281.11
1999-02-12,283.75
1999-02-15,285.57
1999-02-16,286.72
1999-02-17,283.77
1999-02-18,284.42
1999-02-19,285.99
1999-02-22,289.5899
1999-02-23,292.76
1999-02-24,295.81
1999-02-25,291.0899
1999-02-26,289.96
1999-03-01,286.47
1999-03-02,287.11
1999-03-03,285.19
1999-03-04,288.0899
1999-03-05,293.86
1999-03-08,292.23
1999-03-09,293.45
1999-03-10,292.9
1999-03-11,297.82
1999-03-12,297.99
1999-03-15,296.58
1999-03-16,297.17
1999-03-17,295.0299
1999-03-18,293.99
1999-03-19,297.85
1999-03-22,296.02
1999-03-23,290.82
1999-03-24,287.95
1999-03-25,292.42
1999-03-26,292.11
1999-03-29,296.2
1999-03-30,295.27
1999-03-31,297.15
1999-04-01,297.0
1999-04-02,297.16
1999-04-05,297.41
1999-04-06,300.7
1999-04-07,302.87
1999-04-08,303.58
1999-04-09,305.23
1999-04-12,304.3
1999-04-13,307.41
1999-04-14,306.57
1999-04-15,304.62
1999-04-16,304.0
1999-04-19,308.24
1999-04-20,301.2799
1999-04-21,302.5
1999-04-22,305.61
1999-04-23,305.56
1999-04-26,307.63
1999-04-27,312.46
1999-04-28,312.33
1999-04-29,310.32
1999-04-30,312.35
1999-05-03,313.74
1999-05-04,313.63
1999-05-05,308.12
1999-05-06,307.57
1999-05-07,306.2
1999-05-10,305.69
1999-05-11,306.95
1999-05-12,305.75
1999-05-13,308.3399
1999-05-14,303.24
1999-05-17,297.8
1999-05-18,299.99
1999-05-19,303.1
1999-05-20,306.68
1999-05-21,307.04
1999-05-24,305.3399
1999-05-25,301.58
1999-05-26,302.41
1999-05-27,299.38
1999-05-28,300.08
1999-05-31,301.22
1999-06-01,301.5
1999-06-02,303.44
1999-06-03,305.88
1999-06-04,307.95
1999-06-07,310.92
1999-06-08,310.29
1999-06-09,310.97
1999-06-10,307.73
1999-06-11,310.58
1999-06-14,309.9
1999-06-15,310.13
1999-06-16,313.29
1999-06-17,314.41
1999-06-18,315.51
1999-06-21,318.93
1999-06-22,317.26
1999-06-23,314.02
1999-06-24,311.17
1999-06-25,309.07
1999-06-28,309.98
1999-06-29,309.93
1999-06-30,309.69
1999-07-01,319.64
1999-07-02,321.12
1999-07-05,326.0899
1999-07-06,325.24
1999-07-07,323.42
1999-07-08,319.43
1999-07-09,320.22
1999-07-12,321.42
1999-07-13,316.36
1999-07-14,317.79
1999-07-15,321.19
1999-07-16,320.39
1999-07-19,319.79
1999-07-20,312.5299
1999-07-21,308.45
1999-07-22,306.75
1999-07-23,303.32
1999-07-26,299.27
1999-07-27,301.7
1999-07-28,302.56
1999-07-29,296.13
1999-07-30,301.2799
1999-08-02,301.69
1999-08-03,300.7
1999-08-04,299.33
1999-08-05,292.62
1999-08-06,293.68
1999-08-09,296.3399
1999-08-10,291.98
1999-08-11,293.91
1999-08-12,299.69
1999-08-13,304.6
1999-08-16,305.7799
1999-08-17,306.2799
1999-08-18,306.19
1999-08-19,302.94
1999-08-20,305.55
1999-08-23,309.95
1999-08-24,310.5299
1999-08-25,314.3399
1999-08-26,314.54
1999-08-27,315.02
1999-08-30,314.58
1999-08-31,308.69
1999-09-01,310.27
1999-09-02,305.19
1999-09-03,312.32
1999-09-06,315.27
1999-09-07,313.98
1999-09-08,313.62
1999-09-09,316.41
1999-09-10,316.82
1999-09-13,314.68
1999-09-14,312.4
1999-09-15,311.33
1999-09-16,309.35
1999-09-17,310.25
1999-09-20,311.77
1999-09-21,307.5899
1999-09-22,305.72
1999-09-23,308.52
1999-09-24,305.0299
1999-09-27,309.38
1999-09-28,305.38
1999-09-29,303.14
1999-09-30,303.91
1999-10-01,301.49
1999-10-04,305.82
1999-10-05,307.83
1999-10-06,308.93
1999-10-07,311.57
1999-10-08,312.37
1999-10-11,313.15
1999-10-12,309.62
1999-10-13,306.47
1999-10-14,303.7799
1999-10-15,298.48
1999-10-18,295.91
1999-10-19,302.01
1999-10-20,302.6
1999-10-21,301.0299
1999-10-22,306.75
1999-10-25,305.21
1999-10-26,308.57
1999-10-27,307.82
1999-10-28,312.05
1999-10-29,317.27
1999-11-01,317.94
1999-11-02,318.18
1999-11-03,319.94
1999-11-04,321.95
1999-11-05,323.3399
1999-11-08,324.19
1999-11-09,325.9
1999-11-10,327.47
1999-11-11,331.75
1999-11-12,331.3399
1999-11-15,334.63
1999-11-16,336.02
1999-11-17,335.73
1999-11-18,338.79
1999-11-19,337.58
1999-11-22,334.04
1999-11-23,336.26
1999-11-24,336.89
1999-11-25,343.86
1999-11-26,345.1
1999-11-29,345.71
1999-11-30,342.13
1999-12-01,345.0899
1999-12-02,346.24
1999-12-03,353.24
1999-12-06,351.15
1999-12-07,352.5
1999-12-08,351.79
1999-12-09,353.95
1999-12-10,353.54
1999-12-13,355.11
1999-12-14,356.24
1999-12-15,352.99
1999-12-16,354.61
1999-12-17,357.5
1999-12-20,359.92
1999-12-21,358.66
1999-12-22,362.31
1999-12-23,367.5899
1999-12-24,369.61
1999-12-27,370.89
1999-12-28,372.3399
1999-12-29,374.37
1999-12-30,379.49
2000-01-03,377.69
2000-01-04,362.7
2000-01-05,353.74
2000-01-06,352.21
2000-01-07,359.75
2000-01-10,365.39
2000-01-11,362.93
2000-01-12,362.92
2000-01-13,364.83
2000-01-14,373.63
2000-01-17,376.21
2000-01-18,368.3
2000-01-19,366.58
2000-01-20,365.64
2000-01-21,364.63
2000-01-24,366.45
2000-01-25,360.18
2000-01-26,364.2799
2000-01-27,369.06
2000-01-28,368.38
2000-01-31,360.93
2000-02-01,366.71
2000-02-02,371.3399
2000-02-03,376.29
2000-02-04,377.37
2000-02-07,374.2
2000-02-08,382.38
2000-02-09,382.35
2000-02-10,381.61
2000-02-11,381.41
2000-02-14,379.14
2000-02-15,371.3
2000-02-16,376.12
2000-02-17,379.95
2000-02-18,378.76
2000-02-21,374.48
2000-02-22,371.76
2000-02-23,376.98
2000-02-24,377.77
2000-02-25,385.3399
2000-02-28,381.51
2000-02-29,386.01
2000-03-01,391.0299
2000-03-02,398.98
2000-03-03,402.57
2000-03-06,405.5
2000-03-07,402.62
2000-03-08,398.35
2000-03-09,399.08
2000-03-10,402.26
2000-03-13,392.86
2000-03-14,393.57
2000-03-15,385.36
2000-03-16,390.38
2000-03-17,393.74
2000-03-20,397.39
2000-03-21,395.56
2000-03-22,396.33
2000-03-23,394.0
2000-03-24,402.36
2000-03-27,402.37
2000-03-28,403.56
2000-03-29,403.06
2000-03-30,391.66
2000-03-31,394.1
2000-04-03,386.99
2000-04-04,387.35
2000-04-05,377.52
2000-04-06,388.15
2000-04-07,393.39
2000-04-10,392.88
2000-04-11,384.96
2000-04-12,384.96
2000-04-13,384.95
2000-04-14,374.04
2000-04-17,368.15
2000-04-18,372.92
2000-04-19,378.87
2000-04-20,381.36
2000-04-21,381.4
2000-04-24,381.3399
2000-04-25,385.04
2000-04-26,388.67
2000-04-27,385.97
2000-04-28,392.62
2000-05-01,393.01
2000-05-02,400.66
2000-05-03,395.5
2000-05-04,394.74
2000-05-05,395.3399
2000-05-08,392.92
2000-05-09,386.37
2000-05-10,378.6
2000-05-11,384.56
2000-05-12,389.0
2000-05-15,384.55
2000-05-16,393.18
2000-05-17,387.48
2000-05-18,387.38
2000-05-19,375.7799
2000-05-22,368.67
2000-05-23,370.71
2000-05-24,366.48
2000-05-25,374.1
2000-05-26,369.86
2000-05-29,373.55
2000-05-30,379.08
2000-05-31,380.24
2000-06-01,385.55
2000-06-02,394.83
2000-06-05,391.39
2000-06-06,388.91
2000-06-07,386.31
2000-06-08,386.25
2000-06-09,386.76
2000-06-12,386.6
2000-06-13,385.5299
2000-06-14,389.3
2000-06-15,387.8399
2000-06-16,385.49
2000-06-19,384.62
2000-06-20,388.1
2000-06-21,384.95
2000-06-22,383.98
2000-06-23,383.43
2000-06-26,383.2
2000-06-27,380.92
2000-06-28,381.5
2000-06-29,372.7799
2000-06-30,376.74
2000-07-03,381.87
2000-07-04,381.85
2000-07-05,379.73
2000-07-06,380.61
2000-07-07,386.85
2000-07-10,385.83
2000-07-11,385.82
2000-07-12,388.68
2000-07-13,390.68
2000-07-14,391.77
2000-07-17,394.5
2000-07-18,391.32
2000-07-19,391.48
2000-07-20,394.31
2000-07-21,389.02
2000-07-24,389.24
2000-07-25,387.75
2000-07-26,386.6
2000-07-27,381.95
2000-07-28,379.86
2000-07-31,382.63
2000-08-01,382.92
2000-08-02,383.57
2000-08-03,378.9
2000-08-04,382.47
2000-08-07,385.44
2000-08-08,386.29
2000-08-09,389.9
2000-08-10,388.62
2000-08-11,389.2799
2000-08-14,392.0899
2000-08-15,391.31
2000-08-16,392.71
2000-08-17,390.75
2000-08-18,391.05
2000-08-21,391.63
2000-08-22,392.5299
2000-08-23,392.04
2000-08-24,390.13
2000-08-25,391.71
2000-08-28,392.99
2000-08-29,392.01
2000-08-30,391.62
2000-08-31,394.96
2000-09-01,400.8399
2000-09-04,404.2799
2000-09-05,402.11
2000-09-06,401.29
2000-09-07,401.2
2000-09-08,395.47
2000-09-11,394.85
2000-09-12,393.0
2000-09-13,388.7
2000-09-14,392.06
2000-09-15,388.39
2000-09-18,386.75
2000-09-19,386.97
2000-09-20,382.08
2000-09-21,377.0299
2000-09-22,376.19
2000-09-25,379.8399
2000-09-26,376.63
2000-09-27,378.07
2000-09-28,376.8399
2000-09-29,377.44
2000-10-02,379.92
2000-10-03,382.54
2000-10-04,380.5899
2000-10-05,382.57
2000-10-06,380.45
2000-10-09,372.6
2000-10-10,373.3
2000-10-11,365.75
2000-10-12,368.23
2000-10-13,370.85
2000-10-16,373.41
2000-10-17,369.69
2000-10-18,367.21
2000-10-19,375.27
2000-10-20,377.5
2000-10-23,380.49
2000-10-24,388.14
2000-10-25,384.83
2000-10-26,381.35
2000-10-27,384.55
2000-10-30,385.29
2000-10-31,388.0299
2000-11-01,387.66
2000-11-02,386.45
2000-11-03,386.52
2000-11-06,385.99
2000-11-07,386.85
2000-11-08,385.63
2000-11-09,381.96
2000-11-10,377.68
2000-11-13,372.33
2000-11-14,380.91
2000-11-15,382.8399
2000-11-16,381.52
2000-11-17,380.39
2000-11-20,374.71
2000-11-21,377.39
2000-11-22,367.6
2000-11-23,371.31
2000-11-24,375.94
2000-11-27,377.47
2000-11-28,371.72
2000-11-29,370.32
2000-11-30,363.25
2000-12-01,366.97
2000-12-04,362.46
2000-12-05,371.68
2000-12-06,369.38
2000-12-07,368.63
2000-12-08,371.38
2000-12-11,378.35
2000-12-12,376.37
2000-12-13,375.57
2000-12-14,368.4
2000-12-15,361.67
2000-12-18,364.58
2000-12-19,367.87
2000-12-20,356.72
2000-12-21,353.07
2000-12-22,353.12
2000-12-27,358.51
2000-12-28,361.01
2000-12-29,359.79
2001-01-02,354.83
2001-01-03,351.38
2001-01-04,356.54
2001-01-05,355.1
2001-01-08,353.65
2001-01-09,350.77
2001-01-10,348.83
2001-01-11,352.12
2001-01-12,353.85
2001-01-15,355.98
2001-01-16,351.04
2001-01-17,359.48
2001-01-18,357.99
2001-01-19,357.19
2001-01-22,357.17
2001-01-23,356.87
2001-01-24,360.58
2001-01-25,361.97
2001-01-26,361.36
2001-01-29,362.47
2001-01-30,361.48
2001-01-31,362.33
2001-02-01,358.62
2001-02-02,356.86
2001-02-05,356.55
2001-02-06,358.6
2001-02-07,354.23
2001-02-08,355.0
2001-02-09,350.29
2001-02-12,352.65
2001-02-13,354.13
2001-02-14,350.0899
2001-02-15,354.68
2001-02-16,347.37
2001-02-19,345.83
2001-02-20,343.62
2001-02-21,340.91
2001-02-22,340.06
2001-02-23,333.86
2001-02-26,336.24
2001-02-27,336.81
2001-02-28,335.02
2001-03-01,332.0
2001-03-02,332.38
2001-03-05,335.96
2001-03-06,339.99
2001-03-07,339.87
2001-03-08,338.6
2001-03-09,334.74
2001-03-12,327.42
2001-03-13,324.3399
2001-03-14,318.94
2001-03-15,324.61
2001-03-16,316.83
2001-03-19,314.19
2001-03-20,318.3
2001-03-21,313.05
2001-03-22,300.64
2001-03-23,307.14
2001-03-26,317.01
2001-03-27,323.75
2001-03-28,319.63
2001-03-29,320.12
2001-03-30,321.7
2001-04-02,320.16
2001-04-03,310.13
2001-04-04,311.17
2001-04-05,317.69
2001-04-06,316.68
2001-04-09,321.42
2001-04-10,329.27
2001-04-11,330.68
2001-04-12,329.75
2001-04-17,329.0
2001-04-18,336.7
2001-04-19,336.2
2001-04-20,333.21
2001-04-23,330.91
2001-04-24,332.3
2001-04-25,331.64
2001-04-26,333.33
2001-04-27,338.71
2001-04-30,342.02
2001-05-01,340.93
2001-05-02,339.41
2001-05-03,333.51
2001-05-04,336.17
2001-05-07,338.17
2001-05-08,338.26
2001-05-09,336.54
2001-05-10,342.56
2001-05-11,340.96
2001-05-14,335.39
2001-05-15,339.0
2001-05-16,339.51
2001-05-17,342.71
2001-05-18,346.0899
2001-05-21,347.72
2001-05-22,350.74
2001-05-23,347.89
2001-05-24,347.71
2001-05-25,346.0
2001-05-28,346.41
2001-05-29,344.79
2001-05-30,340.83
2001-05-31,341.97
2001-06-01,341.57
2001-06-04,343.02
2001-06-05,345.8399
2001-06-06,343.39
2001-06-07,342.98
2001-06-08,341.76
2001-06-11,338.97
2001-06-12,332.54
2001-06-13,335.07
2001-06-14,330.07
2001-06-15,327.89
2001-06-18,324.92
2001-06-19,326.52
2001-06-20,325.37
2001-06-21,325.67
2001-06-22,326.2
2001-06-25,325.95
2001-06-26,320.81
2001-06-27,321.67
2001-06-28,326.41
2001-06-29,329.35
2001-07-02,333.79
2001-07-03,328.92
2001-07-04,327.16
2001-07-05,325.27
2001-07-06,318.37
2001-07-09,317.86
2001-07-10,315.49
2001-07-11,310.7799
2001-07-12,315.46
2001-07-13,317.17
2001-07-16,315.06
2001-07-17,311.92
2001-07-18,308.37
2001-07-19,313.41
2001-07-20,310.5
2001-07-23,311.2
2001-07-24,306.54
2001-07-25,302.24
2001-07-26,304.6
2001-07-27,310.0
2001-07-30,313.68
2001-07-31,316.95
2001-08-01,317.89
2001-08-02,317.92
2001-08-03,315.16
2001-08-06,314.87
2001-08-07,315.38
2001-08-08,311.48
2001-08-09,305.44
2001-08-10,303.19
2001-08-13,304.38
2001-08-14,308.22
2001-08-15,305.73
2001-08-16,302.2799
2001-08-17,297.92
2001-08-20,298.01
2001-08-21,301.6
2001-08-22,300.5
2001-08-23,300.98
2001-08-24,305.61
2001-08-27,305.98
2001-08-28,303.17
2001-08-29,302.51
2001-08-30,296.61
2001-08-31,297.66
2001-09-03,294.71
2001-09-04,299.69
2001-09-05,295.65
2001-09-06,288.57
2001-09-07,281.17
2001-09-10,278.82
2001-09-11,261.5
2001-09-12,266.37
2001-09-13,268.68
2001-09-14,255.18
2001-09-17,260.79
2001-09-18,258.35
2001-09-19,252.07
2001-09-20,242.33
2001-09-21,235.9
2001-09-24,248.1
2001-09-25,251.1
2001-09-26,254.23
2001-09-27,257.71
2001-09-28,266.29
2001-10-01,259.89
2001-10-02,261.61
2001-10-03,263.37
2001-10-04,271.67
2001-10-05,270.51
2001-10-08,269.96
2001-10-09,269.32
2001-10-10,276.02
2001-10-11,280.19
2001-10-12,278.13
2001-10-15,273.29
2001-10-16,275.4
2001-10-17,281.88
2001-10-18,277.26
2001-10-19,273.11
2001-10-22,276.67
2001-10-23,283.73
2001-10-24,284.23
2001-10-25,279.22
2001-10-26,285.69
2001-10-29,279.7799
2001-10-30,273.26
2001-10-31,277.41
2001-11-01,279.06
2001-11-02,280.35
2001-11-05,286.93
2001-11-06,286.77
2001-11-07,289.15
2001-11-08,294.29
2001-11-09,291.3399
2001-11-12,285.04
2001-11-13,294.61
2001-11-14,294.0899
2001-11-15,294.9
2001-11-16,296.87
2001-11-19,299.74
2001-11-20,296.24
2001-11-21,296.14
2001-11-22,298.23
2001-11-23,296.74
2001-11-26,296.76
2001-11-27,293.29
2001-11-28,289.52
2001-11-29,289.2
2001-11-30,288.95
2001-12-03,287.87
2001-12-04,291.42
2001-12-05,299.81
2001-12-06,300.62
2001-12-07,298.07
2001-12-10,293.58
2001-12-11,293.65
2001-12-12,290.5
2001-12-13,286.16
2001-12-14,283.72
2001-12-17,290.35
2001-12-18,290.24
2001-12-19,287.69
2001-12-20,286.07
2001-12-21,291.39
2001-12-24,291.9
2001-12-27,297.11
2001-12-28,298.73
2001-12-31,298.16
2002-01-02,293.69
2002-01-03,299.0899
2002-01-04,300.57
2002-01-07,297.77
2002-01-08,295.36
2002-01-09,295.24
2002-01-10,292.6
2002-01-11,294.61
2002-01-14,288.17
2002-01-15,290.92
2002-01-16,287.93
2002-01-17,291.26
2002-01-18,290.25
2002-01-21,288.63
2002-01-22,288.61
2002-01-23,291.04
2002-01-24,294.55
2002-01-25,293.51
2002-01-28,296.12
2002-01-29,291.96
2002-01-30,288.71
2002-01-31,292.45
2002-02-01,293.46
2002-02-04,289.99
2002-02-05,285.21
2002-02-06,282.33
2002-02-07,284.74
2002-02-08,284.3399
2002-02-11,286.94
2002-02-12,286.8399
2002-02-13,288.88
2002-02-14,291.7
2002-02-15,289.7
2002-02-18,288.0
2002-02-19,282.65
2002-02-20,280.85
2002-02-21,283.65
2002-02-22,280.89
2002-02-25,284.86
2002-02-26,286.87
2002-02-27,290.87
2002-02-28,289.8399
2002-03-01,292.94
2002-03-04,298.64
2002-03-05,297.35
2002-03-06,297.71
2002-03-07,299.35
2002-03-08,301.36
2002-03-11,299.54
2002-03-12,297.36
2002-03-13,297.29
2002-03-14,297.25
2002-03-15,299.74
2002-03-18,301.39
2002-03-19,302.2799
2002-03-20,299.45
2002-03-21,298.67
2002-03-22,300.32
2002-03-25,298.25
2002-03-26,298.77
2002-03-27,299.52
2002-03-28,303.04
2002-04-02,301.24
2002-04-03,300.79
2002-04-04,298.0
2002-04-05,298.0
2002-04-08,294.29
2002-04-09,294.64
2002-04-10,297.11
2002-04-11,292.32
2002-04-12,293.8
2002-04-15,295.7799
2002-04-16,300.36
2002-04-17,300.25
2002-04-18,298.26
2002-04-19,298.54
2002-04-22,296.55
2002-04-23,295.65
2002-04-24,294.43
2002-04-25,291.42
2002-04-26,289.88
2002-04-29,288.99
2002-04-30,290.64
2002-05-01,289.72
2002-05-02,289.95
2002-05-03,287.54
2002-05-06,286.92
2002-05-07,283.86
2002-05-08,289.97
2002-05-09,289.0
2002-05-10,285.8399
2002-05-13,288.02
2002-05-14,291.7799
2002-05-15,292.89
2002-05-16,291.62
2002-05-17,289.26
2002-05-20,287.58
2002-05-21,287.48
2002-05-22,283.35
2002-05-23,283.98
2002-05-24,284.2799
2002-05-27,284.4
2002-05-28,281.3
2002-05-29,280.22
2002-05-30,276.5899
2002-05-31,279.0299
2002-06-03,277.0
2002-06-04,271.82
2002-06-05,270.24
2002-06-06,269.0299
2002-06-07,265.62
2002-06-10,266.18
2002-06-11,268.74
2002-06-12,262.94
2002-06-13,259.87
2002-06-14,253.3
2002-06-17,261.54
2002-06-18,259.93
2002-06-19,255.63
2002-06-20,250.14
2002-06-21,249.15
2002-06-24,243.26
2002-06-25,248.47
2002-06-26,243.66
2002-06-27,246.44
2002-06-28,254.04
2002-07-01,254.86
2002-07-02,247.7
2002-07-03,240.75
2002-07-04,245.5
2002-07-05,254.82
2002-07-08,253.72
2002-07-09,250.77
2002-07-10,243.36
2002-07-11,235.02
2002-07-12,234.86
2002-07-15,223.04
2002-07-16,222.61
2002-07-17,229.84
2002-07-18,233.16
2002-07-19,222.54
2002-07-22,212.63
2002-07-23,208.8
2002-07-24,205.3899
2002-07-25,212.94
2002-07-26,215.1
2002-07-29,227.24
2002-07-30,226.1
2002-07-31,227.63
2002-08-01,218.16
2002-08-02,217.82
2002-08-05,211.38
2002-08-06,219.85
2002-08-07,217.33
2002-08-08,225.53
2002-08-09,228.56
2002-08-12,223.46
2002-08-13,225.66
2002-08-14,220.52
2002-08-15,226.97
2002-08-16,227.94
2002-08-19,234.31
2002-08-20,231.01
2002-08-21,233.13
2002-08-22,237.64
2002-08-23,234.58
2002-08-26,232.79
2002-08-27,236.86
2002-08-28,228.35
2002-08-29,224.55
2002-08-30,226.82
2002-09-02,222.75
2002-09-03,213.87
2002-09-04,215.12
2002-09-05,213.75
2002-09-06,220.22
2002-09-09,217.4
2002-09-10,222.93
2002-09-11,226.99
2002-09-12,219.11
2002-09-13,215.08
2002-09-16,214.83
2002-09-17,213.12
2002-09-18,205.48
2002-09-19,201.58
2002-09-20,202.26
2002-09-23,195.3899
2002-09-24,192.33
2002-09-25,195.43
2002-09-26,204.01
2002-09-27,204.19
2002-09-30,194.76
2002-10-01,197.54
2002-10-02,203.1
2002-10-03,200.32
2002-10-04,196.44
2002-10-07,193.75
2002-10-08,190.84
2002-10-09,189.34
2002-10-10,193.44
2002-10-11,202.72
2002-10-14,200.76
2002-10-15,212.41
2002-10-16,209.3
2002-10-17,216.17
2002-10-18,215.06
2002-10-21,215.31
2002-10-22,213.36
2002-10-23,207.22
2002-10-24,212.33
2002-10-25,211.07
2002-10-28,213.56
2002-10-29,205.1399
2002-10-30,210.09
2002-10-31,213.01
2002-11-01,210.47
2002-11-04,217.63
2002-11-05,218.39
2002-11-06,216.18
2002-11-07,212.21
2002-11-08,209.88
2002-11-11,208.55
2002-11-12,211.32
2002-11-13,209.65
2002-11-14,213.49
2002-11-15,214.59
2002-11-18,216.72
2002-11-19,215.58
2002-11-20,215.17
2002-11-21,221.84
2002-11-22,222.3
2002-11-25,220.85
2002-11-26,216.26
2002-11-27,221.42
2002-11-28,222.89
2002-11-29,222.47
2002-12-02,222.45
2002-12-03,217.9
2002-12-04,216.49
2002-12-05,214.41
2002-12-06,213.21
2002-12-09,208.8899
2002-12-10,209.38
2002-12-11,211.68
2002-12-12,208.34
2002-12-13,205.63
2002-12-16,211.18
2002-12-17,208.28
2002-12-18,204.46
2002-12-19,203.81
2002-12-20,205.6699
2002-12-23,206.13
2002-12-24,206.3
2002-12-27,199.83
2002-12-30,201.72
2002-12-31,203.25
2003-01-02,209.29
2003-01-03,210.38
2003-01-06,210.8
2003-01-07,209.32
2003-01-08,206.33
2003-01-09,207.48
2003-01-10,207.82
2003-01-13,207.62
2003-01-14,208.58
2003-01-15,205.76
2003-01-16,205.61
2003-01-17,200.93
2003-01-20,198.3
2003-01-21,196.28
2003-01-22,192.85
2003-01-23,191.4199
2003-01-24,189.62
2003-01-27,183.34
2003-01-28,183.6699
2003-01-29,184.35
2003-01-30,188.75
2003-01-31,189.0
2003-02-03,192.12
2003-02-04,186.1399
2003-02-05,189.75
2003-02-06,185.43
2003-02-07,183.77
2003-02-10,182.9199
2003-02-11,186.93
2003-02-12,183.65
2003-02-13,182.4
2003-02-14,185.29
2003-02-17,188.6
2003-02-18,190.45
2003-02-19,186.07
2003-02-20,184.79
2003-02-21,186.06
2003-02-24,184.18
2003-02-25,178.96
2003-02-26,177.4
2003-02-27,178.84
2003-02-28,181.75
2003-03-03,182.08
2003-03-04,178.5
2003-03-05,176.85
2003-03-06,175.27
2003-03-07,171.77
2003-03-10,167.86
2003-03-11,168.0
2003-03-12,162.59
2003-03-13,171.96
2003-03-14,178.72
2003-03-17,184.29
2003-03-18,184.94
2003-03-19,187.26
2003-03-20,186.35
2003-03-21,192.45
2003-03-24,184.47
2003-03-25,186.74
2003-03-26,186.6399
2003-03-27,183.33
2003-03-28,182.71
2003-03-31,176.41
2003-04-01,178.9199
2003-04-02,184.46
2003-04-03,186.35
2003-04-04,188.31
2003-04-07,194.79
2003-04-08,191.68
2003-04-09,191.38
2003-04-10,188.1699
2003-04-11,189.63
2003-04-14,191.45
2003-04-15,194.52
2003-04-16,192.45
2003-04-17,193.71
2003-04-22,194.6
2003-04-23,197.29
2003-04-24,194.02
2003-04-25,191.62
2003-04-28,196.1399
2003-04-29,195.08
2003-04-30,194.88
2003-05-01,194.13
2003-05-02,195.16
2003-05-05,196.21
2003-05-06,198.9199
2003-05-07,196.94
2003-05-08,191.88
2003-05-09,193.6399
2003-05-12,193.52
2003-05-13,194.32
2003-05-14,194.52
2003-05-15,197.4
2003-05-16,197.51
2003-05-19,191.1699
2003-05-20,192.01
2003-05-21,190.11
2003-05-22,192.75
2003-05-23,191.27
2003-05-26,190.54
2003-05-27,191.6699
2003-05-28,195.91
2003-05-29,196.23
2003-05-30,196.54
2003-06-02,200.41
2003-06-03,198.78
2003-06-04,200.9199
2003-06-05,199.82
2003-06-06,204.41
2003-06-09,201.79
2003-06-10,202.84
2003-06-11,205.32
2003-06-12,206.59
2003-06-13,203.6
2003-06-16,206.94
2003-06-17,209.06
2003-06-18,210.57
2003-06-19,207.12
2003-06-20,208.71
2003-06-23,205.32
2003-06-24,204.38
2003-06-25,204.99
2003-06-26,204.85
2003-06-27,204.94
2003-06-30,202.94
2003-07-01,198.87
2003-07-02,202.5
2003-07-03,203.79
2003-07-04,203.26
2003-07-07,208.1399
2003-07-08,207.78
2003-07-09,206.25
2003-07-10,204.29
2003-07-11,206.65
2003-07-14,209.49
2003-07-15,208.15
2003-07-16,207.02
2003-07-17,205.1699
2003-07-18,205.16
2003-07-21,203.45
2003-07-22,204.33
2003-07-23,203.93
2003-07-24,207.47
2003-07-25,205.79
2003-07-28,208.19
2003-07-29,207.4199
2003-07-30,208.75
2003-07-31,211.11
2003-08-01,208.77
2003-08-04,207.13
2003-08-05,208.6
2003-08-06,205.68
2003-08-07,206.27
2003-08-08,208.0
2003-08-11,208.58
2003-08-12,209.93
2003-08-13,210.3
2003-08-14,213.13
2003-08-15,213.52
2003-08-18,215.64
2003-08-19,216.0
2003-08-20,215.26
2003-08-21,217.46
2003-08-22,218.15
2003-08-25,216.53
2003-08-26,214.64
2003-08-27,216.17
2003-08-28,216.99
2003-08-29,214.7
2003-09-01,217.68
2003-09-02,218.66
2003-09-03,222.15
2003-09-04,221.59
2003-09-05,220.17
2003-09-08,221.42
2003-09-09,218.47
2003-09-10,216.72
2003-09-11,217.29
2003-09-12,216.0
2003-09-15,216.76
2003-09-16,219.13
2003-09-17,219.74
2003-09-18,221.44
2003-09-19,219.39
2003-09-22,215.61
2003-09-23,214.83
2003-09-24,214.77
2003-09-25,213.21
2003-09-26,211.67
2003-09-29,210.45
2003-09-30,206.86
2003-10-01,209.76
2003-10-02,210.91
2003-10-03,216.13
2003-10-06,215.0
2003-10-07,213.2
2003-10-08,213.19
2003-10-09,217.34
2003-10-10,216.07
2003-10-13,219.88
2003-10-14,219.23
2003-10-15,221.37
2003-10-16,220.7
2003-10-17,220.13
2003-10-20,220.04
2003-10-21,220.31
2003-10-22,216.59
2003-10-23,215.02
2003-10-24,214.66
2003-10-27,216.61
2003-10-28,218.93
2003-10-29,219.72
2003-10-30,221.44
2003-10-31,221.53
2003-11-03,225.0
2003-11-04,224.02
2003-11-05,222.75
2003-11-06,223.78
2003-11-07,225.97
2003-11-10,224.11
2003-11-11,223.06
2003-11-12,223.72
2003-11-13,224.33
2003-11-14,225.28
2003-11-17,221.17
2003-11-18,220.96
2003-11-19,219.6
2003-11-20,219.16
2003-11-21,219.76
2003-11-24,224.02
2003-11-25,224.14
2003-11-26,223.22
2003-11-27,224.3
2003-11-28,223.3
2003-12-01,226.79
2003-12-02,225.61
2003-12-03,226.75
2003-12-04,226.44
2003-12-05,224.89
2003-12-08,223.86
2003-12-09,225.49
2003-12-10,223.67
2003-12-11,224.96
2003-12-12,224.67
2003-12-15,225.05
2003-12-16,223.96
2003-12-17,224.1
2003-12-18,226.22
2003-12-19,226.79
2003-12-22,225.89
2003-12-23,227.03
2003-12-24,227.49
2003-12-29,228.18
2003-12-30,228.98
2003-12-31,229.31
2004-01-02,231.75
2004-01-05,232.92
2004-01-06,232.83
2004-01-07,231.71
2004-01-08,234.01
2004-01-09,232.83
2004-01-12,232.56
2004-01-13,232.99
2004-01-14,235.12
2004-01-15,235.23
2004-01-16,237.78
2004-01-19,238.36
2004-01-20,237.15
2004-01-21,238.26
2004-01-22,238.32
2004-01-23,237.89
2004-01-26,237.22
2004-01-27,237.58
2004-01-28,238.75
2004-01-29,236.95
2004-01-30,235.81
2004-02-02,236.17
2004-02-03,235.6
2004-02-04,234.92
2004-02-05,234.58
2004-02-06,235.86
2004-02-09,238.85
2004-02-10,238.98
2004-02-11,239.5
2004-02-12,239.26
2004-02-13,238.79
2004-02-16,239.5
2004-02-17,241.64
2004-02-18,241.55
2004-02-19,244.68
2004-02-20,243.23
2004-02-23,243.66
2004-02-24,241.26
2004-02-25,242.45
2004-02-26,242.75
2004-02-27,242.59
2004-03-01,245.13
2004-03-02,246.6
2004-03-03,245.81
2004-03-04,247.07
2004-03-05,246.12
2004-03-08,247.05
2004-03-09,244.49
2004-03-10,243.81
2004-03-11,237.31
2004-03-12,237.97
2004-03-15,233.48
2004-03-16,234.63
2004-03-17,238.2
2004-03-18,234.47
2004-03-19,235.54
2004-03-22,231.03
2004-03-23,231.82
2004-03-24,231.29
2004-03-25,234.26
2004-03-26,234.69
2004-03-29,237.29
2004-03-30,237.21
2004-03-31,236.59
2004-04-01,239.33
2004-04-02,243.34
2004-04-05,245.0
2004-04-06,243.8
2004-04-07,243.38
2004-04-08,244.49
2004-04-13,246.57
2004-04-14,242.79
2004-04-15,242.61
2004-04-16,243.98
2004-04-19,244.49
2004-04-20,246.19
2004-04-21,243.73
2004-04-22,245.13
2004-04-23,246.19
2004-04-26,247.07
2004-04-27,246.92
2004-04-28,243.38
2004-04-29,241.25
2004-04-30,239.05
2004-05-03,240.39
2004-05-04,241.34
2004-05-05,242.39
2004-05-06,239.2
2004-05-07,239.35
2004-05-10,232.99
2004-05-11,235.53
2004-05-12,233.13
2004-05-13,235.53
2004-05-14,234.04
2004-05-17,230.6
2004-05-18,232.29
2004-05-19,236.15
2004-05-20,234.67
2004-05-21,234.49
2004-05-24,235.73
2004-05-25,234.42
2004-05-26,236.51
2004-05-27,237.72
2004-05-28,236.93
2004-05-31,237.35
2004-06-01,235.75
2004-06-02,236.61
2004-06-03,237.46
2004-06-04,239.17
2004-06-07,240.8
2004-06-08,241.46
2004-06-09,241.58
2004-06-10,241.94
2004-06-11,241.65
2004-06-14,238.2
2004-06-15,239.96
2004-06-16,242.35
2004-06-17,242.73
2004-06-18,243.0
2004-06-21,242.71
2004-06-22,240.19
2004-06-23,241.02
2004-06-24,242.01
2004-06-25,242.04
2004-06-28,243.6
2004-06-29,242.48
2004-06-30,240.86
2004-07-01,240.08
2004-07-02,238.44
2004-07-05,238.3
2004-07-06,237.08
2004-07-07,236.74
2004-07-08,237.44
2004-07-09,237.32
2004-07-12,236.33
2004-07-13,236.7
2004-07-14,236.23
2004-07-15,233.8
2004-07-16,234.32
2004-07-19,233.14
2004-07-20,233.53
2004-07-21,235.81
2004-07-22,232.2
2004-07-23,232.8
2004-07-26,230.71
2004-07-27,232.67
2004-07-28,233.45
2004-07-29,236.09
2004-07-30,236.4
2004-08-02,236.14
2004-08-03,236.81
2004-08-04,234.9
2004-08-05,235.29
2004-08-06,229.97
2004-08-09,228.01
2004-08-10,229.4
2004-08-11,227.77
2004-08-12,227.35
2004-08-13,226.57
2004-08-16,228.74
2004-08-17,229.06
2004-08-18,229.16
2004-08-19,229.66
2004-08-20,229.09
2004-08-23,232.17
2004-08-24,231.88
2004-08-25,232.56
2004-08-26,234.45
2004-08-27,236.24
2004-08-30,235.89
2004-08-31,233.63
2004-09-01,235.21
2004-09-02,236.11
2004-09-03,237.95
2004-09-06,238.79
2004-09-07,238.67
2004-09-08,238.6
2004-09-09,237.14
2004-09-10,237.95
2004-09-13,240.0
2004-09-14,239.18
2004-09-15,238.7
2004-09-16,239.75
2004-09-17,241.11
2004-09-20,240.26
2004-09-21,241.37
2004-09-22,240.01
2004-09-23,238.22
2004-09-24,238.94
2004-09-27,237.37
2004-09-28,238.51
2004-09-29,239.34
2004-09-30,237.74
2004-10-01,241.85
2004-10-04,244.18
2004-10-05,244.39
2004-10-06,244.19
2004-10-07,244.15
2004-10-08,243.07
2004-10-11,242.93
2004-10-12,241.05
2004-10-13,241.6
2004-10-14,239.97
2004-10-15,239.49
2004-10-18,238.77
2004-10-19,241.05
2004-10-20,238.65
2004-10-21,240.06
2004-10-22,239.87
2004-10-25,235.95
2004-10-26,236.65
2004-10-27,239.48
2004-10-28,240.94
2004-10-29,240.3
2004-11-01,242.29
2004-11-02,244.5
2004-11-03,245.29
2004-11-04,244.56
2004-11-05,245.9
2004-11-08,245.6
2004-11-09,245.52
2004-11-10,246.05
2004-11-11,248.32
2004-11-12,249.2
2004-11-15,248.89
2004-11-16,247.24
2004-11-17,249.45
2004-11-18,249.5
2004-11-19,247.61
2004-11-22,246.32
2004-11-23,246.71
2004-11-24,246.4
2004-11-25,248.17
2004-11-26,247.78
2004-11-29,247.53
2004-11-30,246.51
2004-12-01,249.29
2004-12-02,250.32
2004-12-03,249.74
2004-12-06,248.54
2004-12-07,249.44
2004-12-08,248.97
2004-12-09,247.19
2004-12-10,248.18
2004-12-13,250.04
2004-12-14,250.31
2004-12-15,250.18
2004-12-16,251.09
2004-12-17,249.13
2004-12-20,250.29
2004-12-21,249.77
2004-12-22,250.91
2004-12-23,250.98
2004-12-24,251.26
2004-12-27,250.84
2004-12-28,251.09
2004-12-29,251.03
2004-12-30,251.02
2004-12-31,251.11
2005-01-03,252.55
2005-01-04,253.55
2005-01-05,251.85
2005-01-06,253.09
2005-01-07,254.72
2005-01-10,254.62
2005-01-11,252.73
2005-01-12,250.79
2005-01-13,251.73
2005-01-14,252.99
2005-01-17,254.03
2005-01-18,254.28
2005-01-19,254.73
2005-01-20,253.69
2005-01-21,253.42
2005-01-24,253.28
2005-01-25,254.94
2005-01-26,255.03
2005-01-27,256.12
2005-01-28,255.14
2005-01-31,256.85
2005-02-01,258.86
2005-02-02,259.67
2005-02-03,259.54
2005-02-04,261.92
2005-02-07,263.32
2005-02-08,263.81
2005-02-09,263.39
2005-02-10,263.13
2005-02-11,265.52
2005-02-14,265.91
2005-02-15,266.97
2005-02-16,265.35
2005-02-17,265.64
2005-02-18,266.01
2005-02-21,265.66
2005-02-22,263.75
2005-02-23,262.3
2005-02-24,262.14
2005-02-25,265.14
2005-02-28,264.29
2005-03-01,266.25
2005-03-02,266.16
2005-03-03,266.15
2005-03-04,267.91
2005-03-07,267.68
2005-03-08,266.21
2005-03-09,264.5899
2005-03-10,262.45
2005-03-11,263.05
2005-03-14,262.66
2005-03-15,264.79
2005-03-16,261.12
2005-03-17,261.12
2005-03-18,261.69
2005-03-21,261.06
2005-03-22,261.55
2005-03-23,260.66
2005-03-24,262.17
2005-03-29,262.89
2005-03-30,262.0899
2005-03-31,262.19
2005-04-01,263.43
2005-04-04,262.26
2005-04-05,264.47
2005-04-06,265.52
2005-04-07,266.31
2005-04-08,266.89
2005-04-11,266.32
2005-04-12,265.42
2005-04-13,266.65
2005-04-14,266.01
2005-04-15,261.85
2005-04-18,257.2799
2005-04-19,259.05
2005-04-20,257.66
2005-04-21,257.2799
2005-04-22,259.27
2005-04-25,260.45
2005-04-26,259.52
2005-04-27,255.99
2005-04-28,255.63
2005-04-29,256.06
2005-05-02,256.83
2005-05-03,257.96
2005-05-04,259.29
2005-05-05,260.77
2005-05-06,261.9
2005-05-09,261.01
2005-05-10,259.11
2005-05-11,258.55
2005-05-12,260.13
2005-05-13,260.15
2005-05-16,259.06
2005-05-17,259.32
2005-05-18,262.29
2005-05-19,263.52
2005-05-20,263.75
2005-05-23,264.8399
2005-05-24,264.63
2005-05-25,264.48
2005-05-26,266.33
2005-05-27,266.1
2005-05-30,267.37
2005-05-31,267.29
2005-06-01,270.87
2005-06-02,270.83
2005-06-03,270.25
2005-06-06,269.4
2005-06-07,272.57
2005-06-08,271.92
2005-06-09,271.98
2005-06-10,273.63
2005-06-13,274.72
2005-06-14,275.1
2005-06-15,273.99
2005-06-16,275.51
2005-06-17,275.87
2005-06-20,275.7799
2005-06-21,277.1
2005-06-22,277.42
2005-06-23,278.5899
2005-06-24,276.32
2005-06-27,273.64
2005-06-28,275.97
2005-06-29,276.79
2005-06-30,275.92
2005-07-01,278.07
2005-07-04,278.76
2005-07-05,278.14
2005-07-06,279.7799
2005-07-07,274.69
2005-07-08,278.47
2005-07-11,279.93
2005-07-12,278.86
2005-07-13,280.46
2005-07-14,281.74
2005-07-15,281.23
2005-07-18,280.57
2005-07-19,281.67
2005-07-20,281.06
2005-07-21,281.46
2005-07-22,281.66
2005-07-25,282.83
2005-07-26,283.0
2005-07-27,283.79
2005-07-28,285.2
2005-07-29,285.0299
2005-08-01,285.3
2005-08-02,287.44
2005-08-03,287.0899
2005-08-04,284.93
2005-08-05,283.85
2005-08-08,285.62
2005-08-09,287.36
2005-08-10,289.76
2005-08-11,288.85
2005-08-12,288.2
2005-08-15,288.08
2005-08-16,287.4
2005-08-17,286.66
2005-08-18,285.75
2005-08-19,288.48
2005-08-22,288.68
2005-08-23,287.0299
2005-08-24,285.63
2005-08-25,283.68
2005-08-26,281.82
2005-08-29,282.61
2005-08-30,282.54
2005-08-31,284.82
2005-09-01,286.8399
2005-09-02,286.71
2005-09-05,288.33
2005-09-06,290.73
2005-09-07,291.83
2005-09-08,291.55
2005-09-09,292.45
2005-09-12,293.12
2005-09-13,291.0899
2005-09-14,292.05
2005-09-15,292.13
2005-09-16,293.88
2005-09-19,294.6
2005-09-20,294.93
2005-09-21,291.89
2005-09-22,290.8399
2005-09-23,292.21
2005-09-26,295.75
2005-09-27,294.81
2005-09-28,297.33
2005-09-29,296.32
2005-09-30,297.4
2005-10-03,299.75
2005-10-04,300.61
2005-10-05,297.52
2005-10-06,293.42
2005-10-07,292.07
2005-10-10,292.87
2005-10-11,293.54
2005-10-12,291.44
2005-10-13,288.44
2005-10-14,288.91
2005-10-17,288.83
2005-10-18,288.26
2005-10-19,283.26
2005-10-20,284.56
2005-10-21,283.2799
2005-10-24,286.61
2005-10-25,285.77
2005-10-26,286.91
2005-10-27,283.11
2005-10-28,283.52
2005-10-31,290.29
2005-11-01,290.45
2005-11-02,291.55
2005-11-03,295.88
2005-11-04,295.51
2005-11-07,296.67
2005-11-08,296.81
2005-11-09,296.52
2005-11-10,296.72
2005-11-11,299.85
2005-11-14,299.91
2005-11-15,299.02
2005-11-16,296.74
2005-11-17,298.0299
2005-11-18,299.87
2005-11-21,300.72
2005-11-22,300.96
2005-11-23,302.19
2005-11-24,301.43
2005-11-25,302.31
2005-11-28,300.2799
2005-11-29,300.95
2005-11-30,299.47
2005-12-01,304.31
2005-12-02,306.68
2005-12-05,305.49
2005-12-06,307.1
2005-12-07,306.7799
2005-12-08,306.92
2005-12-09,306.86
2005-12-12,306.8
2005-12-13,307.22
2005-12-14,306.31
2005-12-15,305.67
2005-12-16,307.82
2005-12-19,307.45
2005-12-20,308.5899
2005-12-21,310.18
2005-12-22,309.55
2005-12-23,309.7
2005-12-27,310.54
2005-12-28,310.11
2005-12-29,311.86
2005-12-30,310.0299
2006-01-02,311.19
2006-01-03,313.04
2006-01-04,316.14
2006-01-05,315.04
2006-01-06,317.1
2006-01-09,317.71
2006-01-10,315.7
2006-01-11,317.55
2006-01-12,318.68
2006-01-13,316.87
2006-01-16,317.57
2006-01-17,315.23
2006-01-18,312.51
2006-01-19,314.35
2006-01-20,312.46
2006-01-23,311.7
2006-01-24,311.0
2006-01-25,314.49
2006-01-26,317.54
2006-01-27,321.22
2006-01-30,321.07
2006-01-31,321.04
2006-02-01,324.48
2006-02-02,321.56
2006-02-03,321.77
2006-02-06,322.13
2006-02-07,321.1
2006-02-08,320.56
2006-02-09,324.3
2006-02-10,323.0899
2006-02-13,324.7
2006-02-14,324.12
2006-02-15,324.51
2006-02-16,326.3399
2006-02-17,327.31
2006-02-20,328.08
2006-02-21,329.18
2006-02-22,331.05
2006-02-23,330.45
2006-02-24,331.49
2006-02-27,332.48
2006-02-28,327.88
2006-03-01,330.74
2006-03-02,327.75
2006-03-03,327.5899
2006-03-06,329.41
2006-03-07,327.56
2006-03-08,324.92
2006-03-09,327.5
2006-03-10,330.1
2006-03-13,332.61
2006-03-14,333.26
2006-03-15,334.0
2006-03-16,334.16
2006-03-17,334.41
2006-03-20,335.13
2006-03-21,335.48
2006-03-22,336.44
2006-03-23,336.17
2006-03-24,337.86
2006-03-27,335.23
2006-03-28,333.22
2006-03-29,333.98
2006-03-30,336.64
2006-03-31,334.44
2006-04-03,337.2
2006-04-04,335.55
2006-04-05,336.75
2006-04-06,337.54
2006-04-07,336.02
2006-04-10,337.65
2006-04-11,333.74
2006-04-12,333.08
2006-04-13,334.36
2006-04-18,334.04
2006-04-19,337.88
2006-04-20,338.72
2006-04-21,341.1
2006-04-24,339.3
2006-04-25,339.06
2006-04-26,339.7
2006-04-27,337.8399
2006-04-28,336.48
2006-05-01,337.32
2006-05-02,339.89
2006-05-03,337.2
2006-05-04,338.76
2006-05-05,342.11
2006-05-08,342.37
2006-05-09,343.8399
2006-05-10,341.94
2006-05-11,340.7799
2006-05-12,333.68
2006-05-15,328.8
2006-05-16,329.29
2006-05-17,320.08
2006-05-18,318.63
2006-05-19,318.77
2006-05-22,309.62
2006-05-23,317.51
2006-05-24,313.06
2006-05-25,316.91
2006-05-26,323.17
2006-05-29,322.91
2006-05-30,315.85
2006-05-31,318.86
2006-06-01,320.1
2006-06-02,320.96
2006-06-05,318.94
2006-06-06,312.57
2006-06-07,314.26
2006-06-08,305.8399
2006-06-09,311.01
2006-06-12,308.55
2006-06-13,301.66
2006-06-14,302.25
2006-06-15,309.62
2006-06-16,307.56
2006-06-19,309.7799
2006-06-20,311.4
2006-06-21,311.47
2006-06-22,312.72
2006-06-23,313.17
2006-06-26,312.3
2006-06-27,310.19
2006-06-28,310.7
2006-06-29,316.22
2006-06-30,320.66
2006-07-03,322.2
2006-07-04,322.87
2006-07-05,318.98
2006-07-06,321.94
2006-07-07,321.35
2006-07-10,322.41
2006-07-11,319.45
2006-07-12,320.3
2006-07-13,315.64
2006-07-14,311.68
2006-07-17,310.4
2006-07-18,309.82
2006-07-19,316.8
2006-07-20,317.5
2006-07-21,314.56
2006-07-24,320.41
2006-07-25,320.7799
2006-07-26,322.11
2006-07-27,325.37
2006-07-28,327.32
2006-07-31,326.04
2006-08-01,323.51
2006-08-02,326.8
2006-08-03,324.12
2006-08-04,327.87
2006-08-07,324.23
2006-08-08,324.44
2006-08-09,326.61
2006-08-10,324.04
2006-08-11,324.45
2006-08-14,327.36
2006-08-15,330.12
2006-08-16,331.43
2006-08-17,331.8399
2006-08-18,330.98
2006-08-21,330.69
2006-08-22,331.73
2006-08-23,330.16
2006-08-24,331.06
2006-08-25,331.41
2006-08-28,332.79
2006-08-29,333.6
2006-08-30,335.51
2006-08-31,334.73
2006-09-01,336.43
2006-09-04,337.8
2006-09-05,336.65
2006-09-06,332.98
2006-09-07,329.87
2006-09-08,331.22
2006-09-11,329.41
2006-09-12,333.64
2006-09-13,334.65
2006-09-14,334.66
2006-09-15,335.68
2006-09-18,335.8
2006-09-19,333.97
2006-09-20,337.5299
2006-09-21,339.0
2006-09-22,335.11
2006-09-25,334.93
2006-09-26,339.52
2006-09-27,341.38
2006-09-28,341.63
2006-09-29,341.43
2006-10-02,341.39
2006-10-03,340.52
2006-10-04,343.01
2006-10-05,344.99
2006-10-06,345.55
2006-10-09,345.94
2006-10-10,348.26
2006-10-11,348.57
2006-10-12,351.42
2006-10-13,352.38
2006-10-16,353.08
2006-10-17,349.26
2006-10-18,352.5899
2006-10-19,352.58
2006-10-20,353.65
2006-10-23,354.8399
2006-10-24,354.9
2006-10-25,356.01
2006-10-26,355.46
2006-10-27,354.55
2006-10-30,353.41
2006-10-31,353.3399
2006-11-01,354.6
2006-11-02,353.19
2006-11-03,354.33
2006-11-06,358.27
2006-11-07,359.8399
2006-11-08,359.56
2006-11-09,358.92
2006-11-10,358.47
2006-11-13,359.22
2006-11-14,358.23
2006-11-15,360.24
2006-11-16,361.04
2006-11-17,358.25
2006-11-20,359.48
2006-11-21,359.98
2006-11-22,359.55
2006-11-23,358.69
2006-11-24,355.98
2006-11-27,350.6
2006-11-28,349.54
2006-11-29,354.23
2006-11-30,351.7799
2006-12-01,349.31
2006-12-04,351.5899
2006-12-05,353.91
2006-12-06,354.0299
2006-12-07,356.0299
2006-12-08,356.3399
2006-12-11,358.43
2006-12-12,359.7
2006-12-13,361.99
2006-12-14,364.18
2006-12-15,366.16
2006-12-18,365.94
2006-12-19,363.49
2006-12-20,364.56
2006-12-21,364.15
2006-12-22,362.45
2006-12-27,366.17
2006-12-28,366.32
2006-12-29,365.26
2007-01-02,369.86
2007-01-03,369.8399
2007-01-04,368.76
2007-01-05,365.69
2007-01-08,365.38
2007-01-09,366.21
2007-01-10,363.8399
2007-01-11,370.1
2007-01-12,371.86
2007-01-15,374.16
2007-01-16,372.02
2007-01-17,371.73
2007-01-18,371.58
2007-01-19,374.23
2007-01-22,372.8
2007-01-23,372.61
2007-01-24,376.02
2007-01-25,374.87
2007-01-26,372.38
2007-01-29,373.3399
2007-01-30,374.6
2007-01-31,372.72
2007-02-01,376.95
2007-02-02,378.98
2007-02-05,379.23
2007-02-06,380.54
2007-02-07,381.62
2007-02-08,378.3
2007-02-09,380.24
2007-02-12,378.06
2007-02-13,378.72
2007-02-14,381.7
2007-02-15,381.29
2007-02-16,380.81
2007-02-19,382.19
2007-02-20,380.99
2007-02-21,378.46
2007-02-22,379.7
2007-02-23,380.5299
2007-02-26,382.17
2007-02-27,370.56
2007-02-28,365.0299
2007-03-01,361.79
2007-03-02,360.67
2007-03-05,356.4
2007-03-06,359.69
2007-03-07,361.65
2007-03-08,366.54
2007-03-09,367.35
2007-03-12,365.49
2007-03-13,361.56
2007-03-14,351.93
2007-03-15,359.02
2007-03-16,359.0899
2007-03-19,364.42
2007-03-20,367.23
2007-03-21,368.75
2007-03-22,374.2
2007-03-23,375.98
2007-03-26,372.85
2007-03-27,372.46
2007-03-28,370.1
2007-03-29,374.29
2007-03-30,374.22
2007-04-02,375.5299
2007-04-03,379.49
2007-04-04,379.99
2007-04-05,380.26
2007-04-10,382.51
2007-04-11,382.19
2007-04-12,380.79
2007-04-13,383.33
2007-04-16,387.72
2007-04-17,387.86
2007-04-18,385.88
2007-04-19,384.39
2007-04-20,389.27
2007-04-23,388.85
2007-04-24,385.38
2007-04-25,387.8
2007-04-26,388.4
2007-04-27,386.1
2007-04-30,386.93
2007-05-01,386.77
2007-05-02,388.64
2007-05-03,389.72
2007-05-04,392.73
2007-05-07,392.88
2007-05-08,389.79
2007-05-09,390.58
2007-05-10,387.72
2007-05-11,389.7799
2007-05-14,388.96
2007-05-15,390.21
2007-05-16,389.47
2007-05-17,390.39
2007-05-18,393.95
2007-05-21,393.36
2007-05-22,393.39
2007-05-23,396.39
2007-05-24,393.55
2007-05-25,393.48
2007-05-28,394.08
2007-05-29,394.39
2007-05-30,393.65
2007-05-31,396.74
2007-06-01,400.31
2007-06-04,399.02
2007-06-05,396.61
2007-06-06,390.07
2007-06-07,385.46
2007-06-08,385.0899
2007-06-11,388.88
2007-06-12,386.8
2007-06-13,388.22
2007-06-14,394.29
2007-06-15,399.27
2007-06-18,397.87
2007-06-19,396.42
2007-06-20,397.85
2007-06-21,393.7
2007-06-22,392.43
2007-06-25,391.94
2007-06-26,389.52
2007-06-27,387.69
2007-06-28,391.6
2007-06-29,393.71
2007-07-02,392.23
2007-07-03,395.71
2007-07-04,397.5
2007-07-05,394.93
2007-07-06,397.27
2007-07-09,398.52
2007-07-10,394.02
2007-07-11,392.72
2007-07-12,397.3399
2007-07-13,399.02
2007-07-16,399.71
2007-07-17,397.79
2007-07-18,393.14
2007-07-19,396.94
2007-07-20,392.5899
2007-07-23,394.99
2007-07-24,388.94
2007-07-25,385.5
2007-07-26,374.56
2007-07-27,372.69
2007-07-30,372.0299
2007-07-31,380.07
2007-08-01,374.16
2007-08-02,376.93
2007-08-03,372.0299
2007-08-06,368.64
2007-08-07,373.62
2007-08-08,381.05
2007-08-09,374.27
2007-08-10,362.77
2007-08-13,370.91
2007-08-14,366.3399
2007-08-15,365.36
2007-08-16,352.37
2007-08-17,359.98
2007-08-20,362.33
2007-08-21,362.39
2007-08-22,368.62
2007-08-23,369.33
2007-08-24,370.52
2007-08-27,371.0899
2007-08-28,364.66
2007-08-29,366.81
2007-08-30,370.99
2007-08-31,375.94
2007-09-03,376.99
2007-09-04,379.47
2007-09-05,372.66
2007-09-06,373.8399
2007-09-07,365.58
2007-09-10,362.23
2007-09-11,368.41
2007-09-12,369.23
2007-09-13,372.21
2007-09-14,367.75
2007-09-17,362.18
2007-09-18,367.67
2007-09-19,377.5299
2007-09-20,374.95
2007-09-21,376.74
2007-09-24,376.55
2007-09-25,372.4
2007-09-26,375.0299
2007-09-27,377.96
2007-09-28,377.86
2007-10-01,380.86
2007-10-02,382.7799
2007-10-03,383.5899
2007-10-04,384.18
2007-10-05,386.93
2007-10-08,385.86
2007-10-09,387.8399
2007-10-10,388.23
2007-10-11,390.43
2007-10-12,390.63
2007-10-15,386.95
2007-10-16,384.0299
2007-10-17,386.62
2007-10-18,383.36
2007-10-19,380.88
2007-10-22,375.82
2007-10-23,379.7799
2007-10-24,377.45
2007-10-25,381.83
2007-10-26,383.95
2007-10-29,386.6
2007-10-30,384.9
2007-10-31,388.43
2007-11-01,382.57
2007-11-02,379.92
2007-11-05,377.32
2007-11-06,378.64
2007-11-07,375.58
2007-11-08,373.48
2007-11-09,367.57
2007-11-12,367.69
2007-11-13,368.52
2007-11-14,370.46
2007-11-15,365.82
2007-11-16,362.72
2007-11-19,354.7
2007-11-20,358.65
2007-11-21,349.18
2007-11-22,351.86
2007-11-23,357.74
2007-11-26,355.7799
2007-11-27,354.27
2007-11-28,364.0899
2007-11-29,365.72
2007-11-30,370.36
2007-12-03,368.81
2007-12-04,363.3399
2007-12-05,369.61
2007-12-06,369.87
2007-12-07,372.88
2007-12-10,375.06
2007-12-11,373.55
2007-12-12,374.75
2007-12-13,365.61
2007-12-14,367.24
2007-12-17,360.83
2007-12-18,360.43
2007-12-19,358.74
2007-12-20,359.46
2007-12-21,364.49
2007-12-24,364.8
2007-12-27,365.0899
2007-12-28,364.39
2007-12-31,364.64
2008-01-02,360.08
2008-01-03,358.95
2008-01-04,352.0
2008-01-07,351.27
2008-01-08,353.43
2008-01-09,348.77
2008-01-10,345.38
2008-01-11,343.69
2008-01-14,344.7799
2008-01-15,335.94
2008-01-16,332.75
2008-01-17,331.07
2008-01-18,327.5299
2008-01-21,308.77
2008-01-22,315.55
2008-01-23,306.0299
2008-01-24,322.08
2008-01-25,322.23
2008-01-28,318.7
2008-01-29,324.31
2008-01-30,322.19
2008-01-31,322.16
2008-02-01,328.42
2008-02-04,329.13
2008-02-05,318.73
2008-02-06,320.35
2008-02-07,314.14
2008-02-08,315.5
2008-02-11,312.5899
2008-02-12,323.0299
2008-02-13,323.3
2008-02-14,323.66
2008-02-15,317.36
2008-02-18,323.5299
2008-02-19,324.16
2008-02-20,320.33
2008-02-21,322.43
2008-02-22,319.88
2008-02-25,325.3
2008-02-26,330.01
2008-02-27,329.39
2008-02-28,323.3399
2008-02-29,318.95
2008-03-03,314.46
2008-03-04,310.26
2008-03-05,315.61
2008-03-06,311.42
2008-03-07,307.98
2008-03-10,304.15
2008-03-11,307.82
2008-03-12,311.48
2008-03-13,307.26
2008-03-14,304.15
2008-03-17,290.26
2008-03-18,300.57
2008-03-19,297.48
2008-03-20,296.83
2008-03-25,306.63
2008-03-26,304.63
2008-03-27,308.38
2008-03-28,306.69
2008-03-31,305.96
2008-04-01,316.07
2008-04-02,319.66
2008-04-03,317.97
2008-04-04,319.15
2008-04-07,322.01
2008-04-08,318.74
2008-04-09,316.5299
2008-04-10,315.24
2008-04-11,310.74
2008-04-14,308.26
2008-04-15,309.58
2008-04-16,314.95
2008-04-17,313.17
2008-04-18,320.69
2008-04-21,316.96
2008-04-22,315.5
2008-04-23,317.41
2008-04-24,317.65
2008-04-25,321.7
2008-04-28,323.62
2008-04-29,320.67
2008-04-30,323.0899
2008-05-01,323.5899
2008-05-02,329.21
2008-05-05,328.2799
2008-05-06,326.69
2008-05-07,329.35
2008-05-08,329.2799
2008-05-09,324.85
2008-05-12,325.95
2008-05-13,325.57
2008-05-14,327.2
2008-05-15,328.41
2008-05-16,329.86
2008-05-19,332.87
2008-05-20,325.97
2008-05-21,323.16
2008-05-22,324.41
2008-05-23,319.02
2008-05-26,318.27
2008-05-27,317.19
2008-05-28,320.15
2008-05-29,320.91
2008-05-30,322.12
2008-06-02,318.44
2008-06-03,321.05
2008-06-04,317.07
2008-06-05,316.61
2008-06-06,310.29
2008-06-09,308.71
2008-06-10,306.61
2008-06-11,301.37
2008-06-12,304.1
2008-06-13,305.7
2008-06-16,304.9
2008-06-17,306.3399
2008-06-18,301.74
2008-06-19,300.24
2008-06-20,295.08
2008-06-23,294.81
2008-06-24,292.54
2008-06-25,296.1
2008-06-26,288.48
2008-06-27,287.3399
2008-06-30,289.39
2008-07-01,283.0
2008-07-02,280.69
2008-07-03,283.08
2008-07-04,279.5299
2008-07-07,283.17
2008-07-08,278.97
2008-07-09,283.9
2008-07-10,277.95
2008-07-11,270.36
2008-07-14,272.47
2008-07-15,266.51
2008-07-16,268.5
2008-07-17,276.27
2008-07-18,280.69
2008-07-21,282.36
2008-07-22,280.9
2008-07-23,286.77
2008-07-24,282.21
2008-07-25,281.76
2008-07-28,278.73
2008-07-29,279.64
2008-07-30,284.0
2008-07-31,283.76
2008-08-01,280.24
2008-08-04,277.5899
2008-08-05,285.01
2008-08-06,287.66
2008-08-07,286.89
2008-08-08,289.2799
2008-08-11,293.06
2008-08-12,291.8399
2008-08-13,284.44
2008-08-14,285.91
2008-08-15,287.25
2008-08-18,286.95
2008-08-19,279.71
2008-08-20,280.76
2008-08-21,278.44
2008-08-22,283.82
2008-08-25,282.15
2008-08-26,282.74
2008-08-27,283.25
2008-08-28,287.21
2008-08-29,288.18
2008-09-01,287.18
2008-09-02,290.08
2008-09-03,285.58
2008-09-04,278.18
2008-09-05,272.24
2008-09-08,281.3
2008-09-09,279.6
2008-09-10,277.35
2008-09-11,275.66
2008-09-12,280.41
2008-09-15,270.68
2008-09-16,263.54
2008-09-17,258.04
2008-09-18,256.77
2008-09-19,278.18
2008-09-22,272.35
2008-09-23,267.31
2008-09-24,265.66
2008-09-25,271.01
2008-09-26,265.92
2008-09-29,251.43
2008-09-30,256.05
2008-10-01,257.75
2008-10-02,254.24
2008-10-03,261.43
2008-10-06,241.5
2008-10-07,240.72
2008-10-08,226.31
2008-10-09,221.78
2008-10-10,205.13
2008-10-13,225.37
2008-10-14,232.22
2008-10-15,217.17
2008-10-16,206.4
2008-10-17,214.27
2008-10-20,222.01
2008-10-21,220.9
2008-10-22,209.57
2008-10-23,208.72
2008-10-24,198.82
2008-10-27,195.04
2008-10-28,199.44
2008-10-29,213.72
2008-10-30,216.24
2008-10-31,222.07
2008-11-03,223.38
2008-11-04,233.5
2008-11-05,228.13
2008-11-06,215.46
2008-11-07,219.6
2008-11-10,220.96
2008-11-11,212.17
2008-11-12,205.22
2008-11-13,204.08
2008-11-14,205.56
2008-11-17,200.36
2008-11-18,201.91
2008-11-19,193.77
2008-11-20,186.75
2008-11-21,182.13
2008-11-24,197.51
2008-11-25,198.77
2008-11-26,198.85
2008-11-27,203.62
2008-11-28,206.25
2008-12-01,193.91
2008-12-02,197.2
2008-12-03,198.29
2008-12-04,197.4
2008-12-05,189.84
2008-12-08,202.61
2008-12-09,205.33
2008-12-10,205.37
2008-12-11,203.79
2008-12-12,198.22
2008-12-15,197.51
2008-12-16,199.01
2008-12-17,197.51
2008-12-18,197.31
2008-12-19,196.43
2008-12-22,193.32
2008-12-23,193.05
2008-12-24,192.4199
2008-12-29,193.46
2008-12-30,196.9
2008-12-31,198.36
2009-01-02,204.46
2009-01-05,208.69
2009-01-06,212.87
2009-01-07,210.31
2009-01-08,208.77
2009-01-09,207.82
2009-01-12,204.53
2009-01-13,201.66
2009-01-14,192.87
2009-01-15,191.1699
2009-01-16,192.96
2009-01-19,189.72
2009-01-20,185.7
2009-01-21,184.52
2009-01-22,182.85
2009-01-23,182.49
2009-01-26,188.06
2009-01-27,188.31
2009-01-28,194.32
2009-01-29,190.79
2009-01-30,191.23
2009-02-02,186.32
2009-02-03,189.78
2009-02-04,194.6699
2009-02-05,194.5
2009-02-06,198.53
2009-02-09,199.35
2009-02-10,193.82
2009-02-11,193.13
2009-02-12,190.6399
2009-02-13,191.27
2009-02-16,188.6699
2009-02-17,183.98
2009-02-18,183.35
2009-02-19,183.3899
2009-02-20,176.93
2009-02-23,175.29
2009-02-24,172.86
2009-02-25,172.31
2009-02-26,176.1399
2009-02-27,172.9199
2009-03-02,164.3
2009-03-03,161.34
2009-03-04,167.62
2009-03-05,161.59
2009-03-06,159.52
2009-03-09,157.97
2009-03-10,165.99
2009-03-11,166.24
2009-03-12,167.36
2009-03-13,168.57
2009-03-16,173.19
2009-03-17,172.05
2009-03-18,170.76
2009-03-19,171.87
2009-03-20,172.58
2009-03-23,177.73
2009-03-24,178.21
2009-03-25,178.82
2009-03-26,179.12
2009-03-27,177.1699
2009-03-30,170.45
2009-03-31,176.46
2009-04-01,179.26
2009-04-02,188.11
2009-04-03,186.1699
2009-04-06,185.01
2009-04-07,183.46
2009-04-08,184.02
2009-04-09,188.06
2009-04-14,190.99
2009-04-15,190.52
2009-04-16,193.82
2009-04-17,196.96
2009-04-20,189.93
2009-04-21,190.2
2009-04-22,192.38
2009-04-23,191.49
2009-04-24,195.82
2009-04-27,196.53
2009-04-28,193.57
2009-04-29,197.28
2009-04-30,200.23
2009-05-01,200.48
2009-05-04,203.77
2009-05-05,205.07
2009-05-06,208.02
2009-05-07,206.29
2009-05-08,209.51
2009-05-11,206.59
2009-05-12,206.18
2009-05-13,200.72
2009-05-14,201.7
2009-05-15,202.9199
2009-05-18,207.83
2009-05-19,210.78
2009-05-20,211.75
2009-05-21,207.57
2009-05-22,207.01
2009-05-25,207.36
2009-05-26,208.96
2009-05-27,210.41
2009-05-28,207.93
2009-05-29,208.21
2009-06-01,214.31
2009-06-02,214.24
2009-06-03,209.94
2009-06-04,209.47
2009-06-05,210.76
2009-06-08,209.29
2009-06-09,210.29
2009-06-10,212.77
2009-06-11,214.8
2009-06-12,214.35
2009-06-15,209.02
2009-06-16,208.8
2009-06-17,204.63
2009-06-18,205.6399
2009-06-19,208.28
2009-06-22,202.48
2009-06-23,201.49
2009-06-24,206.33
2009-06-25,204.66
2009-06-26,204.47
2009-06-29,208.03
2009-06-30,205.83
2009-07-01,209.46
2009-07-02,204.12
2009-07-03,204.08
2009-07-06,201.7
2009-07-07,200.2
2009-07-08,198.03
2009-07-09,199.41
2009-07-10,197.25
2009-07-13,200.8
2009-07-14,203.5
2009-07-15,209.08
2009-07-16,209.86
2009-07-17,210.67
2009-07-20,213.22
2009-07-21,215.02
2009-07-22,215.65
2009-07-23,219.79
2009-07-24,219.67
2009-07-27,220.59
2009-07-28,218.54
2009-07-29,220.37
2009-07-30,225.25
2009-07-31,224.91
2009-08-03,228.46
2009-08-04,227.79
2009-08-05,226.87
2009-08-06,227.89
2009-08-07,230.68
2009-08-10,229.56
2009-08-11,226.35
2009-08-12,228.65
2009-08-13,230.48
2009-08-14,228.77
2009-08-17,224.23
2009-08-18,227.23
2009-08-19,226.45
2009-08-20,229.65
2009-08-21,234.85
2009-08-24,236.84
2009-08-25,237.84
2009-08-26,236.45
2009-08-27,235.24
2009-08-28,237.51
2009-08-31,236.0
2009-09-01,231.66
2009-09-02,230.59
2009-09-03,230.68
2009-09-04,233.85
2009-09-07,237.2
2009-09-08,237.89
2009-09-09,240.09
2009-09-10,240.47
2009-09-11,241.74
2009-09-14,240.93
2009-09-15,241.36
2009-09-16,244.82
2009-09-17,246.1
2009-09-18,244.92
2009-09-21,242.97
2009-09-22,244.22
2009-09-23,244.74
2009-09-24,239.98
2009-09-25,238.95
2009-09-28,243.2
2009-09-29,243.59
2009-09-30,242.47
2009-10-01,238.62
2009-10-02,234.1
2009-10-05,236.09
2009-10-06,241.17
2009-10-07,240.3
2009-10-08,243.44
2009-10-09,242.73
2009-10-12,244.34
2009-10-13,241.94
2009-10-14,246.98
2009-10-15,247.28
2009-10-16,245.58
2009-10-19,249.34
2009-10-20,248.25
2009-10-21,249.19
2009-10-22,246.23
2009-10-23,244.89
2009-10-26,241.84
2009-10-27,242.27
2009-10-28,237.34
2009-10-29,241.73
2009-10-30,236.93
2009-11-02,237.64
2009-11-03,234.9
2009-11-04,239.13
2009-11-05,240.52
2009-11-06,241.06
2009-11-09,245.74
2009-11-10,245.31
2009-11-11,246.2
2009-11-12,246.61
2009-11-13,247.8
2009-11-16,251.34
2009-11-17,250.36
2009-11-18,249.65
2009-11-19,245.52
2009-11-20,243.62
2009-11-23,248.49
2009-11-24,246.88
2009-11-25,247.96
2009-11-26,239.85
2009-11-27,242.6
2009-11-30,239.17
2009-12-01,245.58
2009-12-02,246.77
2009-12-03,246.33
2009-12-04,249.03
2009-12-07,247.88
2009-12-08,244.01
2009-12-09,241.42
2009-12-10,243.89
2009-12-11,245.13
2009-12-14,247.04
2009-12-15,247.17
2009-12-16,250.33
2009-12-17,247.18
2009-12-18,246.19
2009-12-21,249.57
2009-12-22,251.15
2009-12-23,251.9
2009-12-24,251.91
2009-12-28,253.17
2009-12-29,254.09
2009-12-30,253.16
2009-12-31,253.89
2010-01-04,257.65
2010-01-05,257.5899
2010-01-06,257.96
2010-01-07,258.04
2010-01-08,259.15
2010-01-11,258.81
2010-01-12,256.38
2010-01-13,256.96
2010-01-14,258.8399
2010-01-15,256.44
2010-01-18,258.21
2010-01-19,260.26
2010-01-20,256.3
2010-01-21,252.76
2010-01-22,249.91
2010-01-25,248.29
2010-01-26,249.41
2010-01-27,247.31
2010-01-28,244.61
2010-01-29,246.96
2010-02-01,248.42
2010-02-02,250.8
2010-02-03,249.4
2010-02-04,242.7
2010-02-05,237.46
2010-02-08,238.91
2010-02-09,239.19
2010-02-10,240.91
2010-02-11,241.74
2010-02-12,241.02
2010-02-15,241.92
2010-02-16,244.38
2010-02-17,247.69
2010-02-18,249.14
2010-02-19,250.3
2010-02-22,249.67
2010-02-23,246.74
2010-02-24,247.22
2010-02-25,243.29
2010-02-26,245.8
2010-03-01,248.69
2010-03-02,250.65
2010-03-03,252.6
2010-03-04,253.0
2010-03-05,257.0899
2010-03-08,256.87
2010-03-09,256.73
2010-03-10,258.24
2010-03-11,257.6
2010-03-12,258.4
2010-03-15,256.65
2010-03-16,259.0299
2010-03-17,261.3399
2010-03-18,261.2
2010-03-19,260.2
2010-03-22,260.12
2010-03-23,261.85
2010-03-24,262.19
2010-03-25,264.79
2010-03-26,263.5899
2010-03-29,263.89
2010-03-30,263.87
2010-03-31,263.57
2010-04-01,267.62
2010-04-06,269.37
2010-04-07,268.61
2010-04-08,266.2799
2010-04-09,269.74
2010-04-12,269.36
2010-04-13,268.69
2010-04-14,270.44
2010-04-15,272.14
2010-04-16,267.92
2010-04-19,266.13
2010-04-20,269.76
2010-04-21,268.23
2010-04-22,265.32
2010-04-23,267.42
2010-04-26,270.1
2010-04-27,261.65
2010-04-28,258.24
2010-04-29,261.74
2010-04-30,259.91
2010-05-03,260.52
2010-05-04,252.96
2010-05-05,250.55
2010-05-06,246.9
2010-05-07,237.18
2010-05-10,254.14
2010-05-11,252.93
2010-05-12,256.6
2010-05-13,257.24
2010-05-14,248.46
2010-05-17,248.09
2010-05-18,251.3
2010-05-19,243.71
2010-05-20,238.28
2010-05-21,237.11
2010-05-24,238.02
2010-05-25,232.11
2010-05-26,237.74
2010-05-27,244.79
2010-05-28,244.01
2010-05-31,244.97
2010-06-01,245.34
2010-06-02,245.4
2010-06-03,248.91
2010-06-04,244.53
2010-06-07,242.71
2010-06-08,240.06
2010-06-09,244.6
2010-06-10,248.46
2010-06-11,249.46
2010-06-14,252.53
2010-06-15,254.28
2010-06-16,254.47
2010-06-17,254.88
2010-06-18,255.5
2010-06-21,258.18
2010-06-22,256.92
2010-06-23,254.44
2010-06-24,249.78
2010-06-25,248.33
2010-06-28,251.36
2010-06-29,243.82
2010-06-30,243.32
2010-07-01,237.3
2010-07-02,237.27
2010-07-05,236.68
2010-07-06,242.76
2010-07-07,246.06
2010-07-08,248.6
2010-07-09,250.09
2010-07-12,251.18
2010-07-13,255.99
2010-07-14,255.92
2010-07-15,252.97
2010-07-16,248.11
2010-07-19,246.18
2010-07-20,246.35
2010-07-21,249.24
2010-07-22,254.37
2010-07-23,255.97
2010-07-26,257.12
2010-07-27,258.11
2010-07-28,257.21
2010-07-29,256.26
2010-07-30,255.35
2010-08-02,262.0899
2010-08-03,262.06
2010-08-04,262.17
2010-08-05,261.48
2010-08-06,258.71
2010-08-09,262.26
2010-08-10,259.93
2010-08-11,254.68
2010-08-12,254.93
2010-08-13,255.56
2010-08-16,255.61
2010-08-17,258.47
2010-08-18,257.6
2010-08-19,253.9
2010-08-20,252.15
2010-08-23,253.76
2010-08-24,249.45
2010-08-25,247.54
2010-08-26,249.65
2010-08-27,251.24
2010-08-30,251.16
2010-08-31,251.31
2010-09-01,258.19
2010-09-02,258.18
2010-09-03,260.4
2010-09-06,260.94
2010-09-07,259.76
2010-09-08,262.33
2010-09-09,265.0899
2010-09-10,264.7
2010-09-13,266.45
2010-09-14,266.4
2010-09-15,265.54
2010-09-16,263.47
2010-09-17,262.86
2010-09-20,266.22
2010-09-21,265.01
2010-09-22,261.19
2010-09-23,261.07
2010-09-24,263.97
2010-09-27,262.92
2010-09-28,262.36
2010-09-29,261.02
2010-09-30,259.72
2010-10-01,259.0899
2010-10-04,257.74
2010-10-05,261.18
2010-10-06,262.51
2010-10-07,262.31
2010-10-08,262.27
2010-10-11,263.2
2010-10-12,262.48
2010-10-13,266.25
2010-10-14,265.68
2010-10-15,265.83
2010-10-18,266.64
2010-10-19,265.24
2010-10-20,266.13
2010-10-21,267.62
2010-10-22,266.75
2010-10-25,267.42
2010-10-26,266.92
2010-10-27,264.93
2010-10-28,265.9
2010-10-29,265.96
2010-11-01,266.4
2010-11-02,267.5
2010-11-03,266.51
2010-11-04,270.83
2010-11-05,271.97
2010-11-08,271.91
2010-11-09,273.46
2010-11-10,271.48
2010-11-11,271.39
2010-11-12,270.18
2010-11-15,272.36
2010-11-16,265.98
2010-11-17,267.31
2010-11-18,271.15
2010-11-19,269.5
2010-11-22,267.74
2010-11-23,263.62
2010-11-24,266.29
2010-11-25,267.72
2010-11-26,266.6
2010-11-29,262.16
2010-11-30,261.83
2010-12-01,267.11
2010-12-02,271.61
2010-12-03,270.94
2010-12-06,271.38
2010-12-07,273.91
2010-12-08,274.98
2010-12-09,275.93
2010-12-10,276.19
2010-12-13,276.99
2010-12-14,277.65
2010-12-15,276.5299
2010-12-16,277.5899
2010-12-17,276.42
2010-12-20,278.38
2010-12-21,281.11
2010-12-22,281.45
2010-12-23,281.76
2010-12-24,281.43
2010-12-27,279.18
2010-12-28,279.79
2010-12-29,280.63
2010-12-30,277.02
2010-12-31,275.81
2011-01-03,278.02
2011-01-04,280.38
2011-01-05,280.48
2011-01-06,281.49
2011-01-07,281.02
2011-01-10,278.48
2011-01-11,281.98
2011-01-12,285.79
2011-01-13,284.04
2011-01-14,283.77
2011-01-17,284.06
2011-01-18,286.7
2011-01-19,282.72
2011-01-20,279.39
2011-01-21,281.26
2011-01-24,281.99
2011-01-25,280.1
2011-01-26,282.47
2011-01-27,282.88
2011-01-28,280.45
2011-01-31,280.05
2011-02-01,284.2
2011-02-02,284.5899
2011-02-03,285.0
2011-02-04,285.9
2011-02-07,288.74
2011-02-08,288.56
2011-02-09,287.35
2011-02-10,286.7799
2011-02-11,287.99
2011-02-14,289.11
2011-02-15,289.44
2011-02-16,290.72
2011-02-17,291.16
2011-02-18,291.04
2011-02-21,287.18
2011-02-22,285.38
2011-02-23,282.38
2011-02-24,280.56
2011-02-25,284.12
2011-02-28,286.47
2011-03-01,284.63
2011-03-02,282.76
2011-03-03,283.58
2011-03-04,281.9
2011-03-07,280.72
2011-03-08,281.81
2011-03-09,281.17
2011-03-10,277.88
2011-03-11,275.42
2011-03-14,272.51
2011-03-15,266.32
2011-03-16,262.18
2011-03-17,267.08
2011-03-18,267.63
2011-03-21,272.33
2011-03-22,271.8
2011-03-23,273.11
2011-03-24,275.77
2011-03-25,276.02
2011-03-28,276.24
2011-03-29,276.51
2011-03-30,278.55
2011-03-31,275.9
2011-04-01,280.02
2011-04-04,280.26
2011-04-05,280.91
2011-04-06,281.57
2011-04-07,280.7799
2011-04-08,281.68
2011-04-11,280.99
2011-04-12,276.24
2011-04-13,278.25
2011-04-14,277.01
2011-04-15,277.7799
2011-04-18,273.05
2011-04-19,274.42
2011-04-20,279.06
2011-04-21,280.47
2011-04-26,281.23
2011-04-27,282.12
2011-04-28,283.04
2011-04-29,283.7799
2011-05-02,283.93
2011-05-03,282.43
2011-05-04,278.52
2011-05-05,277.79
2011-05-06,281.33
2011-05-09,280.43
2011-05-10,282.92
2011-05-11,283.73
2011-05-12,281.8
2011-05-13,280.5
2011-05-16,280.13
2011-05-17,277.2799
2011-05-18,278.17
2011-05-19,280.0
2011-05-20,279.65
2011-05-23,274.7799
2011-05-24,275.39
2011-05-25,277.37
2011-05-26,277.14
2011-05-27,279.05
2011-05-30,278.82
2011-05-31,281.06
2011-06-01,278.38
2011-06-02,274.67
2011-06-03,273.67
2011-06-06,272.16
2011-06-07,271.87
2011-06-08,269.01
2011-06-09,271.76
2011-06-10,268.13
2011-06-13,268.71
2011-06-14,270.82
2011-06-15,267.95
2011-06-16,266.73
2011-06-17,267.17
2011-06-20,265.76
2011-06-21,269.5899
2011-06-22,268.07
2011-06-23,264.31
2011-06-24,263.98
2011-06-27,264.01
2011-06-28,265.23
2011-06-29,269.8
2011-06-30,272.86
2011-07-01,274.92
2011-07-04,275.54
2011-07-05,275.62
2011-07-06,274.79
2011-07-07,275.93
2011-07-08,273.76
2011-07-11,269.9
2011-07-12,268.16
2011-07-13,269.94
2011-07-14,267.68
2011-07-15,266.91
2011-07-18,262.1
2011-07-19,264.2799
2011-07-20,267.73
2011-07-21,270.48
2011-07-22,272.02
2011-07-25,271.2799
2011-07-26,270.08
2011-07-27,267.05
2011-07-28,267.08
2011-07-29,265.25
2011-08-01,262.02
2011-08-02,256.98
2011-08-03,251.95
2011-08-04,243.16
2011-08-05,238.88
2011-08-08,228.98
2011-08-09,232.2
2011-08-10,223.5
2011-08-11,229.11
2011-08-12,237.49
2011-08-15,237.85
2011-08-16,237.56
2011-08-17,238.05
2011-08-18,226.7
2011-08-19,223.13
2011-08-22,224.9
2011-08-23,226.63
2011-08-24,229.79
2011-08-25,227.07
2011-08-26,225.52
2011-08-29,228.28
2011-08-30,230.64
2011-08-31,237.43
2011-09-01,238.93
2011-09-02,233.11
2011-09-05,223.45
2011-09-06,221.98
2011-09-07,228.84
2011-09-08,230.47
2011-09-09,224.59
2011-09-12,218.93
2011-09-13,220.87
2011-09-14,224.17
2011-09-15,228.69
2011-09-16,230.16
2011-09-19,224.96
2011-09-20,229.1
2011-09-21,225.33
2011-09-22,214.89
2011-09-23,216.19
2011-09-26,220.28
2011-09-27,229.91
2011-09-28,227.39
2011-09-29,228.9
2011-09-30,226.18
2011-10-03,223.62
2011-10-04,217.46
2011-10-05,224.15
2011-10-06,230.27
2011-10-07,231.99
2011-10-10,235.94
2011-10-11,235.28
2011-10-12,239.16
2011-10-13,236.53
2011-10-14,238.51
2011-10-17,236.22
2011-10-18,235.33
2011-10-19,236.71
2011-10-20,233.07
2011-10-21,238.93
2011-10-24,242.03
2011-10-25,240.29
2011-10-26,240.8
2011-10-27,249.42
2011-10-28,249.0
2011-10-31,243.48
2011-11-01,235.06
2011-11-02,237.22
2011-11-03,242.2
2011-11-04,239.76
2011-11-07,238.44
2011-11-08,240.5
2011-11-09,236.34
2011-11-10,235.35
2011-11-11,240.98
2011-11-14,238.47
2011-11-15,237.03
2011-11-16,237.04
2011-11-17,233.97
2011-11-18,232.17
2011-11-21,224.76
2011-11-22,223.27
2011-11-23,220.31
2011-11-24,219.98
2011-11-25,221.54
2011-11-28,229.85
2011-11-29,231.68
2011-11-30,240.08
2011-12-01,238.49
2011-12-02,240.73
2011-12-05,242.75
2011-12-06,241.92
2011-12-07,241.44
2011-12-08,237.71
2011-12-09,240.51
2011-12-12,236.05
2011-12-13,237.3
2011-12-14,232.44
2011-12-15,234.73
2011-12-16,233.71
2011-12-19,233.75
2011-12-20,238.51
2011-12-21,237.29
2011-12-22,239.78
2011-12-23,241.86
2011-12-27,241.91
2011-12-28,240.2
2011-12-29,242.46
2011-12-30,244.54
2012-01-02,247.15
2012-01-03,251.06
2012-01-04,249.62
2012-01-05,247.39
2012-01-06,247.53
2012-01-09,246.42
2012-01-10,250.82
2012-01-11,249.93
2012-01-12,249.5
2012-01-13,249.18
2012-01-16,251.12
2012-01-17,253.27
2012-01-18,253.48
2012-01-19,256.57
2012-01-20,255.85
2012-01-23,257.01
2012-01-24,256.04
2012-01-25,254.95
2012-01-26,257.86
2012-01-27,255.4
2012-01-30,252.52
2012-01-31,254.41
2012-02-01,259.51
2012-02-02,260.11
2012-02-03,264.6
2012-02-06,264.27
2012-02-07,263.55
2012-02-08,263.01
2012-02-09,263.64
2012-02-10,261.24
2012-02-13,263.17
2012-02-14,262.56
2012-02-15,264.16
2012-02-16,264.31
2012-02-17,265.93
2012-02-20,268.16
2012-02-21,266.7799
2012-02-22,264.5899
2012-02-23,264.08
2012-02-24,264.77
2012-02-27,263.86
2012-02-28,264.33
2012-02-29,264.32
2012-03-01,267.06
2012-03-02,267.21
2012-03-05,265.56
2012-03-06,258.46
2012-03-07,260.11
2012-03-08,264.16
2012-03-09,265.44
2012-03-12,264.87
2012-03-13,269.56
2012-03-14,270.27
2012-03-15,270.98
2012-03-16,272.4
2012-03-19,272.07
2012-03-20,268.97
2012-03-21,268.67
2012-03-22,265.49
2012-03-23,265.65
2012-03-26,268.12
2012-03-27,266.92
2012-03-28,264.1
2012-03-29,260.74
2012-03-30,263.32
2012-04-02,267.16
2012-04-03,264.29
2012-04-04,258.76
2012-04-05,259.07
2012-04-10,252.57
2012-04-11,254.43
2012-04-12,257.36
2012-04-13,253.4
2012-04-16,254.26
2012-04-17,259.45
2012-04-18,257.71
2012-04-19,256.51
2012-04-20,257.79
2012-04-23,251.75
2012-04-24,254.37
2012-04-25,256.96
2012-04-26,257.2
2012-04-27,259.12
2012-04-30,257.2799
2012-05-01,258.37
2012-05-02,257.39
2012-05-03,257.5299
2012-05-04,253.0
2012-05-07,254.83
2012-05-08,250.58
2012-05-09,249.73
2012-05-10,251.1
2012-05-11,251.97
2012-05-14,247.43
2012-05-15,245.76
2012-05-16,244.4
2012-05-17,241.63
2012-05-18,238.88
2012-05-21,240.17
2012-05-22,244.76
2012-05-23,239.51
2012-05-24,241.91
2012-05-25,242.49
2012-05-28,242.47
2012-05-29,244.3
2012-05-30,240.56
2012-05-31,239.73
2012-06-01,235.09
2012-06-04,233.87
2012-06-05,234.59
2012-06-06,239.95
2012-06-07,242.64
2012-06-08,241.93
2012-06-11,241.92
2012-06-12,243.44
2012-06-13,242.56
2012-06-14,241.84
2012-06-15,244.21
2012-06-18,244.36
2012-06-19,248.27
2012-06-20,249.67
2012-06-21,248.4
2012-06-22,246.58
2012-06-25,242.82
2012-06-26,242.59
2012-06-27,245.87
2012-06-28,244.67
2012-06-29,251.17
2012-07-02,254.82
2012-07-03,257.39
2012-07-04,257.33
2012-07-05,256.93
2012-07-06,254.4
2012-07-09,253.46
2012-07-10,255.6
2012-07-11,255.59
2012-07-12,252.89
2012-07-13,256.26
2012-07-16,256.73
2012-07-17,256.0899
2012-07-18,258.93
2012-07-19,261.86
2012-07-20,258.17
2012-07-23,251.75
2012-07-24,250.57
2012-07-25,250.39
2012-07-26,256.58
2012-07-27,259.81
2012-07-30,263.94
2012-07-31,261.38
2012-08-01,262.57
2012-08-02,259.2799
2012-08-03,265.58
2012-08-06,266.8
2012-08-07,268.8
2012-08-08,269.2
2012-08-09,270.27
2012-08-10,269.88
2012-08-13,268.72
2012-08-14,270.54
2012-08-15,270.35
2012-08-16,271.22
2012-08-17,272.83
2012-08-20,271.5
2012-08-21,272.58
2012-08-22,269.27
2012-08-23,267.69
2012-08-24,268.0
2012-08-27,269.2
2012-08-28,267.32
2012-08-29,267.01
2012-08-30,264.97
2012-08-31,266.23
2012-09-03,268.47
2012-09-04,265.43
2012-09-05,265.49
2012-09-06,271.67
2012-09-07,272.3
2012-09-10,271.69
2012-09-11,272.58
2012-09-12,272.91
2012-09-13,272.42
2012-09-14,275.95
2012-09-17,275.01
2012-09-18,273.8
2012-09-19,274.9
2012-09-20,274.5
2012-09-21,275.7799
2012-09-24,274.7
2012-09-25,275.7799
2012-09-26,270.72
2012-09-27,271.65
2012-09-28,268.48
2012-10-01,272.33
2012-10-02,271.62
2012-10-03,271.37
2012-10-04,271.33
2012-10-05,274.11
2012-10-08,271.43
2012-10-09,270.2
2012-10-10,268.71
2012-10-11,270.8399
2012-10-12,269.43
2012-10-15,270.8
2012-10-16,274.38
2012-10-17,275.66
2012-10-18,276.18
2012-10-19,274.08
2012-10-22,272.95
2012-10-23,268.4
2012-10-24,269.52
2012-10-25,270.23
2012-10-26,270.51
2012-10-29,269.46
2012-10-30,271.76
2012-10-31,270.3
2012-11-01,273.7
2012-11-02,274.85
2012-11-05,273.21
2012-11-06,274.74
2012-11-07,271.04
2012-11-08,270.58
2012-11-09,270.27
2012-11-12,269.5299
2012-11-13,270.6
2012-11-14,268.14
2012-11-15,265.52
2012-11-16,262.86
2012-11-19,268.58
2012-11-20,269.49
2012-11-21,270.11
2012-11-22,271.7
2012-11-23,273.33
2012-11-26,272.0
2012-11-27,272.86
2012-11-28,273.15
2012-11-29,276.31
2012-11-30,275.7799
2012-12-03,276.13
2012-12-04,276.24
2012-12-05,276.91
2012-12-06,278.82
2012-12-07,279.17
2012-12-10,279.55
2012-12-11,280.49
2012-12-12,280.64
2012-12-13,279.63
2012-12-14,279.4
2012-12-17,279.18
2012-12-18,280.46
2012-12-19,281.65
2012-12-20,281.81
2012-12-21,280.95
2012-12-24,280.5
2012-12-27,280.6
2012-12-28,278.7799
2012-12-31,279.68
2013-01-02,285.33
2013-01-03,286.83
2013-01-04,287.83
2013-01-07,286.63
2013-01-08,286.25
2013-01-09,288.22
2013-01-10,287.44
2013-01-11,287.08
2013-01-14,286.01
2013-01-15,285.97
2013-01-16,286.0299
2013-01-17,287.35
2013-01-18,287.0299
2013-01-21,287.7799
2013-01-22,287.66
2013-01-23,288.22
2013-01-24,288.89
2013-01-25,289.72
2013-01-28,289.36
2013-01-29,290.3
2013-01-30,288.63
2013-01-31,287.22
2013-02-01,288.2
2013-02-04,283.9
2013-02-05,285.56
2013-02-06,284.52
2013-02-07,283.88
2013-02-08,287.3399
2013-02-11,285.62
2013-02-12,287.07
2013-02-13,288.27
2013-02-14,287.79
2013-02-15,287.3399
2013-02-18,286.76
2013-02-19,290.01
2013-02-20,289.07
2013-02-21,284.86
2013-02-22,288.57
2013-02-25,288.4
2013-02-26,284.6
2013-02-27,287.17
2013-02-28,289.94
2013-03-01,289.02
2013-03-04,288.89
2013-03-05,294.11
2013-03-06,293.38
2013-03-07,293.19
2013-03-08,295.55
2013-03-11,295.26
2013-03-12,295.37
2013-03-13,295.32
2013-03-14,298.52
2013-03-15,297.44
2013-03-18,296.81
2013-03-19,295.55
2013-03-20,296.5
2013-03-21,294.47
2013-03-22,294.04
2013-03-25,293.25
2013-03-26,293.76
2013-03-27,292.44
2013-03-28,293.7799
2013-04-02,297.52
2013-04-03,294.8
2013-04-04,291.71
2013-04-05,287.13
2013-04-08,287.64
2013-04-09,288.07
2013-04-10,293.19
2013-04-11,294.96
2013-04-12,292.39
2013-04-15,290.43
2013-04-16,288.16
2013-04-17,283.73
2013-04-18,283.73
2013-04-19,285.21
2013-04-22,285.68
2013-04-23,292.63
2013-04-24,294.63
2013-04-25,296.88
2013-04-26,295.89
2013-04-29,297.39
2013-04-30,296.72
2013-05-01,296.93
2013-05-02,297.88
2013-05-03,301.04
2013-05-06,300.97
2013-05-07,301.74
2013-05-08,303.67
2013-05-09,303.74
2013-05-10,304.99
2013-05-13,304.46
2013-05-14,305.66
2013-05-15,308.06
2013-05-16,307.97
2013-05-17,308.72
2013-05-20,309.77
2013-05-21,309.99
2013-05-22,310.5899
2013-05-23,303.99
2013-05-24,303.35
2013-05-27,304.3399
2013-05-28,308.23
2013-05-29,302.5
2013-05-30,303.55
2013-05-31,300.88
2013-06-03,298.5899
2013-06-04,299.5899
2013-06-05,295.12
2013-06-06,291.69
2013-06-07,295.4
2013-06-10,295.22
2013-06-11,291.74
2013-06-12,290.68
2013-06-13,290.51
2013-06-14,291.13
2013-06-17,293.25
2013-06-18,293.02
2013-06-19,292.36
2013-06-20,283.68
2013-06-21,280.4
2013-06-24,275.66
2013-06-25,279.69
2013-06-26,284.54
2013-06-27,286.42
2013-06-28,285.02
2013-07-01,288.29
2013-07-02,287.13
2013-07-03,285.46
2013-07-04,292.15
2013-07-05,288.31
2013-07-08,292.37
2013-07-09,294.58
2013-07-10,294.8399
2013-07-11,296.54
2013-07-12,296.2
2013-07-15,297.38
2013-07-16,295.31
2013-07-17,297.04
2013-07-18,299.76
2013-07-19,299.85
2013-07-22,300.3
2013-07-23,299.44
2013-07-24,301.1
2013-07-25,299.63
2013-07-26,298.91
2013-07-29,299.06
2013-07-30,299.43
2013-07-31,299.58
2013-08-01,303.29
2013-08-02,304.15
2013-08-05,304.74
2013-08-06,303.5
2013-08-07,302.81
2013-08-08,304.17
2013-08-09,305.92
2013-08-12,306.08
2013-08-13,307.79
2013-08-14,308.62
2013-08-15,305.3399
2013-08-16,306.36
2013-08-19,304.77
2013-08-20,302.25
2013-08-21,300.61
2013-08-22,303.55
2013-08-23,304.71
2013-08-26,304.48
2013-08-27,299.01
2013-08-28,297.89
2013-08-29,300.13
2013-08-30,297.32
2013-09-02,302.94
2013-09-03,301.7799
2013-09-04,302.3399
2013-09-05,304.56
2013-09-06,306.1
2013-09-09,305.8399
2013-09-10,309.8
2013-09-11,310.88
2013-09-12,310.74
2013-09-13,311.46
2013-09-16,313.42
2013-09-17,311.95
2013-09-18,313.2799
2013-09-19,315.05
2013-09-20,314.2
2013-09-23,312.62
2013-09-24,313.2
2013-09-25,313.02
2013-09-26,313.02
2013-09-27,312.18
2013-09-30,310.46
2013-10-01,312.86
2013-10-02,310.79
2013-10-03,309.55
2013-10-04,309.89
2013-10-07,309.18
2013-10-08,306.8399
2013-10-09,305.13
2013-10-10,310.29
2013-10-11,311.61
2013-10-14,312.22
2013-10-15,314.82
2013-10-16,315.55
2013-10-17,315.98
2013-10-18,318.47
2013-10-21,319.54
2013-10-22,320.97
2013-10-23,318.99
2013-10-24,320.38
2013-10-25,320.0899
2013-10-28,319.49
2013-10-29,320.77
2013-10-30,320.8
2013-10-31,322.37
2013-11-01,321.5
2013-11-04,322.5
2013-11-05,321.89
2013-11-06,323.26
2013-11-07,323.23
2013-11-08,322.72
2013-11-11,323.57
2013-11-12,321.68
2013-11-13,319.82
2013-11-14,322.43
2013-11-15,323.0
2013-11-18,324.7
2013-11-19,322.56
2013-11-20,322.91
2013-11-21,322.42
2013-11-22,322.77
2013-11-25,324.18
2013-11-26,322.24
2013-11-27,324.04
2013-11-28,325.19
2013-11-29,325.16
2013-12-02,324.1
2013-12-03,319.13
2013-12-04,317.24
2013-12-05,314.41
2013-12-06,316.5
2013-12-09,317.15
2013-12-10,314.91
2013-12-11,313.3
2013-12-12,310.24
2013-12-13,309.75
2013-12-16,313.64
2013-12-17,311.31
2013-12-18,313.99
2013-12-19,319.44
2013-12-20,321.14
2013-12-23,323.4
2013-12-24,324.21
2013-12-27,327.68
2013-12-30,327.13
2013-12-31,328.26
2014-01-02,325.82
2014-01-03,327.64
2014-01-06,326.98
2014-01-07,329.4
2014-01-08,329.75
2014-01-09,328.41
2014-01-10,329.95
2014-01-13,330.72
2014-01-14,331.23
2014-01-15,334.51
2014-01-16,333.99
2014-01-17,335.82
2014-01-20,335.5
2014-01-21,335.76
2014-01-22,336.06
2014-01-23,332.69
2014-01-24,324.75
2014-01-27,322.02
2014-01-28,324.22
2014-01-29,322.39
2014-01-30,323.32
2014-01-31,322.52
2014-02-03,318.21
2014-02-04,317.58
2014-02-05,318.04
2014-02-06,322.77
2014-02-07,325.0899
2014-02-10,325.3
2014-02-11,329.52
2014-02-12,332.0
2014-02-13,331.48
2014-02-14,333.32
2014-02-17,334.56
2014-02-18,334.6
2014-02-19,334.94
2014-02-20,334.7799
2014-02-21,336.0899
2014-02-24,338.19
2014-02-25,338.39
2014-02-26,337.7
2014-02-27,337.21
2014-02-28,338.02
2014-03-03,330.36
2014-03-04,337.15
2014-03-05,337.06
2014-03-06,337.2799
2014-03-07,333.06
2014-03-10,331.4
2014-03-11,331.49
2014-03-12,327.95
2014-03-13,324.51
2014-03-14,322.23
2014-03-17,325.83
2014-03-18,327.93
2014-03-19,327.63
2014-03-20,327.67
2014-03-21,327.91
2014-03-24,324.39
2014-03-25,328.57
2014-03-26,330.93
2014-03-27,331.4
2014-03-28,333.76
2014-03-31,334.31
2014-04-01,336.35
2014-04-02,336.93
2014-04-03,337.25
2014-04-04,339.18
2014-04-07,334.96
2014-04-08,333.89
2014-04-09,335.16
2014-04-10,333.41
2014-04-11,328.77
2014-04-14,329.79
2014-04-15,326.58
2014-04-16,330.82
2014-04-17,332.43
2014-04-22,337.0299
2014-04-23,335.05
2014-04-24,336.13
2014-04-25,333.5
2014-04-28,334.13
2014-04-29,338.12
2014-04-30,337.89
2014-05-01,338.5
2014-05-02,337.76
2014-05-05,336.89
2014-05-06,336.04
2014-05-07,336.0299
2014-05-08,339.56
2014-05-09,338.54
2014-05-12,340.96
2014-05-13,341.89
2014-05-14,341.5899
2014-05-15,338.5
2014-05-16,338.99
2014-05-19,338.51
2014-05-20,338.32
2014-05-21,340.3399
2014-05-22,341.02
2014-05-23,341.76
2014-05-26,343.69
2014-05-27,344.47
2014-05-28,344.29
2014-05-29,344.51
2014-05-30,344.24
2014-06-02,345.08
2014-06-03,343.48
2014-06-04,343.56
2014-06-05,344.99
2014-06-06,347.3
2014-06-09,348.61
2014-06-10,349.71
2014-06-11,347.74
2014-06-12,347.83
2014-06-13,347.07
2014-06-16,345.52
2014-06-17,346.42
2014-06-18,346.13
2014-06-19,348.15
2014-06-20,348.0899
2014-06-23,346.31
2014-06-24,345.57
2014-06-25,341.94
2014-06-26,341.86
2014-06-27,341.97
2014-06-30,341.86
2014-07-01,344.89
2014-07-02,345.68
2014-07-03,348.91
2014-07-04,347.95
2014-07-07,344.8
2014-07-08,339.99
2014-07-09,339.96
2014-07-10,336.37
2014-07-11,336.91
2014-07-14,339.79
2014-07-15,338.42
2014-07-16,342.97
2014-07-17,339.74
2014-07-18,339.66
2014-07-21,337.95
2014-07-22,342.44
2014-07-23,342.86
2014-07-24,344.33
2014-07-25,341.95
2014-07-28,341.3399
2014-07-29,342.27
2014-07-30,340.44
2014-07-31,335.99
2014-08-01,331.91
2014-08-04,331.15
2014-08-05,332.1
2014-08-06,329.19
2014-08-07,326.96
2014-08-08,324.91
2014-08-11,329.36
2014-08-12,328.74
2014-08-13,330.02
2014-08-14,331.04
2014-08-15,329.72
2014-08-18,333.6
2014-08-19,335.49
2014-08-20,335.3
2014-08-21,337.51
2014-08-22,336.75
2014-08-25,340.46
2014-08-26,342.96
2014-08-27,343.33
2014-08-28,341.05
2014-08-29,342.0
2014-09-01,342.86
2014-09-02,342.75
2014-09-03,344.97
2014-09-04,348.89
2014-09-05,347.57
2014-09-08,346.0899
2014-09-09,344.87
2014-09-10,344.7
2014-09-11,344.27
2014-09-12,344.27
2014-09-15,343.91
2014-09-16,342.8399
2014-09-17,344.39
2014-09-18,347.7799
2014-09-19,348.52
2014-09-22,346.69
2014-09-23,341.89
2014-09-24,344.35
2014-09-25,341.44
2014-09-26,342.3
2014-09-29,340.99
2014-09-30,343.08
2014-10-01,340.22
2014-10-02,332.05
2014-10-03,335.19
2014-10-06,336.0
2014-10-07,330.85
2014-10-08,328.0
2014-10-09,326.67
2014-10-10,321.62
2014-10-13,321.56
2014-10-14,321.5299
2014-10-15,311.36
2014-10-16,310.0299
2014-10-17,318.68
2014-10-20,317.01
2014-10-21,323.74
2014-10-22,326.11
2014-10-23,328.26
2014-10-24,327.17
2014-10-27,325.1
2014-10-28,328.25
2014-10-29,328.7799
2014-10-30,330.71
2014-10-31,336.8
2014-11-03,334.25
2014-11-04,330.88
2014-11-05,336.36
2014-11-06,337.08
2014-11-07,335.25
2014-11-10,337.71
2014-11-11,338.93
2014-11-12,335.0899
2014-11-13,335.86
2014-11-14,335.63
2014-11-17,337.25
2014-11-18,339.3
2014-11-19,339.15
2014-11-20,338.2799
2014-11-21,345.24
2014-11-24,345.72
2014-11-25,346.2799
2014-11-26,346.2799
2014-11-27,347.49
2014-11-28,347.25
2014-12-01,345.64
2014-12-02,347.37
2014-12-03,349.3399
2014-12-04,344.8399
2014-12-05,350.97
2014-12-08,348.61
2014-12-09,340.48
2014-12-10,339.32
2014-12-11,339.31
2014-12-12,330.54
2014-12-15,323.29
2014-12-16,328.88
2014-12-17,329.3399
2014-12-18,339.05
2014-12-19,340.3
2014-12-22,341.97
2014-12-23,344.06
2014-12-24,343.89
2014-12-29,344.27
2014-12-30,341.02
2014-12-31,342.54
2015-01-02,341.33
2015-01-05,333.99
2015-01-06,331.61
2015-01-07,333.2
2015-01-08,342.35
2015-01-09,337.93
2015-01-12,339.87
2015-01-13,344.77
2015-01-14,339.67
2015-01-15,348.45
2015-01-16,352.4
2015-01-19,353.18
2015-01-20,355.96
2015-01-21,358.12
2015-01-22,364.05
2015-01-23,370.37
2015-01-26,372.39
2015-01-27,368.7
2015-01-28,369.08
2015-01-29,368.76
2015-01-30,367.05
2015-02-02,367.2799
2015-02-03,370.2799
2015-02-04,372.1
2015-02-05,372.51
2015-02-06,373.31
2015-02-09,370.55
2015-02-10,372.94
2015-02-11,372.04
2015-02-12,374.83
2015-02-13,377.07
2015-02-16,376.55
2015-02-17,377.02
2015-02-18,380.37
2015-02-19,381.41
2015-02-20,382.27
2015-02-23,385.08
2015-02-24,387.25
2015-02-25,386.76
2015-02-26,390.69
2015-02-27,392.21
2015-03-02,391.29
2015-03-03,387.68
2015-03-04,390.61
2015-03-05,393.7799
2015-03-06,394.18
2015-03-09,393.19
2015-03-10,389.66
2015-03-11,395.48
2015-03-12,395.36
2015-03-13,396.61
2015-03-16,400.18
2015-03-17,397.33
2015-03-18,398.65
2015-03-19,400.83
2015-03-20,404.01
2015-03-23,401.24
2015-03-24,402.49
2015-03-25,397.95
2015-03-26,394.54
2015-03-27,395.54
2015-03-30,399.8399
2015-03-31,397.3
2015-04-01,398.52
2015-04-02,397.8
2015-04-07,404.3399
2015-04-08,404.66
2015-04-09,409.15
2015-04-10,412.93
2015-04-13,413.63
2015-04-14,411.7
2015-04-15,414.06
2015-04-16,410.93
2015-04-17,403.69
2015-04-20,406.87
2015-04-21,409.12
2015-04-22,408.99
2015-04-23,407.18
2015-04-24,408.42
2015-04-27,412.42
2015-04-28,406.2799
2015-04-29,397.3
2015-04-30,395.79
2015-05-01,394.66
2015-05-04,396.82
2015-05-05,391.01
2015-05-06,388.68
2015-05-07,388.98
2015-05-08,400.16
2015-05-11,401.3399
2015-05-12,396.0899
2015-05-13,395.46
2015-05-14,397.99
2015-05-15,396.45
2015-05-18,398.0899
2015-05-19,404.7799
2015-05-20,406.42
2015-05-21,407.87
2015-05-22,407.74
2015-05-25,406.56
2015-05-26,403.61
2015-05-27,408.88
2015-05-28,406.83
2015-05-29,399.87
2015-06-01,400.57
2015-06-02,396.45
2015-06-03,395.93
2015-06-04,392.65
2015-06-05,389.0
2015-06-08,385.39
2015-06-09,383.87
2015-06-10,390.7799
2015-06-11,393.0
2015-06-12,389.38
2015-06-15,383.02
2015-06-16,385.49
2015-06-17,383.74
2015-06-18,384.22
2015-06-19,385.5899
2015-06-22,394.25
2015-06-23,398.83
2015-06-24,397.32
2015-06-25,396.39
2015-06-26,396.85
2015-06-29,386.17
2015-06-30,381.31
2015-07-01,387.07
2015-07-02,385.46
2015-07-03,383.42
2015-07-06,378.68
2015-07-07,372.74
2015-07-08,372.88
2015-07-09,381.06
2015-07-10,388.8
2015-07-13,396.46
2015-07-14,398.3
2015-07-15,400.0299
2015-07-16,405.43
2015-07-17,405.68
2015-07-20,406.8
2015-07-21,402.66
2015-07-22,400.2799
2015-07-23,398.1
2015-07-24,394.64
2015-07-27,385.91
2015-07-28,390.02
2015-07-29,394.01
2015-07-30,396.24
2015-07-31,396.37
2015-08-03,399.44
2015-08-04,398.75
2015-08-05,403.93
2015-08-06,400.7
2015-08-07,397.07
2015-08-10,399.82
2015-08-11,393.61
2015-08-12,382.99
2015-08-13,386.69
2015-08-14,386.24
2015-08-17,387.26
2015-08-18,388.13
2015-08-19,381.31
2015-08-20,373.44
2015-08-21,361.2799
2015-08-24,342.01
2015-08-25,356.36
2015-08-26,350.14
2015-08-27,362.27
2015-08-28,363.2799
2015-08-31,362.79
2015-09-01,352.89
2015-09-02,353.86
2015-09-03,362.24
2015-09-04,353.11
2015-09-07,354.81
2015-09-08,359.0
2015-09-09,363.77
2015-09-10,359.3399
2015-09-11,355.72
2015-09-14,353.63
2015-09-15,356.43
2015-09-16,361.87
2015-09-17,361.21
2015-09-18,354.77
2015-09-21,357.83
2015-09-22,346.67
2015-09-23,346.97
2015-09-24,339.63
2015-09-25,349.2799
2015-09-28,341.57
2015-09-29,339.23
2015-09-30,347.77
2015-10-01,346.23
2015-10-02,347.86
2015-10-05,358.33
2015-10-06,360.41
2015-10-07,360.93
2015-10-08,361.61
2015-10-09,362.82
2015-10-12,361.79
2015-10-13,358.47
2015-10-14,355.81
2015-10-15,360.99
2015-10-16,363.13
2015-10-19,364.25
2015-10-20,362.67
2015-10-21,362.64
2015-10-22,369.99
2015-10-23,377.36
2015-10-26,375.89
2015-10-27,371.88
2015-10-28,375.83
2015-10-29,375.7
2015-10-30,375.47
2015-11-02,376.75
2015-11-03,378.36
2015-11-04,380.2799
2015-11-05,378.76
2015-11-06,379.95
2015-11-09,375.88
2015-11-10,376.27
2015-11-11,378.71
2015-11-12,372.56
2015-11-13,369.5299
2015-11-16,370.64
2015-11-17,379.88
2015-11-18,379.33
2015-11-19,380.96
2015-11-20,381.79
2015-11-23,380.37
2015-11-24,375.64
2015-11-25,380.8399
2015-11-26,384.37
2015-11-27,383.67
2015-11-30,385.43
2015-12-01,384.24
2015-12-02,384.17
2015-12-03,372.11
2015-12-04,370.5899
2015-12-07,372.48
2015-12-08,365.75
2015-12-09,364.19
2015-12-10,363.21
2015-12-11,355.79
2015-12-14,349.54
2015-12-15,359.58
2015-12-16,360.43
2015-12-17,364.9
2015-12-18,361.23
2015-12-21,357.15
2015-12-22,356.87
2015-12-23,366.39
2015-12-24,366.2799
2015-12-28,364.49
2015-12-29,369.68
2015-12-30,367.7
2015-12-31,365.81
2016-01-04,356.66
2016-01-05,358.88
2016-01-06,354.35
2016-01-07,346.51
2016-01-08,341.35
2016-01-11,340.23
2016-01-12,343.22
2016-01-13,344.63
2016-01-14,339.42
2016-01-15,329.8399
2016-01-18,328.64
2016-01-19,332.93
2016-01-20,322.29
2016-01-21,328.51
2016-01-22,338.36
2016-01-25,336.27
2016-01-26,339.2
2016-01-27,340.24
2016-01-28,334.89
2016-01-29,342.27
2016-02-01,341.61
2016-02-02,334.5899
2016-02-03,329.43
2016-02-04,328.76
2016-02-05,325.9
2016-02-08,314.36
2016-02-09,309.39
2016-02-10,315.19
2016-02-11,303.58
2016-02-12,312.41
2016-02-15,321.76
2016-02-16,320.37
2016-02-17,328.77
2016-02-18,328.91
2016-02-19,326.37
2016-02-22,331.82
2016-02-23,327.7799
2016-02-24,320.23
2016-02-25,326.54
2016-02-26,331.54
2016-02-29,333.92
2016-03-01,338.72
2016-03-02,340.97
2016-03-03,339.42
2016-03-04,341.8
2016-03-07,340.93
2016-03-08,337.48
2016-03-09,339.14
2016-03-10,333.5
2016-03-11,342.23
2016-03-14,344.66
2016-03-15,340.86
2016-03-16,341.0
2016-03-17,340.68
2016-03-18,341.71
2016-03-21,340.82
2016-03-22,340.3
2016-03-23,340.07
2016-03-24,335.1
2016-03-29,336.79
2016-03-30,341.18
2016-03-31,337.54
2016-04-01,333.15
2016-04-04,334.49
2016-04-05,328.15
2016-04-06,330.65
2016-04-07,328.1
2016-04-08,331.86
2016-04-11,332.87
2016-04-12,334.64
2016-04-13,343.06
2016-04-14,343.99
2016-04-15,342.79
2016-04-18,344.2
2016-04-19,349.24
2016-04-20,350.75
2016-04-21,349.5899
2016-04-22,348.46
2016-04-25,346.68
2016-04-26,347.31
2016-04-27,348.32
2016-04-28,348.9
2016-04-29,341.48
2016-05-02,341.24
2016-05-03,335.56
2016-05-04,331.8
2016-05-05,332.86
2016-05-06,331.67
2016-05-09,333.22
2016-05-10,336.24
2016-05-11,334.74
2016-05-12,333.11
2016-05-13,334.68
2016-05-16,334.73
2016-05-17,334.72
2016-05-18,337.58
2016-05-19,333.91
2016-05-20,338.01
2016-05-23,336.69
2016-05-24,344.12
2016-05-25,348.56
2016-05-26,348.91
2016-05-27,349.64
2016-05-30,350.14
2016-05-31,347.45
2016-06-01,344.12
2016-06-02,344.35
2016-06-03,341.29
2016-06-06,342.41
2016-06-07,346.26
2016-06-08,344.56
2016-06-09,341.25
2016-06-10,332.92
2016-06-13,326.8
2016-06-14,320.5299
2016-06-15,323.63
2016-06-16,321.29
2016-06-17,325.7799
2016-06-20,337.67
2016-06-21,340.04
2016-06-22,341.32
2016-06-23,346.3399
2016-06-24,321.98
2016-06-27,308.75
2016-06-28,316.7
2016-06-29,326.49
2016-06-30,329.88
2016-07-01,332.24
2016-07-04,329.7799
2016-07-05,324.17
2016-07-06,318.76
2016-07-07,322.12
2016-07-08,327.35
2016-07-11,332.72
2016-07-12,336.26
2016-07-13,335.83
2016-07-14,338.5
2016-07-15,337.92
2016-07-18,338.7
2016-07-19,337.32
2016-07-20,340.81
2016-07-21,340.58
2016-07-22,340.33
2016-07-25,340.93
2016-07-26,341.26
2016-07-27,342.74
2016-07-28,339.47
2016-07-29,341.89
2016-08-01,339.86
2016-08-02,335.47
2016-08-03,335.58
2016-08-04,337.8399
2016-08-05,341.38
2016-08-08,341.5299
2016-08-09,344.67
2016-08-10,343.98
2016-08-11,346.66
2016-08-12,346.0899
2016-08-15,346.05
2016-08-16,343.32
2016-08-17,340.47
2016-08-18,342.91
2016-08-19,340.14
2016-08-22,340.43
2016-08-23,343.6
2016-08-24,344.93
2016-08-25,342.02
2016-08-26,343.72
2016-08-29,343.2
2016-08-30,344.75
2016-08-31,343.5299
2016-09-01,343.66
2016-09-02,350.44
2016-09-05,350.62
2016-09-06,349.46
2016-09-07,350.46
2016-09-08,349.32
2016-09-09,345.52
2016-09-12,342.23
2016-09-13,338.72
2016-09-14,338.42
2016-09-15,340.3399
2016-09-16,337.82
2016-09-19,341.27
2016-09-20,341.0
2016-09-21,342.46
2016-09-22,347.86
2016-09-23,345.3399
2016-09-26,340.0
2016-09-27,340.19
2016-09-28,342.57
2016-09-29,342.72
2016-09-30,342.92
2016-10-03,343.23
2016-10-04,346.1
2016-10-05,344.2
2016-10-06,342.82
2016-10-07,339.64
2016-10-10,341.98
2016-10-11,340.17
2016-10-12,338.56
2016-10-13,335.62
2016-10-14,339.95
2016-10-17,337.42
2016-10-18,342.48
2016-10-19,343.64
2016-10-20,344.29
2016-10-21,344.29
2016-10-24,344.26
2016-10-25,343.07
2016-10-26,341.76
2016-10-27,341.71
2016-10-28,340.8
2016-10-31,338.97
2016-11-01,335.33
2016-11-02,331.55
2016-11-03,331.56
2016-11-04,328.8
2016-11-07,333.8399
2016-11-08,334.91
2016-11-09,339.81
2016-11-10,338.88
2016-11-11,337.5
2016-11-14,338.23
2016-11-15,339.16
2016-11-16,338.47
2016-11-17,340.6
2016-11-18,339.39
2016-11-21,340.23
2016-11-22,341.02
2016-11-23,340.77
2016-11-24,341.8399
2016-11-25,342.45
2016-11-28,339.83
2016-11-29,340.95
2016-11-30,341.99
2016-12-01,340.86
2016-12-02,339.36
2016-12-05,341.27
2016-12-06,344.57
2016-12-07,347.7
2016-12-08,351.96
2016-12-09,355.38
2016-12-12,353.74
2016-12-13,357.5
2016-12-14,355.72
2016-12-15,358.79
2016-12-16,360.02
2016-12-19,359.5899
2016-12-20,361.32
2016-12-21,360.56
2016-12-22,359.82
2016-12-23,359.98
2016-12-27,360.48
2016-12-28,361.5299
2016-12-29,360.26
2016-12-30,361.42
2017-01-02,363.18
2017-01-03,365.71
2017-01-04,365.26
2017-01-05,365.64
2017-01-06,365.45
2017-01-09,363.67
2017-01-10,364.07
2017-01-11,364.9
2017-01-12,362.51
2017-01-13,365.94
2017-01-16,362.97
2017-01-17,362.42
2017-01-18,363.07
2017-01-19,362.85
2017-01-20,362.58
2017-01-23,361.01
2017-01-24,361.92
2017-01-25,366.5899
2017-01-26,367.5
2017-01-27,366.38
2017-01-30,362.55
2017-01-31,360.12
2017-02-01,363.2
2017-02-02,361.95
2017-02-03,364.07
2017-02-06,361.6
2017-02-07,362.74
2017-02-08,363.94
2017-02-09,366.79
2017-02-10,367.39
2017-02-13,370.13
2017-02-14,370.2
2017-02-15,371.47
2017-02-16,370.1
2017-02-17,370.22
2017-02-20,371.04
2017-02-21,373.4
2017-02-22,373.38
2017-02-23,372.85
2017-02-24,370.01
2017-02-27,369.52
2017-02-28,370.24
2017-03-01,375.69
2017-03-02,375.61
2017-03-03,375.23
2017-03-06,373.27
2017-03-07,372.27
2017-03-08,372.58
2017-03-09,372.89
2017-03-10,373.23
2017-03-13,374.64
2017-03-14,373.46
2017-03-15,375.1
2017-03-16,377.73
2017-03-17,378.32
2017-03-20,377.68
2017-03-21,375.67
2017-03-22,374.0299
2017-03-23,377.2
2017-03-24,376.51
2017-03-27,375.01
2017-03-28,377.3
2017-03-29,378.5299
2017-03-30,380.46
2017-03-31,381.14
2017-04-03,379.29
2017-04-04,380.0299
2017-04-05,380.0899
2017-04-06,380.77
2017-04-07,381.26
2017-04-10,381.25
2017-04-11,381.18
2017-04-12,381.9
2017-04-13,380.58
2017-04-18,376.35
2017-04-19,377.24
2017-04-20,378.06
2017-04-21,378.12
2017-04-24,386.0899
2017-04-25,386.91
2017-04-26,388.73
2017-04-27,387.79
2017-04-28,387.0899
2017-05-01,386.64
2017-05-02,389.5299
2017-05-03,389.37
2017-05-04,391.98
2017-05-05,394.54
2017-05-08,394.04
2017-05-09,395.81
2017-05-10,396.45
2017-05-11,394.39
2017-05-12,395.63
2017-05-15,395.97
2017-05-16,395.91
2017-05-17,391.14
2017-05-18,389.19
2017-05-19,391.51
2017-05-22,391.14
2017-05-23,392.02
2017-05-24,392.37
2017-05-25,392.14
2017-05-26,391.35
2017-05-29,391.25
2017-05-30,390.5
2017-05-31,389.99
2017-06-01,391.66
2017-06-02,392.55
2017-06-05,392.04
2017-06-06,389.4
2017-06-07,389.18
2017-06-08,389.15
2017-06-09,390.39
2017-06-12,386.62
2017-06-13,388.75
2017-06-14,387.58
2017-06-15,386.05
2017-06-16,388.6
2017-06-19,391.94
2017-06-20,389.21
2017-06-21,388.5
2017-06-22,388.5299
2017-06-23,387.62
2017-06-26,389.05
2017-06-27,385.98
2017-06-28,385.82
2017-06-29,380.66
2017-06-30,379.37
2017-07-03,383.41
2017-07-04,382.3
2017-07-05,382.99
2017-07-06,380.43
2017-07-07,380.18
2017-07-10,381.64
2017-07-11,379.15
2017-07-12,384.9
2017-07-13,386.14
2017-07-14,386.8399
2017-07-17,386.86
2017-07-18,382.58
2017-07-19,385.54
2017-07-20,384.07
2017-07-21,380.16
2017-07-24,379.23
2017-07-25,380.77
2017-07-26,382.74
2017-07-27,382.32
2017-07-28,378.3399
2017-07-31,377.85
2017-08-01,380.26
2017-08-02,378.63
2017-08-03,378.93
2017-08-04,382.5299
2017-08-07,382.01
2017-08-08,382.65
2017-08-09,379.8399
2017-08-10,376.05
2017-08-11,372.14
2017-08-14,376.16
2017-08-15,376.5
2017-08-16,379.0899
2017-08-17,376.87
2017-08-18,374.2
2017-08-21,372.72
2017-08-22,375.8
2017-08-23,373.92
2017-08-24,374.51
2017-08-25,374.07
2017-08-28,372.29
2017-08-29,368.42
2017-08-30,371.01
2017-08-31,373.88
2017-09-01,376.14
2017-09-04,374.17
2017-09-05,373.71
2017-09-06,373.95
2017-09-07,374.95
2017-09-08,375.51
2017-09-11,379.43
2017-09-12,381.42
2017-09-13,381.3399
2017-09-14,381.79
2017-09-15,380.71
2017-09-18,381.95
2017-09-19,382.12
2017-09-20,381.98
2017-09-21,382.88
2017-09-22,383.22
2017-09-25,383.9
2017-09-26,384.0299
2017-09-27,385.62
2017-09-28,386.36
2017-09-29,388.16
2017-10-02,390.13
2017-10-03,390.72
2017-10-04,390.4
2017-10-05,391.0299
2017-10-06,389.47
2017-10-09,390.21
2017-10-10,390.16
2017-10-11,390.15
2017-10-12,390.2799
2017-10-13,391.42
2017-10-16,391.41
2017-10-17,390.44
2017-10-18,391.56
2017-10-19,389.11
2017-10-20,390.13
2017-10-23,390.74
2017-10-24,389.33
2017-10-25,387.13
2017-10-26,391.27
2017-10-27,393.43
2017-10-30,393.91
2017-10-31,395.22
2017-11-01,396.77
2017-11-02,394.94
2017-11-03,396.06
2017-11-06,396.5899
2017-11-07,394.65
2017-11-08,394.45
2017-11-09,390.07
2017-11-10,388.69
2017-11-13,386.13
2017-11-14,383.86
2017-11-15,381.96
2017-11-16,384.93
2017-11-17,383.8
2017-11-20,386.39
2017-11-21,388.1
2017-11-22,387.06
2017-11-23,387.12
2017-11-24,386.63
2017-11-27,384.87
2017-11-28,387.02
2017-11-29,387.96
2017-11-30,386.69
2017-12-01,383.97
2017-12-04,387.47
2017-12-05,386.74
2017-12-06,386.32
2017-12-07,386.41
2017-12-08,389.25
2017-12-11,389.05
2017-12-12,391.63
2017-12-13,390.7
2017-12-14,388.91
2017-12-15,388.19
2017-12-18,392.66
2017-12-19,391.02
2017-12-20,388.37
2017-12-21,390.69
2017-12-22,390.2799
2017-12-27,390.54
2017-12-28,389.54
2017-12-29,389.18
2018-01-02,388.35
2018-01-03,390.22
2018-01-04,393.68
2018-01-05,397.35
2018-01-08,398.41
2018-01-09,400.11
2018-01-10,398.6
2018-01-11,397.25
2018-01-12,398.49
2018-01-15,397.83
2018-01-16,398.35
2018-01-17,397.97
2018-01-18,398.73
2018-01-19,400.88
2018-01-22,402.11
2018-01-23,402.81
2018-01-24,400.79
2018-01-25,398.56
2018-01-26,400.57
2018-01-29,399.8
2018-01-30,396.12
2018-01-31,395.46
2018-02-01,393.49
2018-02-02,388.07
2018-02-05,382.0
2018-02-06,372.79
2018-02-07,380.13
2018-02-08,374.0299
2018-02-09,368.61
2018-02-12,372.93
2018-02-13,370.58
2018-02-14,374.5299
2018-02-15,376.51
2018-02-16,380.62
2018-02-19,378.24
2018-02-20,380.51
2018-02-21,381.1
2018-02-22,380.3399
2018-02-23,381.16
2018-02-26,383.06
2018-02-27,382.36
2018-02-28,379.63
2018-03-01,374.86
2018-03-02,367.04
2018-03-05,370.87
2018-03-06,371.37
2018-03-07,372.71
2018-03-08,376.62
2018-03-09,378.24
2018-03-12,379.2
2018-03-13,375.49
2018-03-14,374.94
2018-03-15,376.88
2018-03-16,377.71
2018-03-19,373.68
2018-03-20,375.57
2018-03-21,374.96
2018-03-22,369.15
2018-03-23,365.82
2018-03-26,363.18
2018-03-27,367.57
2018-03-28,369.26
2018-03-29,370.87
2018-04-03,369.07
2018-04-04,367.33
2018-04-05,376.13
2018-04-06,374.82
2018-04-09,375.3
2018-04-10,378.42
2018-04-11,376.18
2018-04-12,378.82
2018-04-13,379.2
2018-04-16,377.74
2018-04-17,380.77
2018-04-18,381.86
2018-04-19,381.95
2018-04-20,381.8399
2018-04-23,383.18
2018-04-24,383.11
2018-04-25,380.17
2018-04-26,383.75
2018-04-27,384.64
2018-04-30,385.32
2018-05-01,385.0299
2018-05-02,387.44
2018-05-03,384.62
2018-05-04,387.0299
2018-05-07,389.51
2018-05-08,390.0
2018-05-09,392.44
2018-05-10,391.97
2018-05-11,392.4
2018-05-14,392.19
2018-05-15,392.37
2018-05-16,393.21
2018-05-17,395.79
2018-05-18,394.67
2018-05-21,395.87
2018-05-22,396.94
2018-05-23,392.58
2018-05-24,390.54
2018-05-25,391.08
2018-05-28,389.82
2018-05-29,384.47
2018-05-30,385.49
2018-05-31,383.06
2018-06-01,386.91
2018-06-04,388.11
2018-06-05,386.89
2018-06-06,386.88
2018-06-07,385.94
2018-06-08,385.12
2018-06-11,387.94
2018-06-12,387.5299
2018-06-13,388.25
2018-06-14,393.04
2018-06-15,389.13
2018-06-18,385.91
2018-06-19,383.21
2018-06-20,384.29
2018-06-21,380.85
2018-06-22,385.01
2018-06-25,377.05
2018-06-26,377.25
2018-06-27,379.97
2018-06-28,376.87
2018-06-29,379.93
2018-07-02,376.75
2018-07-03,379.81
2018-07-04,380.05
2018-07-05,381.5899
2018-07-06,382.36
2018-07-09,384.5899
2018-07-10,386.25
2018-07-11,381.4
2018-07-12,384.37
2018-07-13,385.0299
2018-07-16,384.05
2018-07-17,384.98
2018-07-18,387.06
2018-07-19,386.18
2018-07-20,385.62
2018-07-23,384.88
2018-07-24,388.18
2018-07-25,387.17
2018-07-26,390.5299
2018-07-27,392.08
2018-07-30,390.92
2018-07-31,391.61
2018-08-01,389.8399
2018-08-02,386.64
2018-08-03,389.16
2018-08-06,388.66
2018-08-07,390.49
2018-08-08,389.69
2018-08-09,390.05
2018-08-10,385.86
2018-08-13,384.91
2018-08-14,384.92
2018-08-15,379.7
2018-08-16,381.43
2018-08-17,381.06
2018-08-20,383.23
2018-08-21,384.15
2018-08-22,384.02
2018-08-23,383.38
2018-08-24,383.56
2018-08-27,385.57
2018-08-28,385.46
2018-08-29,386.58
2018-08-30,385.36
2018-08-31,382.26
2018-09-03,382.51
2018-09-04,379.83
2018-09-05,375.68
2018-09-06,373.47
2018-09-07,373.77
2018-09-10,375.51
2018-09-11,375.31
2018-09-12,377.08
2018-09-13,376.52
2018-09-14,377.85
2018-09-17,378.31
2018-09-18,378.73
2018-09-19,379.98
2018-09-20,382.63
2018-09-21,384.29
2018-09-24,382.14
2018-09-25,383.89
2018-09-26,385.04
2018-09-27,386.38
2018-09-28,383.18
2018-10-01,383.94
2018-10-02,381.94
2018-10-03,383.8399
2018-10-04,379.68
2018-10-05,376.41
2018-10-08,372.21
2018-10-09,372.93
2018-10-10,366.93
2018-10-11,359.65
2018-10-12,358.95
2018-10-15,359.31
2018-10-16,364.99
2018-10-17,363.54
2018-10-18,361.67
2018-10-19,361.24
2018-10-22,359.74
2018-10-23,354.06
2018-10-24,353.27
2018-10-25,355.07
2018-10-26,352.3399
2018-10-29,355.51
2018-10-30,355.5299
2018-10-31,361.61
2018-11-01,363.08
2018-11-02,364.08
2018-11-05,363.5
2018-11-06,362.55
2018-11-07,366.39
2018-11-08,367.08
2018-11-09,365.74
2018-11-12,362.0299
2018-11-13,364.44
2018-11-14,362.27
2018-11-15,358.43
2018-11-16,357.71
2018-11-19,355.11
2018-11-20,351.06
2018-11-21,355.07
2018-11-22,352.57
2018-11-23,353.98
2018-11-26,358.33
2018-11-27,357.4
2018-11-28,357.39
2018-11-29,358.1
2018-11-30,357.49
2018-12-03,361.18
2018-12-04,358.43
2018-12-05,354.27
2018-12-06,343.31
2018-12-07,345.45
2018-12-10,338.99
2018-12-11,344.18
2018-12-12,350.0
2018-12-13,349.42
2018-12-14,347.21
2018-12-17,343.26
2018-12-18,340.46
2018-12-19,341.52
2018-12-20,336.58
2018-12-21,336.67
2018-12-24,335.24
2018-12-27,329.58
2018-12-28,336.23
2018-12-31,337.65
2019-01-02,337.21
2019-01-03,333.92
2019-01-04,343.38
2019-01-07,342.88
2019-01-08,345.85
2019-01-09,347.7
2019-01-10,348.88
2019-01-11,349.2
2019-01-14,347.51
2019-01-15,348.71
2019-01-16,350.5899
2019-01-17,350.73
2019-01-18,357.05
2019-01-21,356.36
2019-01-22,355.0899
2019-01-23,354.89
2019-01-24,355.67
2019-01-25,357.8399
2019-01-28,354.38
2019-01-29,357.23
2019-01-30,358.51
2019-01-31,358.67
2019-02-01,359.71
2019-02-04,359.92
2019-02-05,364.99
2019-02-06,365.52
2019-02-07,360.08
2019-02-08,358.07
2019-02-11,361.12
2019-02-12,362.7799
2019-02-13,364.97
2019-02-14,363.8
2019-02-15,368.94
2019-02-18,369.7799
2019-02-19,368.97
2019-02-20,371.46
2019-02-21,370.41
2019-02-22,371.23
2019-02-25,372.18
2019-02-26,373.64
2019-02-27,372.58
2019-02-28,372.8
2019-03-01,374.24
2019-03-04,375.0899
2019-03-05,375.64
2019-03-06,375.48
2019-03-07,373.88
2019-03-08,370.57
2019-03-11,373.47
2019-03-12,373.25
2019-03-13,375.6
2019-03-14,378.52
2019-03-15,381.1
2019-03-18,382.11
2019-03-19,384.29
2019-03-20,380.8399
2019-03-21,380.69
2019-03-22,376.0299
2019-03-25,374.33
2019-03-26,377.2
2019-03-27,377.2799
2019-03-28,376.8399
2019-03-29,379.0899
2019-04-01,383.67
2019-04-02,385.0299
2019-04-03,388.92
2019-04-04,387.87
2019-04-05,388.23
2019-04-08,387.51
2019-04-09,385.68
2019-04-10,386.68
2019-04-11,386.91
2019-04-12,387.5299
2019-04-15,388.1
2019-04-16,389.21
2019-04-17,389.5899
2019-04-18,390.46
2019-04-23,391.35
2019-04-24,390.98
2019-04-25,390.15
2019-04-26,391.01
2019-04-29,391.32
2019-04-30,391.35
2019-05-01,391.0899
2019-05-02,388.8399
2019-05-03,390.37
2019-05-06,386.95
2019-05-07,381.64
2019-05-08,382.23
2019-05-09,375.92
2019-05-10,377.14
2019-05-13,372.57
2019-05-14,376.3399
2019-05-15,378.06
2019-05-16,382.88
2019-05-17,381.51
2019-05-20,377.46
2019-05-21,379.5
2019-05-22,379.19
2019-05-23,373.79
2019-05-24,375.89
2019-05-27,376.71
2019-05-28,375.9
2019-05-29,370.51
2019-05-30,372.07
2019-05-31,369.06
2019-06-03,370.49
2019-06-04,372.67
2019-06-05,374.08
2019-06-06,374.01
2019-06-07,377.48
2019-06-10,378.27
2019-06-11,380.89
2019-06-12,379.74
2019-06-13,380.33
2019-06-14,378.81
2019-06-17,378.46
2019-06-18,384.7799
2019-06-19,384.77
2019-06-20,386.16
2019-06-21,384.76
2019-06-24,383.79
2019-06-25,383.4
2019-06-26,382.2
2019-06-27,382.21
2019-06-28,384.87
2019-07-01,387.87
2019-07-02,389.29
2019-07-03,392.58
2019-07-04,392.94
2019-07-05,390.11
2019-07-08,389.9
2019-07-09,387.92
2019-07-10,387.15
2019-07-11,386.7
2019-07-12,386.85
2019-07-15,387.75
2019-07-16,389.1
2019-07-17,387.66
2019-07-18,386.8
2019-07-19,387.25
2019-07-22,387.74
2019-07-23,391.54
2019-07-24,391.73
2019-07-25,389.52
2019-07-26,390.73
2019-07-29,390.85
2019-07-30,385.11
2019-07-31,385.77
2019-08-01,387.68
2019-08-02,378.15
2019-08-05,369.43
2019-08-06,367.71
2019-08-07,368.6
2019-08-08,374.71
2019-08-09,371.56
2019-08-12,370.41
2019-08-13,372.4
2019-08-14,366.16
2019-08-15,365.0899
2019-08-16,369.63
2019-08-19,373.86
2019-08-20,371.3
2019-08-21,375.8
2019-08-22,374.29
2019-08-23,371.36
2019-08-26,371.2799
2019-08-27,373.62
2019-08-28,372.86
2019-08-29,376.74
2019-08-30,379.48
2019-09-02,380.69
2019-09-03,379.81
2019-09-04,383.18
2019-09-05,385.92
2019-09-06,387.14
2019-09-09,386.06
2019-09-10,386.44
2019-09-11,389.71
2019-09-12,390.48
2019-09-13,391.79
2019-09-16,389.5299
2019-09-17,389.33
2019-09-18,389.41
2019-09-19,391.8
2019-09-20,392.95
2019-09-23,389.8
2019-09-24,389.8399
2019-09-25,387.5899
2019-09-26,389.95
2019-09-27,391.79
2019-09-30,393.15
2019-10-01,387.99
2019-10-02,377.52
2019-10-03,377.46
2019-10-04,380.22
2019-10-07,382.91
2019-10-08,378.71
2019-10-09,380.3
2019-10-10,382.76
2019-10-11,391.61
2019-10-14,389.69
2019-10-15,394.02
2019-10-16,393.46
2019-10-17,393.08
2019-10-18,391.8399
2019-10-21,394.22
2019-10-22,394.5899
2019-10-23,395.0299
2019-10-24,397.37
2019-10-25,398.01
2019-10-28,398.99
2019-10-29,398.37
2019-10-30,398.7
2019-10-31,396.75
2019-11-01,399.43
2019-11-04,403.41
2019-11-05,404.23
2019-11-06,405.07
2019-11-07,406.56
2019-11-08,405.42
2019-11-11,405.3399
2019-11-12,406.9
2019-11-13,405.86
2019-11-14,404.41
2019-11-15,406.04
2019-11-18,405.99
2019-11-19,405.5
2019-11-20,403.82
2019-11-21,402.22
2019-11-22,403.98
2019-11-25,408.0899
2019-11-26,408.49
2019-11-27,409.81
2019-11-28,409.25
2019-11-29,407.43
2019-12-02,401.01
2019-12-03,398.48
2019-12-04,403.19
2019-12-05,402.66
2019-12-06,407.35
2019-12-09,406.39
2019-12-10,405.3399
2019-12-11,406.22
2019-12-12,407.58
2019-12-13,412.02
2019-12-16,417.75
2019-12-17,414.92
2019-12-18,414.38
2019-12-19,415.07
2019-12-20,418.4
2019-12-23,418.27
2019-12-24,418.86
2019-12-27,419.74
2019-12-30,416.17
2019-12-31,415.8399
2020-01-02,419.72
2020-01-03,418.33
2020-01-06,416.63
2020-01-07,417.67
2020-01-08,418.36
2020-01-09,419.64
2020-01-10,419.14
2020-01-13,418.39
2020-01-14,419.59
2020-01-15,419.63
2020-01-16,420.54
2020-01-17,424.56
2020-01-20,423.98
2020-01-21,423.38
2020-01-22,423.04
2020-01-23,420.03
2020-01-24,423.64
2020-01-27,414.07
2020-01-28,417.56
2020-01-29,419.41
2020-01-30,415.16
2020-01-31,410.71
2020-02-03,411.72
2020-02-04,418.47
2020-02-05,423.62
2020-02-06,425.49
2020-02-07,424.36
2020-02-10,424.64
2020-02-11,428.48
2020-02-12,431.16
2020-02-13,431.08
2020-02-14,430.52
2020-02-17,431.98
2020-02-18,430.33
2020-02-19,433.9
2020-02-20,430.19
2020-02-21,428.07
2020-02-24,411.86
2020-02-25,404.6
2020-02-26,404.62
2020-02-27,389.45
2020-02-28,375.65
2020-03-02,375.97
2020-03-03,381.13
2020-03-04,386.3
2020-03-05,380.76
2020-03-06,366.8
2020-03-09,339.5
2020-03-10,335.64
2020-03-11,333.17
2020-03-12,294.93
2020-03-13,299.16
2020-03-16,284.63
2020-03-17,291.07
2020-03-18,279.66
2020-03-19,287.8
2020-03-20,293.04
2020-03-23,280.43
2020-03-24,304.0
2020-03-25,313.38
2020-03-26,321.38
2020-03-27,310.9
2020-03-30,314.88
2020-03-31,320.06
2020-04-01,310.77
2020-04-02,312.08
2020-04-03,309.06
2020-04-06,320.58
2020-04-07,326.61
2020-04-08,326.67
2020-04-09,331.8
2020-04-14,333.89
2020-04-15,323.06
2020-04-16,324.92
2020-04-17,333.47
2020-04-20,335.7
2020-04-21,324.31
2020-04-22,330.14
2020-04-23,333.24
2020-04-24,329.5899
2020-04-27,335.44
2020-04-28,341.0899
2020-04-29,347.06
2020-04-30,340.0299
2020-05-01,337.39
2020-05-04,328.44
2020-05-05,335.5
2020-05-06,334.3399
2020-05-07,337.98
2020-05-08,341.05
2020-05-11,339.7
2020-05-12,340.57
2020-05-13,333.97
2020-05-14,326.71
2020-05-15,328.24
2020-05-18,341.5899
2020-05-19,339.49
2020-05-20,342.82
2020-05-21,340.26
2020-05-22,340.17
2020-05-25,345.18
2020-05-26,348.92
2020-05-27,349.75
2020-05-28,355.47
2020-05-29,350.36
2020-06-01,354.2
2020-06-02,359.77
2020-06-03,368.92
2020-06-04,366.25
2020-06-05,375.32
2020-06-08,374.12
2020-06-09,369.54
2020-06-10,368.15
2020-06-11,353.07
2020-06-12,354.06
2020-06-15,353.0899
2020-06-16,363.33
2020-06-17,366.02
2020-06-18,363.41
2020-06-19,365.46
2020-06-22,362.7
2020-06-23,367.4
2020-06-24,357.17
2020-06-25,359.74
2020-06-26,358.32
2020-06-29,359.89
2020-06-30,360.3399
2020-07-01,361.19
2020-07-02,368.29
2020-07-03,365.43
2020-07-06,371.21
2020-07-07,368.96
2020-07-08,366.48
2020-07-09,363.64
2020-07-10,366.83
2020-07-13,370.5
2020-07-14,367.4
2020-07-15,373.87
2020-07-16,372.13
2020-07-17,372.71
2020-07-20,375.51
2020-07-21,376.69
2020-07-22,373.44
2020-07-23,373.65
2020-07-24,367.29
2020-07-27,366.15
2020-07-28,367.68
2020-07-29,367.45
2020-07-30,359.52
2020-07-31,356.33
2020-08-03,363.64
2020-08-04,363.39
2020-08-05,365.16
2020-08-06,362.49
2020-08-07,363.55
2020-08-10,364.65
2020-08-11,370.76
2020-08-12,374.88
2020-08-13,372.5299
2020-08-14,368.07
2020-08-17,369.26
2020-08-18,367.18
2020-08-19,369.58
2020-08-20,365.64
2020-08-21,365.0899
2020-08-24,370.85
2020-08-25,369.75
2020-08-26,373.12
2020-08-27,370.72
2020-08-28,368.8
2020-08-31,366.51
2020-09-01,365.23
2020-09-02,371.2799
2020-09-03,366.08
2020-09-04,361.93
2020-09-07,367.97
2020-09-08,363.75
2020-09-09,369.65
2020-09-10,367.48
2020-09-11,367.96
2020-09-14,368.51
2020-09-15,370.96
2020-09-16,373.13
2020-09-17,371.23
2020-09-18,368.7799
2020-09-21,356.82
2020-09-22,357.55
2020-09-23,359.5299
2020-09-24,355.85
2020-09-25,355.51
2020-09-28,363.39
2020-09-29,361.49
2020-09-30,361.0899
2020-10-01,361.8
2020-10-02,362.69
2020-10-05,365.63
2020-10-06,365.88
2020-10-07,365.45
2020-10-08,368.31
2020-10-09,370.35
2020-10-12,373.0
2020-10-13,370.96
2020-10-14,370.62
2020-10-15,362.91
2020-10-16,367.48
2020-10-19,366.81
2020-10-20,365.51
2020-10-21,360.79
2020-10-22,360.27
2020-10-23,362.5
2020-10-26,355.95
2020-10-27,352.58
2020-10-28,342.17
2020-10-29,341.76
2020-10-30,342.36
2020-11-02,347.86
2020-11-03,356.01
2020-11-04,363.31
2020-11-05,367.12
2020-11-06,366.4
2020-11-09,380.99
2020-11-10,384.42
2020-11-11,388.56
2020-11-12,385.16
2020-11-13,385.18
2020-11-16,389.74
2020-11-17,388.82
2020-11-18,390.54
2020-11-19,387.6
2020-11-20,389.61
2020-11-23,388.8399
2020-11-24,392.39
2020-11-25,392.0899
2020-11-26,391.63
2020-11-27,393.23
2020-11-30,389.36
2020-12-01,391.9
2020-12-02,391.69
2020-12-03,391.72
2020-12-04,394.04
2020-12-07,392.8399
2020-12-08,393.64
2020-12-09,394.9
2020-12-10,393.15
2020-12-11,390.12
2020-12-14,391.85
2020-12-15,392.8399
2020-12-16,396.08
2020-12-17,397.2799
2020-12-18,395.9
2020-12-21,386.69
2020-12-22,391.25
2020-12-23,395.49
2020-12-24,395.98
2020-12-28,398.58
2020-12-29,401.61
2020-12-30,400.25
2020-12-31,399.0299
2021-01-04,401.69
2021-01-05,400.94
2021-01-06,406.41
2021-01-07,408.49
2021-01-08,411.17
2021-01-11,408.41
2021-01-12,408.61
2021-01-13,409.07
2021-01-14,412.0
2021-01-15,407.85
2021-01-18,408.68
2021-01-19,407.92
2021-01-20,410.8399
2021-01-21,410.89
2021-01-22,408.54
2021-01-25,405.13
2021-01-26,407.7
2021-01-27,402.98
2021-01-28,403.39
2021-01-29,395.85
2021-02-01,400.77
2021-02-02,405.92
2021-02-03,407.27
2021-02-04,409.54
2021-02-05,409.54
2021-02-08,410.7799
2021-02-09,410.42
2021-02-10,409.47
2021-02-11,411.35
2021-02-12,414.0
2021-02-15,419.47
2021-02-16,419.2
2021-02-17,416.1
2021-02-18,412.7
2021-02-19,414.88
2021-02-22,413.06
2021-02-23,411.32
2021-02-24,413.21
2021-02-25,411.73
2021-02-26,404.99
2021-03-01,412.44
2021-03-02,413.23
2021-03-03,413.42
2021-03-04,411.91
2021-03-05,408.68
2021-03-08,417.25
2021-03-09,420.41
2021-03-10,422.11
2021-03-11,424.17
2021-03-12,423.08
2021-03-15,423.08
2021-03-16,426.82
2021-03-17,424.91
2021-03-18,426.59
2021-03-19,423.35
2021-03-22,424.17
2021-03-23,423.31
2021-03-24,423.39
2021-03-25,423.08
2021-03-26,426.93
2021-03-29,427.61
2021-03-30,430.65
2021-03-31,429.6
2021-04-01,432.22
2021-04-06,435.26
2021-04-07,434.32
2021-04-08,436.86
2021-04-09,437.23
2021-04-12,435.24
2021-04-13,435.75
2021-04-14,436.57
2021-04-15,438.55
2021-04-16,442.49
2021-04-19,442.18
2021-04-20,433.8
2021-04-21,436.64
2021-04-22,439.63
2021-04-23,439.04
2021-04-26,440.2
2021-04-27,439.85
2021-04-28,439.92
2021-04-29,438.77
2021-04-30,437.39
2021-05-03,439.92
2021-05-04,433.65
2021-05-05,441.55
2021-05-06,441.02
2021-05-07,444.93
2021-05-10,445.39
2021-05-11,436.61
2021-05-12,437.93
2021-05-13,437.32
2021-05-14,442.53
2021-05-17,442.29
2021-05-18,443.04
2021-05-19,436.34
2021-05-20,441.9
2021-05-21,444.44
2021-05-24,445.07
2021-05-25,445.2
2021-05-26,445.22
2021-05-27,446.44
2021-05-28,448.98
2021-05-31,446.76
2021-06-01,450.1
2021-06-02,451.34
2021-06-03,450.79
2021-06-04,452.57
2021-06-07,453.56
2021-06-08,454.01
2021-06-09,454.44
2021-06-10,454.56
2021-06-11,457.51
2021-06-14,458.32
2021-06-15,458.81
2021-06-16,459.86
2021-06-17,459.33
2021-06-18,452.05
2021-06-21,455.23
2021-06-22,456.42
2021-06-23,453.1
2021-06-24,457.04
2021-06-25,457.63
2021-06-28,454.94
2021-06-29,456.37
2021-06-30,452.84
2021-07-01,455.63
2021-07-02,456.81
2021-07-05,458.36
2021-07-06,455.98
2021-07-07,459.53
2021-07-08,451.61
2021-07-09,457.67
2021-07-12,460.83
2021-07-13,460.96
2021-07-14,460.56
2021-07-15,456.2
2021-07-16,454.74
2021-07-19,444.29
2021-07-20,446.61
2021-07-21,453.97
2021-07-22,456.53
2021-07-23,461.51
2021-07-26,461.14
2021-07-27,458.65
2021-07-28,461.7
2021-07-29,463.84
2021-07-30,461.74
2021-08-02,464.45
2021-08-03,465.38
2021-08-04,468.22
2021-08-05,469.96
2021-08-06,469.97
2021-08-09,470.68
2021-08-10,472.32
2021-08-11,474.32
2021-08-12,474.84
2021-08-13,475.83
2021-08-16,473.45
2021-08-17,473.78
2021-08-18,474.42
2021-08-19,467.24
2021-08-20,468.8
2021-08-23,471.88
2021-08-24,471.79
2021-08-25,471.84
2021-08-26,470.34
2021-08-27,472.34
2021-08-30,472.68
2021-08-31,470.88
2021-09-01,473.12
2021-09-02,474.6
2021-09-03,471.93
2021-09-06,475.19
2021-09-07,472.87
2021-09-08,467.87
2021-09-09,467.57
2021-09-10,466.34
2021-09-13,467.69
2021-09-14,467.65
2021-09-15,463.91
2021-09-16,465.95
2021-09-17,461.84
2021-09-20,454.12
2021-09-21,458.68
2021-09-22,463.2
2021-09-23,467.5
2021-09-24,463.29
2021-09-27,462.42
2021-09-28,452.35
2021-09-29,455.03
2021-09-30,454.81
2021-10-01,452.9
2021-10-04,450.77
2021-10-05,456.03
2021-10-06,451.33
2021-10-07,458.57
2021-10-08,457.29
2021-10-11,457.53
2021-10-12,457.21
2021-10-13,460.39
2021-10-14,465.92
2021-10-15,469.39
2021-10-18,467.04
2021-10-19,468.58
2021-10-20,470.07
2021-10-21,469.71
2021-10-22,471.88
2021-10-25,472.21
2021-10-26,475.74
2021-10-27,474.04
2021-10-28,475.16
2021-10-29,475.51
2021-11-01,478.87
2021-11-02,479.53
2021-11-03,481.22
2021-11-04,483.21
2021-11-05,483.44
2021-11-08,483.61
2021-11-09,482.71
2021-11-10,483.76
2021-11-11,485.29
2021-11-12,486.75
2021-11-15,488.43
2021-11-16,489.27
2021-11-17,489.95
2021-11-18,487.7
2021-11-19,486.08
2021-11-22,485.46
2021-11-23,479.25
2021-11-24,479.69
2021-11-25,481.72
2021-11-26,464.05
2021-11-29,467.24
2021-11-30,462.96
2021-12-01,470.86
2021-12-02,465.44
2021-12-03,462.77
2021-12-06,468.71
2021-12-07,480.18
2021-12-08,477.36
2021-12-09,476.99
2021-12-10,475.56
2021-12-13,473.53
2021-12-14,469.56
2021-12-15,470.76
2021-12-16,476.56
2021-12-17,473.9
2021-12-20,467.35
2021-12-21,473.99
2021-12-22,478.36
2021-12-23,483.01
2021-12-24,482.51
2021-12-27,485.49
2021-12-28,488.5
2021-12-29,487.98
2021-12-30,488.71
2021-12-31,487.8
2022-01-03,489.99
2022-01-04,494.02
2022-01-05,494.35
2022-01-06,488.16
2022-01-07,486.25
2022-01-10,479.04
2022-01-11,483.08
2022-01-12,486.2
2022-01-13,486.05
2022-01-14,481.16
2022-01-17,484.51
2022-01-18,479.79
2022-01-19,480.9
2022-01-20,483.35
2022-01-21,474.44
2022-01-24,456.36
2022-01-25,459.59
2022-01-26,467.31
2022-01-27,470.33
2022-01-28,465.55
2022-01-31,468.88
2022-02-01,474.86
2022-02-02,477.01
2022-02-03,468.63
2022-02-04,462.15
2022-02-07,465.28
2022-02-08,465.34
2022-02-09,473.33
2022-02-10,472.35
2022-02-11,469.57
2022-02-14,460.96
2022-02-15,467.56
2022-02-16,467.77
2022-02-17,464.55
2022-02-18,460.81
2022-02-21,454.81
2022-02-22,455.12
2022-02-23,453.86
2022-02-24,438.96
2022-02-25,453.53
2022-02-28,453.11
2022-03-01,442.37
2022-03-02,446.33
2022-03-03,437.36
2022-03-04,421.78
2022-03-07,417.13
2022-03-08,415.01
2022-03-09,434.45
2022-03-10,427.12
2022-03-11,431.17
2022-03-14,436.35
2022-03-15,435.12
2022-03-16,448.45
2022-03-17,450.49
2022-03-18,454.6
2022-03-21,454.79
2022-03-22,458.65
2022-03-23,454.03
2022-03-24,453.07
2022-03-25,453.55
2022-03-28,454.17
2022-03-29,462.09
2022-03-30,460.19
2022-03-31,455.86
2022-04-01,458.34
2022-04-04,462.19
2022-04-05,463.07
2022-04-06,455.97
2022-04-07,455.02
2022-04-08,460.97
2022-04-11,458.26
2022-04-12,456.65
2022-04-13,456.78
2022-04-14,459.82
2022-04-19,456.28
2022-04-20,460.1
2022-04-21,461.57
2022-04-22,453.31
2022-04-25,445.11
2022-04-26,441.1
2022-04-27,444.31
2022-04-28,447.07
2022-04-29,450.39
2022-05-02,443.83
2022-05-03,446.2
2022-05-04,441.37
2022-05-05,438.26
2022-05-06,429.91
2022-05-09,417.46
2022-05-10,420.29
2022-05-11,427.59
2022-05-12,424.4
2022-05-13,433.48
2022-05-16,433.67
2022-05-17,438.97
2022-05-18,433.95
2022-05-19,427.99
2022-05-20,431.1
2022-05-23,436.54
2022-05-24,431.58
2022-05-25,434.31
2022-05-26,437.71
2022-05-27,443.93
2022-05-30,446.57
2022-05-31,443.35
2022-06-01,438.72
2022-06-02,441.23
2022-06-03,440.09
2022-06-06,444.12
2022-06-07,442.88
2022-06-08,440.37
2022-06-09,434.38
2022-06-10,422.71
2022-06-13,412.52
2022-06-14,407.32
2022-06-15,413.1
2022-06-16,402.88
2022-06-17,403.25
2022-06-20,407.14
2022-06-21,408.58
2022-06-22,405.74
2022-06-23,402.4
2022-06-24,412.93
2022-06-27,415.0899
2022-06-28,416.19
2022-06-29,413.42
2022-06-30,407.2
2022-07-01,407.13
2022-07-04,409.31
2022-07-05,400.68
2022-07-06,407.3399
2022-07-07,415.01
2022-07-08,417.12
2022-07-11,415.02
2022-07-12,417.04
2022-07-13,412.81
2022-07-14,406.5
2022-07-15,413.7799
2022-07-18,417.63
2022-07-19,423.41
2022-07-20,422.51
2022-07-21,424.39
2022-07-22,425.71
2022-07-25,426.25
2022-07-26,426.13
2022-07-27,428.12
2022-07-28,432.77
2022-07-29,438.29
2022-08-01,437.46
2022-08-02,436.07
2022-08-03,438.29
2022-08-04,439.06
2022-08-05,435.72
2022-08-08,438.93
2022-08-09,435.98
2022-08-10,439.88
2022-08-11,440.16
2022-08-12,440.87
2022-08-15,442.35
2022-08-16,443.07
2022-08-17,439.03
2022-08-18,440.76
2022-08-19,437.36
2022-08-22,433.17
2022-08-23,431.35
2022-08-24,432.05
2022-08-25,433.36
2022-08-26,426.09
2022-08-29,422.65
2022-08-30,419.81
2022-08-31,415.12
2022-09-01,407.66
2022-09-02,415.97
2022-09-05,413.39
2022-09-06,414.38
2022-09-07,412.01
2022-09-08,414.0899
2022-09-09,420.37
2022-09-12,427.75
2022-09-13,421.13
2022-09-14,417.51
2022-09-15,414.7799
2022-09-16,408.24
2022-09-19,407.87
2022-09-20,403.42
2022-09-21,407.05
2022-09-22,399.76
2022-09-23,390.4
2022-09-26,388.75
2022-09-27,388.24
2022-09-28,389.41
2022-09-29,382.89
2022-09-30,387.85
2022-10-03,390.83
2022-10-04,403.0299
2022-10-05,398.91
2022-10-06,396.35
2022-10-07,391.67
2022-10-10,390.12
2022-10-11,387.95
2022-10-12,385.88
2022-10-13,389.15
2022-10-14,391.31
2022-10-17,398.48
2022-10-18,399.8399
2022-10-19,397.73
2022-10-20,398.77
2022-10-21,396.29
2022-10-24,401.8399
2022-10-25,407.61
2022-10-26,410.31
2022-10-27,410.19
2022-10-28,410.76
2022-10-31,412.2
2022-11-01,414.61
2022-11-02,413.39
2022-11-03,409.55
2022-11-04,416.98
2022-11-07,418.3399
2022-11-08,421.61
2022-11-09,420.34
2022-11-10,431.89
2022-11-11,432.26
2022-11-14,432.86
2022-11-15,434.44
2022-11-16,430.17
2022-11-17,428.38
2022-11-18,433.33
2022-11-21,433.06
2022-11-22,436.22
2022-11-23,438.82
2022-11-24,440.84
2022-11-25,440.73
2022-11-28,437.85
2022-11-29,437.29
2022-11-30,440.04
2022-12-01,443.96
2022-12-02,443.29
2022-12-05,441.47
2022-12-06,438.92
2022-12-07,436.2
2022-12-08,435.47
2022-12-09,439.13
2022-12-12,436.98
2022-12-13,442.6
2022-12-14,442.51
2022-12-15,429.91
2022-12-16,424.74
2022-12-19,425.87
2022-12-20,424.18
2022-12-21,431.44
2022-12-22,427.26
2022-12-23,427.45
2022-12-27,428.0
2022-12-28,427.46
2022-12-29,430.35
2022-12-30,424.89
2023-01-02,428.95
2023-01-03,434.18
2023-01-04,440.19
2023-01-05,439.33
2023-01-06,444.42
2023-01-09,448.35
2023-01-10,445.71
2023-01-11,447.41
2023-01-12,450.22
2023-01-13,452.54
2023-01-16,454.63
2023-01-17,456.46
2023-01-18,457.53
2023-01-19,450.45
2023-01-20,452.12
2023-01-23,454.49
2023-01-24,453.38
2023-01-25,452.07
2023-01-26,453.98
2023-01-27,455.17
2023-01-30,454.4
2023-01-31,453.21
2023-02-01,453.09
2023-02-02,459.2
2023-02-03,460.77
2023-02-06,457.16
2023-02-07,458.19
2023-02-08,459.46
2023-02-09,462.31
2023-02-10,457.89
2023-02-13,462.03
2023-02-14,462.4
2023-02-15,464.36
2023-02-16,465.24
2023-02-17,464.3
2023-02-20,464.64
2023-02-21,463.77
2023-02-22,462.22
2023-02-23,462.5
2023-02-24,457.7
2023-02-27,462.58
2023-02-28,461.11
2023-03-01,457.68
2023-03-02,460.02
2023-03-03,464.26
2023-03-06,464.18
2023-03-07,460.6
2023-03-08,460.99
2023-03-09,459.98
2023-03-10,453.76
2023-03-13,442.8
2023-03-14,449.56
2023-03-15,436.45
2023-03-16,441.64
2023-03-17,436.31
2023-03-20,440.6
2023-03-21,446.47
2023-03-22,447.16
2023-03-23,446.22
2023-03-24,440.11
2023-03-27,444.72
2023-03-28,444.45
2023-03-29,450.21
2023-03-30,454.84
2023-03-31,457.84
2023-04-03,457.72
2023-04-04,457.34
2023-04-05,456.59
2023-04-06,458.94
2023-04-11,461.79
2023-04-12,462.38
2023-04-13,464.21
2023-04-14,466.91
2023-04-17,466.84
2023-04-18,468.61
2023-04-19,468.13
2023-04-20,467.43
2023-04-21,469.0
2023-04-24,468.97
2023-04-25,467.08
2023-04-26,463.21
2023-04-27,464.03
2023-04-28,466.64
2023-05-01,466.89
2023-05-02,461.08
2023-05-03,462.51
2023-05-04,460.34
2023-05-05,465.31
2023-05-08,466.94
2023-05-09,465.41
2023-05-10,463.64
2023-05-11,463.62
2023-05-12,465.49
2023-05-15,466.67
2023-05-16,464.7
2023-05-17,463.98
2023-05-18,465.79
2023-05-19,468.85
2023-05-22,468.91
2023-05-23,466.1
2023-05-24,457.65
2023-05-25,456.18
2023-05-26,461.41
2023-05-29,460.87
2023-05-30,456.63
2023-05-31,451.76
2023-06-01,455.27
2023-06-02,462.15
2023-06-05,459.93
2023-06-06,461.68
2023-06-07,460.8
2023-06-08,460.7
2023-06-09,460.01
2023-06-12,460.73
2023-06-13,463.27
2023-06-14,464.94
2023-06-15,464.33
2023-06-16,466.8
2023-06-19,462.04
2023-06-20,459.32
2023-06-21,457.01
2023-06-22,454.7
2023-06-23,453.14
2023-06-26,452.68
2023-06-27,452.9
2023-06-28,456.05
2023-06-29,456.64
2023-06-30,461.93
2023-07-03,460.98
2023-07-04,461.3
2023-07-05,457.94
2023-07-06,447.22
2023-07-07,447.65
2023-07-10,448.47
2023-07-11,451.72
2023-07-12,458.54
2023-07-13,461.36
2023-07-14,460.83
2023-07-17,457.92
2023-07-18,460.76
2023-07-19,461.97
2023-07-20,463.93
2023-07-21,465.4
2023-07-24,465.68
2023-07-25,467.92
2023-07-26,465.46
2023-07-27,471.74
2023-07-28,470.78
2023-07-31,471.35
2023-08-01,467.16
2023-08-02,460.84
2023-08-03,457.93
2023-08-04,459.28
2023-08-07,459.68
2023-08-08,458.6
2023-08-09,460.58
2023-08-10,464.23
2023-08-11,459.17
2023-08-14,459.86
2023-08-15,455.57
2023-08-16,455.29
2023-08-17,451.19
2023-08-18,448.44
2023-08-21,448.66
2023-08-22,451.7
2023-08-23,453.45
2023-08-24,451.57
2023-08-25,451.39
2023-08-28,455.41
2023-08-29,459.83
2023-08-30,459.13
2023-08-31,458.19
2023-09-01,458.13
2023-09-04,457.96
2023-09-05,456.9
2023-09-06,454.3
2023-09-07,453.67
2023-09-08,454.66
2023-09-11,456.21
2023-09-12,455.4
2023-09-13,453.94
2023-09-14,460.86
2023-09-15,461.93
2023-09-18,456.72
2023-09-19,456.52
2023-09-20,460.66
2023-09-21,454.67
2023-09-22,453.26
2023-09-25,450.44
2023-09-26,447.7
2023-09-27,446.91
2023-09-28,448.5
2023-09-29,450.22
2023-10-02,445.59
2023-10-03,440.7
2023-10-04,440.08
2023-10-05,441.31
2023-10-06,444.93
2023-10-09,443.79
2023-10-10,452.48
2023-10-11,453.16
2023-10-12,453.63
2023-10-13,449.18
2023-10-16,450.2
2023-10-17,449.76
2023-10-18,445.02
2023-10-19,439.73
2023-10-20,433.73
2023-10-23,433.18
2023-10-24,435.09
2023-10-25,435.27
2023-10-26,433.2
2023-10-27,429.58
2023-10-30,431.12
2023-10-31,433.66
2023-11-01,436.57
2023-11-02,443.47
2023-11-03,444.24
2023-11-06,443.52
2023-11-07,442.81
2023-11-08,444.07
2023-11-09,447.8
2023-11-10,443.31
2023-11-13,446.62
2023-11-14,452.6
2023-11-15,454.52
2023-11-16,451.27
2023-11-17,455.82
2023-11-20,456.26
2023-11-21,455.85
2023-11-22,457.24
2023-11-23,458.47
2023-11-24,459.98
2023-11-27,458.41
2023-11-28,457.04
2023-11-29,459.1
2023-11-30,461.61
2023-12-01,466.2
2023-12-04,465.78
2023-12-05,467.62
2023-12-06,470.06
2023-12-07,468.78
2023-12-08,472.26
2023-12-11,473.7
2023-12-12,472.72
2023-12-13,472.46
2023-12-14,476.57
2023-12-15,476.61
2023-12-18,475.32
2023-12-19,477.04
2023-12-20,477.94
2023-12-21,476.94
2023-12-22,477.6
2023-12-27,478.62
2023-12-28,478.08
2023-12-29,478.99
2024-01-02,478.51
2024-01-03,474.4
2024-01-04,477.68
2024-01-05,476.38
2024-01-08,478.18
2024-01-09,477.26
2024-01-10,476.42
2024-01-11,472.77
2024-01-12,476.76
2024-01-15,474.19
2024-01-16,473.06
2024-01-17,467.71
2024-01-18,470.45
2024-01-19,469.24
2024-01-22,472.86
2024-01-23,471.53
2024-01-24,477.09
2024-01-25,478.53
2024-01-26,483.84
2024-01-29,484.84
2024-01-30,485.63
2024-01-31,485.67
2024-02-01,483.86
2024-02-02,483.93
2024-02-05,483.69
2024-02-06,486.76
2024-02-07,485.63
2024-02-08,485.27
2024-02-09,484.83
2024-02-12,487.46
2024-02-13,482.83
2024-02-14,485.24
2024-02-15,488.54
2024-02-16,491.59
2024-02-19,492.39
2024-02-20,491.9
2024-02-21,491.05
2024-02-22,495.1
2024-02-23,497.25
2024-02-26,495.43
2024-02-27,496.33
2024-02-28,494.59
2024-02-29,494.61
2024-03-01,497.58
2024-03-04,497.41
2024-03-05,496.27
2024-03-06,498.21
2024-03-07,503.16
2024-03-08,503.26
2024-03-11,501.49
2024-03-12,506.52
2024-03-13,507.33
2024-03-14,506.4
2024-03-15,504.8
2024-03-18,503.94
2024-03-19,505.23
2024-03-20,505.21
2024-03-21,509.77
2024-03-22,509.64
2024-03-25,509.86
2024-03-26,511.09
2024-03-27,511.75
2024-03-28,512.67
2024-04-02,508.57
2024-04-03,510.02
2024-04-04,510.84
2024-04-05,506.55
2024-04-08,508.93
2024-04-09,505.82
2024-04-10,506.59
2024-04-11,504.55
2024-04-12,505.25
2024-04-15,505.93
2024-04-16,498.21
2024-04-17,498.52
2024-04-18,499.7
2024-04-19,499.29
2024-04-22,502.31
2024-04-23,507.79
2024-04-24,505.61
2024-04-25,502.38
2024-04-26,507.98
2024-04-29,508.34
2024-04-30,504.89
2024-05-01,504.31
2024-05-02,503.21
2024-05-03,505.53
2024-05-06,508.22
2024-05-07,514.02
2024-05-08,515.77
2024-05-09,516.77
2024-05-10,520.76
2024-05-13,520.86
2024-05-14,521.65
2024-05-15,524.71
2024-05-16,523.62
2024-05-17,522.94
2024-05-20,523.89
2024-05-21,522.95
2024-05-22,521.1799
2024-05-23,521.5599
2024-05-24,520.57
2024-05-27,522.21
2024-05-28,519.08
2024-05-29,513.45
2024-05-30,516.5
2024-05-31,518.17
2024-06-03,519.85
2024-06-04,517.05
2024-06-05,521.23
2024-06-06,524.6799
2024-06-07,523.55
2024-06-10,522.16
2024-06-11,517.29
2024-06-12,522.89
2024-06-13,516.04
2024-06-14,511.05
2024-06-17,511.49
2024-06-18,515.01
2024-06-19,514.13
2024-06-20,518.91
2024-06-21,515.11
2024-06-24,518.87
2024-06-25,517.7
2024-06-26,514.8099
2024-06-27,512.59
2024-06-28,511.42
2024-07-01,513.04
2024-07-02,510.91
2024-07-03,514.67
2024-07-04,517.54
2024-07-05,516.6
2024-07-08,516.4299
2024-07-09,511.76
2024-07-10,516.42
2024-07-11,519.51
2024-07-12,524.08
2024-07-15,518.73
2024-07-16,517.3
2024-07-17,514.83
2024-07-18,514.01
2024-07-19,510.03
2024-07-22,514.79
2024-07-23,515.47
2024-07-24,512.3
2024-07-25,508.63
2024-07-26,512.83
2024-07-29,511.79
2024-07-30,514.08
2024-07-31,518.1799
2024-08-01,511.83
2024-08-02,497.85
2024-08-05,487.05
2024-08-06,488.44
2024-08-07,495.96
2024-08-08,496.37
2024-08-09,499.19
2024-08-12,499.08
2024-08-13,501.66
2024-08-14,504.1
2024-08-15,509.88
2024-08-16,511.45
2024-08-19,514.59
2024-08-20,512.27
2024-08-21,513.95
2024-08-22,515.74
2024-08-23,518.13
2024-08-26,518.05
2024-08-27,518.88
2024-08-28,520.6
2024-08-29,524.57
2024-08-30,525.05
2024-09-02,524.94
2024-09-03,519.84
2024-09-04,514.82
2024-09-05,512.05
2024-09-06,506.56
2024-09-09,510.7
2024-09-10,507.95
2024-09-11,508.02
2024-09-12,512.08
2024-09-13,515.95
2024-09-16,515.11
2024-09-17,517.19
2024-09-18,514.59
2024-09-19,521.67
2024-09-20,514.26
2024-09-23,516.32
2024-09-24,519.7
2024-09-25,519.14
2024-09-26,525.61
2024-09-27,528.08
2024-09-30,522.89
2024-10-01,520.88
2024-10-02,521.14
2024-10-03,516.29
2024-10-04,518.5599
2024-10-07,519.48
2024-10-08,516.64
2024-10-09,520.05
2024-10-10,519.11
2024-10-11,521.98
2024-10-14,524.76
2024-10-15,520.57
2024-10-16,519.6
2024-10-17,523.91
2024-10-18,524.99
2024-10-21,521.52
2024-10-22,520.4
2024-10-23,518.84
2024-10-24,518.98
2024-10-25,518.8099
2024-10-28,520.95
2024-10-29,517.99
2024-10-30,511.51
2024-10-31,505.39
2024-11-01,510.9
2024-11-04,509.21
2024-11-05,509.53
2024-11-06,506.78
2024-11-07,509.92
2024-11-08,506.63
2024-11-11,512.37
2024-11-12,502.23
2024-11-13,501.59
2024-11-14,507.03
2024-11-15,503.12
2024-11-18,502.84
2024-11-19,500.6
2024-11-20,500.49
2024-11-21,502.54
2024-11-22,508.47
2024-11-25,508.78
2024-11-26,505.9
2024-11-27,504.96
2024-11-28,507.3
2024-11-29,510.25
2024-12-02,513.61
2024-12-03,515.53
2024-12-04,517.45
2024-12-05,519.53
2024-12-06,520.47
2024-12-09,521.22
2024-12-10,518.49
2024-12-11,519.95
2024-12-12,519.2
2024-12-13,516.45
2024-12-16,515.83
2024-12-17,513.66
2024-12-18,514.4299
2024-12-19,506.66
2024-12-20,502.19
2024-12-23,502.91
2024-12-24,503.81
2024-12-27,507.18
2024-12-30,504.85
2024-12-31,507.62
2025-01-02,510.67
2025-01-03,508.19
2025-01-06,513.02
2025-01-07,514.67
2025-01-08,513.67
2025-01-09,515.84
2025-01-10,511.5
2025-01-13,508.68
2025-01-14,508.28
2025-01-15,515.02
2025-01-16,520.05
2025-01-17,523.62
2025-01-20,523.87
2025-01-21,525.98
2025-01-22,528.04
2025-01-23,530.34
2025-01-24,530.07
2025-01-27,529.69
2025-01-28,531.6
2025-01-29,534.26
2025-01-30,538.84
2025-01-31,539.53
2025-02-03,534.85
2025-02-04,536.04
2025-02-05,538.5599
2025-02-06,544.84
2025-02-07,542.75
2025-02-10,545.92
2025-02-11,547.1799
2025-02-12,547.78
2025-02-13,553.75
2025-02-14,552.41
2025-02-17,555.42
2025-02-18,557.17
2025-02-19,552.1
2025-02-20,551.01
2025-02-21,553.85
2025-02-24,553.39
2025-02-25,554.2
2025-02-26,559.67
2025-02-27,557.11
2025-02-28,557.19
2025-03-03,563.13
2025-03-04,551.07
2025-03-05,556.09
2025-03-06,555.9
2025-03-07,553.35
2025-03-10,546.2
2025-03-11,536.89
2025-03-12,541.25
2025-03-13,540.44
2025-03-14,546.6
2025-03-17,550.94
2025-03-18,554.3
2025-03-19,555.37
2025-03-20,552.98
2025-03-21,549.67
2025-03-24,548.9299
2025-03-25,552.59
2025-03-26,548.73
2025-03-27,546.3099
2025-03-28,542.1
2025-03-31,533.92
2025-04-01,539.64
2025-04-02,536.92
2025-04-03,522.48
2025-04-04,496.33
2025-04-07,474.01
2025-04-08,486.91
2025-04-09,469.89
2025-04-10,487.28
2025-04-11,486.8
2025-04-14,499.89
2025-04-15,508.06
2025-04-16,507.09
2025-04-17,506.42
2025-04-22,507.71
2025-04-23,516.77
2025-04-24,518.61
2025-04-25,520.45
2025-04-28,523.19
2025-04-29,525.09
2025-04-30,527.48
2025-05-01,527.6
2025-05-02,536.4299
2025-05-05,537.3099
2025-05-06,536.35
2025-05-07,533.47
2025-05-08,535.63
2025-05-09,537.96
2025-05-12,544.49
2025-05-13,545.17
2025-05-14,543.88
2025-05-15,546.95
2025-05-16,549.26
2025-05-19,549.98
2025-05-20,554.02
2025-05-21,553.82
2025-05-22,550.27
2025-05-23,545.13
2025-05-26,550.5
2025-05-27,552.32
2025-05-28,548.9299
2025-05-29,547.88
2025-05-30,548.67
2025-06-02,547.92
2025-06-03,548.44
2025-06-04,551.02
2025-06-05,551.88
2025-06-06,553.64
2025-06-09,553.24
2025-06-10,553.12
2025-06-11,551.64
2025-06-12,549.84
2025-06-13,544.94
2025-06-16,546.91
2025-06-17,542.26
2025-06-18,540.33
2025-06-19,535.86
2025-06-20,536.53
2025-06-23,535.03
2025-06-24,540.98
2025-06-25,536.98
2025-06-26,537.48
2025-06-27,543.63
2025-06-30,541.37
2025-07-01,540.25
2025-07-02,541.21
2025-07-03,543.76
2025-07-04,541.13
2025-07-07,543.5
2025-07-08,545.71
2025-07-09,549.96
2025-07-10,552.9299
2025-07-11,547.34
2025-07-14,546.99
2025-07-15,544.95
2025-07-16,541.84
2025-07-17,547.03
2025-07-18,547.0
2025-07-21,546.58
2025-07-22,544.34
2025-07-23,550.22
2025-07-24,551.55
2025-07-25,549.95
2025-07-28,548.76
2025-07-29,550.36
2025-07-30,550.24
2025-07-31,546.11
2025-08-01,535.79
2025-08-04,540.6
2025-08-05,541.4
2025-08-06,541.07
2025-08-07,546.05
2025-08-08,547.08
2025-08-11,546.76
2025-08-12,547.89
2025-08-13,550.85
2025-08-14,553.87
2025-08-15,553.5599
2025-08-18,554.01
2025-08-19,557.8099
2025-08-20,559.09
2025-08-21,559.07
2025-08-22,561.3
2025-08-25,558.82
2025-08-26,554.2
2025-08-27,554.76
2025-08-28,553.67
2025-08-29,550.14
2025-09-01,551.4299
2025-09-02,543.17
2025-09-03,546.78
2025-09-04,550.09
2025-09-05,549.21
2025-09-08,552.04
2025-09-09,552.39
2025-09-10,552.29
2025-09-11,555.33
2025-09-12,554.84
2025-09-15,557.16
2025-09-16,550.79
2025-09-17,550.63
2025-09-18,555.01
2025-09-19,554.12
2025-09-22,553.4
2025-09-23,554.95
2025-09-24,553.88
2025-09-25,550.22
2025-09-26,554.52
2025-09-29,555.53
2025-09-30,558.1799
2025-10-01,564.62
2025-10-02,567.6
2025-10-03,570.45
2025-10-06,570.24
2025-10-07,569.27
2025-10-08,573.79
2025-10-09,571.3099
2025-10-10,564.16
2025-10-13,566.63
2025-10-14,564.54
2025-10-15,567.77
2025-10-16,571.66
2025-10-17,566.24
2025-10-20,572.1
2025-10-21,573.3
2025-10-22,572.29
2025-10-23,574.4299
2025-10-24,575.76
2025-10-27,577.03
2025-10-28,575.76
2025-10-29,575.4
2025-10-30,574.83
2025-10-31,571.89
2025-11-03,572.28
2025-11-04,570.58
2025-11-05,571.9
2025-11-06,567.9
2025-11-07,564.79
2025-11-10,572.82
2025-11-11,580.13
2025-11-12,584.23
2025-11-13,580.67
2025-11-14,574.8099
2025-11-17,571.6799
2025-11-18,561.86
2025-11-19,561.71
2025-11-20,563.94
2025-11-21,562.1
2025-11-24,562.88
2025-11-25,568.01
2025-11-26,574.21
2025-11-27,575.0
2025-11-28,576.4299
2025-12-01,575.27
2025-12-02,575.65
2025-12-03,576.22
2025-12-04,578.84
2025-12-05,578.77
2025-12-08,578.36
2025-12-09,577.77
2025-12-10,578.17
2025-12-11,581.34
2025-12-12,578.24
2025-12-15,582.54
2025-12-16,579.8
2025-12-17,579.79
2025-12-18,585.35
2025-12-19,587.5
2025-12-22,586.75
2025-12-23,588.73
2025-12-24,588.7
2025-12-29,589.25
2025-12-30,592.78
2025-12-31,592.19
2026-01-02,596.14
2026-01-05,601.76
2026-01-06,605.28
2026-01-07,604.99
2026-01-08,603.83
2026-01-09,609.67
2026-01-12,610.95
2026-01-13,610.44
2026-01-14,611.5599
2026-01-15,614.57
2026-01-16,614.38
2026-01-19,607.0599
2026-01-20,602.8
2026-01-21,602.67
2026-01-22,608.86
2026-01-23,608.34
2026-01-26,609.57
2026-01-27,613.11
2026-01-28,608.51
2026-01-29,607.14
2026-01-30,611.0
2026-02-02,617.3099
2026-02-03,617.9299
2026-02-04,618.12
2026-02-05,611.65
2026-02-06,617.12
2026-02-09,621.41
2026-02-10,620.97
2026-02-11,621.58
2026-02-12,618.52
2026-02-13,617.7
2026-02-16,618.52
2026-02-17,621.29
2026-02-18,628.69
2026-02-19,625.33
2026-02-20,630.5599
2026-02-23,627.7
2026-02-24,629.14
2026-02-25,633.47
2026-02-26,633.1799
2026-02-27,633.85
2026-03-02,623.63
2026-03-03,604.44
2026-03-04,612.71
2026-03-05,604.83
2026-03-06,598.69
2026-03-09,594.92
2026-03-10,606.12
2026-03-11,602.54
2026-03-12,598.86
2026-03-13,595.85
2026-03-16,598.47
2026-03-17,602.45
2026-03-18,597.9299
2026-03-19,583.64
2026-03-20,573.28
2026-03-23,576.78
2026-03-24,579.28
2026-03-25,587.49
2026-03-26,580.84
2026-03-27,575.3
2026-03-30,580.73
2026-03-31,583.14
2026-04-01,597.69
2026-04-02,596.63
2026-04-07,590.59
2026-04-08,613.5
2026-04-09,612.59
2026-04-10,614.84
2026-04-13,613.88
2026-04-14,619.95
2026-04-15,617.27
2026-04-16,616.95
2026-04-17,626.58
2026-04-20,621.46
2026-04-21,616.03
2026-04-22,613.88
2026-04-23,614.2
2026-04-24,610.65
2026-04-27,608.84
2026-04-28,606.58
2026-04-29,602.96
2026-04-30,611.28
2026-05-01,611.55
2026-05-04,605.51
2026-05-05,609.72
2026-05-06,623.25
2026-05-07,616.42
2026-05-08,612.14
2026-05-11,612.79
2026-05-12,606.63
2026-05-13,611.42
2026-05-14,616.05
2026-05-15,606.92
2026-05-18,610.17
2026-05-19,611.34
2026-05-20,620.29
2026-05-21,620.56
2026-05-22,625.12
2026-05-25,631.63
2026-05-26,628.01
2026-05-27,628.18
2026-05-28,625.11
2026-05-29,626.0
2026-06-01,621.24
2026-06-02,625.34
2026-06-03,621.19
2026-06-04,624.45
2026-06-05,622.66
2026-06-08,621.73
2026-06-09,618.64
2026-06-10,618.17
2026-06-11,621.53
2026-06-12,633.21
2026-06-15,634.44
2026-06-16,636.0
2026-06-17,639.31
2026-06-18,637.14
2026-06-19,635.61
2026-06-22,639.27
2026-06-23,634.63
2026-06-24,635.16
2026-06-25,640.21
2026-06-26,635.88
2026-06-29,636.11
2026-06-30,641.73
2026-07-01,639.31
2026-07-02,648.35
2026-07-03,652.77
2026-07-06,650.5
2026-07-07,646.29
2026-07-08,635.91
2026-07-09,640.87
2026-07-10,641.1
2026-07-13,641.01
2026-07-14,642.1
2026-07-15,642.71
2026-07-16,643.73
2026-07-17,641.53
2026-07-20,639.6
2026-07-21,643.19
2026-07-22,646.93
2026-07-23,639.27
2026-07-24,644.51
2026-07-27,644.62
2026-07-28,646.89
2026-07-29,645.01
2026-07-30,649.95
2026-07-31,649.19
2026-08-03,652.09
2026-08-04,656.86
2026-08-05,657.14
2026-08-06,658.19
2026-08-07,660.25
2026-08-10,660.45
2026-08-11,660.51
2026-08-12,659.48
2026-08-13,659.24
2026-08-14,657.86
