Nom,STOXX® Europe 600 (Gross Return EUR)
ISIN,CH0102635015
Symbole,SXXGR
Source,https://stoxx.com/index/sxxgr/?factsheet=true
Date,Close
2000-12-31,100.0
2001-01-02,99.09
2001-01-03,98.12
2001-01-04,99.57
2001-01-05,99.16
2001-01-08,98.76
2001-01-09,97.96
2001-01-10,97.43
2001-01-11,98.37
2001-01-12,98.85
2001-01-15,99.44
2001-01-16,98.05
2001-01-17,100.42
2001-01-18,100.0
2001-01-19,99.78
2001-01-22,99.79
2001-01-23,99.7
2001-01-24,100.76
2001-01-25,101.12
2001-01-26,100.95
2001-01-29,101.27
2001-01-30,101.01
2001-01-31,101.24
2001-02-01,100.21
2001-02-02,99.71
2001-02-05,99.62
2001-02-06,100.2
2001-02-07,98.98
2001-02-08,99.19
2001-02-09,97.88
2001-02-12,98.53
2001-02-13,98.95
2001-02-14,97.82
2001-02-15,99.12
2001-02-16,97.07
2001-02-19,96.63
2001-02-20,96.02
2001-02-21,95.31
2001-02-22,95.07
2001-02-23,93.36
2001-02-26,94.02
2001-02-27,94.19
2001-02-28,93.74
2001-03-01,92.89
2001-03-02,92.99
2001-03-05,94.0
2001-03-06,95.13
2001-03-07,95.14
2001-03-08,94.78
2001-03-09,93.7
2001-03-12,91.66
2001-03-13,90.75
2001-03-14,89.37
2001-03-15,90.96
2001-03-16,88.78
2001-03-19,88.04
2001-03-20,89.2
2001-03-21,87.75
2001-03-22,84.29
2001-03-23,86.12
2001-03-26,88.9
2001-03-27,90.83
2001-03-28,89.69
2001-03-29,89.83
2001-03-30,90.28
2001-04-02,89.85
2001-04-03,87.04
2001-04-04,87.35
2001-04-05,89.18
2001-04-06,88.9
2001-04-09,90.24
2001-04-10,92.45
2001-04-11,92.86
2001-04-12,92.64
2001-04-17,92.44
2001-04-18,94.65
2001-04-19,94.53
2001-04-20,93.69
2001-04-23,93.06
2001-04-24,93.46
2001-04-25,93.3
2001-04-26,93.77
2001-04-27,95.32
2001-04-30,96.27
2001-05-02,95.59
2001-05-03,93.93
2001-05-04,94.69
2001-05-07,95.26
2001-05-08,95.3
2001-05-09,94.82
2001-05-10,96.53
2001-05-11,96.1
2001-05-14,94.57
2001-05-15,95.58
2001-05-16,95.77
2001-05-17,96.68
2001-05-18,97.68
2001-05-21,98.21
2001-05-22,99.06
2001-05-23,98.29
2001-05-24,98.24
2001-05-25,97.76
2001-05-28,97.89
2001-05-29,97.47
2001-05-30,96.38
2001-05-31,96.72
2001-06-01,96.62
2001-06-04,97.03
2001-06-05,97.84
2001-06-06,97.17
2001-06-07,97.07
2001-06-08,96.74
2001-06-11,95.97
2001-06-12,94.15
2001-06-13,94.88
2001-06-14,93.48
2001-06-15,92.86
2001-06-18,92.05
2001-06-19,92.51
2001-06-20,92.19
2001-06-21,92.27
2001-06-22,92.43
2001-06-25,92.36
2001-06-26,90.9
2001-06-27,91.15
2001-06-28,92.5
2001-06-29,93.33
2001-07-02,94.61
2001-07-03,93.24
2001-07-04,92.74
2001-07-05,92.2
2001-07-06,90.25
2001-07-09,90.1
2001-07-10,89.44
2001-07-11,88.11
2001-07-12,89.44
2001-07-13,89.91
2001-07-16,89.4
2001-07-17,88.44
2001-07-18,87.44
2001-07-19,88.88
2001-07-20,88.05
2001-07-23,88.25
2001-07-24,86.93
2001-07-25,85.71
2001-07-26,86.38
2001-07-27,87.91
2001-07-30,88.96
2001-07-31,89.89
2001-08-01,90.18
2001-08-02,90.19
2001-08-03,89.43
2001-08-06,89.34
2001-08-07,89.49
2001-08-08,88.41
2001-08-09,86.7
2001-08-10,86.06
2001-08-13,86.4
2001-08-14,87.49
2001-08-15,86.85
2001-08-16,85.87
2001-08-17,84.64
2001-08-20,84.67
2001-08-21,85.69
2001-08-22,85.44
2001-08-23,85.57
2001-08-24,86.89
2001-08-27,87.01
2001-08-28,86.21
2001-08-29,86.02
2001-08-30,84.34
2001-08-31,84.63
2001-09-03,83.81
2001-09-04,85.22
2001-09-05,84.09
2001-09-06,82.08
2001-09-07,79.97
2001-09-10,79.29
2001-09-11,74.38
2001-09-12,75.77
2001-09-13,76.43
2001-09-14,72.59
2001-09-17,74.2
2001-09-18,73.5
2001-09-19,71.73
2001-09-20,68.95
2001-09-21,67.13
2001-09-24,70.6
2001-09-25,71.45
2001-09-26,72.36
2001-09-27,73.36
2001-09-28,75.79
2001-10-01,73.98
2001-10-02,74.47
2001-10-03,74.97
2001-10-04,77.34
2001-10-05,77.0
2001-10-08,76.85
2001-10-09,76.67
2001-10-10,78.58
2001-10-11,79.77
2001-10-12,79.22
2001-10-15,77.87
2001-10-16,78.44
2001-10-17,80.29
2001-10-18,78.97
2001-10-19,77.79
2001-10-22,78.81
2001-10-23,80.82
2001-10-24,80.96
2001-10-25,79.53
2001-10-26,81.38
2001-10-29,79.7
2001-10-30,77.84
2001-10-31,79.04
2001-11-01,79.51
2001-11-02,79.88
2001-11-05,81.76
2001-11-06,81.71
2001-11-07,82.39
2001-11-08,83.86
2001-11-09,83.02
2001-11-12,81.22
2001-11-13,83.95
2001-11-14,83.84
2001-11-15,84.07
2001-11-16,84.63
2001-11-19,85.45
2001-11-20,84.45
2001-11-21,84.44
2001-11-22,85.04
2001-11-23,84.61
2001-11-26,84.62
2001-11-27,83.63
2001-11-28,82.56
2001-11-29,82.47
2001-11-30,82.4
2001-12-03,82.09
2001-12-04,83.1
2001-12-05,85.5
2001-12-06,85.74
2001-12-07,85.0
2001-12-10,83.73
2001-12-11,83.74
2001-12-12,82.85
2001-12-13,81.62
2001-12-14,80.92
2001-12-17,82.81
2001-12-18,82.78
2001-12-19,82.06
2001-12-20,81.6
2001-12-21,83.12
2001-12-24,83.26
2001-12-27,84.75
2001-12-28,85.21
2002-01-02,83.79
2002-01-03,85.33
2002-01-04,85.75
2002-01-07,84.95
2002-01-08,84.26
2002-01-09,84.23
2002-01-10,83.49
2002-01-11,84.06
2002-01-14,82.22
2002-01-15,83.01
2002-01-16,82.16
2002-01-17,83.11
2002-01-18,82.83
2002-01-21,82.37
2002-01-22,82.36
2002-01-23,83.07
2002-01-24,84.07
2002-01-25,83.77
2002-01-28,84.4
2002-01-29,83.33
2002-01-30,82.4
2002-01-31,83.48
2002-02-01,83.76
2002-02-04,82.78
2002-02-05,81.41
2002-02-06,80.59
2002-02-07,81.28
2002-02-08,81.17
2002-02-11,81.91
2002-02-12,81.88
2002-02-13,82.47
2002-02-14,83.27
2002-02-15,82.7
2002-02-18,82.21
2002-02-19,80.69
2002-02-20,80.23
2002-02-21,81.03
2002-02-22,80.24
2002-02-25,81.38
2002-02-26,81.95
2002-02-27,83.16
2002-02-28,82.86
2002-03-01,83.75
2002-03-04,85.39
2002-03-05,85.02
2002-03-06,85.15
2002-03-07,85.62
2002-03-08,86.2
2002-03-11,85.68
2002-03-12,85.05
2002-03-13,85.08
2002-03-14,85.07
2002-03-15,85.78
2002-03-18,86.26
2002-03-19,86.51
2002-03-20,85.8
2002-03-21,85.58
2002-03-22,86.07
2002-03-25,85.48
2002-03-26,85.66
2002-03-27,85.89
2002-03-28,86.9
2002-04-02,86.39
2002-04-03,86.28
2002-04-04,85.48
2002-04-05,85.48
2002-04-08,84.41
2002-04-09,84.51
2002-04-10,85.24
2002-04-11,83.89
2002-04-12,84.32
2002-04-15,84.89
2002-04-16,86.21
2002-04-17,86.25
2002-04-18,85.68
2002-04-19,85.79
2002-04-22,85.24
2002-04-23,84.99
2002-04-24,84.65
2002-04-25,83.82
2002-04-26,83.39
2002-04-29,83.15
2002-04-30,83.64
2002-05-02,83.48
2002-05-03,82.79
2002-05-06,82.63
2002-05-07,81.76
2002-05-08,83.53
2002-05-09,83.26
2002-05-10,82.37
2002-05-13,83.01
2002-05-14,84.11
2002-05-15,84.47
2002-05-16,84.1
2002-05-17,83.51
2002-05-20,83.08
2002-05-21,83.05
2002-05-22,81.88
2002-05-23,82.08
2002-05-24,82.17
2002-05-27,82.21
2002-05-28,81.31
2002-05-29,81.04
2002-05-30,79.99
2002-05-31,80.72
2002-06-03,80.15
2002-06-04,78.67
2002-06-05,78.24
2002-06-06,77.89
2002-06-07,76.91
2002-06-10,77.08
2002-06-11,77.82
2002-06-12,76.16
2002-06-13,75.27
2002-06-14,73.38
2002-06-17,75.77
2002-06-18,75.3
2002-06-19,74.06
2002-06-20,72.47
2002-06-21,72.19
2002-06-24,70.53
2002-06-25,72.04
2002-06-26,70.66
2002-06-27,71.46
2002-06-28,73.67
2002-07-01,73.94
2002-07-02,71.86
2002-07-03,69.84
2002-07-04,71.23
2002-07-05,73.93
2002-07-08,73.61
2002-07-09,72.76
2002-07-10,70.62
2002-07-11,68.2
2002-07-12,68.15
2002-07-15,64.72
2002-07-16,64.6
2002-07-17,66.7
2002-07-18,67.67
2002-07-19,64.59
2002-07-22,61.61
2002-07-23,60.6
2002-07-24,59.61
2002-07-25,61.8
2002-07-26,62.43
2002-07-29,65.95
2002-07-30,65.62
2002-07-31,66.09
2002-08-01,63.35
2002-08-02,63.27
2002-08-05,61.4
2002-08-06,63.86
2002-08-07,63.14
2002-08-08,65.52
2002-08-09,66.42
2002-08-12,64.94
2002-08-13,65.58
2002-08-14,64.17
2002-08-15,66.05
2002-08-16,66.33
2002-08-19,68.19
2002-08-20,67.23
2002-08-21,67.89
2002-08-22,69.2
2002-08-23,68.31
2002-08-26,67.8
2002-08-27,68.99
2002-08-28,66.51
2002-08-29,65.41
2002-08-30,66.08
2002-09-02,64.89
2002-09-03,62.3
2002-09-04,62.69
2002-09-05,62.28
2002-09-06,64.16
2002-09-09,63.34
2002-09-10,64.95
2002-09-11,66.14
2002-09-12,63.85
2002-09-13,62.68
2002-09-16,62.61
2002-09-17,62.11
2002-09-18,59.9
2002-09-19,58.77
2002-09-20,58.96
2002-09-23,56.96
2002-09-24,56.07
2002-09-25,56.98
2002-09-26,59.48
2002-09-27,59.54
2002-09-30,56.79
2002-10-01,57.6
2002-10-02,59.23
2002-10-03,58.42
2002-10-04,57.28
2002-10-07,56.5
2002-10-08,55.65
2002-10-09,55.22
2002-10-10,56.42
2002-10-11,59.13
2002-10-14,58.56
2002-10-15,61.95
2002-10-16,61.05
2002-10-17,63.06
2002-10-18,62.73
2002-10-21,62.81
2002-10-22,62.24
2002-10-23,60.45
2002-10-24,61.94
2002-10-25,61.58
2002-10-28,62.3
2002-10-29,59.85
2002-10-30,61.3
2002-10-31,62.16
2002-11-01,61.42
2002-11-04,63.52
2002-11-05,63.74
2002-11-06,63.1
2002-11-07,61.94
2002-11-08,61.26
2002-11-11,60.87
2002-11-12,61.68
2002-11-13,61.23
2002-11-14,62.35
2002-11-15,62.67
2002-11-18,63.29
2002-11-19,62.96
2002-11-20,62.86
2002-11-21,64.8
2002-11-22,64.94
2002-11-25,64.51
2002-11-26,63.17
2002-11-27,64.69
2002-11-28,65.12
2002-11-29,64.99
2002-12-02,64.99
2002-12-03,63.66
2002-12-04,63.26
2002-12-05,62.65
2002-12-06,62.3
2002-12-09,61.03
2002-12-10,61.18
2002-12-11,61.85
2002-12-12,60.88
2002-12-13,60.09
2002-12-16,61.72
2002-12-17,60.88
2002-12-18,59.77
2002-12-19,59.58
2002-12-20,60.12
2002-12-23,60.26
2002-12-27,58.42
2002-12-30,58.98
2003-01-02,61.2
2003-01-03,61.52
2003-01-06,61.64
2003-01-07,61.21
2003-01-08,60.34
2003-01-09,60.68
2003-01-10,60.78
2003-01-13,60.72
2003-01-14,61.01
2003-01-15,60.18
2003-01-16,60.14
2003-01-17,58.77
2003-01-20,58.0
2003-01-21,57.41
2003-01-22,56.42
2003-01-23,56.0
2003-01-24,55.49
2003-01-27,53.65
2003-01-28,53.75
2003-01-29,53.95
2003-01-30,55.24
2003-01-31,55.31
2003-02-03,56.23
2003-02-04,54.48
2003-02-05,55.53
2003-02-06,54.27
2003-02-07,53.78
2003-02-10,53.53
2003-02-11,54.71
2003-02-12,53.75
2003-02-13,53.38
2003-02-14,54.23
2003-02-17,55.2
2003-02-18,55.74
2003-02-19,54.49
2003-02-20,54.11
2003-02-21,54.49
2003-02-24,53.94
2003-02-25,52.41
2003-02-26,52.03
2003-02-27,52.45
2003-02-28,53.31
2003-03-03,53.4
2003-03-04,52.35
2003-03-05,51.9
2003-03-06,51.44
2003-03-07,50.44
2003-03-10,49.29
2003-03-11,49.33
2003-03-12,47.79
2003-03-13,50.55
2003-03-14,52.54
2003-03-17,54.17
2003-03-18,54.36
2003-03-19,55.11
2003-03-20,54.85
2003-03-21,56.65
2003-03-24,54.3
2003-03-25,54.97
2003-03-26,54.96
2003-03-27,53.99
2003-03-28,53.83
2003-03-31,51.98
2003-04-01,52.72
2003-04-02,54.39
2003-04-03,54.95
2003-04-04,55.54
2003-04-07,57.46
2003-04-08,56.54
2003-04-09,56.49
2003-04-10,55.58
2003-04-11,56.02
2003-04-14,56.56
2003-04-15,57.47
2003-04-16,56.88
2003-04-17,57.3
2003-04-22,57.57
2003-04-23,58.39
2003-04-24,57.47
2003-04-25,56.76
2003-04-28,58.13
2003-04-29,57.82
2003-04-30,57.78
2003-05-01,57.56
2003-05-02,57.91
2003-05-05,58.22
2003-05-06,59.04
2003-05-07,58.49
2003-05-08,56.99
2003-05-09,57.54
2003-05-12,57.51
2003-05-13,57.74
2003-05-14,57.83
2003-05-15,58.7
2003-05-16,58.78
2003-05-19,56.93
2003-05-20,57.2
2003-05-21,56.64
2003-05-22,57.43
2003-05-23,56.99
2003-05-26,56.78
2003-05-27,57.12
2003-05-28,58.41
2003-05-29,58.52
2003-05-30,58.61
2003-06-02,59.78
2003-06-03,59.3
2003-06-04,59.95
2003-06-05,59.63
2003-06-06,61.01
2003-06-09,60.22
2003-06-10,60.54
2003-06-11,61.3
2003-06-12,61.7
2003-06-13,60.82
2003-06-16,61.82
2003-06-17,62.45
2003-06-18,62.91
2003-06-19,61.89
2003-06-20,62.37
2003-06-23,61.35
2003-06-24,61.07
2003-06-25,61.26
2003-06-26,61.22
2003-06-27,61.25
2003-06-30,60.66
2003-07-01,59.46
2003-07-02,60.54
2003-07-03,60.94
2003-07-04,60.78
2003-07-07,62.24
2003-07-08,62.13
2003-07-09,61.7
2003-07-10,61.11
2003-07-11,61.8
2003-07-14,62.66
2003-07-15,62.26
2003-07-16,61.93
2003-07-17,61.37
2003-07-18,61.36
2003-07-21,60.86
2003-07-22,61.12
2003-07-23,61.01
2003-07-24,62.07
2003-07-25,61.59
2003-07-28,62.31
2003-07-29,62.07
2003-07-30,62.49
2003-07-31,63.2
2003-08-01,62.5
2003-08-04,62.01
2003-08-05,62.45
2003-08-06,61.6
2003-08-07,61.77
2003-08-08,62.3
2003-08-11,62.48
2003-08-12,62.89
2003-08-13,63.08
2003-08-14,63.93
2003-08-15,64.05
2003-08-18,64.7
2003-08-19,64.81
2003-08-20,64.64
2003-08-21,65.3
2003-08-22,65.51
2003-08-25,65.02
2003-08-26,64.45
2003-08-27,64.92
2003-08-28,65.16
2003-08-29,64.48
2003-09-01,65.37
2003-09-02,65.67
2003-09-03,66.73
2003-09-04,66.56
2003-09-05,66.13
2003-09-08,66.51
2003-09-09,65.62
2003-09-10,65.1
2003-09-11,65.27
2003-09-12,64.89
2003-09-15,65.12
2003-09-16,65.83
2003-09-17,66.03
2003-09-18,66.54
2003-09-19,65.93
2003-09-22,64.79
2003-09-23,64.55
2003-09-24,64.55
2003-09-25,64.08
2003-09-26,63.62
2003-09-29,63.26
2003-09-30,62.17
2003-10-01,63.05
2003-10-02,63.4
2003-10-03,64.97
2003-10-06,64.63
2003-10-07,64.09
2003-10-08,64.09
2003-10-09,65.34
2003-10-10,64.96
2003-10-13,66.1
2003-10-14,65.91
2003-10-15,66.57
2003-10-16,66.37
2003-10-17,66.2
2003-10-20,66.17
2003-10-21,66.26
2003-10-22,65.14
2003-10-23,64.66
2003-10-24,64.56
2003-10-27,65.14
2003-10-28,65.84
2003-10-29,66.09
2003-10-30,66.62
2003-10-31,66.64
2003-11-03,67.69
2003-11-04,67.4
2003-11-05,67.02
2003-11-06,67.33
2003-11-07,67.99
2003-11-10,67.43
2003-11-11,67.11
2003-11-12,67.35
2003-11-13,67.53
2003-11-14,67.82
2003-11-17,66.58
2003-11-18,66.52
2003-11-19,66.11
2003-11-20,65.98
2003-11-21,66.16
2003-11-24,67.44
2003-11-25,67.48
2003-11-26,67.24
2003-11-27,67.57
2003-11-28,67.27
2003-12-01,68.32
2003-12-02,67.96
2003-12-03,68.31
2003-12-04,68.22
2003-12-05,67.75
2003-12-08,67.44
2003-12-09,67.93
2003-12-10,67.39
2003-12-11,67.77
2003-12-12,67.69
2003-12-15,67.8
2003-12-16,67.47
2003-12-17,67.52
2003-12-18,68.16
2003-12-19,68.33
2003-12-22,68.06
2003-12-23,68.4
2003-12-24,68.52
2003-12-29,68.75
2003-12-30,69.0
2003-12-31,69.1
2004-01-02,69.85
2004-01-05,70.2
2004-01-06,70.17
2004-01-07,69.84
2004-01-08,70.53
2004-01-09,70.18
2004-01-12,70.1
2004-01-13,70.23
2004-01-14,70.88
2004-01-15,70.91
2004-01-16,71.68
2004-01-19,71.86
2004-01-20,71.49
2004-01-21,71.83
2004-01-22,71.85
2004-01-23,71.74
2004-01-26,71.54
2004-01-27,71.65
2004-01-28,72.0
2004-01-29,71.46
2004-01-30,71.11
2004-02-02,71.23
2004-02-03,71.06
2004-02-04,70.85
2004-02-05,70.75
2004-02-06,71.14
2004-02-09,72.04
2004-02-10,72.08
2004-02-11,72.24
2004-02-12,72.16
2004-02-13,72.02
2004-02-16,72.24
2004-02-17,72.88
2004-02-18,72.91
2004-02-19,73.85
2004-02-20,73.41
2004-02-23,73.55
2004-02-24,72.82
2004-02-25,73.2
2004-02-26,73.29
2004-02-27,73.27
2004-03-01,74.04
2004-03-02,74.48
2004-03-03,74.28
2004-03-04,74.66
2004-03-05,74.37
2004-03-08,74.65
2004-03-09,73.88
2004-03-10,73.74
2004-03-11,71.77
2004-03-12,71.97
2004-03-15,70.61
2004-03-16,70.96
2004-03-17,72.13
2004-03-18,71.0
2004-03-19,71.33
2004-03-22,69.96
2004-03-23,70.2
2004-03-24,70.06
2004-03-25,70.97
2004-03-26,71.13
2004-03-29,71.92
2004-03-30,71.9
2004-03-31,71.76
2004-04-01,72.6
2004-04-02,73.83
2004-04-05,74.33
2004-04-06,73.97
2004-04-07,73.85
2004-04-08,74.21
2004-04-13,74.86
2004-04-14,73.73
2004-04-15,73.67
2004-04-16,74.13
2004-04-19,74.3
2004-04-20,74.81
2004-04-21,74.09
2004-04-22,74.52
2004-04-23,74.85
2004-04-26,75.16
2004-04-27,75.13
2004-04-28,74.12
2004-04-29,73.51
2004-04-30,72.87
2004-05-03,73.33
2004-05-04,73.62
2004-05-05,73.96
2004-05-06,72.99
2004-05-07,73.05
2004-05-10,71.12
2004-05-11,71.9
2004-05-12,71.21
2004-05-13,71.94
2004-05-14,71.52
2004-05-17,70.48
2004-05-18,71.03
2004-05-19,72.25
2004-05-20,71.79
2004-05-21,71.74
2004-05-24,72.25
2004-05-25,71.86
2004-05-26,72.51
2004-05-27,72.88
2004-05-28,72.67
2004-05-31,72.8
2004-06-01,72.32
2004-06-02,72.62
2004-06-03,72.9
2004-06-04,73.43
2004-06-07,73.93
2004-06-08,74.14
2004-06-09,74.18
2004-06-10,74.3
2004-06-11,74.24
2004-06-14,73.18
2004-06-15,73.73
2004-06-16,74.48
2004-06-17,74.59
2004-06-18,74.68
2004-06-21,74.63
2004-06-22,73.86
2004-06-23,74.12
2004-06-24,74.43
2004-06-25,74.44
2004-06-28,74.92
2004-06-29,74.58
2004-06-30,74.09
2004-07-01,73.87
2004-07-02,73.36
2004-07-05,73.32
2004-07-06,72.94
2004-07-07,72.85
2004-07-08,73.07
2004-07-09,73.03
2004-07-12,72.73
2004-07-13,72.85
2004-07-14,72.71
2004-07-15,71.96
2004-07-16,72.12
2004-07-19,71.76
2004-07-20,71.88
2004-07-21,72.58
2004-07-22,71.48
2004-07-23,71.66
2004-07-26,71.02
2004-07-27,71.62
2004-07-28,71.86
2004-07-29,72.68
2004-07-30,72.79
2004-08-02,72.72
2004-08-03,72.94
2004-08-04,72.39
2004-08-05,72.51
2004-08-06,70.89
2004-08-09,70.28
2004-08-10,70.71
2004-08-11,70.3
2004-08-12,70.18
2004-08-13,69.93
2004-08-16,70.61
2004-08-17,70.71
2004-08-18,70.78
2004-08-19,70.94
2004-08-20,70.76
2004-08-23,71.71
2004-08-24,71.62
2004-08-25,71.85
2004-08-26,72.43
2004-08-27,72.99
2004-08-30,72.88
2004-08-31,72.18
2004-09-01,72.68
2004-09-02,72.95
2004-09-03,73.52
2004-09-06,73.78
2004-09-07,73.74
2004-09-08,73.73
2004-09-09,73.28
2004-09-10,73.53
2004-09-13,74.16
2004-09-14,73.91
2004-09-15,73.78
2004-09-16,74.11
2004-09-17,74.53
2004-09-20,74.26
2004-09-21,74.61
2004-09-22,74.19
2004-09-23,73.64
2004-09-24,73.86
2004-09-27,73.38
2004-09-28,73.74
2004-09-29,74.0
2004-09-30,73.51
2004-10-01,74.78
2004-10-04,75.5
2004-10-05,75.56
2004-10-06,75.51
2004-10-07,75.49
2004-10-08,75.16
2004-10-11,75.12
2004-10-12,74.54
2004-10-13,74.72
2004-10-14,74.21
2004-10-15,74.06
2004-10-18,73.84
2004-10-19,74.55
2004-10-20,73.82
2004-10-21,74.25
2004-10-22,74.19
2004-10-25,72.98
2004-10-26,73.2
2004-10-27,74.08
2004-10-28,74.54
2004-10-29,74.34
2004-11-01,74.95
2004-11-02,75.64
2004-11-03,75.91
2004-11-04,75.68
2004-11-05,76.1
2004-11-08,76.01
2004-11-09,75.98
2004-11-10,76.17
2004-11-11,76.87
2004-11-12,77.15
2004-11-15,77.05
2004-11-16,76.54
2004-11-17,77.23
2004-11-18,77.24
2004-11-19,76.66
2004-11-22,76.26
2004-11-23,76.38
2004-11-24,76.36
2004-11-25,76.91
2004-11-26,76.79
2004-11-29,76.71
2004-11-30,76.39
2004-12-01,77.27
2004-12-02,77.59
2004-12-03,77.41
2004-12-06,77.04
2004-12-07,77.32
2004-12-08,77.18
2004-12-09,76.62
2004-12-10,76.93
2004-12-13,77.51
2004-12-14,77.59
2004-12-15,77.56
2004-12-16,77.84
2004-12-17,77.23
2004-12-20,77.59
2004-12-21,77.43
2004-12-22,77.79
2004-12-23,77.81
2004-12-24,77.9
2004-12-27,77.77
2004-12-28,77.85
2004-12-29,77.84
2004-12-30,77.83
2004-12-31,77.86
2005-01-03,78.32
2005-01-04,78.63
2005-01-05,78.11
2005-01-06,78.49
2005-01-07,79.0
2005-01-10,78.97
2005-01-11,78.39
2005-01-12,77.79
2005-01-13,78.09
2005-01-14,78.48
2005-01-17,78.8
2005-01-18,78.88
2005-01-19,79.02
2005-01-20,78.7
2005-01-21,78.62
2005-01-24,78.58
2005-01-25,79.09
2005-01-26,79.12
2005-01-27,79.46
2005-01-28,79.17
2005-01-31,79.71
2005-02-01,80.34
2005-02-02,80.59
2005-02-03,80.55
2005-02-04,81.32
2005-02-07,81.76
2005-02-08,81.91
2005-02-09,81.82
2005-02-10,81.73
2005-02-11,82.48
2005-02-14,82.6
2005-02-15,82.93
2005-02-16,82.47
2005-02-17,82.56
2005-02-18,82.68
2005-02-21,82.56
2005-02-22,81.97
2005-02-23,81.56
2005-02-24,81.51
2005-02-25,82.44
2005-02-28,82.18
2005-03-01,82.79
2005-03-02,82.78
2005-03-03,82.8
2005-03-04,83.37
2005-03-07,83.3
2005-03-08,82.84
2005-03-09,82.4
2005-03-10,81.73
2005-03-11,81.92
2005-03-14,81.8
2005-03-15,82.46
2005-03-16,81.43
2005-03-17,81.43
2005-03-18,81.62
2005-03-21,81.42
2005-03-22,81.58
2005-03-23,81.31
2005-03-24,81.78
2005-03-29,82.01
2005-03-30,81.78
2005-03-31,81.81
2005-04-01,82.22
2005-04-04,81.85
2005-04-05,82.54
2005-04-06,82.89
2005-04-07,83.17
2005-04-08,83.38
2005-04-11,83.22
2005-04-12,82.95
2005-04-13,83.34
2005-04-14,83.16
2005-04-15,81.88
2005-04-18,80.49
2005-04-19,81.04
2005-04-20,80.67
2005-04-21,80.56
2005-04-22,81.24
2005-04-25,81.62
2005-04-26,81.33
2005-04-27,80.29
2005-04-28,80.25
2005-04-29,80.42
2005-05-02,80.72
2005-05-03,81.07
2005-05-04,81.52
2005-05-05,82.0
2005-05-06,82.38
2005-05-09,82.11
2005-05-10,81.51
2005-05-11,81.39
2005-05-12,81.91
2005-05-13,81.95
2005-05-16,81.62
2005-05-17,81.73
2005-05-18,82.7
2005-05-19,83.12
2005-05-20,83.19
2005-05-23,83.61
2005-05-24,83.59
2005-05-25,83.55
2005-05-26,84.15
2005-05-27,84.11
2005-05-30,84.56
2005-05-31,84.54
2005-06-01,85.73
2005-06-02,85.72
2005-06-03,85.55
2005-06-06,85.28
2005-06-07,86.31
2005-06-08,86.13
2005-06-09,86.16
2005-06-10,86.68
2005-06-13,87.02
2005-06-14,87.14
2005-06-15,86.8
2005-06-16,87.28
2005-06-17,87.4
2005-06-20,87.43
2005-06-21,87.85
2005-06-22,87.96
2005-06-23,88.34
2005-06-24,87.62
2005-06-27,86.77
2005-06-28,87.51
2005-06-29,87.78
2005-06-30,87.5
2005-07-01,88.2
2005-07-04,88.42
2005-07-05,88.23
2005-07-06,88.77
2005-07-07,87.15
2005-07-08,88.35
2005-07-11,88.82
2005-07-12,88.49
2005-07-13,88.99
2005-07-14,89.4
2005-07-15,89.24
2005-07-18,89.03
2005-07-19,89.38
2005-07-20,89.19
2005-07-21,89.32
2005-07-22,89.38
2005-07-25,89.75
2005-07-26,89.81
2005-07-27,90.06
2005-07-28,90.51
2005-07-29,90.46
2005-08-01,90.55
2005-08-02,91.25
2005-08-03,91.19
2005-08-04,90.51
2005-08-05,90.16
2005-08-08,90.73
2005-08-09,91.28
2005-08-10,92.13
2005-08-11,91.85
2005-08-12,91.66
2005-08-15,91.63
2005-08-16,91.41
2005-08-17,91.23
2005-08-18,90.94
2005-08-19,91.81
2005-08-22,91.87
2005-08-23,91.35
2005-08-24,90.92
2005-08-25,90.3
2005-08-26,89.72
2005-08-29,89.97
2005-08-30,89.95
2005-08-31,90.67
2005-09-01,91.32
2005-09-02,91.28
2005-09-05,91.79
2005-09-06,92.56
2005-09-07,92.92
2005-09-08,92.83
2005-09-09,93.12
2005-09-12,93.33
2005-09-13,92.69
2005-09-14,93.01
2005-09-15,93.04
2005-09-16,93.6
2005-09-19,93.83
2005-09-20,93.93
2005-09-21,92.97
2005-09-22,92.64
2005-09-23,93.08
2005-09-26,94.2
2005-09-27,93.9
2005-09-28,94.71
2005-09-29,94.39
2005-09-30,94.74
2005-10-03,95.49
2005-10-04,95.76
2005-10-05,94.78
2005-10-06,93.48
2005-10-07,93.05
2005-10-10,93.31
2005-10-11,93.53
2005-10-12,92.86
2005-10-13,91.91
2005-10-14,92.06
2005-10-17,92.03
2005-10-18,91.85
2005-10-19,90.27
2005-10-20,90.68
2005-10-21,90.28
2005-10-24,91.36
2005-10-25,91.09
2005-10-26,91.46
2005-10-27,90.24
2005-10-28,90.38
2005-10-31,92.53
2005-11-01,92.59
2005-11-02,92.98
2005-11-03,94.36
2005-11-04,94.25
2005-11-07,94.61
2005-11-08,94.66
2005-11-09,94.6
2005-11-10,94.67
2005-11-11,95.66
2005-11-14,95.68
2005-11-15,95.4
2005-11-16,94.68
2005-11-17,95.1
2005-11-18,95.69
2005-11-21,95.96
2005-11-22,96.04
2005-11-23,96.49
2005-11-24,96.28
2005-11-25,96.56
2005-11-28,95.91
2005-11-29,96.12
2005-11-30,95.66
2005-12-01,97.21
2005-12-02,97.97
2005-12-05,97.59
2005-12-06,98.1
2005-12-07,98.01
2005-12-08,98.05
2005-12-09,98.03
2005-12-12,98.01
2005-12-13,98.15
2005-12-14,97.86
2005-12-15,97.66
2005-12-16,98.35
2005-12-19,98.23
2005-12-20,98.59
2005-12-21,99.11
2005-12-22,98.91
2005-12-23,98.95
2005-12-27,99.22
2005-12-28,99.09
2005-12-29,99.66
2005-12-30,99.07
2006-01-02,99.45
2006-01-03,100.04
2006-01-04,101.04
2006-01-05,100.69
2006-01-06,101.35
2006-01-09,101.54
2006-01-10,100.91
2006-01-11,101.5
2006-01-12,101.87
2006-01-13,101.29
2006-01-16,101.51
2006-01-17,100.77
2006-01-18,99.9
2006-01-19,100.49
2006-01-20,99.89
2006-01-23,99.65
2006-01-24,99.42
2006-01-25,100.54
2006-01-26,101.52
2006-01-27,102.71
2006-01-30,102.66
2006-01-31,102.66
2006-02-01,103.77
2006-02-02,102.84
2006-02-03,102.9
2006-02-06,103.02
2006-02-07,102.69
2006-02-08,102.55
2006-02-09,103.75
2006-02-10,103.36
2006-02-13,103.87
2006-02-14,103.69
2006-02-15,103.83
2006-02-16,104.42
2006-02-17,104.73
2006-02-20,104.98
2006-02-21,105.33
2006-02-22,105.98
2006-02-23,105.79
2006-02-24,106.12
2006-02-27,106.44
2006-02-28,104.97
2006-03-01,105.93
2006-03-02,104.99
2006-03-03,104.97
2006-03-06,105.55
2006-03-07,104.96
2006-03-08,104.25
2006-03-09,105.08
2006-03-10,105.91
2006-03-13,106.72
2006-03-14,106.93
2006-03-15,107.22
2006-03-16,107.27
2006-03-17,107.35
2006-03-20,107.58
2006-03-21,107.7
2006-03-22,108.08
2006-03-23,108.0
2006-03-24,108.54
2006-03-27,107.7
2006-03-28,107.06
2006-03-29,107.32
2006-03-30,108.17
2006-03-31,107.51
2006-04-03,108.4
2006-04-04,107.87
2006-04-05,108.29
2006-04-06,108.57
2006-04-07,108.08
2006-04-10,108.62
2006-04-11,107.37
2006-04-12,107.21
2006-04-13,107.65
2006-04-18,107.57
2006-04-19,108.84
2006-04-20,109.16
2006-04-21,109.93
2006-04-24,109.41
2006-04-25,109.35
2006-04-26,109.61
2006-04-27,109.04
2006-04-28,108.63
2006-05-01,108.9
2006-05-02,109.8
2006-05-03,108.97
2006-05-04,109.58
2006-05-05,110.72
2006-05-08,110.83
2006-05-09,111.32
2006-05-10,110.83
2006-05-11,110.48
2006-05-12,108.23
2006-05-15,106.66
2006-05-16,106.84
2006-05-17,103.89
2006-05-18,103.47
2006-05-19,103.51
2006-05-22,100.64
2006-05-23,103.21
2006-05-24,101.79
2006-05-25,103.04
2006-05-26,105.08
2006-05-29,105.03
2006-05-30,102.74
2006-05-31,103.78
2006-06-01,104.19
2006-06-02,104.51
2006-06-05,103.86
2006-06-06,101.81
2006-06-07,102.47
2006-06-08,99.73
2006-06-09,101.42
2006-06-12,100.62
2006-06-13,98.37
2006-06-14,98.57
2006-06-15,100.97
2006-06-16,100.3
2006-06-19,101.09
2006-06-20,101.62
2006-06-21,101.65
2006-06-22,102.07
2006-06-23,102.21
2006-06-26,101.93
2006-06-27,101.24
2006-06-28,101.43
2006-06-29,103.23
2006-06-30,104.68
2006-07-03,105.21
2006-07-04,105.43
2006-07-05,104.18
2006-07-06,105.15
2006-07-07,104.96
2006-07-10,105.32
2006-07-11,104.35
2006-07-12,104.63
2006-07-13,103.11
2006-07-14,101.82
2006-07-17,101.4
2006-07-18,101.21
2006-07-19,103.5
2006-07-20,103.72
2006-07-21,102.77
2006-07-24,104.68
2006-07-25,104.8
2006-07-26,105.24
2006-07-27,106.3
2006-07-28,106.95
2006-07-31,106.53
2006-08-01,105.74
2006-08-02,106.86
2006-08-03,105.99
2006-08-04,107.21
2006-08-07,106.02
2006-08-08,106.09
2006-08-09,106.88
2006-08-10,106.04
2006-08-11,106.21
2006-08-14,107.17
2006-08-15,108.07
2006-08-16,108.6
2006-08-17,108.73
2006-08-18,108.45
2006-08-21,108.35
2006-08-22,108.69
2006-08-23,108.2
2006-08-24,108.5
2006-08-25,108.61
2006-08-28,109.06
2006-08-29,109.33
2006-08-30,109.96
2006-08-31,109.7
2006-09-01,110.26
2006-09-04,110.71
2006-09-05,110.33
2006-09-06,109.14
2006-09-07,108.12
2006-09-08,108.57
2006-09-11,107.98
2006-09-12,109.37
2006-09-13,109.71
2006-09-14,109.72
2006-09-15,110.05
2006-09-18,110.1
2006-09-19,109.49
2006-09-20,110.67
2006-09-21,111.15
2006-09-22,109.88
2006-09-25,109.82
2006-09-26,111.33
2006-09-27,111.95
2006-09-28,112.03
2006-09-29,111.96
2006-10-02,111.95
2006-10-03,111.66
2006-10-04,112.49
2006-10-05,113.14
2006-10-06,113.33
2006-10-09,113.46
2006-10-10,114.22
2006-10-11,114.33
2006-10-12,115.29
2006-10-13,115.59
2006-10-16,115.82
2006-10-17,114.56
2006-10-18,115.66
2006-10-19,115.66
2006-10-20,116.02
2006-10-23,116.43
2006-10-24,116.45
2006-10-25,116.82
2006-10-26,116.64
2006-10-27,116.34
2006-10-30,115.97
2006-10-31,115.94
2006-11-01,116.41
2006-11-02,115.95
2006-11-03,116.34
2006-11-06,117.63
2006-11-07,118.14
2006-11-08,118.09
2006-11-09,117.88
2006-11-10,117.76
2006-11-13,118.0
2006-11-14,117.68
2006-11-15,118.35
2006-11-16,118.61
2006-11-17,117.73
2006-11-20,118.16
2006-11-21,118.32
2006-11-22,118.25
2006-11-23,117.96
2006-11-24,117.07
2006-11-27,115.3
2006-11-28,114.96
2006-11-29,116.51
2006-11-30,115.71
2006-12-01,114.9
2006-12-04,115.65
2006-12-05,116.41
2006-12-06,116.46
2006-12-07,117.11
2006-12-08,117.22
2006-12-11,117.91
2006-12-12,118.32
2006-12-13,119.08
2006-12-14,119.8
2006-12-15,120.46
2006-12-18,120.38
2006-12-19,119.58
2006-12-20,119.93
2006-12-21,119.8
2006-12-22,119.24
2006-12-27,120.48
2006-12-28,120.53
2006-12-29,120.18
2007-01-02,121.71
2007-01-03,121.7
2007-01-04,121.35
2007-01-05,120.34
2007-01-08,120.24
2007-01-09,120.51
2007-01-10,119.74
2007-01-11,121.8
2007-01-12,122.38
2007-01-15,123.14
2007-01-16,122.44
2007-01-17,122.35
2007-01-18,122.31
2007-01-19,123.18
2007-01-22,122.71
2007-01-23,122.65
2007-01-24,123.78
2007-01-25,123.39
2007-01-26,122.6
2007-01-29,122.91
2007-01-30,123.33
2007-01-31,122.71
2007-02-01,124.12
2007-02-02,124.79
2007-02-05,124.87
2007-02-06,125.3
2007-02-07,125.7
2007-02-08,124.61
2007-02-09,125.24
2007-02-12,124.53
2007-02-13,124.75
2007-02-14,125.75
2007-02-15,125.61
2007-02-16,125.46
2007-02-19,125.91
2007-02-20,125.52
2007-02-21,124.71
2007-02-22,125.12
2007-02-23,125.39
2007-02-26,125.93
2007-02-27,122.11
2007-02-28,120.31
2007-03-01,119.24
2007-03-02,118.87
2007-03-05,117.46
2007-03-06,118.55
2007-03-07,119.38
2007-03-08,121.02
2007-03-09,121.33
2007-03-12,120.71
2007-03-13,119.42
2007-03-14,116.3
2007-03-15,118.64
2007-03-16,118.66
2007-03-19,120.42
2007-03-20,121.36
2007-03-21,121.92
2007-03-22,123.73
2007-03-23,124.32
2007-03-26,123.28
2007-03-27,123.16
2007-03-28,122.41
2007-03-29,123.81
2007-03-30,123.82
2007-04-02,124.25
2007-04-03,125.57
2007-04-04,125.76
2007-04-05,125.89
2007-04-10,126.67
2007-04-11,126.58
2007-04-12,126.14
2007-04-13,126.99
2007-04-16,128.47
2007-04-17,128.47
2007-04-18,127.9
2007-04-19,127.49
2007-04-20,129.12
2007-04-23,129.03
2007-04-24,127.88
2007-04-25,128.82
2007-04-26,129.08
2007-04-27,128.39
2007-04-30,128.73
2007-05-01,128.67
2007-05-02,129.36
2007-05-03,129.77
2007-05-04,130.91
2007-05-07,130.99
2007-05-08,129.97
2007-05-09,130.31
2007-05-10,129.41
2007-05-11,130.11
2007-05-14,129.85
2007-05-15,130.32
2007-05-16,130.14
2007-05-17,130.49
2007-05-18,131.72
2007-05-21,131.77
2007-05-22,131.78
2007-05-23,132.81
2007-05-24,131.92
2007-05-25,131.97
2007-05-28,132.16
2007-05-29,132.28
2007-05-30,132.07
2007-05-31,133.11
2007-06-01,134.32
2007-06-04,133.9
2007-06-05,133.1
2007-06-06,131.0
2007-06-07,129.52
2007-06-08,129.39
2007-06-11,130.67
2007-06-12,129.98
2007-06-13,130.46
2007-06-14,132.5
2007-06-15,134.17
2007-06-18,133.76
2007-06-19,133.28
2007-06-20,133.76
2007-06-21,132.38
2007-06-22,131.95
2007-06-25,131.79
2007-06-26,130.98
2007-06-27,130.39
2007-06-28,131.7
2007-06-29,132.41
2007-07-02,131.94
2007-07-03,133.11
2007-07-04,133.73
2007-07-05,132.87
2007-07-06,133.66
2007-07-09,134.09
2007-07-10,132.58
2007-07-11,132.15
2007-07-12,133.71
2007-07-13,134.28
2007-07-16,134.51
2007-07-17,133.87
2007-07-18,132.31
2007-07-19,133.58
2007-07-20,132.12
2007-07-23,132.93
2007-07-24,130.89
2007-07-25,129.74
2007-07-26,126.05
2007-07-27,125.43
2007-07-30,125.21
2007-07-31,127.94
2007-08-01,126.01
2007-08-02,126.95
2007-08-03,125.3
2007-08-06,124.15
2007-08-07,125.83
2007-08-08,128.43
2007-08-09,126.17
2007-08-10,122.31
2007-08-13,125.05
2007-08-14,123.51
2007-08-15,123.27
2007-08-16,118.89
2007-08-17,121.45
2007-08-20,122.25
2007-08-21,122.26
2007-08-22,124.42
2007-08-23,124.66
2007-08-24,125.06
2007-08-27,125.25
2007-08-28,123.08
2007-08-29,123.81
2007-08-30,125.22
2007-08-31,126.89
2007-09-03,127.25
2007-09-04,128.08
2007-09-05,125.8
2007-09-06,126.2
2007-09-07,123.41
2007-09-10,122.28
2007-09-11,124.36
2007-09-12,124.67
2007-09-13,125.68
2007-09-14,124.17
2007-09-17,122.3
2007-09-18,124.16
2007-09-19,127.51
2007-09-20,126.63
2007-09-21,127.24
2007-09-24,127.17
2007-09-25,125.77
2007-09-26,126.66
2007-09-27,127.66
2007-09-28,127.62
2007-10-01,128.64
2007-10-02,129.28
2007-10-03,129.57
2007-10-04,129.77
2007-10-05,130.7
2007-10-08,130.34
2007-10-09,131.01
2007-10-10,131.17
2007-10-11,131.91
2007-10-12,131.98
2007-10-15,130.74
2007-10-16,129.75
2007-10-17,130.63
2007-10-18,129.54
2007-10-19,128.69
2007-10-22,127.01
2007-10-23,128.35
2007-10-24,127.58
2007-10-25,129.06
2007-10-26,129.78
2007-10-29,130.67
2007-10-30,130.1
2007-10-31,131.33
2007-11-01,129.36
2007-11-02,128.47
2007-11-05,127.59
2007-11-06,128.04
2007-11-07,127.04
2007-11-08,126.33
2007-11-09,124.33
2007-11-12,124.37
2007-11-13,124.65
2007-11-14,125.34
2007-11-15,123.77
2007-11-16,122.76
2007-11-19,120.07
2007-11-20,121.41
2007-11-21,118.27
2007-11-22,119.18
2007-11-23,121.17
2007-11-26,120.51
2007-11-27,120.0
2007-11-28,123.34
2007-11-29,123.9
2007-11-30,125.47
2007-12-03,124.95
2007-12-04,123.1
2007-12-05,125.23
2007-12-06,125.32
2007-12-07,126.34
2007-12-10,127.08
2007-12-11,126.57
2007-12-12,126.98
2007-12-13,123.88
2007-12-14,124.44
2007-12-17,122.27
2007-12-18,122.13
2007-12-19,121.57
2007-12-20,121.81
2007-12-21,123.52
2007-12-24,123.63
2007-12-27,123.73
2007-12-28,123.49
2007-12-31,123.58
2008-01-02,122.04
2008-01-03,121.66
2008-01-04,119.31
2008-01-07,119.06
2008-01-08,119.79
2008-01-09,118.22
2008-01-10,117.08
2008-01-11,116.51
2008-01-14,116.88
2008-01-15,113.89
2008-01-16,112.82
2008-01-17,112.25
2008-01-18,111.05
2008-01-21,104.7
2008-01-22,107.0
2008-01-23,103.77
2008-01-24,109.21
2008-01-25,109.29
2008-01-28,108.09
2008-01-29,110.0
2008-01-30,109.28
2008-01-31,109.28
2008-02-01,111.41
2008-02-04,111.65
2008-02-05,108.13
2008-02-06,108.72
2008-02-07,106.61
2008-02-08,107.07
2008-02-11,106.08
2008-02-12,109.63
2008-02-13,109.74
2008-02-14,109.86
2008-02-15,107.72
2008-02-18,109.82
2008-02-19,110.03
2008-02-20,108.78
2008-02-21,109.49
2008-02-22,108.62
2008-02-25,110.46
2008-02-26,112.06
2008-02-27,111.88
2008-02-28,109.82
2008-02-29,108.38
2008-03-03,106.85
2008-03-04,105.43
2008-03-05,107.42
2008-03-06,106.0
2008-03-07,104.87
2008-03-10,103.57
2008-03-11,104.81
2008-03-12,106.12
2008-03-13,104.68
2008-03-14,103.62
2008-03-17,98.89
2008-03-18,102.41
2008-03-19,101.42
2008-03-20,101.2
2008-03-25,104.54
2008-03-26,103.88
2008-03-27,105.18
2008-03-28,104.62
2008-03-31,104.38
2008-04-01,107.85
2008-04-02,109.09
2008-04-03,108.53
2008-04-04,108.96
2008-04-07,109.95
2008-04-08,108.86
2008-04-09,108.13
2008-04-10,107.77
2008-04-11,106.24
2008-04-14,105.39
2008-04-15,105.86
2008-04-16,107.8
2008-04-17,107.21
2008-04-18,109.85
2008-04-21,108.6
2008-04-22,108.1
2008-04-23,108.82
2008-04-24,109.0
2008-04-25,110.49
2008-04-28,111.2
2008-04-29,110.19
2008-04-30,111.07
2008-05-01,111.24
2008-05-02,113.34
2008-05-05,113.03
2008-05-06,112.5
2008-05-07,113.47
2008-05-08,113.45
2008-05-09,112.07
2008-05-12,112.47
2008-05-13,112.38
2008-05-14,113.0
2008-05-15,113.44
2008-05-16,114.06
2008-05-19,115.34
2008-05-20,113.01
2008-05-21,112.12
2008-05-22,112.64
2008-05-23,110.78
2008-05-26,110.58
2008-05-27,110.22
2008-05-28,111.28
2008-05-29,111.59
2008-05-30,112.06
2008-06-02,110.78
2008-06-03,111.7
2008-06-04,110.42
2008-06-05,110.26
2008-06-06,108.06
2008-06-09,107.51
2008-06-10,106.78
2008-06-11,104.97
2008-06-12,105.92
2008-06-13,106.49
2008-06-16,106.22
2008-06-17,106.73
2008-06-18,105.13
2008-06-19,104.61
2008-06-20,102.81
2008-06-23,102.75
2008-06-24,101.96
2008-06-25,103.21
2008-06-26,100.56
2008-06-27,100.17
2008-06-30,100.89
2008-07-01,98.68
2008-07-02,97.88
2008-07-03,98.72
2008-07-04,97.48
2008-07-07,98.75
2008-07-08,97.29
2008-07-09,99.02
2008-07-10,96.96
2008-07-11,94.32
2008-07-14,95.06
2008-07-15,92.98
2008-07-16,93.68
2008-07-17,96.39
2008-07-18,97.93
2008-07-21,98.52
2008-07-22,98.01
2008-07-23,100.06
2008-07-24,98.47
2008-07-25,98.31
2008-07-28,97.25
2008-07-29,97.57
2008-07-30,99.11
2008-07-31,99.03
2008-08-01,97.83
2008-08-04,96.9
2008-08-05,99.49
2008-08-06,100.49
2008-08-07,100.22
2008-08-08,101.06
2008-08-11,102.38
2008-08-12,101.95
2008-08-13,99.42
2008-08-14,99.96
2008-08-15,100.42
2008-08-18,100.32
2008-08-19,97.79
2008-08-20,98.25
2008-08-21,97.43
2008-08-22,99.32
2008-08-25,98.73
2008-08-26,98.94
2008-08-27,99.12
2008-08-28,100.51
2008-08-29,100.85
2008-09-01,100.5
2008-09-02,101.52
2008-09-03,99.98
2008-09-04,97.39
2008-09-05,95.31
2008-09-08,98.5
2008-09-09,97.9
2008-09-10,97.14
2008-09-11,96.54
2008-09-12,98.21
2008-09-15,94.81
2008-09-16,92.3
2008-09-17,90.39
2008-09-18,89.94
2008-09-19,97.44
2008-09-22,95.43
2008-09-23,93.67
2008-09-24,93.1
2008-09-25,94.98
2008-09-26,93.19
2008-09-29,88.11
2008-09-30,89.73
2008-10-01,90.33
2008-10-02,89.1
2008-10-03,91.62
2008-10-06,84.64
2008-10-07,84.37
2008-10-08,79.33
2008-10-09,77.74
2008-10-10,71.91
2008-10-13,79.01
2008-10-14,81.41
2008-10-15,76.15
2008-10-16,72.37
2008-10-17,75.13
2008-10-20,77.85
2008-10-21,77.46
2008-10-22,73.49
2008-10-23,73.19
2008-10-24,69.72
2008-10-27,68.4
2008-10-28,69.94
2008-10-29,74.97
2008-10-30,75.85
2008-10-31,77.9
2008-11-03,78.37
2008-11-04,81.93
2008-11-05,80.08
2008-11-06,75.63
2008-11-07,77.09
2008-11-10,77.56
2008-11-11,74.48
2008-11-12,72.12
2008-11-13,71.72
2008-11-14,72.28
2008-11-17,70.46
2008-11-18,71.0
2008-11-19,68.2
2008-11-20,65.73
2008-11-21,64.11
2008-11-24,69.57
2008-11-25,70.01
2008-11-26,70.05
2008-11-27,71.73
2008-11-28,72.66
2008-12-01,68.31
2008-12-02,69.48
2008-12-03,69.88
2008-12-04,69.56
2008-12-05,66.9
2008-12-08,71.4
2008-12-09,72.36
2008-12-10,72.37
2008-12-11,71.82
2008-12-12,69.86
2008-12-15,69.61
2008-12-16,70.15
2008-12-17,69.62
2008-12-18,69.55
2008-12-19,69.24
2008-12-22,68.15
2008-12-23,68.05
2008-12-24,67.83
2008-12-29,68.2
2008-12-30,69.42
2008-12-31,69.93
2009-01-02,72.09
2009-01-05,73.59
2009-01-06,75.06
2009-01-07,74.16
2009-01-08,73.62
2009-01-09,73.28
2009-01-12,72.14
2009-01-13,71.13
2009-01-14,68.03
2009-01-15,67.44
2009-01-16,68.07
2009-01-19,66.93
2009-01-20,65.51
2009-01-21,65.1
2009-01-22,64.51
2009-01-23,64.39
2009-01-26,66.36
2009-01-27,66.45
2009-01-28,68.61
2009-01-29,67.36
2009-01-30,67.52
2009-02-02,65.8
2009-02-03,67.02
2009-02-04,68.81
2009-02-05,68.75
2009-02-06,70.17
2009-02-09,70.46
2009-02-10,68.5
2009-02-11,68.28
2009-02-12,67.4
2009-02-13,67.62
2009-02-16,66.7
2009-02-17,65.05
2009-02-18,64.88
2009-02-19,64.89
2009-02-20,62.61
2009-02-23,62.03
2009-02-24,61.17
2009-02-25,61.0
2009-02-26,62.35
2009-02-27,61.27
2009-03-02,58.22
2009-03-03,57.17
2009-03-04,59.41
2009-03-05,57.27
2009-03-06,56.54
2009-03-09,55.99
2009-03-10,58.83
2009-03-11,58.97
2009-03-12,59.37
2009-03-13,59.8
2009-03-16,61.49
2009-03-17,61.08
2009-03-18,60.65
2009-03-19,61.05
2009-03-20,61.31
2009-03-23,63.14
2009-03-24,63.31
2009-03-25,63.55
2009-03-26,63.66
2009-03-27,62.97
2009-03-30,60.6
2009-03-31,62.73
2009-04-01,63.74
2009-04-02,66.91
2009-04-03,66.24
2009-04-06,65.83
2009-04-07,65.3
2009-04-08,65.54
2009-04-09,67.01
2009-04-14,68.07
2009-04-15,67.91
2009-04-16,69.09
2009-04-17,70.21
2009-04-20,67.72
2009-04-21,67.84
2009-04-22,68.65
2009-04-23,68.45
2009-04-24,70.06
2009-04-27,70.33
2009-04-28,69.28
2009-04-29,70.73
2009-04-30,71.84
2009-05-01,71.93
2009-05-04,73.27
2009-05-05,73.76
2009-05-06,74.87
2009-05-07,74.32
2009-05-08,75.49
2009-05-11,74.45
2009-05-12,74.39
2009-05-13,72.5
2009-05-14,72.86
2009-05-15,73.31
2009-05-18,75.19
2009-05-19,76.3
2009-05-20,76.75
2009-05-21,75.24
2009-05-22,75.05
2009-05-25,75.18
2009-05-26,75.77
2009-05-27,76.33
2009-05-28,75.44
2009-05-29,75.55
2009-06-01,77.77
2009-06-02,77.77
2009-06-03,76.3
2009-06-04,76.13
2009-06-05,76.6
2009-06-08,76.07
2009-06-09,76.43
2009-06-10,77.34
2009-06-11,78.09
2009-06-12,77.93
2009-06-15,75.99
2009-06-16,75.91
2009-06-17,74.41
2009-06-18,74.78
2009-06-19,75.74
2009-06-22,73.67
2009-06-23,73.31
2009-06-24,75.08
2009-06-25,74.47
2009-06-26,74.4
2009-06-29,75.7
2009-06-30,74.9
2009-07-01,76.26
2009-07-02,74.32
2009-07-03,74.31
2009-07-06,73.45
2009-07-07,72.9
2009-07-08,72.11
2009-07-09,72.62
2009-07-10,71.85
2009-07-13,73.14
2009-07-14,74.13
2009-07-15,76.16
2009-07-16,76.45
2009-07-17,76.74
2009-07-20,77.67
2009-07-21,78.33
2009-07-22,78.56
2009-07-23,80.06
2009-07-24,80.02
2009-07-27,80.36
2009-07-28,79.61
2009-07-29,80.3
2009-07-30,82.08
2009-07-31,81.95
2009-08-03,83.27
2009-08-04,83.03
2009-08-05,82.74
2009-08-06,83.11
2009-08-07,84.13
2009-08-10,83.72
2009-08-11,82.55
2009-08-12,83.44
2009-08-13,84.11
2009-08-14,83.48
2009-08-17,81.83
2009-08-18,82.92
2009-08-19,82.69
2009-08-20,83.86
2009-08-21,85.76
2009-08-24,86.49
2009-08-25,86.85
2009-08-26,86.35
2009-08-27,85.91
2009-08-28,86.76
2009-08-31,86.21
2009-09-01,84.62
2009-09-02,84.25
2009-09-03,84.28
2009-09-04,85.44
2009-09-07,86.67
2009-09-08,86.92
2009-09-09,87.74
2009-09-10,87.88
2009-09-11,88.34
2009-09-14,88.05
2009-09-15,88.2
2009-09-16,89.47
2009-09-17,89.94
2009-09-18,89.51
2009-09-21,88.82
2009-09-22,89.28
2009-09-23,89.48
2009-09-24,87.74
2009-09-25,87.36
2009-09-28,88.92
2009-09-29,89.06
2009-09-30,88.65
2009-10-01,87.25
2009-10-02,85.59
2009-10-05,86.32
2009-10-06,88.18
2009-10-07,87.86
2009-10-08,89.01
2009-10-09,88.75
2009-10-12,89.35
2009-10-13,88.47
2009-10-14,90.32
2009-10-15,90.43
2009-10-16,89.83
2009-10-19,91.21
2009-10-20,90.81
2009-10-21,91.16
2009-10-22,90.08
2009-10-23,89.59
2009-10-26,88.48
2009-10-27,88.63
2009-10-28,86.83
2009-10-29,88.44
2009-10-30,86.68
2009-11-02,86.94
2009-11-03,85.94
2009-11-04,87.53
2009-11-05,88.04
2009-11-06,88.23
2009-11-09,89.95
2009-11-10,89.79
2009-11-11,90.19
2009-11-12,90.34
2009-11-13,90.82
2009-11-16,92.12
2009-11-17,91.77
2009-11-18,91.57
2009-11-19,90.06
2009-11-20,89.36
2009-11-23,91.17
2009-11-24,90.58
2009-11-25,90.98
2009-11-26,88.0
2009-11-27,89.02
2009-11-30,87.76
2009-12-01,90.11
2009-12-02,90.56
2009-12-03,90.4
2009-12-04,91.39
2009-12-07,90.97
2009-12-08,89.55
2009-12-09,88.6
2009-12-10,89.51
2009-12-11,89.97
2009-12-14,90.67
2009-12-15,90.74
2009-12-16,91.91
2009-12-17,90.75
2009-12-18,90.39
2009-12-21,91.63
2009-12-22,92.22
2009-12-23,92.5
2009-12-24,92.5
2009-12-28,92.97
2009-12-29,93.31
2009-12-30,92.98
2009-12-31,93.25
2010-01-04,94.63
2010-01-05,94.61
2010-01-06,94.75
2010-01-07,94.78
2010-01-08,95.18
2010-01-11,95.06
2010-01-12,94.17
2010-01-13,94.39
2010-01-14,95.08
2010-01-15,94.2
2010-01-18,94.85
2010-01-19,95.6
2010-01-20,94.16
2010-01-21,92.86
2010-01-22,91.81
2010-01-25,91.22
2010-01-26,91.63
2010-01-27,90.89
2010-01-28,89.9
2010-01-29,90.76
2010-02-01,91.31
2010-02-02,92.19
2010-02-03,91.7099
2010-02-04,89.25
2010-02-05,87.3199
2010-02-08,87.85
2010-02-09,87.9599
2010-02-10,88.64
2010-02-11,88.95
2010-02-12,88.68
2010-02-15,89.01
2010-02-16,89.92
2010-02-17,91.18
2010-02-18,91.7099
2010-02-19,92.14
2010-02-22,91.91
2010-02-23,90.83
2010-02-24,91.03
2010-02-25,89.58
2010-02-26,90.51
2010-03-01,91.5699
2010-03-02,92.36
2010-03-03,93.11
2010-03-04,93.31
2010-03-05,94.8199
2010-03-08,94.74
2010-03-09,94.69
2010-03-10,95.3
2010-03-11,95.06
2010-03-12,95.36
2010-03-15,94.7099
2010-03-16,95.59
2010-03-17,96.48
2010-03-18,96.43
2010-03-19,96.06
2010-03-22,96.03
2010-03-23,96.68
2010-03-24,96.81
2010-03-25,97.79
2010-03-26,97.37
2010-03-29,97.5
2010-03-30,97.49
2010-03-31,97.39
2010-04-01,98.92
2010-04-06,99.5699
2010-04-07,99.3
2010-04-08,98.45
2010-04-09,99.74
2010-04-12,99.62
2010-04-13,99.37
2010-04-14,100.06
2010-04-15,100.72
2010-04-16,99.17
2010-04-19,98.59
2010-04-20,99.94
2010-04-21,99.39
2010-04-22,98.33
2010-04-23,99.15
2010-04-26,100.15
2010-04-27,97.03
2010-04-28,95.81
2010-04-29,97.15
2010-04-30,96.54
2010-05-03,96.86
2010-05-04,94.15
2010-05-05,93.38
2010-05-06,92.09
2010-05-07,88.56
2010-05-10,94.91
2010-05-11,94.52
2010-05-12,95.94
2010-05-13,96.19
2010-05-14,92.93
2010-05-17,92.8
2010-05-18,94.01
2010-05-19,91.22
2010-05-20,89.27
2010-05-21,88.84
2010-05-24,89.28
2010-05-25,87.0699
2010-05-26,89.19
2010-05-27,91.89
2010-05-28,91.62
2010-05-31,91.99
2010-06-01,92.14
2010-06-02,92.26
2010-06-03,93.58
2010-06-04,91.93
2010-06-07,91.26
2010-06-08,90.26
2010-06-09,91.99
2010-06-10,93.45
2010-06-11,93.8199
2010-06-14,95.02
2010-06-15,95.68
2010-06-16,95.77
2010-06-17,95.92
2010-06-18,96.11
2010-06-21,97.15
2010-06-22,96.67
2010-06-23,95.75
2010-06-24,94.0
2010-06-25,93.45
2010-06-28,94.59
2010-06-29,91.75
2010-06-30,91.58
2010-07-01,89.33
2010-07-02,89.33
2010-07-05,89.11
2010-07-06,91.4
2010-07-07,92.65
2010-07-08,93.61
2010-07-09,94.17
2010-07-12,94.59
2010-07-13,96.4
2010-07-14,96.38
2010-07-15,95.27
2010-07-16,93.44
2010-07-19,92.7099
2010-07-20,92.77
2010-07-21,93.87
2010-07-22,95.81
2010-07-23,96.41
2010-07-26,96.84
2010-07-27,97.2099
2010-07-28,96.9
2010-07-29,96.55
2010-07-30,96.2099
2010-08-02,98.77
2010-08-03,98.76
2010-08-04,98.87
2010-08-05,98.61
2010-08-06,97.56
2010-08-09,98.9
2010-08-10,98.02
2010-08-11,96.09
2010-08-12,96.18
2010-08-13,96.42
2010-08-16,96.44
2010-08-17,97.52
2010-08-18,97.24
2010-08-19,95.84
2010-08-20,95.19
2010-08-23,95.8
2010-08-24,94.17
2010-08-25,93.45
2010-08-26,94.25
2010-08-27,94.85
2010-08-30,94.84
2010-08-31,94.9
2010-09-01,97.5
2010-09-02,97.5
2010-09-03,98.34
2010-09-06,98.54
2010-09-07,98.1
2010-09-08,99.11
2010-09-09,100.15
2010-09-10,100.0
2010-09-13,100.67
2010-09-14,100.65
2010-09-15,100.33
2010-09-16,99.55
2010-09-17,99.3199
2010-09-20,100.61
2010-09-21,100.15
2010-09-22,98.72
2010-09-23,98.67
2010-09-24,99.77
2010-09-27,99.37
2010-09-28,99.16
2010-09-29,98.66
2010-09-30,98.17
2010-10-01,97.93
2010-10-04,97.42
2010-10-05,98.72
2010-10-06,99.23
2010-10-07,99.16
2010-10-08,99.14
2010-10-11,99.5
2010-10-12,99.23
2010-10-13,100.66
2010-10-14,100.45
2010-10-15,100.53
2010-10-18,100.83
2010-10-19,100.3
2010-10-20,100.65
2010-10-21,101.22
2010-10-22,100.89
2010-10-25,101.15
2010-10-26,100.95
2010-10-27,100.22
2010-10-28,100.59
2010-10-29,100.61
2010-11-01,100.78
2010-11-02,101.2
2010-11-03,100.85
2010-11-04,102.48
2010-11-05,102.91
2010-11-08,102.94
2010-11-09,103.52
2010-11-10,102.81
2010-11-11,102.77
2010-11-12,102.37
2010-11-15,103.19
2010-11-16,100.78
2010-11-17,101.34
2010-11-18,102.8
2010-11-19,102.18
2010-11-22,101.53
2010-11-23,99.9599
2010-11-24,100.98
2010-11-25,101.52
2010-11-26,101.1
2010-11-29,99.42
2010-11-30,99.3
2010-12-01,101.3199
2010-12-02,103.03
2010-12-03,102.79
2010-12-06,102.95
2010-12-07,103.91
2010-12-08,104.3199
2010-12-09,104.69
2010-12-10,104.78
2010-12-13,105.09
2010-12-14,105.35
2010-12-15,104.93
2010-12-16,105.33
2010-12-17,104.89
2010-12-20,105.63
2010-12-21,106.67
2010-12-22,106.8
2010-12-23,106.92
2010-12-24,106.79
2010-12-27,105.94
2010-12-28,106.17
2010-12-29,106.49
2010-12-30,105.13
2010-12-31,104.67
2011-01-03,105.51
2011-01-04,106.4
2011-01-05,106.44
2011-01-06,106.83
2011-01-07,106.65
2011-01-10,105.7
2011-01-11,107.02
2011-01-12,108.47
2011-01-13,107.82
2011-01-14,107.71
2011-01-17,107.84
2011-01-18,108.85
2011-01-19,107.35
2011-01-20,106.08
2011-01-21,106.79
2011-01-24,107.08
2011-01-25,106.36
2011-01-26,107.31
2011-01-27,107.47
2011-01-28,106.55
2011-01-31,106.39
2011-02-01,107.97
2011-02-02,108.16
2011-02-03,108.32
2011-02-04,108.66
2011-02-07,109.74
2011-02-08,109.67
2011-02-09,109.29
2011-02-10,109.07
2011-02-11,109.53
2011-02-14,109.96
2011-02-15,110.08
2011-02-16,110.57
2011-02-17,110.74
2011-02-18,110.7
2011-02-21,109.23
2011-02-22,108.55
2011-02-23,107.42
2011-02-24,106.81
2011-02-25,108.16
2011-02-28,109.06
2011-03-01,108.37
2011-03-02,107.68
2011-03-03,108.06
2011-03-04,107.43
2011-03-07,106.98
2011-03-08,107.39
2011-03-09,107.22
2011-03-10,105.97
2011-03-11,105.03
2011-03-14,103.92
2011-03-15,101.56
2011-03-16,100.02
2011-03-17,101.89
2011-03-18,102.1
2011-03-21,103.9
2011-03-22,103.69
2011-03-23,104.2099
2011-03-24,105.25
2011-03-25,105.36
2011-03-28,105.46
2011-03-29,105.56
2011-03-30,106.36
2011-03-31,105.36
2011-04-01,106.96
2011-04-04,107.11
2011-04-05,107.36
2011-04-06,107.63
2011-04-07,107.35
2011-04-08,107.72
2011-04-11,107.46
2011-04-12,105.65
2011-04-13,106.44
2011-04-14,106.02
2011-04-15,106.34
2011-04-18,104.64
2011-04-19,105.18
2011-04-20,107.0
2011-04-21,107.62
2011-04-26,107.94
2011-04-27,108.34
2011-04-28,108.69
2011-04-29,109.08
2011-05-02,109.22
2011-05-03,108.69
2011-05-04,107.29
2011-05-05,107.1
2011-05-06,108.59
2011-05-09,108.3
2011-05-10,109.29
2011-05-11,109.69
2011-05-12,108.96
2011-05-13,108.52
2011-05-16,108.45
2011-05-17,107.36
2011-05-18,107.74
2011-05-19,108.45
2011-05-20,108.4
2011-05-23,106.67
2011-05-24,106.92
2011-05-25,107.7
2011-05-26,107.64
2011-05-27,108.4
2011-05-30,108.31
2011-05-31,109.22
2011-06-01,108.29
2011-06-02,106.86
2011-06-03,106.47
2011-06-06,105.9
2011-06-07,105.79
2011-06-08,104.68
2011-06-09,105.75
2011-06-10,104.37
2011-06-13,104.61
2011-06-14,105.43
2011-06-15,104.31
2011-06-16,103.84
2011-06-17,104.01
2011-06-20,103.5
2011-06-21,104.99
2011-06-22,104.41
2011-06-23,102.95
2011-06-24,102.8199
2011-06-27,102.83
2011-06-28,103.31
2011-06-29,105.1
2011-06-30,106.3
2011-07-01,107.11
2011-07-04,107.36
2011-07-05,107.41
2011-07-06,107.09
2011-07-07,107.54
2011-07-08,106.71
2011-07-11,105.2
2011-07-12,104.52
2011-07-13,105.24
2011-07-14,104.35
2011-07-15,104.06
2011-07-18,102.18
2011-07-19,103.03
2011-07-20,104.38
2011-07-21,105.46
2011-07-22,106.06
2011-07-25,105.77
2011-07-26,105.31
2011-07-27,104.14
2011-07-28,104.16
2011-07-29,103.44
2011-08-01,102.2
2011-08-02,100.24
2011-08-03,98.37
2011-08-04,94.94
2011-08-05,93.27
2011-08-08,89.41
2011-08-09,90.67
2011-08-10,87.3199
2011-08-11,89.51
2011-08-12,92.78
2011-08-15,92.92
2011-08-16,92.81
2011-08-17,93.06
2011-08-18,88.62
2011-08-19,87.23
2011-08-22,87.92
2011-08-23,88.6
2011-08-24,89.84
2011-08-25,88.78
2011-08-26,88.17
2011-08-29,89.25
2011-08-30,90.18
2011-08-31,92.83
2011-09-01,93.42
2011-09-02,91.14
2011-09-05,87.39
2011-09-06,86.8199
2011-09-07,89.54
2011-09-08,90.18
2011-09-09,87.88
2011-09-12,85.67
2011-09-13,86.43
2011-09-14,87.73
2011-09-15,89.5
2011-09-16,90.08
2011-09-19,88.09
2011-09-20,89.7099
2011-09-21,88.24
2011-09-22,84.15
2011-09-23,84.66
2011-09-26,86.27
2011-09-27,90.04
2011-09-28,89.06
2011-09-29,89.65
2011-09-30,88.6
2011-10-03,87.6
2011-10-04,85.18
2011-10-05,87.81
2011-10-06,90.2099
2011-10-07,90.88
2011-10-10,92.43
2011-10-11,92.17
2011-10-12,93.7099
2011-10-13,92.68
2011-10-14,93.45
2011-10-17,92.58
2011-10-18,92.23
2011-10-19,92.78
2011-10-20,91.35
2011-10-21,93.65
2011-10-24,94.87
2011-10-25,94.18
2011-10-26,94.39
2011-10-27,97.77
2011-10-28,97.6
2011-10-31,95.45
2011-11-01,92.14
2011-11-02,93.06
2011-11-03,95.01
2011-11-04,94.05
2011-11-07,93.6
2011-11-08,94.4
2011-11-09,92.79
2011-11-10,92.42
2011-11-11,94.63
2011-11-14,93.65
2011-11-15,93.08
2011-11-16,93.13
2011-11-17,91.93
2011-11-18,91.23
2011-11-21,88.33
2011-11-22,87.75
2011-11-23,86.61
2011-11-24,86.48
2011-11-25,87.09
2011-11-28,90.36
2011-11-29,91.09
2011-11-30,94.41
2011-12-01,93.79
2011-12-02,94.67
2011-12-05,95.4599
2011-12-06,95.14
2011-12-07,94.9599
2011-12-08,93.49
2011-12-09,94.59
2011-12-12,92.85
2011-12-13,93.34
2011-12-14,91.43
2011-12-15,92.33
2011-12-16,91.93
2011-12-19,91.98
2011-12-20,93.85
2011-12-21,93.37
2011-12-22,94.35
2011-12-23,95.17
2011-12-27,95.19
2011-12-28,94.53
2011-12-29,95.41
2011-12-30,96.24
2012-01-02,97.26
2012-01-03,98.81
2012-01-04,98.25
2012-01-05,97.37
2012-01-06,97.43
2012-01-09,96.99
2012-01-10,98.74
2012-01-11,98.39
2012-01-12,98.23
2012-01-13,98.1
2012-01-16,98.89
2012-01-17,99.73
2012-01-18,99.83
2012-01-19,101.05
2012-01-20,100.77
2012-01-23,101.23
2012-01-24,100.85
2012-01-25,100.48
2012-01-26,101.63
2012-01-27,100.66
2012-01-30,99.52
2012-01-31,100.27
2012-02-01,102.28
2012-02-02,102.52
2012-02-03,104.29
2012-02-06,104.16
2012-02-07,103.88
2012-02-08,103.67
2012-02-09,103.91
2012-02-10,102.97
2012-02-13,103.73
2012-02-14,103.49
2012-02-15,104.24
2012-02-16,104.3
2012-02-17,104.94
2012-02-20,105.83
2012-02-21,105.28
2012-02-22,104.44
2012-02-23,104.23
2012-02-24,104.51
2012-02-27,104.24
2012-02-28,104.43
2012-02-29,104.47
2012-03-01,105.56
2012-03-02,105.62
2012-03-05,104.97
2012-03-06,102.16
2012-03-07,102.88
2012-03-08,104.5699
2012-03-09,105.09
2012-03-12,104.86
2012-03-13,106.72
2012-03-14,107.05
2012-03-15,107.33
2012-03-16,107.89
2012-03-19,107.78
2012-03-20,106.55
2012-03-21,106.46
2012-03-22,105.22
2012-03-23,105.3
2012-03-26,106.28
2012-03-27,105.81
2012-03-28,104.74
2012-03-29,103.42
2012-03-30,104.4599
2012-04-02,106.04
2012-04-03,104.9
2012-04-04,102.73
2012-04-05,102.91
2012-04-10,100.34
2012-04-11,101.1
2012-04-12,102.27
2012-04-13,100.75
2012-04-16,101.13
2012-04-17,103.22
2012-04-18,102.56
2012-04-19,102.1
2012-04-20,102.67
2012-04-23,100.38
2012-04-24,101.44
2012-04-25,102.56
2012-04-26,102.7
2012-04-27,103.53
2012-04-30,102.91
2012-05-01,103.35
2012-05-02,103.01
2012-05-03,103.08
2012-05-04,101.42
2012-05-07,102.19
2012-05-08,100.53
2012-05-09,100.3
2012-05-10,100.99
2012-05-11,101.39
2012-05-14,99.5699
2012-05-15,98.91
2012-05-16,98.43
2012-05-17,97.34
2012-05-18,96.3199
2012-05-21,96.93
2012-05-22,98.8
2012-05-23,96.69
2012-05-24,97.68
2012-05-25,97.9599
2012-05-28,97.9599
2012-05-29,98.7099
2012-05-30,97.26
2012-05-31,96.93
2012-06-01,95.08
2012-06-04,94.59
2012-06-05,94.89
2012-06-06,97.15
2012-06-07,98.24
2012-06-08,97.99
2012-06-11,98.0
2012-06-12,98.62
2012-06-13,98.26
2012-06-14,97.97
2012-06-15,98.93
2012-06-18,99.05
2012-06-19,100.64
2012-06-20,101.22
2012-06-21,100.72
2012-06-22,99.98
2012-06-25,98.4599
2012-06-26,98.37
2012-06-27,99.72
2012-06-28,99.24
2012-06-29,101.87
2012-07-02,103.36
2012-07-03,104.41
2012-07-04,104.41
2012-07-05,104.25
2012-07-06,103.22
2012-07-09,102.84
2012-07-10,103.72
2012-07-11,103.72
2012-07-12,102.63
2012-07-13,104.03
2012-07-16,104.22
2012-07-17,103.9599
2012-07-18,105.12
2012-07-19,106.31
2012-07-20,104.81
2012-07-23,102.2099
2012-07-24,101.73
2012-07-25,101.67
2012-07-26,104.19
2012-07-27,105.5
2012-07-30,107.18
2012-07-31,106.14
2012-08-01,106.63
2012-08-02,105.29
2012-08-03,107.85
2012-08-06,108.35
2012-08-07,109.16
2012-08-08,109.49
2012-08-09,109.92
2012-08-10,109.77
2012-08-13,109.29
2012-08-14,110.03
2012-08-15,110.04
2012-08-16,110.4
2012-08-17,111.05
2012-08-20,110.52
2012-08-21,110.95
2012-08-22,109.62
2012-08-23,108.98
2012-08-24,109.11
2012-08-27,109.6
2012-08-28,108.83
2012-08-29,108.72
2012-08-30,107.89
2012-08-31,108.4
2012-09-03,109.31
2012-09-04,108.08
2012-09-05,108.15
2012-09-06,110.67
2012-09-07,110.95
2012-09-10,110.7
2012-09-11,111.07
2012-09-12,111.21
2012-09-13,111.01
2012-09-14,112.45
2012-09-17,112.07
2012-09-18,111.57
2012-09-19,112.03
2012-09-20,111.87
2012-09-21,112.39
2012-09-24,112.01
2012-09-25,112.47
2012-09-26,110.42
2012-09-27,110.8
2012-09-28,109.51
2012-10-01,111.09
2012-10-02,110.8
2012-10-03,110.7
2012-10-04,110.68
2012-10-05,111.82
2012-10-08,110.73
2012-10-09,110.23
2012-10-10,109.64
2012-10-11,110.51
2012-10-12,109.93
2012-10-15,110.5
2012-10-16,111.96
2012-10-17,112.52
2012-10-18,112.73
2012-10-19,111.87
2012-10-22,111.42
2012-10-23,109.56
2012-10-24,110.06
2012-10-25,110.35
2012-10-26,110.46
2012-10-29,110.03
2012-10-30,110.97
2012-10-31,110.38
2012-11-01,111.77
2012-11-02,112.24
2012-11-05,111.57
2012-11-06,112.19
2012-11-07,110.73
2012-11-08,110.54
2012-11-09,110.42
2012-11-12,110.12
2012-11-13,110.56
2012-11-14,109.61
2012-11-15,108.54
2012-11-16,107.45
2012-11-19,109.8
2012-11-20,110.17
2012-11-21,110.47
2012-11-22,111.12
2012-11-23,111.79
2012-11-26,111.24
2012-11-27,111.6
2012-11-28,111.73
2012-11-29,113.03
2012-11-30,112.81
2012-12-03,112.96
2012-12-04,113.01
2012-12-05,113.3
2012-12-06,114.08
2012-12-07,114.23
2012-12-10,114.38
2012-12-11,114.77
2012-12-12,114.84
2012-12-13,114.43
2012-12-14,114.34
2012-12-17,114.28
2012-12-18,114.8
2012-12-19,115.29
2012-12-20,115.36
2012-12-21,115.01
2012-12-24,114.83
2012-12-27,114.88
2012-12-28,114.13
2012-12-31,114.5
2013-01-02,116.82
2013-01-03,117.45
2013-01-04,117.86
2013-01-07,117.37
2013-01-08,117.21
2013-01-09,118.02
2013-01-10,117.71
2013-01-11,117.57
2013-01-14,117.13
2013-01-15,117.15
2013-01-16,117.19
2013-01-17,117.73
2013-01-18,117.6
2013-01-21,117.91
2013-01-22,117.86
2013-01-23,118.1
2013-01-24,118.43
2013-01-25,118.77
2013-01-28,118.62
2013-01-29,119.01
2013-01-30,118.33
2013-01-31,117.75
2013-02-01,118.15
2013-02-04,116.39
2013-02-05,117.07
2013-02-06,116.66
2013-02-07,116.4
2013-02-08,117.82
2013-02-11,117.11
2013-02-12,117.7
2013-02-13,118.28
2013-02-14,118.09
2013-02-15,117.9
2013-02-18,117.67
2013-02-19,119.0
2013-02-20,118.66
2013-02-21,116.94
2013-02-22,118.46
2013-02-25,118.39
2013-02-26,116.93
2013-02-27,118.0
2013-02-28,119.14
2013-03-01,118.77
2013-03-04,118.72
2013-03-05,120.86
2013-03-06,120.61
2013-03-07,120.61
2013-03-08,121.59
2013-03-11,121.47
2013-03-12,121.52
2013-03-13,121.57
2013-03-14,122.88
2013-03-15,122.46
2013-03-18,122.23
2013-03-19,121.71
2013-03-20,122.18
2013-03-21,121.4
2013-03-22,121.24
2013-03-25,120.92
2013-03-26,121.14
2013-03-27,120.62
2013-03-28,121.18
2013-04-02,122.72
2013-04-03,121.63
2013-04-04,120.37
2013-04-05,118.49
2013-04-08,118.78
2013-04-09,118.95
2013-04-10,121.11
2013-04-11,121.9
2013-04-12,120.9
2013-04-15,120.21
2013-04-16,119.28
2013-04-17,117.48
2013-04-18,117.49
2013-04-19,118.17
2013-04-22,118.39
2013-04-23,121.29
2013-04-24,122.22
2013-04-25,123.2
2013-04-26,122.89
2013-04-29,123.64
2013-04-30,123.4
2013-05-01,123.5
2013-05-02,123.96
2013-05-03,125.3
2013-05-06,125.34
2013-05-07,125.69
2013-05-08,126.63
2013-05-09,126.77
2013-05-10,127.31
2013-05-13,127.09
2013-05-14,127.65
2013-05-15,128.74
2013-05-16,128.74
2013-05-17,129.11
2013-05-20,129.65
2013-05-21,129.77
2013-05-22,130.08
2013-05-23,127.33
2013-05-24,127.09
2013-05-27,127.51
2013-05-28,129.15
2013-05-29,126.77
2013-05-30,127.24
2013-05-31,126.13
2013-06-03,125.18
2013-06-04,125.6
2013-06-05,123.78
2013-06-06,122.36
2013-06-07,123.92
2013-06-10,123.85
2013-06-11,122.39
2013-06-12,122.04
2013-06-13,121.97
2013-06-14,122.23
2013-06-17,123.12
2013-06-18,123.03
2013-06-19,122.77
2013-06-20,119.13
2013-06-21,117.76
2013-06-24,115.82
2013-06-25,117.51
2013-06-26,119.57
2013-06-27,120.35
2013-06-28,119.77
2013-07-01,121.16
2013-07-02,120.67
2013-07-03,120.0
2013-07-04,122.82
2013-07-05,121.2
2013-07-08,122.92
2013-07-09,123.84
2013-07-10,123.97
2013-07-11,124.68
2013-07-12,124.54
2013-07-15,125.07
2013-07-16,124.2
2013-07-17,124.93
2013-07-18,126.08
2013-07-19,126.12
2013-07-22,126.31
2013-07-23,125.95
2013-07-24,126.65
2013-07-25,126.04
2013-07-26,125.73
2013-07-29,125.8
2013-07-30,125.96
2013-07-31,126.03
2013-08-01,127.6
2013-08-02,127.96
2013-08-05,128.21
2013-08-06,127.69
2013-08-07,127.5
2013-08-08,128.07
2013-08-09,128.81
2013-08-12,128.88
2013-08-13,129.6
2013-08-14,130.07
2013-08-15,128.69
2013-08-16,129.12
2013-08-19,128.45
2013-08-20,127.39
2013-08-21,126.76
2013-08-22,128.0
2013-08-23,128.49
2013-08-26,128.3899
2013-08-27,126.09
2013-08-28,125.64
2013-08-29,126.58
2013-08-30,125.39
2013-09-02,127.76
2013-09-03,127.28
2013-09-04,127.55
2013-09-05,128.49
2013-09-06,129.1399
2013-09-09,129.03
2013-09-10,130.7
2013-09-11,131.16
2013-09-12,131.11
2013-09-13,131.41
2013-09-16,132.25
2013-09-17,131.63
2013-09-18,132.19
2013-09-19,132.94
2013-09-20,132.58
2013-09-23,131.94
2013-09-24,132.21
2013-09-25,132.15
2013-09-26,132.15
2013-09-27,131.8
2013-09-30,131.08
2013-10-01,132.1
2013-10-02,131.23
2013-10-03,130.71
2013-10-04,130.86
2013-10-07,130.56
2013-10-08,129.57
2013-10-09,128.87
2013-10-10,131.05
2013-10-11,131.61
2013-10-14,131.87
2013-10-15,132.97
2013-10-16,133.31
2013-10-17,133.49
2013-10-18,134.55
2013-10-21,135.0
2013-10-22,135.61
2013-10-23,134.81
2013-10-24,135.4
2013-10-25,135.28
2013-10-28,135.03
2013-10-29,135.56
2013-10-30,135.58
2013-10-31,136.25
2013-11-01,135.88
2013-11-04,136.3
2013-11-05,136.05
2013-11-06,136.71
2013-11-07,136.69
2013-11-08,136.48
2013-11-11,136.84
2013-11-12,136.04
2013-11-13,135.33
2013-11-14,136.43
2013-11-15,136.7
2013-11-18,137.4199
2013-11-19,136.52
2013-11-20,136.71
2013-11-21,136.5
2013-11-22,136.65
2013-11-25,137.25
2013-11-26,136.43
2013-11-27,137.2
2013-11-28,137.69
2013-11-29,137.68
2013-12-02,137.23
2013-12-03,135.13
2013-12-04,134.36
2013-12-05,133.16
2013-12-06,134.06
2013-12-09,134.34
2013-12-10,133.3899
2013-12-11,132.71
2013-12-12,131.4199
2013-12-13,131.21
2013-12-16,132.8899
2013-12-17,131.9
2013-12-18,133.05
2013-12-19,135.36
2013-12-20,136.08
2013-12-23,137.05
2013-12-24,137.4
2013-12-27,138.87
2013-12-30,138.6399
2013-12-31,139.12
2014-01-02,138.09
2014-01-03,138.86
2014-01-06,138.58
2014-01-07,139.61
2014-01-08,139.76
2014-01-09,139.19
2014-01-10,139.85
2014-01-13,140.18
2014-01-14,140.4
2014-01-15,141.85
2014-01-16,141.63
2014-01-17,142.4
2014-01-20,142.27
2014-01-21,142.38
2014-01-22,142.53
2014-01-23,141.09
2014-01-24,137.73
2014-01-27,136.57
2014-01-28,137.5
2014-01-29,136.78
2014-01-30,137.18
2014-01-31,136.84
2014-02-03,135.01
2014-02-04,134.75
2014-02-05,134.96
2014-02-06,136.97
2014-02-07,137.95
2014-02-10,138.04
2014-02-11,139.83
2014-02-12,140.94
2014-02-13,140.72
2014-02-14,141.5
2014-02-17,142.03
2014-02-18,142.04
2014-02-19,142.28
2014-02-20,142.22
2014-02-21,142.77
2014-02-24,143.66
2014-02-25,143.76
2014-02-26,143.48
2014-02-27,143.38
2014-02-28,143.73
2014-03-03,140.47
2014-03-04,143.36
2014-03-05,143.38
2014-03-06,143.57
2014-03-07,141.78
2014-03-10,141.07
2014-03-11,141.11
2014-03-12,139.73
2014-03-13,138.26
2014-03-14,137.29
2014-03-17,138.83
2014-03-18,139.73
2014-03-19,139.62
2014-03-20,139.66
2014-03-21,139.83
2014-03-24,138.37
2014-03-25,140.15
2014-03-26,141.19
2014-03-27,141.4199
2014-03-28,142.43
2014-03-31,142.69
2014-04-01,143.57
2014-04-02,143.84
2014-04-03,144.01
2014-04-04,144.88
2014-04-07,143.1
2014-04-08,142.6399
2014-04-09,143.24
2014-04-10,142.54
2014-04-11,140.57
2014-04-14,141.2
2014-04-15,139.85
2014-04-16,141.68
2014-04-17,142.4
2014-04-22,144.4
2014-04-23,143.61
2014-04-24,144.1
2014-04-25,143.03
2014-04-28,143.32
2014-04-29,145.05
2014-04-30,145.1
2014-05-01,145.36
2014-05-02,145.1699
2014-05-05,144.93
2014-05-06,144.57
2014-05-07,144.69
2014-05-08,146.3
2014-05-09,145.8899
2014-05-12,147.06
2014-05-13,147.48
2014-05-14,147.5
2014-05-15,146.2
2014-05-16,146.5
2014-05-19,146.4
2014-05-20,146.36
2014-05-21,147.29
2014-05-22,147.61
2014-05-23,147.97
2014-05-26,148.82
2014-05-27,149.18
2014-05-28,149.15
2014-05-29,149.26
2014-05-30,149.15
2014-06-02,149.58
2014-06-03,148.8899
2014-06-04,148.97
2014-06-05,149.59
2014-06-06,150.59
2014-06-09,151.16
2014-06-10,151.65
2014-06-11,150.86
2014-06-12,150.9
2014-06-13,150.57
2014-06-16,149.9
2014-06-17,150.29
2014-06-18,150.2
2014-06-19,151.09
2014-06-20,151.06
2014-06-23,150.31
2014-06-24,149.99
2014-06-25,148.45
2014-06-26,148.41
2014-06-27,148.47
2014-06-30,148.43
2014-07-01,149.76
2014-07-02,150.12
2014-07-03,151.55
2014-07-04,151.13
2014-07-07,149.76
2014-07-08,147.6699
2014-07-09,147.6699
2014-07-10,146.12
2014-07-11,146.35
2014-07-14,147.6
2014-07-15,147.04
2014-07-16,149.03
2014-07-17,147.63
2014-07-18,147.6
2014-07-21,146.85
2014-07-22,148.8
2014-07-23,149.0
2014-07-24,149.6399
2014-07-25,148.61
2014-07-28,148.34
2014-07-29,148.75
2014-07-30,147.96
2014-07-31,146.02
2014-08-01,144.25
2014-08-04,143.9199
2014-08-05,144.33
2014-08-06,143.18
2014-08-07,142.22
2014-08-08,141.32
2014-08-11,143.26
2014-08-12,142.99
2014-08-13,143.69
2014-08-14,144.13
2014-08-15,143.56
2014-08-18,145.25
2014-08-19,146.07
2014-08-20,146.06
2014-08-21,147.03
2014-08-22,146.7
2014-08-25,148.32
2014-08-26,149.41
2014-08-27,149.58
2014-08-28,148.59
2014-08-29,149.01
2014-09-01,149.38
2014-09-02,149.33
2014-09-03,150.34
2014-09-04,152.05
2014-09-05,151.48
2014-09-08,150.83
2014-09-09,150.3
2014-09-10,150.24
2014-09-11,150.05
2014-09-12,150.05
2014-09-15,149.9
2014-09-16,149.43
2014-09-17,150.11
2014-09-18,151.59
2014-09-19,151.9199
2014-09-22,151.16
2014-09-23,149.09
2014-09-24,150.18
2014-09-25,148.91
2014-09-26,149.28
2014-09-29,148.73
2014-09-30,149.6399
2014-10-01,148.4
2014-10-02,144.83
2014-10-03,146.21
2014-10-06,146.56
2014-10-07,144.31
2014-10-08,143.07
2014-10-09,142.5
2014-10-10,140.3
2014-10-13,140.29
2014-10-14,140.28
2014-10-15,135.84
2014-10-16,135.27
2014-10-17,139.04
2014-10-20,138.35
2014-10-21,141.29
2014-10-22,142.32
2014-10-23,143.31
2014-10-24,142.84
2014-10-27,141.94
2014-10-28,143.31
2014-10-29,143.54
2014-10-30,144.3899
2014-10-31,147.05
2014-11-03,145.94
2014-11-04,144.48
2014-11-05,146.87
2014-11-06,147.27
2014-11-07,146.47
2014-11-10,147.54
2014-11-11,148.08
2014-11-12,146.4199
2014-11-13,146.8
2014-11-14,146.7
2014-11-17,147.4199
2014-11-18,148.31
2014-11-19,148.27
2014-11-20,147.94
2014-11-21,150.98
2014-11-24,151.2
2014-11-25,151.45
2014-11-26,151.45
2014-11-27,151.98
2014-11-28,151.88
2014-12-01,151.18
2014-12-02,151.95
2014-12-03,152.81
2014-12-04,150.86
2014-12-05,153.55
2014-12-08,152.52
2014-12-09,148.97
2014-12-10,148.46
2014-12-11,148.47
2014-12-12,144.63
2014-12-15,141.5
2014-12-16,143.94
2014-12-17,144.1399
2014-12-18,148.4
2014-12-19,148.95
2014-12-22,149.71
2014-12-23,150.62
2014-12-24,150.54
2014-12-29,150.72
2014-12-30,149.3
2014-12-31,149.97
2015-01-02,149.44
2015-01-05,146.23
2015-01-06,145.19
2015-01-07,145.88
2015-01-08,149.9
2015-01-09,147.96
2015-01-12,148.81
2015-01-13,150.96
2015-01-14,148.77
2015-01-15,152.63
2015-01-16,154.36
2015-01-19,154.71
2015-01-20,155.93
2015-01-21,156.87
2015-01-22,159.49
2015-01-23,162.26
2015-01-26,163.1399
2015-01-27,161.53
2015-01-28,161.75
2015-01-29,161.62
2015-01-30,160.87
2015-02-02,160.97
2015-02-03,162.29
2015-02-04,163.08
2015-02-05,163.28
2015-02-06,163.6399
2015-02-09,162.43
2015-02-10,163.47
2015-02-11,163.08
2015-02-12,164.37
2015-02-13,165.36
2015-02-16,165.1399
2015-02-17,165.34
2015-02-18,166.81
2015-02-19,167.35
2015-02-20,167.73
2015-02-23,168.96
2015-02-24,169.93
2015-02-25,169.71
2015-02-26,171.46
2015-02-27,172.12
2015-03-02,171.72
2015-03-03,170.27
2015-03-04,171.55
2015-03-05,173.1699
2015-03-06,173.35
2015-03-09,172.91
2015-03-10,171.38
2015-03-11,173.94
2015-03-12,173.95
2015-03-13,174.5
2015-03-16,176.08
2015-03-17,174.83
2015-03-18,175.41
2015-03-19,176.45
2015-03-20,177.93
2015-03-23,176.75
2015-03-24,177.31
2015-03-25,175.32
2015-03-26,173.88
2015-03-27,174.37
2015-03-30,176.28
2015-03-31,175.1699
2015-04-01,175.72
2015-04-02,175.49
2015-04-07,178.44
2015-04-08,178.6
2015-04-09,180.62
2015-04-10,182.32
2015-04-13,182.63
2015-04-14,181.83
2015-04-15,182.91
2015-04-16,181.58
2015-04-17,178.44
2015-04-20,180.0
2015-04-21,181.04
2015-04-22,181.0
2015-04-23,180.33
2015-04-24,180.95
2015-04-27,182.75
2015-04-28,180.05
2015-04-29,176.09
2015-04-30,175.55
2015-05-01,175.05
2015-05-04,176.1399
2015-05-05,173.63
2015-05-06,172.6399
2015-05-07,172.93
2015-05-08,177.97
2015-05-11,178.68
2015-05-12,176.4
2015-05-13,176.18
2015-05-14,177.4199
2015-05-15,176.74
2015-05-18,177.62
2015-05-19,180.62
2015-05-20,181.4
2015-05-21,182.13
2015-05-22,182.1399
2015-05-25,181.62
2015-05-26,180.34
2015-05-27,182.7
2015-05-28,181.88
2015-05-29,178.77
2015-06-01,179.1
2015-06-02,177.28
2015-06-03,177.06
2015-06-04,175.6399
2015-06-05,174.01
2015-06-08,172.45
2015-06-09,171.77
2015-06-10,174.88
2015-06-11,175.94
2015-06-12,174.32
2015-06-15,171.48
2015-06-16,172.58
2015-06-17,171.81
2015-06-18,172.05
2015-06-19,172.6699
2015-06-22,176.58
2015-06-23,178.62
2015-06-24,177.95
2015-06-25,177.55
2015-06-26,177.76
2015-06-29,172.97
2015-06-30,170.8
2015-07-01,173.3899
2015-07-02,172.7
2015-07-03,171.8
2015-07-06,169.69
2015-07-07,167.03
2015-07-08,167.09
2015-07-09,170.76
2015-07-10,174.23
2015-07-13,177.66
2015-07-14,178.49
2015-07-15,179.27
2015-07-16,181.7
2015-07-17,181.81
2015-07-20,182.31
2015-07-21,180.46
2015-07-22,179.3899
2015-07-23,178.43
2015-07-24,176.88
2015-07-27,172.98
2015-07-28,174.82
2015-07-29,176.61
2015-07-30,177.61
2015-07-31,177.6699
2015-08-03,179.06
2015-08-04,178.76
2015-08-05,181.08
2015-08-06,179.73
2015-08-07,178.12
2015-08-10,179.36
2015-08-11,176.58
2015-08-12,171.81
2015-08-13,173.74
2015-08-14,173.54
2015-08-17,173.99
2015-08-18,174.3899
2015-08-19,171.32
2015-08-20,167.83
2015-08-21,162.37
2015-08-24,153.71
2015-08-25,160.16
2015-08-26,157.36
2015-08-27,162.84
2015-08-28,163.29
2015-08-31,163.07
2015-09-01,158.62
2015-09-02,159.05
2015-09-03,162.83
2015-09-04,158.73
2015-09-07,159.49
2015-09-08,161.38
2015-09-09,163.53
2015-09-10,161.59
2015-09-11,159.96
2015-09-14,159.02
2015-09-15,160.28
2015-09-16,162.72
2015-09-17,162.43
2015-09-18,159.55
2015-09-21,160.95
2015-09-22,155.93
2015-09-23,156.07
2015-09-24,152.78
2015-09-25,157.12
2015-09-28,153.68
2015-09-29,152.62
2015-09-30,156.47
2015-10-01,155.79
2015-10-02,156.53
2015-10-05,161.25
2015-10-06,162.18
2015-10-07,162.4199
2015-10-08,162.75
2015-10-09,163.29
2015-10-12,162.83
2015-10-13,161.35
2015-10-14,160.15
2015-10-15,162.49
2015-10-16,163.45
2015-10-19,163.96
2015-10-20,163.26
2015-10-21,163.25
2015-10-22,166.63
2015-10-23,169.95
2015-10-26,169.29
2015-10-27,167.48
2015-10-28,169.26
2015-10-29,169.24
2015-10-30,169.13
2015-11-02,169.72
2015-11-03,170.45
2015-11-04,171.32
2015-11-05,170.6699
2015-11-06,171.21
2015-11-09,169.38
2015-11-10,169.56
2015-11-11,170.66
2015-11-12,167.98
2015-11-13,166.62
2015-11-16,167.13
2015-11-17,171.29
2015-11-18,171.08
2015-11-19,171.87
2015-11-20,172.24
2015-11-23,171.61
2015-11-24,169.48
2015-11-25,171.83
2015-11-26,173.44
2015-11-27,173.13
2015-11-30,173.9199
2015-12-01,173.3899
2015-12-02,173.36
2015-12-03,167.93
2015-12-04,167.25
2015-12-07,168.11
2015-12-08,165.07
2015-12-09,164.37
2015-12-10,163.94
2015-12-11,160.6
2015-12-14,157.77
2015-12-15,162.31
2015-12-16,162.69
2015-12-17,164.72
2015-12-18,163.06
2015-12-21,161.27
2015-12-22,161.1399
2015-12-23,165.44
2015-12-24,165.4
2015-12-28,164.6
2015-12-29,166.94
2015-12-30,166.05
2015-12-31,165.2
2016-01-04,161.07
2016-01-05,162.07
2016-01-06,160.03
2016-01-07,156.5
2016-01-08,154.1699
2016-01-11,153.66
2016-01-12,155.04
2016-01-13,155.68
2016-01-14,153.33
2016-01-15,149.0
2016-01-18,148.46
2016-01-19,150.4
2016-01-20,145.59
2016-01-21,148.4199
2016-01-22,152.87
2016-01-25,151.93
2016-01-26,153.25
2016-01-27,153.78
2016-01-28,151.37
2016-01-29,154.7
2016-02-01,154.4199
2016-02-02,151.25
2016-02-03,148.9199
2016-02-04,148.65
2016-02-05,147.35
2016-02-08,142.1399
2016-02-09,139.9
2016-02-10,142.52
2016-02-11,137.31
2016-02-12,141.3
2016-02-15,145.53
2016-02-16,144.91
2016-02-17,148.71
2016-02-18,148.8899
2016-02-19,147.74
2016-02-22,150.21
2016-02-23,148.38
2016-02-24,144.96
2016-02-25,148.01
2016-02-26,150.27
2016-02-29,151.36
2016-03-01,153.53
2016-03-02,154.55
2016-03-03,154.05
2016-03-04,155.13
2016-03-07,154.74
2016-03-08,153.18
2016-03-09,153.94
2016-03-10,151.4199
2016-03-11,155.3899
2016-03-14,156.49
2016-03-15,154.76
2016-03-16,154.84
2016-03-17,154.77
2016-03-18,155.31
2016-03-21,154.98
2016-03-22,154.75
2016-03-23,154.68
2016-03-24,152.45
2016-03-29,153.22
2016-03-30,155.22
2016-03-31,153.59
2016-04-01,151.65
2016-04-04,152.27
2016-04-05,149.41
2016-04-06,150.59
2016-04-07,149.58
2016-04-08,151.32
2016-04-11,151.93
2016-04-12,152.75
2016-04-13,156.61
2016-04-14,157.1
2016-04-15,156.58
2016-04-18,157.24
2016-04-19,159.56
2016-04-20,160.25
2016-04-21,159.77
2016-04-22,159.3
2016-04-25,158.51
2016-04-26,158.8899
2016-04-27,159.41
2016-04-28,159.85
2016-04-29,156.52
2016-05-02,156.55
2016-05-03,153.98
2016-05-04,152.3
2016-05-05,152.98
2016-05-06,152.5
2016-05-09,153.22
2016-05-10,154.69
2016-05-11,154.03
2016-05-12,153.41
2016-05-13,154.22
2016-05-16,154.32
2016-05-17,154.36
2016-05-18,155.69
2016-05-19,154.13
2016-05-20,156.04
2016-05-23,155.6
2016-05-24,159.04
2016-05-25,161.13
2016-05-26,161.35
2016-05-27,161.72
2016-05-30,161.97
2016-05-31,160.74
2016-06-01,159.2
2016-06-02,159.4
2016-06-03,158.0
2016-06-06,158.57
2016-06-07,160.35
2016-06-08,159.57
2016-06-09,158.1399
2016-06-10,154.28
2016-06-13,151.45
2016-06-14,148.54
2016-06-15,149.98
2016-06-16,148.91
2016-06-17,151.02
2016-06-20,156.56
2016-06-21,157.69
2016-06-22,158.28
2016-06-23,160.63
2016-06-24,149.33
2016-06-27,143.2
2016-06-28,146.9
2016-06-29,151.44
2016-06-30,153.04
2016-07-01,154.15
2016-07-04,153.02
2016-07-05,150.44
2016-07-06,147.94
2016-07-07,149.51
2016-07-08,151.94
2016-07-11,154.47
2016-07-12,156.11
2016-07-13,155.91
2016-07-14,157.15
2016-07-15,156.88
2016-07-18,157.25
2016-07-19,156.61
2016-07-20,158.23
2016-07-21,158.12
2016-07-22,158.0
2016-07-25,158.28
2016-07-26,158.44
2016-07-27,159.1399
2016-07-28,157.65
2016-07-29,158.77
2016-08-01,157.83
2016-08-02,155.79
2016-08-03,155.84
2016-08-04,156.98
2016-08-05,158.6399
2016-08-08,158.72
2016-08-09,160.18
2016-08-10,159.86
2016-08-11,161.32
2016-08-12,161.07
2016-08-15,161.05
2016-08-16,159.78
2016-08-17,158.45
2016-08-18,159.65
2016-08-19,158.36
2016-08-22,158.5
2016-08-23,159.98
2016-08-24,160.6
2016-08-25,159.26
2016-08-26,160.05
2016-08-29,159.81
2016-08-30,160.54
2016-08-31,159.97
2016-09-01,160.04
2016-09-02,163.2
2016-09-05,163.28
2016-09-06,162.75
2016-09-07,163.21
2016-09-08,162.7
2016-09-09,160.93
2016-09-12,159.4
2016-09-13,157.76
2016-09-14,157.62
2016-09-15,158.52
2016-09-16,157.35
2016-09-19,158.98
2016-09-20,158.85
2016-09-21,159.55
2016-09-22,162.08
2016-09-23,160.91
2016-09-26,158.4199
2016-09-27,158.54
2016-09-28,159.65
2016-09-29,159.73
2016-09-30,159.82
2016-10-03,159.98
2016-10-04,161.32
2016-10-05,160.43
2016-10-06,159.82
2016-10-07,158.34
2016-10-10,159.43
2016-10-11,158.59
2016-10-12,157.85
2016-10-13,156.49
2016-10-14,158.51
2016-10-17,157.33
2016-10-18,159.71
2016-10-19,160.25
2016-10-20,160.61
2016-10-21,160.61
2016-10-24,160.61
2016-10-25,160.05
2016-10-26,159.44
2016-10-27,159.45
2016-10-28,159.03
2016-10-31,158.19
2016-11-01,156.49
2016-11-02,154.74
2016-11-03,154.76
2016-11-04,153.48
2016-11-07,155.83
2016-11-08,156.34
2016-11-09,158.62
2016-11-10,158.27
2016-11-11,157.62
2016-11-14,157.97
2016-11-15,158.46
2016-11-16,158.15
2016-11-17,159.16
2016-11-18,158.6
2016-11-21,159.01
2016-11-22,159.37
2016-11-23,159.26
2016-11-24,159.81
2016-11-25,160.1
2016-11-28,158.87
2016-11-29,159.41
2016-11-30,159.9
2016-12-01,159.38
2016-12-02,158.68
2016-12-05,159.58
2016-12-06,161.13
2016-12-07,162.6
2016-12-08,164.61
2016-12-09,166.21
2016-12-12,165.44
2016-12-13,167.2
2016-12-14,166.37
2016-12-15,167.81
2016-12-16,168.38
2016-12-19,168.2
2016-12-20,169.01
2016-12-21,168.69
2016-12-22,168.35
2016-12-23,168.4199
2016-12-27,168.66
2016-12-28,169.15
2016-12-29,168.57
2016-12-30,169.12
2017-01-02,169.94
2017-01-03,171.13
2017-01-04,170.9199
2017-01-05,171.11
2017-01-06,171.02
2017-01-09,170.19
2017-01-10,170.3899
2017-01-11,170.78
2017-01-12,169.66
2017-01-13,171.27
2017-01-16,169.88
2017-01-17,169.62
2017-01-18,169.93
2017-01-19,169.84
2017-01-20,169.72
2017-01-23,169.0
2017-01-24,169.43
2017-01-25,171.61
2017-01-26,172.04
2017-01-27,171.52
2017-01-30,169.75
2017-01-31,168.61
2017-02-01,170.05
2017-02-02,169.54
2017-02-03,170.53
2017-02-06,169.38
2017-02-07,169.9199
2017-02-08,170.48
2017-02-09,171.83
2017-02-10,172.12
2017-02-13,173.4
2017-02-14,173.43
2017-02-15,174.04
2017-02-16,173.54
2017-02-17,173.6
2017-02-20,173.99
2017-02-21,175.09
2017-02-22,175.09
2017-02-23,175.01
2017-02-24,173.68
2017-02-27,173.45
2017-02-28,173.79
2017-03-01,176.36
2017-03-02,176.49
2017-03-03,176.32
2017-03-06,175.4
2017-03-07,174.93
2017-03-08,175.07
2017-03-09,175.26
2017-03-10,175.4199
2017-03-13,176.09
2017-03-14,175.53
2017-03-15,176.3
2017-03-16,177.73
2017-03-17,178.07
2017-03-20,177.81
2017-03-21,176.87
2017-03-22,176.09
2017-03-23,177.61
2017-03-24,177.31
2017-03-27,176.63
2017-03-28,177.71
2017-03-29,178.32
2017-03-30,179.38
2017-03-31,179.78
2017-04-03,178.93
2017-04-04,179.29
2017-04-05,179.36
2017-04-06,179.79
2017-04-07,180.05
2017-04-10,180.2
2017-04-11,180.18
2017-04-12,180.51
2017-04-13,179.93
2017-04-18,177.98
2017-04-19,178.45
2017-04-20,178.88
2017-04-21,178.9199
2017-04-24,182.76
2017-04-25,183.21
2017-04-26,184.09
2017-04-27,183.8
2017-04-28,183.54
2017-05-01,183.33
2017-05-02,184.85
2017-05-03,184.8
2017-05-04,186.18
2017-05-05,187.49
2017-05-08,187.35
2017-05-09,188.24
2017-05-10,188.59
2017-05-11,187.81
2017-05-12,188.47
2017-05-15,188.78
2017-05-16,188.85
2017-05-17,186.6
2017-05-18,185.79
2017-05-19,186.91
2017-05-22,186.86
2017-05-23,187.3
2017-05-24,187.51
2017-05-25,187.43
2017-05-26,187.07
2017-05-29,187.05
2017-05-30,186.77
2017-05-31,186.57
2017-06-01,187.45
2017-06-02,187.9
2017-06-05,187.69
2017-06-06,186.45
2017-06-07,186.34
2017-06-08,186.41
2017-06-09,187.01
2017-06-12,185.25
2017-06-13,186.27
2017-06-14,185.73
2017-06-15,185.01
2017-06-16,186.24
2017-06-19,187.85
2017-06-20,186.55
2017-06-21,186.23
2017-06-22,186.26
2017-06-23,185.82
2017-06-26,186.52
2017-06-27,185.05
2017-06-28,184.98
2017-06-29,182.53
2017-06-30,181.9199
2017-07-03,183.86
2017-07-04,183.34
2017-07-05,183.7
2017-07-06,182.49
2017-07-07,182.37
2017-07-10,183.07
2017-07-11,181.87
2017-07-12,184.63
2017-07-13,185.23
2017-07-14,185.57
2017-07-17,185.58
2017-07-18,183.53
2017-07-19,184.95
2017-07-20,184.25
2017-07-21,182.37
2017-07-24,181.94
2017-07-25,182.68
2017-07-26,183.62
2017-07-27,183.44
2017-07-28,181.53
2017-07-31,181.3
2017-08-01,182.45
2017-08-02,181.7
2017-08-03,181.9199
2017-08-04,183.6699
2017-08-07,183.4199
2017-08-08,183.72
2017-08-09,182.38
2017-08-10,180.8
2017-08-11,178.9199
2017-08-14,180.85
2017-08-15,181.02
2017-08-16,182.27
2017-08-17,181.27
2017-08-18,180.01
2017-08-21,179.3
2017-08-22,180.78
2017-08-23,179.88
2017-08-24,180.18
2017-08-25,179.97
2017-08-28,179.12
2017-08-29,177.25
2017-08-30,178.5
2017-08-31,179.8899
2017-09-01,180.98
2017-09-04,180.03
2017-09-05,179.81
2017-09-06,179.93
2017-09-07,180.46
2017-09-08,180.73
2017-09-11,182.61
2017-09-12,183.57
2017-09-13,183.54
2017-09-14,183.76
2017-09-15,183.23
2017-09-18,183.86
2017-09-19,183.94
2017-09-20,183.8899
2017-09-21,184.34
2017-09-22,184.5
2017-09-25,184.87
2017-09-26,184.93
2017-09-27,185.7
2017-09-28,186.07
2017-09-29,186.93
2017-10-02,187.88
2017-10-03,188.16
2017-10-04,188.01
2017-10-05,188.34
2017-10-06,187.6
2017-10-09,187.96
2017-10-10,187.93
2017-10-11,187.95
2017-10-12,188.06
2017-10-13,188.61
2017-10-16,188.6
2017-10-17,188.1399
2017-10-18,188.69
2017-10-19,187.53
2017-10-20,188.02
2017-10-23,188.32
2017-10-24,187.6399
2017-10-25,186.58
2017-10-26,188.59
2017-10-27,189.65
2017-10-30,189.88
2017-10-31,190.53
2017-11-01,191.28
2017-11-02,190.4199
2017-11-03,190.96
2017-11-06,191.22
2017-11-07,190.29
2017-11-08,190.2
2017-11-09,188.1399
2017-11-10,187.48
2017-11-13,186.26
2017-11-14,185.19
2017-11-15,184.28
2017-11-16,185.78
2017-11-17,185.23
2017-11-20,186.51
2017-11-21,187.33
2017-11-22,186.83
2017-11-23,186.91
2017-11-24,186.6699
2017-11-27,185.82
2017-11-28,186.86
2017-11-29,187.31
2017-11-30,186.71
2017-12-01,185.4
2017-12-04,187.09
2017-12-05,186.76
2017-12-06,186.56
2017-12-07,186.62
2017-12-08,187.99
2017-12-11,187.9
2017-12-12,189.1699
2017-12-13,188.72
2017-12-14,187.85
2017-12-15,187.51
2017-12-18,189.68
2017-12-19,188.93
2017-12-20,187.65
2017-12-21,188.77
2017-12-22,188.57
2017-12-27,188.7
2017-12-28,188.26
2017-12-29,188.09
2018-01-02,187.69
2018-01-03,188.59
2018-01-04,190.27
2018-01-05,192.04
2018-01-08,192.56
2018-01-09,193.38
2018-01-10,192.65
2018-01-11,192.02
2018-01-12,192.61
2018-01-15,192.3
2018-01-16,192.55
2018-01-17,192.37
2018-01-18,192.76
2018-01-19,193.8
2018-01-22,194.4199
2018-01-23,194.76
2018-01-24,193.78
2018-01-25,192.7
2018-01-26,193.68
2018-01-29,193.31
2018-01-30,191.55
2018-01-31,191.23
2018-02-01,190.36
2018-02-02,187.73
2018-02-05,184.8
2018-02-06,180.34
2018-02-07,183.9
2018-02-08,180.95
2018-02-09,178.33
2018-02-12,180.4199
2018-02-13,179.28
2018-02-14,181.2
2018-02-15,182.3
2018-02-16,184.29
2018-02-19,183.1399
2018-02-20,184.24
2018-02-21,184.53
2018-02-22,184.3
2018-02-23,184.7
2018-02-26,185.62
2018-02-27,185.3
2018-02-28,183.98
2018-03-01,181.72
2018-03-02,177.93
2018-03-05,179.79
2018-03-06,180.1699
2018-03-07,180.82
2018-03-08,182.77
2018-03-09,183.57
2018-03-12,184.03
2018-03-13,182.23
2018-03-14,181.97
2018-03-15,183.05
2018-03-16,183.54
2018-03-19,181.62
2018-03-20,182.53
2018-03-21,182.25
2018-03-22,179.5
2018-03-23,177.94
2018-03-26,176.6699
2018-03-27,178.84
2018-03-28,179.6699
2018-03-29,180.51
2018-04-03,179.6399
2018-04-04,178.83
2018-04-05,183.1699
2018-04-06,182.75
2018-04-09,182.98
2018-04-10,184.52
2018-04-11,183.44
2018-04-12,184.78
2018-04-13,185.02
2018-04-16,184.48
2018-04-17,185.99
2018-04-18,186.53
2018-04-19,186.66
2018-04-20,186.6699
2018-04-23,187.37
2018-04-24,187.3899
2018-04-25,186.09
2018-04-26,187.98
2018-04-27,188.49
2018-04-30,188.91
2018-05-01,188.77
2018-05-02,190.01
2018-05-03,188.74
2018-05-04,190.01
2018-05-07,191.38
2018-05-08,191.65
2018-05-09,192.88
2018-05-10,192.9
2018-05-11,193.23
2018-05-14,193.16
2018-05-15,193.26
2018-05-16,193.69
2018-05-17,195.05
2018-05-18,194.6399
2018-05-21,195.3899
2018-05-22,195.99
2018-05-23,193.84
2018-05-24,192.87
2018-05-25,193.15
2018-05-28,192.6399
2018-05-29,190.03
2018-05-30,190.6699
2018-05-31,189.53
2018-06-01,191.45
2018-06-04,192.07
2018-06-05,191.49
2018-06-06,191.5
2018-06-07,191.11
2018-06-08,190.7
2018-06-11,192.15
2018-06-12,191.95
2018-06-13,192.33
2018-06-14,194.74
2018-06-15,192.81
2018-06-18,191.25
2018-06-19,189.91
2018-06-20,190.45
2018-06-21,188.79
2018-06-22,190.86
2018-06-25,186.91
2018-06-26,187.01
2018-06-27,188.37
2018-06-28,186.8899
2018-06-29,188.41
2018-07-02,186.84
2018-07-03,188.37
2018-07-04,188.49
2018-07-05,189.26
2018-07-06,189.6399
2018-07-09,190.78
2018-07-10,191.6
2018-07-11,189.2
2018-07-12,190.68
2018-07-13,191.0
2018-07-16,190.52
2018-07-17,190.98
2018-07-18,192.01
2018-07-19,191.57
2018-07-20,191.3
2018-07-23,190.95
2018-07-24,192.59
2018-07-25,192.09
2018-07-26,193.78
2018-07-27,194.55
2018-07-30,194.01
2018-07-31,194.35
2018-08-01,193.47
2018-08-02,191.9199
2018-08-03,193.18
2018-08-06,192.95
2018-08-07,193.86
2018-08-08,193.46
2018-08-09,193.88
2018-08-10,191.8
2018-08-13,191.33
2018-08-14,191.34
2018-08-15,188.74
2018-08-16,189.72
2018-08-17,189.55
2018-08-20,190.6399
2018-08-21,191.1
2018-08-22,191.04
2018-08-23,190.75
2018-08-24,190.85
2018-08-27,191.85
2018-08-28,191.8
2018-08-29,192.35
2018-08-30,191.75
2018-08-31,190.22
2018-09-03,190.34
2018-09-04,189.01
2018-09-05,186.94
2018-09-06,185.91
2018-09-07,186.06
2018-09-10,186.93
2018-09-11,186.83
2018-09-12,187.71
2018-09-13,187.44
2018-09-14,188.1
2018-09-17,188.33
2018-09-18,188.54
2018-09-19,189.19
2018-09-20,190.51
2018-09-21,191.35
2018-09-24,190.3
2018-09-25,191.21
2018-09-26,191.78
2018-09-27,192.46
2018-09-28,190.86
2018-10-01,191.25
2018-10-02,190.25
2018-10-03,191.19
2018-10-04,189.18
2018-10-05,187.55
2018-10-08,185.47
2018-10-09,185.83
2018-10-10,182.86
2018-10-11,179.29
2018-10-12,178.94
2018-10-15,179.12
2018-10-16,181.95
2018-10-17,181.23
2018-10-18,180.33
2018-10-19,180.12
2018-10-22,179.37
2018-10-23,176.54
2018-10-24,176.15
2018-10-25,177.06
2018-10-26,175.7
2018-10-29,177.28
2018-10-30,177.29
2018-10-31,180.33
2018-11-01,181.09
2018-11-02,181.59
2018-11-05,181.3
2018-11-06,180.84
2018-11-07,182.76
2018-11-08,183.1399
2018-11-09,182.48
2018-11-12,180.6399
2018-11-13,181.84
2018-11-14,180.76
2018-11-15,178.9199
2018-11-16,178.56
2018-11-19,177.28
2018-11-20,175.26
2018-11-21,177.27
2018-11-22,176.08
2018-11-23,176.79
2018-11-26,178.96
2018-11-27,178.51
2018-11-28,178.52
2018-11-29,178.88
2018-11-30,178.58
2018-12-03,180.43
2018-12-04,179.08
2018-12-05,177.0
2018-12-06,171.54
2018-12-07,172.61
2018-12-10,169.38
2018-12-11,171.98
2018-12-12,174.8899
2018-12-13,174.6
2018-12-14,173.5
2018-12-17,171.54
2018-12-18,170.2
2018-12-19,170.73
2018-12-20,168.26
2018-12-21,168.31
2018-12-24,167.62
2018-12-27,164.83
2018-12-28,168.16
2018-12-31,168.87
2019-01-02,168.65
2019-01-03,167.01
2019-01-04,171.74
2019-01-07,171.49
2019-01-08,172.98
2019-01-09,173.93
2019-01-10,174.52
2019-01-11,174.68
2019-01-14,173.83
2019-01-15,174.44
2019-01-16,175.3899
2019-01-17,175.48
2019-01-18,178.6399
2019-01-21,178.32
2019-01-22,177.69
2019-01-23,177.59
2019-01-24,177.99
2019-01-25,179.07
2019-01-28,177.34
2019-01-29,178.76
2019-01-30,179.43
2019-01-31,179.59
2019-02-01,180.11
2019-02-04,180.22
2019-02-05,182.76
2019-02-06,183.03
2019-02-07,180.3
2019-02-08,179.3
2019-02-11,180.82
2019-02-12,181.66
2019-02-13,182.76
2019-02-14,182.29
2019-02-15,184.86
2019-02-18,185.29
2019-02-19,184.8899
2019-02-20,186.1399
2019-02-21,185.75
2019-02-22,186.1699
2019-02-25,186.6399
2019-02-26,187.37
2019-02-27,186.86
2019-02-28,187.07
2019-03-01,187.79
2019-03-04,188.37
2019-03-05,188.65
2019-03-06,188.57
2019-03-07,188.0
2019-03-08,186.34
2019-03-11,187.8
2019-03-12,187.69
2019-03-13,188.87
2019-03-14,190.38
2019-03-15,191.68
2019-03-18,192.2
2019-03-19,193.35
2019-03-20,191.62
2019-03-21,191.6
2019-03-22,189.28
2019-03-25,188.43
2019-03-26,189.8899
2019-03-27,189.99
2019-03-28,189.84
2019-03-29,191.13
2019-04-01,193.45
2019-04-02,194.1399
2019-04-03,196.11
2019-04-04,195.7
2019-04-05,195.98
2019-04-08,195.6399
2019-04-09,194.74
2019-04-10,195.29
2019-04-11,195.5
2019-04-12,195.86
2019-04-15,196.33
2019-04-16,196.91
2019-04-17,197.11
2019-04-18,197.59
2019-04-23,198.1699
2019-04-24,197.99
2019-04-25,197.71
2019-04-26,198.23
2019-04-29,198.52
2019-04-30,198.6
2019-05-01,198.47
2019-05-02,197.52
2019-05-03,198.34
2019-05-06,196.77
2019-05-07,194.15
2019-05-08,194.49
2019-05-09,191.56
2019-05-10,192.22
2019-05-13,189.93
2019-05-14,191.87
2019-05-15,192.8
2019-05-16,195.47
2019-05-17,194.84
2019-05-20,193.01
2019-05-21,194.13
2019-05-22,193.99
2019-05-23,191.34
2019-05-24,192.44
2019-05-27,192.95
2019-05-28,192.53
2019-05-29,189.87
2019-05-30,190.72
2019-05-31,189.21
2019-06-03,189.95
2019-06-04,191.09
2019-06-05,191.82
2019-06-06,191.83
2019-06-07,193.61
2019-06-10,194.04
2019-06-11,195.4199
2019-06-12,194.83
2019-06-13,195.18
2019-06-14,194.4
2019-06-17,194.25
2019-06-18,197.54
2019-06-19,197.54
2019-06-20,198.28
2019-06-21,197.56
2019-06-24,197.1
2019-06-25,196.91
2019-06-26,196.29
2019-06-27,196.36
2019-06-28,197.73
2019-07-01,199.29
2019-07-02,200.02
2019-07-03,201.73
2019-07-04,201.96
2019-07-05,200.5
2019-07-08,200.4
2019-07-09,199.4
2019-07-10,199.0
2019-07-11,198.78
2019-07-12,198.86
2019-07-15,199.32
2019-07-16,200.01
2019-07-17,199.27
2019-07-18,198.83
2019-07-19,199.07
2019-07-22,199.35
2019-07-23,201.3
2019-07-24,201.4
2019-07-25,200.29
2019-07-26,200.9199
2019-07-29,200.99
2019-07-30,198.04
2019-07-31,198.3899
2019-08-01,199.38
2019-08-02,194.48
2019-08-05,190.02
2019-08-06,189.1399
2019-08-07,189.59
2019-08-08,193.0
2019-08-09,191.3899
2019-08-12,190.8
2019-08-13,191.83
2019-08-14,188.62
2019-08-15,188.21
2019-08-16,190.57
2019-08-19,192.76
2019-08-20,191.44
2019-08-21,193.76
2019-08-22,193.03
2019-08-23,191.52
2019-08-26,191.48
2019-08-27,192.69
2019-08-28,192.3
2019-08-29,194.31
2019-08-30,195.74
2019-09-02,196.37
2019-09-03,195.9199
2019-09-04,197.66
2019-09-05,199.15
2019-09-06,199.79
2019-09-09,199.23
2019-09-10,199.43
2019-09-11,201.12
2019-09-12,201.52
2019-09-13,202.19
2019-09-16,201.03
2019-09-17,200.93
2019-09-18,200.99
2019-09-19,202.23
2019-09-20,202.83
2019-09-23,201.23
2019-09-24,201.25
2019-09-25,200.09
2019-09-26,201.32
2019-09-27,202.31
2019-09-30,203.01
2019-10-01,200.35
2019-10-02,194.95
2019-10-03,194.97
2019-10-04,196.4
2019-10-07,197.79
2019-10-08,195.62
2019-10-09,196.44
2019-10-10,197.78
2019-10-11,202.38
2019-10-14,201.3899
2019-10-15,203.62
2019-10-16,203.33
2019-10-17,203.15
2019-10-18,202.51
2019-10-21,203.74
2019-10-22,203.94
2019-10-23,204.1699
2019-10-24,205.3899
2019-10-25,205.73
2019-10-28,206.24
2019-10-29,205.9199
2019-10-30,206.13
2019-10-31,205.15
2019-11-01,206.54
2019-11-04,208.61
2019-11-05,209.04
2019-11-06,209.49
2019-11-07,210.3
2019-11-08,209.72
2019-11-11,209.69
2019-11-12,210.5
2019-11-13,209.97
2019-11-14,209.29
2019-11-15,210.14
2019-11-18,210.13
2019-11-19,209.9
2019-11-20,209.02
2019-11-21,208.22
2019-11-22,209.1399
2019-11-25,211.27
2019-11-26,211.48
2019-11-27,212.17
2019-11-28,211.94
2019-11-29,210.99
2019-12-02,207.7
2019-12-03,206.38
2019-12-04,208.83
2019-12-05,208.56
2019-12-06,211.01
2019-12-09,210.51
2019-12-10,209.97
2019-12-11,210.43
2019-12-12,211.14
2019-12-13,213.44
2019-12-16,216.41
2019-12-17,214.98
2019-12-18,214.7
2019-12-19,215.07
2019-12-20,216.8
2019-12-23,216.73
2019-12-24,217.08
2019-12-27,217.54
2019-12-30,215.69
2019-12-31,215.52
2020-01-02,217.54
2020-01-03,216.82
2020-01-06,215.98
2020-01-07,216.52
2020-01-08,216.88
2020-01-09,217.57
2020-01-10,217.31
2020-01-13,216.92
2020-01-14,217.55
2020-01-15,217.58
2020-01-16,218.07
2020-01-17,220.15
2020-01-20,219.89
2020-01-21,219.58
2020-01-22,219.4
2020-01-23,217.84
2020-01-24,219.71
2020-01-27,214.75
2020-01-28,216.56
2020-01-29,217.52
2020-01-30,215.33
2020-01-31,213.02
2020-02-03,213.54
2020-02-04,217.04
2020-02-05,219.71
2020-02-06,220.76
2020-02-07,220.18
2020-02-10,220.32
2020-02-11,222.31
2020-02-12,223.71
2020-02-13,223.76
2020-02-14,223.47
2020-02-17,224.24
2020-02-18,223.38
2020-02-19,225.24
2020-02-20,223.39
2020-02-21,222.31
2020-02-24,213.89
2020-02-25,210.12
2020-02-26,210.14
2020-02-27,202.46
2020-02-28,195.29
2020-03-02,195.45
2020-03-03,198.3
2020-03-04,201.0
2020-03-05,198.24
2020-03-06,190.98
2020-03-09,176.77
2020-03-10,174.76
2020-03-11,173.48
2020-03-12,153.59
2020-03-13,155.8
2020-03-16,148.23
2020-03-17,151.6
2020-03-18,145.65
2020-03-19,150.06
2020-03-20,152.79
2020-03-23,146.23
2020-03-24,158.54
2020-03-25,163.43
2020-03-26,167.68
2020-03-27,162.25
2020-03-30,164.41
2020-03-31,167.12
2020-04-01,162.29
2020-04-02,163.01
2020-04-03,161.53
2020-04-06,167.3899
2020-04-07,170.56
2020-04-08,170.61
2020-04-09,173.29
2020-04-14,174.4
2020-04-15,168.74
2020-04-16,169.75
2020-04-17,174.23
2020-04-20,175.41
2020-04-21,169.51
2020-04-22,172.57
2020-04-23,174.22
2020-04-24,172.36
2020-04-27,175.6399
2020-04-28,178.61
2020-04-29,181.82
2020-04-30,178.2
2020-05-01,176.81
2020-05-04,172.21
2020-05-05,175.99
2020-05-06,175.38
2020-05-07,177.46
2020-05-08,179.08
2020-05-11,178.41
2020-05-12,178.9
2020-05-13,175.44
2020-05-14,171.69
2020-05-15,172.56
2020-05-18,179.65
2020-05-19,178.56
2020-05-20,180.33
2020-05-21,179.06
2020-05-22,179.02
2020-05-25,181.66
2020-05-26,183.63
2020-05-27,184.07
2020-05-28,187.09
2020-05-29,184.43
2020-06-01,186.46
2020-06-02,189.4199
2020-06-03,194.26
2020-06-04,192.85
2020-06-05,197.63
2020-06-08,197.01
2020-06-09,194.62
2020-06-10,193.88
2020-06-11,185.98
2020-06-12,186.51
2020-06-15,185.99
2020-06-16,191.41
2020-06-17,192.86
2020-06-18,191.51
2020-06-19,192.6699
2020-06-22,191.28
2020-06-23,193.79
2020-06-24,188.4
2020-06-25,189.77
2020-06-26,189.02
2020-06-29,189.93
2020-06-30,190.16
2020-07-01,190.65
2020-07-02,194.44
2020-07-03,192.95
2020-07-06,196.0
2020-07-07,194.88
2020-07-08,193.61
2020-07-09,192.16
2020-07-10,193.85
2020-07-13,195.79
2020-07-14,194.19
2020-07-15,197.62
2020-07-16,196.7
2020-07-17,197.0
2020-07-20,198.51
2020-07-21,199.1399
2020-07-22,197.4199
2020-07-23,197.56
2020-07-24,194.19
2020-07-27,193.59
2020-07-28,194.4
2020-07-29,194.28
2020-07-30,190.1
2020-07-31,188.41
2020-08-03,192.28
2020-08-04,192.15
2020-08-05,193.09
2020-08-06,191.75
2020-08-07,192.33
2020-08-10,192.93
2020-08-11,196.1699
2020-08-12,198.34
2020-08-13,197.25
2020-08-14,194.91
2020-08-17,195.53
2020-08-18,194.44
2020-08-19,195.7
2020-08-20,193.68
2020-08-21,193.3899
2020-08-24,196.45
2020-08-25,195.86
2020-08-26,197.65
2020-08-27,196.38
2020-08-28,195.4
2020-08-31,194.2
2020-09-01,193.53
2020-09-02,196.75
2020-09-03,194.03
2020-09-04,191.83
2020-09-07,195.04
2020-09-08,192.8
2020-09-09,195.95
2020-09-10,194.8
2020-09-11,195.05
2020-09-14,195.35
2020-09-15,196.65
2020-09-16,197.81
2020-09-17,196.8
2020-09-18,195.51
2020-09-21,189.18
2020-09-22,189.57
2020-09-23,190.62
2020-09-24,188.6699
2020-09-25,188.54
2020-09-28,192.72
2020-09-29,191.71
2020-09-30,191.5
2020-10-01,191.95
2020-10-02,192.4199
2020-10-05,193.99
2020-10-06,194.13
2020-10-07,193.9
2020-10-08,195.43
2020-10-09,196.51
2020-10-12,197.91
2020-10-13,196.83
2020-10-14,196.65
2020-10-15,192.58
2020-10-16,195.0
2020-10-19,194.65
2020-10-20,193.96
2020-10-21,191.45
2020-10-22,191.2
2020-10-23,192.3899
2020-10-26,188.9199
2020-10-27,187.13
2020-10-28,181.61
2020-10-29,181.43
2020-10-30,181.75
2020-11-02,184.69
2020-11-03,189.02
2020-11-04,192.91
2020-11-05,194.96
2020-11-06,194.57
2020-11-09,202.33
2020-11-10,204.15
2020-11-11,206.35
2020-11-12,204.6
2020-11-13,204.61
2020-11-16,207.03
2020-11-17,206.55
2020-11-18,207.46
2020-11-19,205.91
2020-11-20,206.97
2020-11-23,206.57
2020-11-24,208.49
2020-11-25,208.33
2020-11-26,208.13
2020-11-27,208.99
2020-11-30,206.93
2020-12-01,208.3
2020-12-02,208.2
2020-12-03,208.24
2020-12-04,209.48
2020-12-07,208.86
2020-12-08,209.28
2020-12-09,209.97
2020-12-10,209.05
2020-12-11,207.46
2020-12-14,208.38
2020-12-15,208.91
2020-12-16,210.63
2020-12-17,211.35
2020-12-18,210.62
2020-12-21,205.72
2020-12-22,208.15
2020-12-23,210.41
2020-12-24,210.67
2020-12-28,212.06
2020-12-29,213.67
2020-12-30,212.95
2020-12-31,212.31
2021-01-04,213.76
2021-01-05,213.36
2021-01-06,216.28
2021-01-07,217.39
2021-01-08,218.82
2021-01-11,217.35
2021-01-12,217.48
2021-01-13,217.72
2021-01-14,219.3
2021-01-15,217.09
2021-01-18,217.57
2021-01-19,217.17
2021-01-20,218.72
2021-01-21,218.75
2021-01-22,217.5
2021-01-25,215.69
2021-01-26,217.05
2021-01-27,214.54
2021-01-28,214.76
2021-01-29,210.75
2021-02-01,213.37
2021-02-02,216.11
2021-02-03,216.83
2021-02-04,218.1
2021-02-05,218.1
2021-02-08,218.76
2021-02-09,218.57
2021-02-10,218.07
2021-02-11,219.07
2021-02-12,220.48
2021-02-15,223.4
2021-02-16,223.27
2021-02-17,221.63
2021-02-18,219.89
2021-02-19,221.06
2021-02-22,220.09
2021-02-23,219.16
2021-02-24,220.19
2021-02-25,219.51
2021-02-26,215.92
2021-03-01,219.89
2021-03-02,220.32
2021-03-03,220.44
2021-03-04,219.93
2021-03-05,218.2
2021-03-08,222.78
2021-03-09,224.47
2021-03-10,225.37
2021-03-11,226.56
2021-03-12,225.98
2021-03-15,225.98
2021-03-16,227.99
2021-03-17,226.97
2021-03-18,228.06
2021-03-19,226.33
2021-03-22,226.78
2021-03-23,226.32
2021-03-24,226.37
2021-03-25,226.34
2021-03-26,228.47
2021-03-29,228.88
2021-03-30,230.51
2021-03-31,230.0
2021-04-01,231.47
2021-04-06,233.16
2021-04-07,232.66
2021-04-08,234.06
2021-04-09,234.34
2021-04-12,233.28
2021-04-13,233.59
2021-04-14,234.04
2021-04-15,235.16
2021-04-16,237.32
2021-04-19,237.38
2021-04-20,232.98
2021-04-21,234.51
2021-04-22,236.18
2021-04-23,235.88
2021-04-26,236.54
2021-04-27,236.4
2021-04-28,236.52
2021-04-29,236.01
2021-04-30,235.36
2021-05-03,236.75
2021-05-04,233.44
2021-05-05,237.78
2021-05-06,237.69
2021-05-07,239.95
2021-05-10,240.32
2021-05-11,235.58
2021-05-12,236.3
2021-05-13,236.08
2021-05-14,238.9
2021-05-17,238.84
2021-05-18,239.28
2021-05-19,235.67
2021-05-20,238.83
2021-05-21,240.22
2021-05-24,240.71
2021-05-25,240.81
2021-05-26,240.84
2021-05-27,241.52
2021-05-28,242.93
2021-05-31,241.74
2021-06-01,243.57
2021-06-02,244.29
2021-06-03,244.05
2021-06-04,245.01
2021-06-07,245.57
2021-06-08,245.81
2021-06-09,246.05
2021-06-10,246.14
2021-06-11,247.74
2021-06-14,248.18
2021-06-15,248.47
2021-06-16,249.04
2021-06-17,248.77
2021-06-18,244.83
2021-06-21,246.59
2021-06-22,247.24
2021-06-23,245.46
2021-06-24,247.68
2021-06-25,248.0
2021-06-28,246.55
2021-06-29,247.33
2021-06-30,245.43
2021-07-01,246.97
2021-07-02,247.61
2021-07-05,248.47
2021-07-06,247.19
2021-07-07,249.13
2021-07-08,244.91
2021-07-09,248.2
2021-07-12,249.92
2021-07-13,249.98
2021-07-14,249.77
2021-07-15,247.4
2021-07-16,246.61
2021-07-19,240.98
2021-07-20,242.24
2021-07-21,246.24
2021-07-22,247.64
2021-07-23,250.36
2021-07-26,250.17
2021-07-27,248.82
2021-07-28,250.47
2021-07-29,251.65
2021-07-30,250.52
2021-08-02,251.99
2021-08-03,252.5
2021-08-04,254.04
2021-08-05,255.06
2021-08-06,255.06
2021-08-09,255.45
2021-08-10,256.3399
2021-08-11,257.43
2021-08-12,257.91
2021-08-13,258.46
2021-08-16,257.19
2021-08-17,257.37
2021-08-18,257.72
2021-08-19,253.95
2021-08-20,254.81
2021-08-23,256.47
2021-08-24,256.43
2021-08-25,256.46
2021-08-26,255.69
2021-08-27,256.7799
2021-08-30,256.96
2021-08-31,255.99
2021-09-01,257.21
2021-09-02,258.13
2021-09-03,256.68
2021-09-06,258.45
2021-09-07,257.19
2021-09-08,254.47
2021-09-09,254.33
2021-09-10,253.66
2021-09-13,254.39
2021-09-14,254.39
2021-09-15,252.35
2021-09-16,253.46
2021-09-17,251.23
2021-09-20,247.05
2021-09-21,249.6
2021-09-22,252.07
2021-09-23,254.42
2021-09-24,252.13
2021-09-27,251.66
2021-09-28,246.22
2021-09-29,247.68
2021-09-30,247.62
2021-10-01,246.59
2021-10-04,245.55
2021-10-05,248.41
2021-10-06,245.86
2021-10-07,249.83
2021-10-08,249.14
2021-10-11,249.28
2021-10-12,249.1
2021-10-13,250.83
2021-10-14,253.86
2021-10-15,255.75
2021-10-18,254.53
2021-10-19,255.37
2021-10-20,256.18
2021-10-21,256.0
2021-10-22,257.19
2021-10-25,257.38
2021-10-26,259.3
2021-10-27,258.38
2021-10-28,259.0299
2021-10-29,259.26
2021-11-01,261.0899
2021-11-02,261.48
2021-11-03,262.4
2021-11-04,263.52
2021-11-05,263.65
2021-11-08,263.74
2021-11-09,263.25
2021-11-10,263.82
2021-11-11,264.71
2021-11-12,265.52
2021-11-15,266.47
2021-11-16,266.93
2021-11-17,267.31
2021-11-18,266.11
2021-11-19,265.23
2021-11-22,264.97
2021-11-23,261.58
2021-11-24,261.81
2021-11-25,262.98
2021-11-26,253.33
2021-11-29,255.08
2021-11-30,252.77
2021-12-01,257.1
2021-12-02,254.18
2021-12-03,252.73
2021-12-06,255.98
2021-12-07,262.24
2021-12-08,260.7
2021-12-09,260.5
2021-12-10,259.72
2021-12-13,258.63
2021-12-14,256.46
2021-12-15,257.12
2021-12-16,260.3
2021-12-17,258.85
2021-12-20,255.27
2021-12-21,258.9
2021-12-22,261.29
2021-12-23,263.86
2021-12-24,263.5899
2021-12-27,265.21
2021-12-28,266.86
2021-12-29,266.58
2021-12-30,266.98
2021-12-31,266.49
2022-01-03,267.73
2022-01-04,269.93
2022-01-05,270.11
2022-01-06,266.74
2022-01-07,265.71
2022-01-10,261.79
2022-01-11,264.0
2022-01-12,265.7
2022-01-13,265.65
2022-01-14,262.98
2022-01-17,264.81
2022-01-18,262.22
2022-01-19,262.83
2022-01-20,264.18
2022-01-21,259.31
2022-01-24,249.47
2022-01-25,251.24
2022-01-26,255.46
2022-01-27,257.11
2022-01-28,254.5
2022-01-31,256.32
2022-02-01,259.5899
2022-02-02,260.76
2022-02-03,256.18
2022-02-04,252.64
2022-02-07,254.35
2022-02-08,254.38
2022-02-09,258.75
2022-02-10,258.22
2022-02-11,256.77
2022-02-14,252.07
2022-02-15,255.67
2022-02-16,255.79
2022-02-17,254.12
2022-02-18,252.08
2022-02-21,248.8
2022-02-22,248.97
2022-02-23,248.28
2022-02-24,240.28
2022-02-25,248.25
2022-02-28,248.02
2022-03-01,242.15
2022-03-02,244.34
2022-03-03,239.45
2022-03-04,230.92
2022-03-07,228.38
2022-03-08,227.4
2022-03-09,238.05
2022-03-10,234.25
2022-03-11,236.48
2022-03-14,239.32
2022-03-15,238.66
2022-03-16,246.02
2022-03-17,247.37
2022-03-18,249.63
2022-03-21,249.74
2022-03-22,251.9
2022-03-23,249.4
2022-03-24,248.95
2022-03-25,249.34
2022-03-28,249.73
2022-03-29,254.1
2022-03-30,253.09
2022-03-31,250.78
2022-04-01,252.17
2022-04-04,254.29
2022-04-05,254.79
2022-04-06,250.92
2022-04-07,250.55
2022-04-08,253.96
2022-04-11,252.68
2022-04-12,251.84
2022-04-13,251.91
2022-04-14,253.63
2022-04-19,251.9
2022-04-20,254.01
2022-04-21,254.91
2022-04-22,250.38
2022-04-25,245.93
2022-04-26,243.83
2022-04-27,245.73
2022-04-28,247.38
2022-04-29,249.3
2022-05-02,245.95
2022-05-03,247.37
2022-05-04,244.71
2022-05-05,243.14
2022-05-06,238.69
2022-05-09,231.86
2022-05-10,233.49
2022-05-11,237.58
2022-05-12,235.94
2022-05-13,241.09
2022-05-16,241.28
2022-05-17,244.3
2022-05-18,241.51
2022-05-19,238.43
2022-05-20,240.19
2022-05-23,243.5
2022-05-24,240.73
2022-05-25,242.3
2022-05-26,244.22
2022-05-27,247.71
2022-05-30,249.27
2022-05-31,247.48
2022-06-01,245.01
2022-06-02,246.44
2022-06-03,245.8
2022-06-06,248.08
2022-06-07,247.42
2022-06-08,246.02
2022-06-09,242.71
2022-06-10,236.19
2022-06-13,230.5
2022-06-14,227.6
2022-06-15,230.83
2022-06-16,225.15
2022-06-17,225.36
2022-06-20,227.56
2022-06-21,228.41
2022-06-22,226.83
2022-06-23,224.98
2022-06-24,230.86
2022-06-27,232.07
2022-06-28,232.69
2022-06-29,231.16
2022-06-30,227.69
2022-07-01,227.66
2022-07-04,228.9
2022-07-05,224.12
2022-07-06,227.85
2022-07-07,232.19
2022-07-08,233.42
2022-07-11,232.24
2022-07-12,233.37
2022-07-13,231.0
2022-07-14,227.48
2022-07-15,231.55
2022-07-18,233.75
2022-07-19,236.98
2022-07-20,236.48
2022-07-21,237.53
2022-07-22,238.28
2022-07-25,238.58
2022-07-26,238.52
2022-07-27,239.64
2022-07-28,242.26
2022-07-29,245.36
2022-08-01,244.9
2022-08-02,244.12
2022-08-03,245.37
2022-08-04,245.91
2022-08-05,244.04
2022-08-08,245.85
2022-08-09,244.2
2022-08-10,246.39
2022-08-11,246.76
2022-08-12,247.19
2022-08-15,248.03
2022-08-16,248.44
2022-08-17,246.18
2022-08-18,247.3
2022-08-19,245.4
2022-08-22,243.04
2022-08-23,242.03
2022-08-24,242.42
2022-08-25,243.21
2022-08-26,239.13
2022-08-29,237.21
2022-08-30,235.61
2022-08-31,232.99
2022-09-01,228.86
2022-09-02,233.53
2022-09-05,232.08
2022-09-06,232.63
2022-09-07,231.3
2022-09-08,232.49
2022-09-09,236.01
2022-09-12,240.16
2022-09-13,236.44
2022-09-14,234.41
2022-09-15,232.88
2022-09-16,229.21
2022-09-19,229.01
2022-09-20,226.52
2022-09-21,228.63
2022-09-22,224.54
2022-09-23,219.29
2022-09-26,218.37
2022-09-27,218.08
2022-09-28,218.75
2022-09-29,215.15
2022-09-30,217.94
2022-10-03,219.61
2022-10-04,226.47
2022-10-05,224.16
2022-10-06,222.74
2022-10-07,220.13
2022-10-10,219.27
2022-10-11,218.05
2022-10-12,216.88
2022-10-13,218.74
2022-10-14,219.96
2022-10-17,223.99
2022-10-18,224.75
2022-10-19,223.56
2022-10-20,224.17
2022-10-21,222.78
2022-10-24,225.91
2022-10-25,229.15
2022-10-26,230.69
2022-10-27,230.64
2022-10-28,230.96
2022-10-31,231.8
2022-11-01,233.16
2022-11-02,232.47
2022-11-03,230.33
2022-11-04,234.51
2022-11-07,235.28
2022-11-08,237.12
2022-11-09,236.4
2022-11-10,242.99
2022-11-11,243.2
2022-11-14,243.54
2022-11-15,244.45
2022-11-16,242.05
2022-11-17,241.09
2022-11-18,243.88
2022-11-21,243.8
2022-11-22,245.58
2022-11-23,247.04
2022-11-24,248.26
2022-11-25,248.21
2022-11-28,246.59
2022-11-29,246.27
2022-11-30,247.82
2022-12-01,250.1
2022-12-02,249.72
2022-12-05,248.72
2022-12-06,247.28
2022-12-07,245.75
2022-12-08,245.35
2022-12-09,247.41
2022-12-12,246.2
2022-12-13,249.39
2022-12-14,249.34
2022-12-15,242.25
2022-12-16,239.34
2022-12-19,239.97
2022-12-20,239.03
2022-12-21,243.12
2022-12-22,240.8
2022-12-23,240.91
2022-12-27,241.22
2022-12-28,240.92
2022-12-29,242.56
2022-12-30,239.48
2023-01-02,241.81
2023-01-03,244.76
2023-01-04,248.15
2023-01-05,247.67
2023-01-06,250.57
2023-01-09,252.81
2023-01-10,251.32
2023-01-11,252.28
2023-01-12,253.88
2023-01-13,255.19
2023-01-16,256.38
2023-01-17,257.41
2023-01-18,258.01
2023-01-19,254.03
2023-01-20,254.98
2023-01-23,256.36
2023-01-24,255.74
2023-01-25,255.0
2023-01-26,256.08
2023-01-27,256.75
2023-01-30,256.32
2023-01-31,255.65
2023-02-01,255.58
2023-02-02,259.0299
2023-02-03,259.91
2023-02-06,257.89
2023-02-07,258.48
2023-02-08,259.19
2023-02-09,260.8
2023-02-10,258.39
2023-02-13,260.72
2023-02-14,260.93
2023-02-15,262.04
2023-02-16,262.64
2023-02-17,262.12
2023-02-20,262.31
2023-02-21,261.82
2023-02-22,260.95
2023-02-23,261.26
2023-02-24,258.55
2023-02-27,261.3
2023-02-28,260.48
2023-03-01,258.56
2023-03-02,260.02
2023-03-03,262.42
2023-03-06,262.38
2023-03-07,260.35
2023-03-08,260.58
2023-03-09,260.27
2023-03-10,256.75
2023-03-13,250.55
2023-03-14,254.39
2023-03-15,246.97
2023-03-16,250.17
2023-03-17,247.17
2023-03-20,249.62
2023-03-21,252.95
2023-03-22,253.38
2023-03-23,252.93
2023-03-24,249.61
2023-03-27,252.28
2023-03-28,252.14
2023-03-29,255.45
2023-03-30,258.22
2023-03-31,259.96
2023-04-03,259.94
2023-04-04,259.73
2023-04-05,259.37
2023-04-06,260.85
2023-04-11,262.48
2023-04-12,262.95
2023-04-13,264.06
2023-04-14,265.69
2023-04-17,265.66
2023-04-18,266.69
2023-04-19,266.43
2023-04-20,266.08
2023-04-21,267.01
2023-04-24,267.4
2023-04-25,266.49
2023-04-26,264.39
2023-04-27,264.98
2023-04-28,266.71
2023-05-01,266.85
2023-05-02,263.64
2023-05-03,264.54
2023-05-04,263.49
2023-05-05,266.55
2023-05-08,267.63
2023-05-09,266.93
2023-05-10,265.92
2023-05-11,266.15
2023-05-12,267.38
2023-05-15,268.14
2023-05-16,267.0299
2023-05-17,266.67
2023-05-18,267.91
2023-05-19,269.71
2023-05-22,270.04
2023-05-23,268.43
2023-05-24,263.57
2023-05-25,262.76
2023-05-26,265.8
2023-05-29,265.51
2023-05-30,263.29
2023-05-31,260.49
2023-06-01,262.58
2023-06-02,266.58
2023-06-05,265.32
2023-06-06,266.37
2023-06-07,265.86
2023-06-08,265.87
2023-06-09,265.48
2023-06-12,265.92
2023-06-13,267.43
2023-06-14,268.41
2023-06-15,268.07
2023-06-16,269.5
2023-06-19,266.7799
2023-06-20,265.21
2023-06-21,263.93
2023-06-22,262.65
2023-06-23,261.75
2023-06-26,261.48
2023-06-27,261.61
2023-06-28,263.43
2023-06-29,263.8
2023-06-30,266.86
2023-07-03,266.35
2023-07-04,266.5899
2023-07-05,264.66
2023-07-06,258.47
2023-07-07,258.77
2023-07-10,259.25
2023-07-11,261.14
2023-07-12,265.0899
2023-07-13,266.76
2023-07-14,266.45
2023-07-17,264.77
2023-07-18,266.42
2023-07-19,267.12
2023-07-20,268.25
2023-07-21,269.1
2023-07-24,269.33
2023-07-25,270.63
2023-07-26,269.2
2023-07-27,272.86
2023-07-28,272.31
2023-07-31,272.64
2023-08-01,270.23
2023-08-02,266.5899
2023-08-03,265.0
2023-08-04,265.7799
2023-08-07,266.04
2023-08-08,265.42
2023-08-09,266.58
2023-08-10,268.96
2023-08-11,266.04
2023-08-14,266.45
2023-08-15,263.97
2023-08-16,263.81
2023-08-17,261.5
2023-08-18,259.94
2023-08-21,260.07
2023-08-22,261.83
2023-08-23,262.85
2023-08-24,261.83
2023-08-25,261.73
2023-08-28,264.06
2023-08-29,266.63
2023-08-30,266.23
2023-08-31,265.75
2023-09-01,265.72
2023-09-04,265.62
2023-09-05,265.0
2023-09-06,263.51
2023-09-07,263.16
2023-09-08,263.73
2023-09-11,264.64
2023-09-12,264.17
2023-09-13,263.32
2023-09-14,267.3399
2023-09-15,267.96
2023-09-18,264.95
2023-09-19,264.8399
2023-09-20,267.33
2023-09-21,263.86
2023-09-22,263.05
2023-09-25,261.42
2023-09-26,259.83
2023-09-27,259.36
2023-09-28,260.37
2023-09-29,261.38
2023-10-02,258.68
2023-10-03,255.85
2023-10-04,255.5
2023-10-05,256.22
2023-10-06,258.32
2023-10-09,257.69
2023-10-10,262.74
2023-10-11,263.13
2023-10-12,263.43
2023-10-13,260.85
2023-10-16,261.45
2023-10-17,261.19
2023-10-18,258.44
2023-10-19,255.4
2023-10-20,251.92
2023-10-23,251.61
2023-10-24,252.72
2023-10-25,252.84
2023-10-26,251.65
2023-10-27,249.55
2023-10-30,250.44
2023-10-31,251.96
2023-11-01,253.67
2023-11-02,257.69
2023-11-03,258.14
2023-11-06,257.72
2023-11-07,257.31
2023-11-08,258.04
2023-11-09,260.3
2023-11-10,257.7
2023-11-13,259.63
2023-11-14,263.13
2023-11-15,264.25
2023-11-16,262.47
2023-11-17,265.12
2023-11-20,265.48
2023-11-21,265.24
2023-11-22,266.05
2023-11-23,266.8399
2023-11-24,267.73
2023-11-27,266.82
2023-11-28,266.02
2023-11-29,267.22
2023-11-30,268.7
2023-12-01,271.37
2023-12-04,271.18
2023-12-05,272.26
2023-12-06,273.68
2023-12-07,272.95
2023-12-08,274.98
2023-12-11,275.82
2023-12-12,275.27
2023-12-13,275.12
2023-12-14,277.55
2023-12-15,277.57
2023-12-18,276.82
2023-12-19,277.82
2023-12-20,278.36
2023-12-21,277.82
2023-12-22,278.21
2023-12-27,278.81
2023-12-28,278.51
2023-12-29,279.0299
2024-01-02,278.81
2024-01-03,276.41
2024-01-04,278.33
2024-01-05,277.57
2024-01-08,278.62
2024-01-09,278.13
2024-01-10,277.65
2024-01-11,275.5299
2024-01-12,277.86
2024-01-15,276.37
2024-01-16,275.72
2024-01-17,272.6
2024-01-18,274.21
2024-01-19,273.51
2024-01-22,275.68
2024-01-23,274.9
2024-01-24,278.15
2024-01-25,278.99
2024-01-26,282.0899
2024-01-29,282.68
2024-01-30,283.14
2024-01-31,283.16
2024-02-01,282.11
2024-02-02,282.15
2024-02-05,282.0299
2024-02-06,283.82
2024-02-07,283.16
2024-02-08,282.95
2024-02-09,282.79
2024-02-12,284.33
2024-02-13,281.63
2024-02-14,283.05
2024-02-15,285.08
2024-02-16,286.86
2024-02-19,287.33
2024-02-20,287.04
2024-02-21,286.55
2024-02-22,289.04
2024-02-23,290.3
2024-02-26,289.25
2024-02-27,289.77
2024-02-28,288.76
2024-02-29,288.82
2024-03-01,290.58
2024-03-04,290.48
2024-03-05,289.81
2024-03-06,290.95
2024-03-07,294.27
2024-03-08,294.33
2024-03-11,293.3
2024-03-12,296.25
2024-03-13,296.72
2024-03-14,296.44
2024-03-15,295.52
2024-03-18,295.04
2024-03-19,295.79
2024-03-20,295.86
2024-03-21,298.64
2024-03-22,298.7799
2024-03-25,298.98
2024-03-26,299.72
2024-03-27,300.14
2024-03-28,300.8399
2024-04-02,298.46
2024-04-03,299.31
2024-04-04,299.82
2024-04-05,297.32
2024-04-08,298.79
2024-04-09,296.97
2024-04-10,297.43
2024-04-11,296.43
2024-04-12,296.98
2024-04-15,297.4
2024-04-16,292.97
2024-04-17,293.15
2024-04-18,293.89
2024-04-19,293.7
2024-04-22,295.94
2024-04-23,299.32
2024-04-24,298.12
2024-04-25,296.29
2024-04-26,299.86
2024-04-29,300.21
2024-04-30,298.42
2024-05-01,298.08
2024-05-02,297.6
2024-05-03,299.07
2024-05-06,300.7799
2024-05-07,304.22
2024-05-08,305.33
2024-05-09,306.32
2024-05-10,308.72
2024-05-13,308.99
2024-05-14,309.48
2024-05-15,311.37
2024-05-16,311.07
2024-05-17,310.79
2024-05-20,311.62
2024-05-21,311.23
2024-05-22,310.22
2024-05-23,310.47
2024-05-24,309.92
2024-05-27,310.95
2024-05-28,309.22
2024-05-29,305.93
2024-05-30,307.8399
2024-05-31,308.86
2024-06-03,309.87
2024-06-04,308.23
2024-06-05,310.76
2024-06-06,312.93
2024-06-07,312.27
2024-06-10,311.49
2024-06-11,308.5899
2024-06-12,311.94
2024-06-13,307.89
2024-06-14,304.92
2024-06-17,305.18
2024-06-18,307.31
2024-06-19,306.8399
2024-06-20,309.73
2024-06-21,307.47
2024-06-24,309.75
2024-06-25,309.05
2024-06-26,307.33
2024-06-27,306.06
2024-06-28,305.36
2024-07-01,306.36
2024-07-02,305.13
2024-07-03,307.37
2024-07-04,309.17
2024-07-05,308.61
2024-07-08,308.51
2024-07-09,305.72
2024-07-10,308.51
2024-07-11,310.36
2024-07-12,313.0899
2024-07-15,309.9
2024-07-16,309.04
2024-07-17,307.58
2024-07-18,307.1
2024-07-19,304.72
2024-07-22,307.64
2024-07-23,308.04
2024-07-24,306.15
2024-07-25,303.97
2024-07-26,306.49
2024-07-29,305.89
2024-07-30,307.26
2024-07-31,309.72
2024-08-01,305.98
2024-08-02,297.62
2024-08-05,291.2
2024-08-06,292.02
2024-08-07,296.54
2024-08-08,296.95
2024-08-09,298.65
2024-08-12,298.5899
2024-08-13,300.13
2024-08-14,301.6
2024-08-15,305.33
2024-08-16,306.2799
2024-08-19,308.17
2024-08-20,306.7799
2024-08-21,307.79
2024-08-22,308.89
2024-08-23,310.33
2024-08-26,310.2799
2024-08-27,310.79
2024-08-28,311.83
2024-08-29,314.26
2024-08-30,314.55
2024-09-02,314.49
2024-09-03,311.43
2024-09-04,308.43
2024-09-05,306.81
2024-09-06,303.52
2024-09-09,306.0
2024-09-10,304.35
2024-09-11,304.39
2024-09-12,306.8399
2024-09-13,309.16
2024-09-16,308.67
2024-09-17,309.92
2024-09-18,308.36
2024-09-19,312.67
2024-09-20,308.23
2024-09-23,309.49
2024-09-24,311.52
2024-09-25,311.23
2024-09-26,315.16
2024-09-27,316.65
2024-09-30,313.54
2024-10-01,312.37
2024-10-02,312.5299
2024-10-03,309.64
2024-10-04,311.0
2024-10-07,311.55
2024-10-08,309.9
2024-10-09,311.95
2024-10-10,311.42
2024-10-11,313.14
2024-10-14,314.82
2024-10-15,312.33
2024-10-16,311.75
2024-10-17,314.35
2024-10-18,315.01
2024-10-21,312.93
2024-10-22,312.27
2024-10-23,311.33
2024-10-24,311.43
2024-10-25,311.33
2024-10-28,312.62
2024-10-29,310.86
2024-10-30,307.0299
2024-10-31,303.38
2024-11-01,306.69
2024-11-04,305.68
2024-11-05,305.89
2024-11-06,304.24
2024-11-07,306.25
2024-11-08,304.29
2024-11-11,307.74
2024-11-12,301.65
2024-11-13,301.27
2024-11-14,304.62
2024-11-15,302.2799
2024-11-18,302.3
2024-11-19,300.96
2024-11-20,300.89
2024-11-21,302.17
2024-11-22,305.74
2024-11-25,305.94
2024-11-26,304.21
2024-11-27,303.64
2024-11-28,305.0899
2024-11-29,306.87
2024-12-02,308.93
2024-12-03,310.11
2024-12-04,311.27
2024-12-05,312.5299
2024-12-06,313.11
2024-12-09,313.57
2024-12-10,311.94
2024-12-11,312.83
2024-12-12,312.39
2024-12-13,310.73
2024-12-16,310.36
2024-12-17,309.07
2024-12-18,309.54
2024-12-19,304.9
2024-12-20,302.22
2024-12-23,302.65
2024-12-24,303.2
2024-12-27,305.22
2024-12-30,303.82
2024-12-31,305.49
2025-01-02,307.39
2025-01-03,305.9
2025-01-06,308.81
2025-01-07,309.81
2025-01-08,309.21
2025-01-09,310.5299
2025-01-10,307.97
2025-01-13,306.27
2025-01-14,306.04
2025-01-15,310.11
2025-01-16,313.16
2025-01-17,315.31
2025-01-20,315.51
2025-01-21,316.79
2025-01-22,318.0299
2025-01-23,319.41
2025-01-24,319.26
2025-01-27,319.02
2025-01-28,320.18
2025-01-29,321.7799
2025-01-30,324.54
2025-01-31,324.96
2025-02-03,322.14
2025-02-04,322.86
2025-02-05,324.38
2025-02-06,328.16
2025-02-07,326.9
2025-02-10,328.83
2025-02-11,329.5899
2025-02-12,329.95
2025-02-13,333.62
2025-02-14,332.93
2025-02-17,334.75
2025-02-18,335.81
2025-02-19,332.76
2025-02-20,332.27
2025-02-21,334.0
2025-02-24,333.72
2025-02-25,334.21
2025-02-26,337.51
2025-02-27,336.05
2025-02-28,336.1
2025-03-03,339.69
2025-03-04,332.42
2025-03-05,335.45
2025-03-06,335.6
2025-03-07,334.06
2025-03-10,329.74
2025-03-11,324.33
2025-03-12,326.96
2025-03-13,326.5299
2025-03-14,330.26
2025-03-17,332.88
2025-03-18,334.92
2025-03-19,335.5899
2025-03-20,334.16
2025-03-21,332.3
2025-03-24,331.9
2025-03-25,334.11
2025-03-26,331.87
2025-03-27,330.86
2025-03-28,328.46
2025-03-31,323.56
2025-04-01,327.0299
2025-04-02,325.46
2025-04-03,316.8
2025-04-04,300.95
2025-04-07,287.43
2025-04-08,295.3399
2025-04-09,285.02
2025-04-10,295.8
2025-04-11,295.67
2025-04-14,303.65
2025-04-15,308.74
2025-04-16,308.16
2025-04-17,307.83
2025-04-22,309.19
2025-04-23,314.72
2025-04-24,316.06
2025-04-25,317.3399
2025-04-28,319.04
2025-04-29,320.33
2025-04-30,321.89
2025-05-01,321.99
2025-05-02,327.5299
2025-05-05,328.43
2025-05-06,327.93
2025-05-07,326.22
2025-05-08,327.79
2025-05-09,329.44
2025-05-12,333.67
2025-05-13,334.17
2025-05-14,333.49
2025-05-15,335.66
2025-05-16,337.2
2025-05-19,338.2799
2025-05-20,340.8
2025-05-21,340.73
2025-05-22,338.61
2025-05-23,335.55
2025-05-26,339.01
2025-05-27,340.17
2025-05-28,338.13
2025-05-29,337.63
2025-05-30,338.14
2025-06-02,337.69
2025-06-03,338.04
2025-06-04,339.67
2025-06-05,340.23
2025-06-06,341.32
2025-06-09,341.11
2025-06-10,341.05
2025-06-11,340.14
2025-06-12,339.05
2025-06-13,336.0299
2025-06-16,337.25
2025-06-17,334.41
2025-06-18,333.23
2025-06-19,330.5899
2025-06-20,331.0
2025-06-23,330.12
2025-06-24,333.79
2025-06-25,331.32
2025-06-26,331.69
2025-06-27,335.49
2025-06-30,334.1
2025-07-01,333.46
2025-07-02,334.06
2025-07-03,335.65
2025-07-04,334.12
2025-07-07,335.58
2025-07-08,336.96
2025-07-09,339.58
2025-07-10,341.42
2025-07-11,337.97
2025-07-14,337.76
2025-07-15,336.5
2025-07-16,334.58
2025-07-17,337.79
2025-07-18,337.77
2025-07-21,337.57
2025-07-22,336.19
2025-07-23,339.83
2025-07-24,340.67
2025-07-25,339.69
2025-07-28,338.99
2025-07-29,339.98
2025-07-30,339.91
2025-07-31,337.39
2025-08-01,331.01
2025-08-04,334.05
2025-08-05,334.54
2025-08-06,334.3399
2025-08-07,337.5899
2025-08-08,338.24
2025-08-11,338.05
2025-08-12,338.75
2025-08-13,340.62
2025-08-14,342.76
2025-08-15,342.62
2025-08-18,342.9
2025-08-19,345.26
2025-08-20,346.05
2025-08-21,346.0899
2025-08-22,347.47
2025-08-25,345.93
2025-08-26,343.08
2025-08-27,343.44
2025-08-28,342.8
2025-08-29,340.62
2025-09-01,341.42
2025-09-02,336.31
2025-09-03,338.55
2025-09-04,340.62
2025-09-05,340.07
2025-09-08,341.82
2025-09-09,342.04
2025-09-10,341.98
2025-09-11,343.87
2025-09-12,343.57
2025-09-15,345.0
2025-09-16,341.06
2025-09-17,341.02
2025-09-18,343.74
2025-09-19,343.19
2025-09-22,342.77
2025-09-23,343.73
2025-09-24,343.0899
2025-09-25,340.83
2025-09-26,343.5899
2025-09-29,344.22
2025-09-30,345.86
2025-10-01,349.91
2025-10-02,351.82
2025-10-03,353.5899
2025-10-06,353.46
2025-10-07,352.88
2025-10-08,355.68
2025-10-09,354.18
2025-10-10,349.75
2025-10-13,351.29
2025-10-14,350.01
2025-10-15,352.02
2025-10-16,354.49
2025-10-17,351.13
2025-10-20,354.77
2025-10-21,355.52
2025-10-22,354.89
2025-10-23,356.24
2025-10-24,357.06
2025-10-27,357.87
2025-10-28,357.1
2025-10-29,356.88
2025-10-30,356.61
2025-10-31,354.79
2025-11-03,355.0299
2025-11-04,353.98
2025-11-05,354.88
2025-11-06,352.48
2025-11-07,350.56
2025-11-10,355.55
2025-11-11,360.0899
2025-11-12,362.64
2025-11-13,360.55
2025-11-14,356.91
2025-11-17,354.97
2025-11-18,348.88
2025-11-19,348.79
2025-11-20,350.22
2025-11-21,349.0899
2025-11-24,349.79
2025-11-25,352.97
2025-11-26,356.82
2025-11-27,357.36
2025-11-28,358.26
2025-12-01,357.54
2025-12-02,357.83
2025-12-03,358.2
2025-12-04,359.85
2025-12-05,359.82
2025-12-08,359.56
2025-12-09,359.2
2025-12-10,359.45
2025-12-11,361.43
2025-12-12,359.5
2025-12-15,362.17
2025-12-16,360.49
2025-12-17,360.48
2025-12-18,363.95
2025-12-19,365.3
2025-12-22,364.83
2025-12-23,366.07
2025-12-24,366.05
2025-12-29,366.44
2025-12-30,368.64
2025-12-31,368.33
2026-01-02,370.79
2026-01-05,374.2799
2026-01-06,376.47
2026-01-07,376.29
2026-01-08,375.5899
2026-01-09,379.23
2026-01-12,380.0899
2026-01-13,379.7799
2026-01-14,380.49
2026-01-15,382.39
2026-01-16,382.27
2026-01-19,377.7799
2026-01-20,375.12
2026-01-21,375.05
2026-01-22,378.9
2026-01-23,378.58
2026-01-26,379.3399
2026-01-27,381.55
2026-01-28,378.68
2026-01-29,377.83
2026-01-30,380.23
2026-02-02,384.17
2026-02-03,384.56
2026-02-04,384.68
2026-02-05,380.65
2026-02-06,384.07
2026-02-09,386.76
2026-02-10,386.48
2026-02-11,386.87
2026-02-12,384.96
2026-02-13,384.58
2026-02-16,385.1
2026-02-17,386.83
2026-02-18,391.43
2026-02-19,389.58
2026-02-20,392.85
2026-02-23,391.07
2026-02-24,391.97
2026-02-25,394.67
2026-02-26,394.52
2026-02-27,394.95
2026-03-02,388.58
2026-03-03,376.63
2026-03-04,381.7799
2026-03-05,376.94
2026-03-06,373.14
2026-03-09,370.79
2026-03-10,378.02
2026-03-11,375.79
2026-03-12,373.94
2026-03-13,372.07
2026-03-16,373.7
2026-03-17,376.2
2026-03-18,373.39
2026-03-19,364.58
2026-03-20,358.12
2026-03-23,360.39
2026-03-24,361.96
2026-03-25,367.3
2026-03-26,363.37
2026-03-27,360.11
2026-03-30,363.52
2026-03-31,365.1
2026-04-01,374.24
2026-04-02,373.72
2026-04-07,369.98
2026-04-08,384.44
2026-04-09,384.06
2026-04-10,385.66
2026-04-13,385.08
2026-04-14,388.97
2026-04-15,387.29
2026-04-16,387.2
2026-04-17,393.36
2026-04-20,390.55
2026-04-21,387.39
2026-04-22,386.0899
2026-04-23,386.47
2026-04-24,384.37
2026-04-27,383.29
2026-04-28,381.98
2026-04-29,379.83
2026-04-30,385.36
2026-05-01,385.5299
2026-05-04,381.88
2026-05-05,384.75
2026-05-06,393.43
2026-05-07,389.2799
2026-05-08,386.86
2026-05-11,387.58
2026-05-12,383.74
2026-05-13,386.8399
2026-05-14,390.05
2026-05-15,384.29
2026-05-18,386.93
2026-05-19,387.68
2026-05-20,393.41
2026-05-21,393.7
2026-05-22,396.68
2026-05-25,400.88
2026-05-26,398.73
2026-05-27,398.88
2026-05-28,397.04
2026-05-29,397.68
2026-06-01,394.7
2026-06-02,397.35
2026-06-03,394.73
2026-06-04,396.84
2026-06-05,395.7
2026-06-08,395.17
2026-06-09,393.21
2026-06-10,392.92
2026-06-11,395.1
2026-06-12,402.56
2026-06-15,403.35
2026-06-16,404.36
2026-06-17,406.5
2026-06-18,405.18
2026-06-19,404.24
2026-06-22,406.62
2026-06-23,403.68
2026-06-24,404.02
2026-06-25,407.26
2026-06-26,404.51
2026-06-29,404.68
2026-06-30,408.32
2026-07-01,406.82
2026-07-02,412.59
2026-07-03,415.41
2026-07-06,414.06
2026-07-07,411.4
2026-07-08,404.8
2026-07-09,408.01
2026-07-10,408.15
2026-07-13,408.1
2026-07-14,408.8
2026-07-15,409.19
2026-07-16,409.85
2026-07-17,408.45
2026-07-20,407.29
2026-07-21,409.58
2026-07-22,411.97
2026-07-23,407.13
2026-07-24,410.48
2026-07-27,410.58
2026-07-28,412.02
2026-07-29,410.83
2026-07-30,413.98
2026-07-31,413.49
2026-08-03,415.39
2026-08-04,418.46
2026-08-05,418.67
2026-08-06,419.58
2026-08-07,420.92
2026-08-10,421.06
2026-08-11,421.1
2026-08-12,420.44
2026-08-13,420.61
2026-08-14,419.78
